region,timestamp,forecast_temperature_c,forecast_wind_speed_mps
MIDLANDS,2025-04-01 00:00:00,8.1,3.17
MIDLANDS,2025-04-01 00:30:00,12.42,5.8
MIDLANDS,2025-04-01 01:00:00,12.53,3.48
MIDLANDS,2025-04-01 01:30:00,10.9,4.75
MIDLANDS,2025-04-01 02:00:00,10.35,2.56
MIDLANDS,2025-04-01 02:30:00,12.17,7.4
MIDLANDS,2025-04-01 03:00:00,4.15,5.09
MIDLANDS,2025-04-01 03:30:00,8.03,3.46
MIDLANDS,2025-04-01 04:00:00,9.81,4.38
MIDLANDS,2025-04-01 04:30:00,8.06,7.26
MIDLANDS,2025-04-01 05:00:00,5.07,3.85
MIDLANDS,2025-04-01 05:30:00,7.38,6.82
MIDLANDS,2025-04-01 06:00:00,6.66,0.28
MIDLANDS,2025-04-01 06:30:00,5.38,4.39
MIDLANDS,2025-04-01 07:00:00,9.98,7.66
MIDLANDS,2025-04-01 07:30:00,6.76,6.25
MIDLANDS,2025-04-01 08:00:00,9.65,5.51
MIDLANDS,2025-04-01 08:30:00,5.79,4.67
MIDLANDS,2025-04-01 09:00:00,6.8,2.74
MIDLANDS,2025-04-01 09:30:00,5.42,2.86
MIDLANDS,2025-04-01 10:00:00,5.51,2.13
MIDLANDS,2025-04-01 10:30:00,8.53,3.46
MIDLANDS,2025-04-01 11:00:00,4.42,3.35
MIDLANDS,2025-04-01 11:30:00,4.6,6.22
MIDLANDS,2025-04-01 12:00:00,1.24,3.36
MIDLANDS,2025-04-01 12:30:00,7.36,4.53
MIDLANDS,2025-04-01 13:00:00,8.66,7.91
MIDLANDS,2025-04-01 13:30:00,9.75,1.87
MIDLANDS,2025-04-01 14:00:00,6.13,7.59
MIDLANDS,2025-04-01 14:30:00,5.91,6.64
MIDLANDS,2025-04-01 15:00:00,9.19,3.04
MIDLANDS,2025-04-01 15:30:00,8.38,5.86
MIDLANDS,2025-04-01 16:00:00,7.96,6.82
MIDLANDS,2025-04-01 16:30:00,10.49,4.53
MIDLANDS,2025-04-01 17:00:00,8.31,2.91
MIDLANDS,2025-04-01 17:30:00,11.22,4.61
MIDLANDS,2025-04-01 18:00:00,7.63,5.26
MIDLANDS,2025-04-01 18:30:00,10.9,1.94
MIDLANDS,2025-04-01 19:00:00,10.05,3.51
MIDLANDS,2025-04-01 19:30:00,13.04,3.08
MIDLANDS,2025-04-01 20:00:00,11.34,3.33
MIDLANDS,2025-04-01 20:30:00,11.44,3.16
MIDLANDS,2025-04-01 21:00:00,12.32,3.23
MIDLANDS,2025-04-01 21:30:00,10.4,5.5
MIDLANDS,2025-04-01 22:00:00,12.81,3.44
MIDLANDS,2025-04-01 22:30:00,8.62,5.27
MIDLANDS,2025-04-01 23:00:00,8.84,4.29
MIDLANDS,2025-04-01 23:30:00,12.87,3.39
MIDLANDS,2025-04-02 00:00:00,10.33,3.39
MIDLANDS,2025-04-02 00:30:00,9.48,2.91
MIDLANDS,2025-04-02 01:00:00,7.69,4.2
MIDLANDS,2025-04-02 01:30:00,5.03,8.67
MIDLANDS,2025-04-02 02:00:00,9.17,7.94
MIDLANDS,2025-04-02 02:30:00,7.53,4.46
MIDLANDS,2025-04-02 03:00:00,11.28,4.94
MIDLANDS,2025-04-02 03:30:00,8.85,5.13
MIDLANDS,2025-04-02 04:00:00,7.38,3.62
MIDLANDS,2025-04-02 04:30:00,7.63,3.66
MIDLANDS,2025-04-02 05:00:00,7.23,6.43
MIDLANDS,2025-04-02 05:30:00,7.49,4.71
MIDLANDS,2025-04-02 06:00:00,6.28,5.26
MIDLANDS,2025-04-02 06:30:00,7.77,4.51
MIDLANDS,2025-04-02 07:00:00,9.09,2.07
MIDLANDS,2025-04-02 07:30:00,8.65,5.6
MIDLANDS,2025-04-02 08:00:00,7.21,6.44
MIDLANDS,2025-04-02 08:30:00,6.32,1.56
MIDLANDS,2025-04-02 09:00:00,7.84,5.87
MIDLANDS,2025-04-02 09:30:00,5.68,6.36
MIDLANDS,2025-04-02 10:00:00,7.41,1.67
MIDLANDS,2025-04-02 10:30:00,9.65,4.72
MIDLANDS,2025-04-02 11:00:00,4.92,2.59
MIDLANDS,2025-04-02 11:30:00,7.89,3.91
MIDLANDS,2025-04-02 12:00:00,6.53,1.73
MIDLANDS,2025-04-02 12:30:00,6.75,3.37
MIDLANDS,2025-04-02 13:00:00,10.35,3.05
MIDLANDS,2025-04-02 13:30:00,10.75,2.93
MIDLANDS,2025-04-02 14:00:00,12.09,5.07
MIDLANDS,2025-04-02 14:30:00,6.12,3.65
MIDLANDS,2025-04-02 15:00:00,9.55,5.09
MIDLANDS,2025-04-02 15:30:00,7.81,3.38
MIDLANDS,2025-04-02 16:00:00,7.73,7.17
MIDLANDS,2025-04-02 16:30:00,10.15,7.82
MIDLANDS,2025-04-02 17:00:00,7.08,5.04
MIDLANDS,2025-04-02 17:30:00,11.06,2.4
MIDLANDS,2025-04-02 18:00:00,13.62,4.08
MIDLANDS,2025-04-02 18:30:00,11.6,5.68
MIDLANDS,2025-04-02 19:00:00,11.08,6.77
MIDLANDS,2025-04-02 19:30:00,8.45,3.84
MIDLANDS,2025-04-02 20:00:00,10.32,3.47
MIDLANDS,2025-04-02 20:30:00,10.81,6.75
MIDLANDS,2025-04-02 21:00:00,8.34,3.71
MIDLANDS,2025-04-02 21:30:00,10.48,6.07
MIDLANDS,2025-04-02 22:00:00,12.75,1.84
MIDLANDS,2025-04-02 22:30:00,11.62,4.83
MIDLANDS,2025-04-02 23:00:00,9.31,3.85
MIDLANDS,2025-04-02 23:30:00,11.7,5.94
MIDLANDS,2025-04-03 00:00:00,12.67,2.18
MIDLANDS,2025-04-03 00:30:00,7.89,5.77
MIDLANDS,2025-04-03 01:00:00,11.5,4.33
MIDLANDS,2025-04-03 01:30:00,12.94,4.79
MIDLANDS,2025-04-03 02:00:00,7.23,4.34
MIDLANDS,2025-04-03 02:30:00,9.16,4.96
MIDLANDS,2025-04-03 03:00:00,7.01,2.88
MIDLANDS,2025-04-03 03:30:00,9.68,1.73
MIDLANDS,2025-04-03 04:00:00,9.78,1.27
MIDLANDS,2025-04-03 04:30:00,7.14,1.13
MIDLANDS,2025-04-03 05:00:00,5.27,2.09
MIDLANDS,2025-04-03 05:30:00,7.23,1.0
MIDLANDS,2025-04-03 06:00:00,6.64,2.96
MIDLANDS,2025-04-03 06:30:00,8.08,0.65
MIDLANDS,2025-04-03 07:00:00,6.13,2.32
MIDLANDS,2025-04-03 07:30:00,5.62,4.43
MIDLANDS,2025-04-03 08:00:00,7.95,4.99
MIDLANDS,2025-04-03 08:30:00,6.08,6.87
MIDLANDS,2025-04-03 09:00:00,6.38,3.81
MIDLANDS,2025-04-03 09:30:00,7.59,1.77
MIDLANDS,2025-04-03 10:00:00,7.71,0.0
MIDLANDS,2025-04-03 10:30:00,5.49,4.23
MIDLANDS,2025-04-03 11:00:00,4.85,0.54
MIDLANDS,2025-04-03 11:30:00,9.8,5.97
MIDLANDS,2025-04-03 12:00:00,7.08,5.94
MIDLANDS,2025-04-03 12:30:00,6.37,2.11
MIDLANDS,2025-04-03 13:00:00,9.11,0.42
MIDLANDS,2025-04-03 13:30:00,6.21,7.52
MIDLANDS,2025-04-03 14:00:00,6.54,3.79
MIDLANDS,2025-04-03 14:30:00,6.01,7.23
MIDLANDS,2025-04-03 15:00:00,11.73,5.59
MIDLANDS,2025-04-03 15:30:00,9.24,2.49
MIDLANDS,2025-04-03 16:00:00,11.4,7.23
MIDLANDS,2025-04-03 16:30:00,9.16,0.99
MIDLANDS,2025-04-03 17:00:00,9.88,1.03
MIDLANDS,2025-04-03 17:30:00,10.25,4.54
MIDLANDS,2025-04-03 18:00:00,8.11,5.65
MIDLANDS,2025-04-03 18:30:00,10.22,3.85
MIDLANDS,2025-04-03 19:00:00,13.39,4.33
MIDLANDS,2025-04-03 19:30:00,11.21,4.49
MIDLANDS,2025-04-03 20:00:00,8.35,1.81
MIDLANDS,2025-04-03 20:30:00,9.99,3.7
MIDLANDS,2025-04-03 21:00:00,11.3,1.27
MIDLANDS,2025-04-03 21:30:00,12.97,5.13
MIDLANDS,2025-04-03 22:00:00,11.17,5.26
MIDLANDS,2025-04-03 22:30:00,9.56,3.18
MIDLANDS,2025-04-03 23:00:00,11.07,5.09
MIDLANDS,2025-04-03 23:30:00,9.37,3.65
MIDLANDS,2025-04-04 00:00:00,10.71,3.23
MIDLANDS,2025-04-04 00:30:00,9.32,2.87
MIDLANDS,2025-04-04 01:00:00,8.06,5.32
MIDLANDS,2025-04-04 01:30:00,8.37,3.69
MIDLANDS,2025-04-04 02:00:00,8.78,4.43
MIDLANDS,2025-04-04 02:30:00,12.38,1.24
MIDLANDS,2025-04-04 03:00:00,7.55,4.33
MIDLANDS,2025-04-04 03:30:00,5.99,6.95
MIDLANDS,2025-04-04 04:00:00,7.5,4.23
MIDLANDS,2025-04-04 04:30:00,5.83,5.23
MIDLANDS,2025-04-04 05:00:00,7.48,3.01
MIDLANDS,2025-04-04 05:30:00,5.66,1.74
MIDLANDS,2025-04-04 06:00:00,7.64,4.24
MIDLANDS,2025-04-04 06:30:00,5.23,4.61
MIDLANDS,2025-04-04 07:00:00,5.99,4.03
MIDLANDS,2025-04-04 07:30:00,7.29,5.43
MIDLANDS,2025-04-04 08:00:00,9.27,1.51
MIDLANDS,2025-04-04 08:30:00,6.16,3.64
MIDLANDS,2025-04-04 09:00:00,5.84,7.12
MIDLANDS,2025-04-04 09:30:00,10.79,0.0
MIDLANDS,2025-04-04 10:00:00,7.8,3.24
MIDLANDS,2025-04-04 10:30:00,6.87,4.51
MIDLANDS,2025-04-04 11:00:00,8.56,3.43
MIDLANDS,2025-04-04 11:30:00,5.19,4.4
MIDLANDS,2025-04-04 12:00:00,8.07,1.04
MIDLANDS,2025-04-04 12:30:00,6.54,3.37
MIDLANDS,2025-04-04 13:00:00,7.37,6.11
MIDLANDS,2025-04-04 13:30:00,10.75,5.29
MIDLANDS,2025-04-04 14:00:00,10.04,5.06
MIDLANDS,2025-04-04 14:30:00,9.14,3.95
MIDLANDS,2025-04-04 15:00:00,8.03,4.17
MIDLANDS,2025-04-04 15:30:00,11.21,6.18
MIDLANDS,2025-04-04 16:00:00,13.17,6.49
MIDLANDS,2025-04-04 16:30:00,10.52,7.1
MIDLANDS,2025-04-04 17:00:00,11.19,6.16
MIDLANDS,2025-04-04 17:30:00,11.21,3.35
MIDLANDS,2025-04-04 18:00:00,10.33,1.97
MIDLANDS,2025-04-04 18:30:00,7.78,1.89
MIDLANDS,2025-04-04 19:00:00,9.3,3.37
MIDLANDS,2025-04-04 19:30:00,11.37,5.72
MIDLANDS,2025-04-04 20:00:00,12.37,4.31
MIDLANDS,2025-04-04 20:30:00,8.92,7.93
MIDLANDS,2025-04-04 21:00:00,9.41,4.09
MIDLANDS,2025-04-04 21:30:00,10.22,4.67
MIDLANDS,2025-04-04 22:00:00,11.89,4.36
MIDLANDS,2025-04-04 22:30:00,9.37,7.11
MIDLANDS,2025-04-04 23:00:00,11.56,5.62
MIDLANDS,2025-04-04 23:30:00,13.27,2.65
MIDLANDS,2025-04-05 00:00:00,8.79,6.38
MIDLANDS,2025-04-05 00:30:00,9.99,2.64
MIDLANDS,2025-04-05 01:00:00,8.72,1.2
MIDLANDS,2025-04-05 01:30:00,6.73,2.83
MIDLANDS,2025-04-05 02:00:00,9.61,2.44
MIDLANDS,2025-04-05 02:30:00,8.99,1.77
MIDLANDS,2025-04-05 03:00:00,9.68,7.78
MIDLANDS,2025-04-05 03:30:00,8.62,4.59
MIDLANDS,2025-04-05 04:00:00,6.25,4.53
MIDLANDS,2025-04-05 04:30:00,12.11,6.37
MIDLANDS,2025-04-05 05:00:00,8.2,6.36
MIDLANDS,2025-04-05 05:30:00,10.09,5.22
MIDLANDS,2025-04-05 06:00:00,10.76,2.83
MIDLANDS,2025-04-05 06:30:00,11.4,2.68
MIDLANDS,2025-04-05 07:00:00,7.81,3.66
MIDLANDS,2025-04-05 07:30:00,9.92,3.62
MIDLANDS,2025-04-05 08:00:00,9.38,5.84
MIDLANDS,2025-04-05 08:30:00,3.73,7.33
MIDLANDS,2025-04-05 09:00:00,5.07,4.75
MIDLANDS,2025-04-05 09:30:00,7.37,6.23
MIDLANDS,2025-04-05 10:00:00,9.64,3.87
MIDLANDS,2025-04-05 10:30:00,8.88,3.15
MIDLANDS,2025-04-05 11:00:00,6.91,7.79
MIDLANDS,2025-04-05 11:30:00,10.74,5.46
MIDLANDS,2025-04-05 12:00:00,6.2,5.81
MIDLANDS,2025-04-05 12:30:00,7.52,3.64
MIDLANDS,2025-04-05 13:00:00,9.6,6.06
MIDLANDS,2025-04-05 13:30:00,8.76,2.29
MIDLANDS,2025-04-05 14:00:00,12.09,4.4
MIDLANDS,2025-04-05 14:30:00,8.24,3.62
MIDLANDS,2025-04-05 15:00:00,11.49,6.17
MIDLANDS,2025-04-05 15:30:00,9.63,2.22
MIDLANDS,2025-04-05 16:00:00,10.5,5.23
MIDLANDS,2025-04-05 16:30:00,5.96,8.7
MIDLANDS,2025-04-05 17:00:00,11.26,1.87
MIDLANDS,2025-04-05 17:30:00,9.4,6.55
MIDLANDS,2025-04-05 18:00:00,12.48,5.32
MIDLANDS,2025-04-05 18:30:00,9.84,4.38
MIDLANDS,2025-04-05 19:00:00,11.53,3.82
MIDLANDS,2025-04-05 19:30:00,11.93,2.61
MIDLANDS,2025-04-05 20:00:00,10.28,4.82
MIDLANDS,2025-04-05 20:30:00,12.76,1.78
MIDLANDS,2025-04-05 21:00:00,7.65,3.5
MIDLANDS,2025-04-05 21:30:00,11.12,4.63
MIDLANDS,2025-04-05 22:00:00,13.64,5.51
MIDLANDS,2025-04-05 22:30:00,9.22,4.38
MIDLANDS,2025-04-05 23:00:00,9.42,1.6
MIDLANDS,2025-04-05 23:30:00,6.1,3.39
MIDLANDS,2025-04-06 00:00:00,11.12,2.0
MIDLANDS,2025-04-06 00:30:00,10.1,0.0
MIDLANDS,2025-04-06 01:00:00,5.93,2.4
MIDLANDS,2025-04-06 01:30:00,8.62,5.5
MIDLANDS,2025-04-06 02:00:00,7.37,4.19
MIDLANDS,2025-04-06 02:30:00,12.83,5.72
MIDLANDS,2025-04-06 03:00:00,7.71,5.53
MIDLANDS,2025-04-06 03:30:00,11.94,5.35
MIDLANDS,2025-04-06 04:00:00,10.25,3.03
MIDLANDS,2025-04-06 04:30:00,5.75,3.54
MIDLANDS,2025-04-06 05:00:00,8.22,4.07
MIDLANDS,2025-04-06 05:30:00,9.21,3.34
MIDLANDS,2025-04-06 06:00:00,6.07,1.97
MIDLANDS,2025-04-06 06:30:00,10.59,2.18
MIDLANDS,2025-04-06 07:00:00,5.98,2.55
MIDLANDS,2025-04-06 07:30:00,5.32,4.8
MIDLANDS,2025-04-06 08:00:00,8.51,4.65
MIDLANDS,2025-04-06 08:30:00,8.62,2.57
MIDLANDS,2025-04-06 09:00:00,6.82,5.12
MIDLANDS,2025-04-06 09:30:00,9.49,2.21
MIDLANDS,2025-04-06 10:00:00,3.69,6.42
MIDLANDS,2025-04-06 10:30:00,5.37,5.87
MIDLANDS,2025-04-06 11:00:00,6.32,3.39
MIDLANDS,2025-04-06 11:30:00,7.32,3.89
MIDLANDS,2025-04-06 12:00:00,8.61,2.78
MIDLANDS,2025-04-06 12:30:00,9.46,5.74
MIDLANDS,2025-04-06 13:00:00,8.89,1.54
MIDLANDS,2025-04-06 13:30:00,9.52,5.45
MIDLANDS,2025-04-06 14:00:00,10.4,4.16
MIDLANDS,2025-04-06 14:30:00,10.58,4.63
MIDLANDS,2025-04-06 15:00:00,8.01,4.83
MIDLANDS,2025-04-06 15:30:00,11.48,1.86
MIDLANDS,2025-04-06 16:00:00,9.96,4.21
MIDLANDS,2025-04-06 16:30:00,9.48,4.63
MIDLANDS,2025-04-06 17:00:00,8.73,4.07
MIDLANDS,2025-04-06 17:30:00,9.87,0.0
MIDLANDS,2025-04-06 18:00:00,10.6,6.22
MIDLANDS,2025-04-06 18:30:00,14.46,2.96
MIDLANDS,2025-04-06 19:00:00,10.0,4.98
MIDLANDS,2025-04-06 19:30:00,9.43,5.8
MIDLANDS,2025-04-06 20:00:00,13.04,4.41
MIDLANDS,2025-04-06 20:30:00,8.69,0.21
MIDLANDS,2025-04-06 21:00:00,9.89,5.59
MIDLANDS,2025-04-06 21:30:00,8.22,6.47
MIDLANDS,2025-04-06 22:00:00,11.87,4.89
MIDLANDS,2025-04-06 22:30:00,8.41,0.31
MIDLANDS,2025-04-06 23:00:00,6.63,3.34
MIDLANDS,2025-04-06 23:30:00,10.04,5.2
MIDLANDS,2025-04-07 00:00:00,9.37,4.32
MIDLANDS,2025-04-07 00:30:00,7.28,4.22
MIDLANDS,2025-04-07 01:00:00,9.91,6.35
MIDLANDS,2025-04-07 01:30:00,13.28,3.14
MIDLANDS,2025-04-07 02:00:00,8.6,4.25
MIDLANDS,2025-04-07 02:30:00,9.79,1.35
MIDLANDS,2025-04-07 03:00:00,8.57,2.54
MIDLANDS,2025-04-07 03:30:00,7.55,5.14
MIDLANDS,2025-04-07 04:00:00,5.5,2.28
MIDLANDS,2025-04-07 04:30:00,10.7,3.91
MIDLANDS,2025-04-07 05:00:00,8.62,5.76
MIDLANDS,2025-04-07 05:30:00,4.78,4.71
MIDLANDS,2025-04-07 06:00:00,7.38,0.78
MIDLANDS,2025-04-07 06:30:00,5.55,0.8
MIDLANDS,2025-04-07 07:00:00,2.76,8.8
MIDLANDS,2025-04-07 07:30:00,6.27,6.11
MIDLANDS,2025-04-07 08:00:00,2.08,6.03
MIDLANDS,2025-04-07 08:30:00,4.23,4.22
MIDLANDS,2025-04-07 09:00:00,6.76,6.18
MIDLANDS,2025-04-07 09:30:00,7.77,9.53
MIDLANDS,2025-04-07 10:00:00,10.48,2.13
MIDLANDS,2025-04-07 10:30:00,7.34,1.47
MIDLANDS,2025-04-07 11:00:00,6.44,1.72
MIDLANDS,2025-04-07 11:30:00,7.37,1.58
MIDLANDS,2025-04-07 12:00:00,8.11,5.38
MIDLANDS,2025-04-07 12:30:00,3.78,4.6
MIDLANDS,2025-04-07 13:00:00,10.08,5.7
MIDLANDS,2025-04-07 13:30:00,9.72,5.59
MIDLANDS,2025-04-07 14:00:00,8.68,1.47
MIDLANDS,2025-04-07 14:30:00,8.62,3.54
MIDLANDS,2025-04-07 15:00:00,8.22,4.09
MIDLANDS,2025-04-07 15:30:00,7.82,4.29
MIDLANDS,2025-04-07 16:00:00,14.55,0.57
MIDLANDS,2025-04-07 16:30:00,8.98,2.46
MIDLANDS,2025-04-07 17:00:00,12.08,4.32
MIDLANDS,2025-04-07 17:30:00,10.83,6.32
MIDLANDS,2025-04-07 18:00:00,12.19,6.18
MIDLANDS,2025-04-07 18:30:00,10.91,2.09
MIDLANDS,2025-04-07 19:00:00,7.62,4.9
MIDLANDS,2025-04-07 19:30:00,9.53,4.5
MIDLANDS,2025-04-07 20:00:00,11.99,3.86
MIDLANDS,2025-04-07 20:30:00,13.05,4.61
MIDLANDS,2025-04-07 21:00:00,11.16,5.22
MIDLANDS,2025-04-07 21:30:00,11.71,4.61
MIDLANDS,2025-04-07 22:00:00,10.66,6.57
MIDLANDS,2025-04-07 22:30:00,10.35,4.22
MIDLANDS,2025-04-07 23:00:00,8.1,4.81
MIDLANDS,2025-04-07 23:30:00,9.89,7.27
MIDLANDS,2025-04-08 00:00:00,11.29,2.84
MIDLANDS,2025-04-08 00:30:00,11.56,3.6
MIDLANDS,2025-04-08 01:00:00,7.92,3.85
MIDLANDS,2025-04-08 01:30:00,7.87,4.37
MIDLANDS,2025-04-08 02:00:00,8.92,1.95
MIDLANDS,2025-04-08 02:30:00,9.41,3.24
MIDLANDS,2025-04-08 03:00:00,5.42,5.35
MIDLANDS,2025-04-08 03:30:00,8.38,3.55
MIDLANDS,2025-04-08 04:00:00,11.35,6.47
MIDLANDS,2025-04-08 04:30:00,7.02,2.92
MIDLANDS,2025-04-08 05:00:00,8.35,2.98
MIDLANDS,2025-04-08 05:30:00,1.63,0.34
MIDLANDS,2025-04-08 06:00:00,8.98,4.73
MIDLANDS,2025-04-08 06:30:00,9.8,6.37
MIDLANDS,2025-04-08 07:00:00,6.53,5.74
MIDLANDS,2025-04-08 07:30:00,4.44,4.68
MIDLANDS,2025-04-08 08:00:00,7.67,4.95
MIDLANDS,2025-04-08 08:30:00,5.16,4.29
MIDLANDS,2025-04-08 09:00:00,5.3,5.85
MIDLANDS,2025-04-08 09:30:00,4.2,5.34
MIDLANDS,2025-04-08 10:00:00,10.05,6.06
MIDLANDS,2025-04-08 10:30:00,5.38,1.87
MIDLANDS,2025-04-08 11:00:00,8.31,3.18
MIDLANDS,2025-04-08 11:30:00,6.87,5.92
MIDLANDS,2025-04-08 12:00:00,7.98,1.72
MIDLANDS,2025-04-08 12:30:00,6.77,4.81
MIDLANDS,2025-04-08 13:00:00,4.79,5.86
MIDLANDS,2025-04-08 13:30:00,8.55,4.93
MIDLANDS,2025-04-08 14:00:00,9.39,3.52
MIDLANDS,2025-04-08 14:30:00,12.84,2.97
MIDLANDS,2025-04-08 15:00:00,9.16,5.42
MIDLANDS,2025-04-08 15:30:00,7.24,3.26
MIDLANDS,2025-04-08 16:00:00,11.3,3.44
MIDLANDS,2025-04-08 16:30:00,9.55,5.71
MIDLANDS,2025-04-08 17:00:00,12.67,2.26
MIDLANDS,2025-04-08 17:30:00,6.71,3.05
MIDLANDS,2025-04-08 18:00:00,9.82,4.62
MIDLANDS,2025-04-08 18:30:00,9.89,3.56
MIDLANDS,2025-04-08 19:00:00,8.0,1.19
MIDLANDS,2025-04-08 19:30:00,11.55,3.4
MIDLANDS,2025-04-08 20:00:00,12.01,3.59
MIDLANDS,2025-04-08 20:30:00,11.92,3.82
MIDLANDS,2025-04-08 21:00:00,9.66,4.47
MIDLANDS,2025-04-08 21:30:00,14.27,3.7
MIDLANDS,2025-04-08 22:00:00,11.3,2.95
MIDLANDS,2025-04-08 22:30:00,10.48,2.41
MIDLANDS,2025-04-08 23:00:00,13.22,5.99
MIDLANDS,2025-04-08 23:30:00,10.27,6.85
MIDLANDS,2025-04-09 00:00:00,8.38,4.4
MIDLANDS,2025-04-09 00:30:00,7.15,3.87
MIDLANDS,2025-04-09 01:00:00,11.04,7.86
MIDLANDS,2025-04-09 01:30:00,8.46,8.14
MIDLANDS,2025-04-09 02:00:00,10.49,7.0
MIDLANDS,2025-04-09 02:30:00,7.56,2.77
MIDLANDS,2025-04-09 03:00:00,8.03,4.39
MIDLANDS,2025-04-09 03:30:00,7.36,9.43
MIDLANDS,2025-04-09 04:00:00,9.51,1.99
MIDLANDS,2025-04-09 04:30:00,8.52,4.77
MIDLANDS,2025-04-09 05:00:00,7.87,1.93
MIDLANDS,2025-04-09 05:30:00,5.26,3.89
MIDLANDS,2025-04-09 06:00:00,9.5,3.03
MIDLANDS,2025-04-09 06:30:00,8.35,3.92
MIDLANDS,2025-04-09 07:00:00,8.29,7.01
MIDLANDS,2025-04-09 07:30:00,6.81,4.64
MIDLANDS,2025-04-09 08:00:00,7.15,9.57
MIDLANDS,2025-04-09 08:30:00,10.19,2.63
MIDLANDS,2025-04-09 09:00:00,7.71,5.01
MIDLANDS,2025-04-09 09:30:00,10.31,8.53
MIDLANDS,2025-04-09 10:00:00,8.85,3.73
MIDLANDS,2025-04-09 10:30:00,6.87,1.7
MIDLANDS,2025-04-09 11:00:00,5.57,3.81
MIDLANDS,2025-04-09 11:30:00,9.49,4.44
MIDLANDS,2025-04-09 12:00:00,7.95,2.55
MIDLANDS,2025-04-09 12:30:00,8.95,4.58
MIDLANDS,2025-04-09 13:00:00,9.12,5.34
MIDLANDS,2025-04-09 13:30:00,10.5,1.55
MIDLANDS,2025-04-09 14:00:00,10.37,6.37
MIDLANDS,2025-04-09 14:30:00,10.91,0.54
MIDLANDS,2025-04-09 15:00:00,7.65,4.71
MIDLANDS,2025-04-09 15:30:00,11.51,5.14
MIDLANDS,2025-04-09 16:00:00,8.34,3.46
MIDLANDS,2025-04-09 16:30:00,11.73,3.11
MIDLANDS,2025-04-09 17:00:00,9.47,4.69
MIDLANDS,2025-04-09 17:30:00,10.23,2.41
MIDLANDS,2025-04-09 18:00:00,10.42,4.37
MIDLANDS,2025-04-09 18:30:00,8.84,2.49
MIDLANDS,2025-04-09 19:00:00,8.16,2.99
MIDLANDS,2025-04-09 19:30:00,10.7,7.2
MIDLANDS,2025-04-09 20:00:00,10.49,3.76
MIDLANDS,2025-04-09 20:30:00,11.62,1.88
MIDLANDS,2025-04-09 21:00:00,10.74,5.22
MIDLANDS,2025-04-09 21:30:00,8.84,5.38
MIDLANDS,2025-04-09 22:00:00,11.0,6.03
MIDLANDS,2025-04-09 22:30:00,9.88,3.4
MIDLANDS,2025-04-09 23:00:00,6.91,5.15
MIDLANDS,2025-04-09 23:30:00,10.0,1.76
MIDLANDS,2025-04-10 00:00:00,11.46,1.53
MIDLANDS,2025-04-10 00:30:00,8.62,3.28
MIDLANDS,2025-04-10 01:00:00,9.65,4.66
MIDLANDS,2025-04-10 01:30:00,8.08,3.34
MIDLANDS,2025-04-10 02:00:00,11.52,0.78
MIDLANDS,2025-04-10 02:30:00,9.46,7.0
MIDLANDS,2025-04-10 03:00:00,9.07,4.24
MIDLANDS,2025-04-10 03:30:00,8.78,2.69
MIDLANDS,2025-04-10 04:00:00,7.63,3.72
MIDLANDS,2025-04-10 04:30:00,6.32,3.62
MIDLANDS,2025-04-10 05:00:00,7.73,5.1
MIDLANDS,2025-04-10 05:30:00,8.59,0.0
MIDLANDS,2025-04-10 06:00:00,6.57,8.12
MIDLANDS,2025-04-10 06:30:00,6.49,0.23
MIDLANDS,2025-04-10 07:00:00,6.46,3.16
MIDLANDS,2025-04-10 07:30:00,4.76,2.49
MIDLANDS,2025-04-10 08:00:00,8.12,8.04
MIDLANDS,2025-04-10 08:30:00,6.64,4.58
MIDLANDS,2025-04-10 09:00:00,7.04,2.94
MIDLANDS,2025-04-10 09:30:00,8.78,3.06
MIDLANDS,2025-04-10 10:00:00,2.6,6.12
MIDLANDS,2025-04-10 10:30:00,6.01,3.17
MIDLANDS,2025-04-10 11:00:00,7.72,2.19
MIDLANDS,2025-04-10 11:30:00,7.78,5.32
MIDLANDS,2025-04-10 12:00:00,6.53,5.85
MIDLANDS,2025-04-10 12:30:00,8.64,5.18
MIDLANDS,2025-04-10 13:00:00,9.71,5.93
MIDLANDS,2025-04-10 13:30:00,10.24,4.17
MIDLANDS,2025-04-10 14:00:00,3.5,7.94
MIDLANDS,2025-04-10 14:30:00,10.14,3.1
MIDLANDS,2025-04-10 15:00:00,8.28,4.85
MIDLANDS,2025-04-10 15:30:00,8.24,0.0
MIDLANDS,2025-04-10 16:00:00,9.84,4.03
MIDLANDS,2025-04-10 16:30:00,12.44,5.12
MIDLANDS,2025-04-10 17:00:00,11.54,1.03
MIDLANDS,2025-04-10 17:30:00,11.42,2.51
MIDLANDS,2025-04-10 18:00:00,11.32,5.4
MIDLANDS,2025-04-10 18:30:00,12.84,0.74
MIDLANDS,2025-04-10 19:00:00,11.06,3.46
MIDLANDS,2025-04-10 19:30:00,8.53,4.79
MIDLANDS,2025-04-10 20:00:00,12.44,6.6
MIDLANDS,2025-04-10 20:30:00,11.3,1.54
MIDLANDS,2025-04-10 21:00:00,13.7,3.81
MIDLANDS,2025-04-10 21:30:00,9.16,4.22
MIDLANDS,2025-04-10 22:00:00,11.49,1.15
MIDLANDS,2025-04-10 22:30:00,12.14,5.87
MIDLANDS,2025-04-10 23:00:00,11.65,5.39
MIDLANDS,2025-04-10 23:30:00,9.15,5.33
MIDLANDS,2025-04-11 00:00:00,9.96,4.69
MIDLANDS,2025-04-11 00:30:00,8.5,3.45
MIDLANDS,2025-04-11 01:00:00,8.25,7.81
MIDLANDS,2025-04-11 01:30:00,10.69,0.79
MIDLANDS,2025-04-11 02:00:00,7.25,1.81
MIDLANDS,2025-04-11 02:30:00,7.47,6.08
MIDLANDS,2025-04-11 03:00:00,7.15,0.6
MIDLANDS,2025-04-11 03:30:00,11.01,7.34
MIDLANDS,2025-04-11 04:00:00,8.26,1.88
MIDLANDS,2025-04-11 04:30:00,9.51,2.92
MIDLANDS,2025-04-11 05:00:00,10.14,2.1
MIDLANDS,2025-04-11 05:30:00,7.87,3.47
MIDLANDS,2025-04-11 06:00:00,5.24,3.09
MIDLANDS,2025-04-11 06:30:00,9.38,4.09
MIDLANDS,2025-04-11 07:00:00,8.26,3.3
MIDLANDS,2025-04-11 07:30:00,3.65,6.59
MIDLANDS,2025-04-11 08:00:00,4.38,2.89
MIDLANDS,2025-04-11 08:30:00,4.41,6.08
MIDLANDS,2025-04-11 09:00:00,6.45,5.66
MIDLANDS,2025-04-11 09:30:00,8.15,3.98
MIDLANDS,2025-04-11 10:00:00,9.27,0.91
MIDLANDS,2025-04-11 10:30:00,6.43,3.6
MIDLANDS,2025-04-11 11:00:00,4.85,0.49
MIDLANDS,2025-04-11 11:30:00,6.59,1.68
MIDLANDS,2025-04-11 12:00:00,7.78,2.89
MIDLANDS,2025-04-11 12:30:00,11.3,3.96
MIDLANDS,2025-04-11 13:00:00,10.61,4.79
MIDLANDS,2025-04-11 13:30:00,9.5,2.67
MIDLANDS,2025-04-11 14:00:00,10.05,3.28
MIDLANDS,2025-04-11 14:30:00,7.14,3.15
MIDLANDS,2025-04-11 15:00:00,10.75,6.43
MIDLANDS,2025-04-11 15:30:00,9.72,4.13
MIDLANDS,2025-04-11 16:00:00,9.56,5.53
MIDLANDS,2025-04-11 16:30:00,10.11,3.74
MIDLANDS,2025-04-11 17:00:00,10.52,3.07
MIDLANDS,2025-04-11 17:30:00,13.72,5.96
MIDLANDS,2025-04-11 18:00:00,10.38,3.5
MIDLANDS,2025-04-11 18:30:00,11.65,8.01
MIDLANDS,2025-04-11 19:00:00,10.81,5.54
MIDLANDS,2025-04-11 19:30:00,12.02,6.84
MIDLANDS,2025-04-11 20:00:00,13.51,2.08
MIDLANDS,2025-04-11 20:30:00,9.49,5.23
MIDLANDS,2025-04-11 21:00:00,9.01,3.07
MIDLANDS,2025-04-11 21:30:00,10.44,4.23
MIDLANDS,2025-04-11 22:00:00,9.99,0.92
MIDLANDS,2025-04-11 22:30:00,10.66,1.84
MIDLANDS,2025-04-11 23:00:00,8.57,3.22
MIDLANDS,2025-04-11 23:30:00,8.43,7.25
MIDLANDS,2025-04-12 00:00:00,8.18,3.32
MIDLANDS,2025-04-12 00:30:00,9.02,4.78
MIDLANDS,2025-04-12 01:00:00,8.69,2.56
MIDLANDS,2025-04-12 01:30:00,11.61,4.24
MIDLANDS,2025-04-12 02:00:00,9.43,7.5
MIDLANDS,2025-04-12 02:30:00,12.24,2.53
MIDLANDS,2025-04-12 03:00:00,8.46,4.12
MIDLANDS,2025-04-12 03:30:00,6.48,2.73
MIDLANDS,2025-04-12 04:00:00,8.53,0.0
MIDLANDS,2025-04-12 04:30:00,5.05,4.87
MIDLANDS,2025-04-12 05:00:00,9.8,2.75
MIDLANDS,2025-04-12 05:30:00,7.45,5.14
MIDLANDS,2025-04-12 06:00:00,4.24,5.8
MIDLANDS,2025-04-12 06:30:00,8.92,4.03
MIDLANDS,2025-04-12 07:00:00,7.46,3.41
MIDLANDS,2025-04-12 07:30:00,10.5,2.12
MIDLANDS,2025-04-12 08:00:00,4.26,4.53
MIDLANDS,2025-04-12 08:30:00,7.8,1.03
MIDLANDS,2025-04-12 09:00:00,11.24,0.51
MIDLANDS,2025-04-12 09:30:00,3.59,2.61
MIDLANDS,2025-04-12 10:00:00,6.58,3.1
MIDLANDS,2025-04-12 10:30:00,5.64,8.19
MIDLANDS,2025-04-12 11:00:00,3.8,2.79
MIDLANDS,2025-04-12 11:30:00,12.46,5.14
MIDLANDS,2025-04-12 12:00:00,8.22,2.55
MIDLANDS,2025-04-12 12:30:00,10.26,8.82
MIDLANDS,2025-04-12 13:00:00,11.91,2.33
MIDLANDS,2025-04-12 13:30:00,9.99,0.61
MIDLANDS,2025-04-12 14:00:00,9.59,4.62
MIDLANDS,2025-04-12 14:30:00,6.89,3.85
MIDLANDS,2025-04-12 15:00:00,12.59,3.73
MIDLANDS,2025-04-12 15:30:00,8.93,1.62
MIDLANDS,2025-04-12 16:00:00,12.86,1.27
MIDLANDS,2025-04-12 16:30:00,9.43,5.89
MIDLANDS,2025-04-12 17:00:00,10.24,2.76
MIDLANDS,2025-04-12 17:30:00,9.03,3.87
MIDLANDS,2025-04-12 18:00:00,9.57,0.0
MIDLANDS,2025-04-12 18:30:00,11.23,1.98
MIDLANDS,2025-04-12 19:00:00,12.11,4.9
MIDLANDS,2025-04-12 19:30:00,12.43,3.49
MIDLANDS,2025-04-12 20:00:00,14.15,2.11
MIDLANDS,2025-04-12 20:30:00,13.45,4.49
MIDLANDS,2025-04-12 21:00:00,13.15,6.06
MIDLANDS,2025-04-12 21:30:00,10.09,0.0
MIDLANDS,2025-04-12 22:00:00,9.93,6.76
MIDLANDS,2025-04-12 22:30:00,10.64,0.05
MIDLANDS,2025-04-12 23:00:00,9.44,5.13
MIDLANDS,2025-04-12 23:30:00,12.95,4.02
MIDLANDS,2025-04-13 00:00:00,10.48,4.13
MIDLANDS,2025-04-13 00:30:00,12.08,4.51
MIDLANDS,2025-04-13 01:00:00,10.0,3.69
MIDLANDS,2025-04-13 01:30:00,9.97,4.47
MIDLANDS,2025-04-13 02:00:00,8.29,2.81
MIDLANDS,2025-04-13 02:30:00,6.75,0.9
MIDLANDS,2025-04-13 03:00:00,8.96,5.41
MIDLANDS,2025-04-13 03:30:00,8.08,3.87
MIDLANDS,2025-04-13 04:00:00,8.75,3.53
MIDLANDS,2025-04-13 04:30:00,7.9,6.51
MIDLANDS,2025-04-13 05:00:00,6.07,4.16
MIDLANDS,2025-04-13 05:30:00,5.1,6.69
MIDLANDS,2025-04-13 06:00:00,6.14,4.58
MIDLANDS,2025-04-13 06:30:00,6.74,3.04
MIDLANDS,2025-04-13 07:00:00,3.28,6.58
MIDLANDS,2025-04-13 07:30:00,7.08,5.63
MIDLANDS,2025-04-13 08:00:00,6.61,2.55
MIDLANDS,2025-04-13 08:30:00,6.23,2.63
MIDLANDS,2025-04-13 09:00:00,7.49,7.47
MIDLANDS,2025-04-13 09:30:00,6.08,5.4
MIDLANDS,2025-04-13 10:00:00,8.24,4.6
MIDLANDS,2025-04-13 10:30:00,5.4,5.06
MIDLANDS,2025-04-13 11:00:00,6.86,1.26
MIDLANDS,2025-04-13 11:30:00,7.01,4.25
MIDLANDS,2025-04-13 12:00:00,8.56,0.86
MIDLANDS,2025-04-13 12:30:00,7.97,2.6
MIDLANDS,2025-04-13 13:00:00,8.11,5.52
MIDLANDS,2025-04-13 13:30:00,6.53,1.12
MIDLANDS,2025-04-13 14:00:00,7.61,0.55
MIDLANDS,2025-04-13 14:30:00,13.9,3.92
MIDLANDS,2025-04-13 15:00:00,8.42,5.01
MIDLANDS,2025-04-13 15:30:00,9.26,4.7
MIDLANDS,2025-04-13 16:00:00,9.39,2.94
MIDLANDS,2025-04-13 16:30:00,12.21,4.15
MIDLANDS,2025-04-13 17:00:00,8.92,8.95
MIDLANDS,2025-04-13 17:30:00,15.06,2.62
MIDLANDS,2025-04-13 18:00:00,13.0,4.64
MIDLANDS,2025-04-13 18:30:00,7.4,4.06
MIDLANDS,2025-04-13 19:00:00,8.62,3.65
MIDLANDS,2025-04-13 19:30:00,10.34,4.67
MIDLANDS,2025-04-13 20:00:00,12.3,1.63
MIDLANDS,2025-04-13 20:30:00,10.64,3.38
MIDLANDS,2025-04-13 21:00:00,11.35,1.63
MIDLANDS,2025-04-13 21:30:00,10.42,1.6
MIDLANDS,2025-04-13 22:00:00,6.92,5.31
MIDLANDS,2025-04-13 22:30:00,9.86,5.37
MIDLANDS,2025-04-13 23:00:00,10.58,3.55
MIDLANDS,2025-04-13 23:30:00,9.74,5.63
MIDLANDS,2025-04-14 00:00:00,9.75,3.91
MIDLANDS,2025-04-14 00:30:00,12.15,3.77
MIDLANDS,2025-04-14 01:00:00,9.79,4.99
MIDLANDS,2025-04-14 01:30:00,9.71,2.69
MIDLANDS,2025-04-14 02:00:00,7.73,5.81
MIDLANDS,2025-04-14 02:30:00,11.13,1.57
MIDLANDS,2025-04-14 03:00:00,8.08,2.12
MIDLANDS,2025-04-14 03:30:00,11.06,6.14
MIDLANDS,2025-04-14 04:00:00,9.95,3.49
MIDLANDS,2025-04-14 04:30:00,6.01,5.93
MIDLANDS,2025-04-14 05:00:00,7.3,7.1
MIDLANDS,2025-04-14 05:30:00,6.48,7.92
MIDLANDS,2025-04-14 06:00:00,6.53,3.42
MIDLANDS,2025-04-14 06:30:00,4.92,4.26
MIDLANDS,2025-04-14 07:00:00,5.24,4.54
MIDLANDS,2025-04-14 07:30:00,8.97,7.95
MIDLANDS,2025-04-14 08:00:00,8.28,4.14
MIDLANDS,2025-04-14 08:30:00,5.53,7.67
MIDLANDS,2025-04-14 09:00:00,1.35,5.02
MIDLANDS,2025-04-14 09:30:00,4.19,0.34
MIDLANDS,2025-04-14 10:00:00,9.29,5.58
MIDLANDS,2025-04-14 10:30:00,8.72,3.94
MIDLANDS,2025-04-14 11:00:00,5.75,1.37
MIDLANDS,2025-04-14 11:30:00,8.4,2.13
MIDLANDS,2025-04-14 12:00:00,7.3,5.75
MIDLANDS,2025-04-14 12:30:00,8.06,4.32
MIDLANDS,2025-04-14 13:00:00,8.64,3.51
MIDLANDS,2025-04-14 13:30:00,8.67,3.9
MIDLANDS,2025-04-14 14:00:00,6.51,3.39
MIDLANDS,2025-04-14 14:30:00,6.87,4.14
MIDLANDS,2025-04-14 15:00:00,10.47,5.6
MIDLANDS,2025-04-14 15:30:00,7.5,6.28
MIDLANDS,2025-04-14 16:00:00,11.89,2.88
MIDLANDS,2025-04-14 16:30:00,11.93,8.02
MIDLANDS,2025-04-14 17:00:00,10.44,7.85
MIDLANDS,2025-04-14 17:30:00,8.45,7.96
MIDLANDS,2025-04-14 18:00:00,12.12,7.53
MIDLANDS,2025-04-14 18:30:00,9.21,4.25
MIDLANDS,2025-04-14 19:00:00,12.67,3.0
MIDLANDS,2025-04-14 19:30:00,10.41,4.42
MIDLANDS,2025-04-14 20:00:00,11.88,1.23
MIDLANDS,2025-04-14 20:30:00,9.68,1.79
MIDLANDS,2025-04-14 21:00:00,10.32,2.47
MIDLANDS,2025-04-14 21:30:00,12.58,5.6
MIDLANDS,2025-04-14 22:00:00,9.7,4.2
MIDLANDS,2025-04-14 22:30:00,9.0,7.48
MIDLANDS,2025-04-14 23:00:00,10.78,3.68
MIDLANDS,2025-04-14 23:30:00,10.24,7.82
NORTH,2025-04-01 00:00:00,8.05,3.69
NORTH,2025-04-01 00:30:00,7.89,4.74
NORTH,2025-04-01 01:00:00,8.93,4.64
NORTH,2025-04-01 01:30:00,10.96,1.9
NORTH,2025-04-01 02:00:00,6.45,4.91
NORTH,2025-04-01 02:30:00,9.1,2.88
NORTH,2025-04-01 03:00:00,8.23,2.76
NORTH,2025-04-01 03:30:00,6.9,4.81
NORTH,2025-04-01 04:00:00,5.87,4.15
NORTH,2025-04-01 04:30:00,4.81,5.99
NORTH,2025-04-01 05:00:00,5.31,6.38
NORTH,2025-04-01 05:30:00,3.88,3.59
NORTH,2025-04-01 06:00:00,6.38,1.3
NORTH,2025-04-01 06:30:00,5.62,8.21
NORTH,2025-04-01 07:00:00,9.91,2.95
NORTH,2025-04-01 07:30:00,6.18,2.43
NORTH,2025-04-01 08:00:00,5.51,4.58
NORTH,2025-04-01 08:30:00,5.64,5.08
NORTH,2025-04-01 09:00:00,7.87,1.58
NORTH,2025-04-01 09:30:00,5.23,1.28
NORTH,2025-04-01 10:00:00,4.29,1.23
NORTH,2025-04-01 10:30:00,3.98,6.07
NORTH,2025-04-01 11:00:00,6.66,2.85
NORTH,2025-04-01 11:30:00,7.39,6.37
NORTH,2025-04-01 12:00:00,5.35,4.11
NORTH,2025-04-01 12:30:00,8.19,4.83
NORTH,2025-04-01 13:00:00,6.59,3.05
NORTH,2025-04-01 13:30:00,8.19,1.79
NORTH,2025-04-01 14:00:00,9.07,7.67
NORTH,2025-04-01 14:30:00,8.81,3.53
NORTH,2025-04-01 15:00:00,10.55,4.67
NORTH,2025-04-01 15:30:00,5.92,5.32
NORTH,2025-04-01 16:00:00,10.1,6.46
NORTH,2025-04-01 16:30:00,7.05,2.73
NORTH,2025-04-01 17:00:00,9.07,3.97
NORTH,2025-04-01 17:30:00,7.84,1.66
NORTH,2025-04-01 18:00:00,8.97,3.56
NORTH,2025-04-01 18:30:00,9.18,1.53
NORTH,2025-04-01 19:00:00,5.19,1.64
NORTH,2025-04-01 19:30:00,10.54,3.57
NORTH,2025-04-01 20:00:00,8.42,4.92
NORTH,2025-04-01 20:30:00,8.46,3.58
NORTH,2025-04-01 21:00:00,9.84,0.52
NORTH,2025-04-01 21:30:00,6.4,1.05
NORTH,2025-04-01 22:00:00,10.21,2.38
NORTH,2025-04-01 22:30:00,9.49,3.91
NORTH,2025-04-01 23:00:00,9.39,3.6
NORTH,2025-04-01 23:30:00,6.29,5.06
NORTH,2025-04-02 00:00:00,7.05,0.0
NORTH,2025-04-02 00:30:00,5.67,4.76
NORTH,2025-04-02 01:00:00,5.87,1.06
NORTH,2025-04-02 01:30:00,11.91,0.0
NORTH,2025-04-02 02:00:00,6.62,4.83
NORTH,2025-04-02 02:30:00,4.69,4.83
NORTH,2025-04-02 03:00:00,5.66,8.04
NORTH,2025-04-02 03:30:00,10.25,4.71
NORTH,2025-04-02 04:00:00,6.3,5.15
NORTH,2025-04-02 04:30:00,6.81,5.02
NORTH,2025-04-02 05:00:00,7.04,2.1
NORTH,2025-04-02 05:30:00,7.67,1.84
NORTH,2025-04-02 06:00:00,3.11,4.17
NORTH,2025-04-02 06:30:00,4.51,6.91
NORTH,2025-04-02 07:00:00,7.01,5.02
NORTH,2025-04-02 07:30:00,5.57,4.14
NORTH,2025-04-02 08:00:00,3.14,1.01
NORTH,2025-04-02 08:30:00,5.18,3.58
NORTH,2025-04-02 09:00:00,7.02,6.66
NORTH,2025-04-02 09:30:00,3.75,2.83
NORTH,2025-04-02 10:00:00,4.16,1.21
NORTH,2025-04-02 10:30:00,6.47,5.2
NORTH,2025-04-02 11:00:00,6.08,6.81
NORTH,2025-04-02 11:30:00,5.73,3.99
NORTH,2025-04-02 12:00:00,7.0,1.24
NORTH,2025-04-02 12:30:00,5.62,2.61
NORTH,2025-04-02 13:00:00,3.82,3.6
NORTH,2025-04-02 13:30:00,3.86,4.49
NORTH,2025-04-02 14:00:00,5.99,1.07
NORTH,2025-04-02 14:30:00,7.32,5.96
NORTH,2025-04-02 15:00:00,8.24,3.45
NORTH,2025-04-02 15:30:00,7.48,7.17
NORTH,2025-04-02 16:00:00,10.31,2.81
NORTH,2025-04-02 16:30:00,9.39,5.57
NORTH,2025-04-02 17:00:00,9.34,5.3
NORTH,2025-04-02 17:30:00,8.86,4.01
NORTH,2025-04-02 18:00:00,11.48,5.46
NORTH,2025-04-02 18:30:00,11.15,7.59
NORTH,2025-04-02 19:00:00,8.73,7.43
NORTH,2025-04-02 19:30:00,7.83,8.27
NORTH,2025-04-02 20:00:00,8.89,1.76
NORTH,2025-04-02 20:30:00,9.16,2.35
NORTH,2025-04-02 21:00:00,9.61,3.62
NORTH,2025-04-02 21:30:00,7.29,1.6
NORTH,2025-04-02 22:00:00,11.91,3.86
NORTH,2025-04-02 22:30:00,7.65,6.98
NORTH,2025-04-02 23:00:00,10.69,3.53
NORTH,2025-04-02 23:30:00,7.71,1.15
NORTH,2025-04-03 00:00:00,10.93,4.1
NORTH,2025-04-03 00:30:00,6.2,5.72
NORTH,2025-04-03 01:00:00,11.18,0.23
NORTH,2025-04-03 01:30:00,6.86,2.89
NORTH,2025-04-03 02:00:00,9.3,0.56
NORTH,2025-04-03 02:30:00,8.02,3.47
NORTH,2025-04-03 03:00:00,4.89,3.89
NORTH,2025-04-03 03:30:00,7.86,2.88
NORTH,2025-04-03 04:00:00,5.97,0.55
NORTH,2025-04-03 04:30:00,4.3,5.16
NORTH,2025-04-03 05:00:00,5.51,3.26
NORTH,2025-04-03 05:30:00,3.52,5.54
NORTH,2025-04-03 06:00:00,4.46,6.73
NORTH,2025-04-03 06:30:00,6.29,0.84
NORTH,2025-04-03 07:00:00,5.16,5.17
NORTH,2025-04-03 07:30:00,7.34,6.53
NORTH,2025-04-03 08:00:00,7.8,4.55
NORTH,2025-04-03 08:30:00,7.35,3.59
NORTH,2025-04-03 09:00:00,3.26,4.99
NORTH,2025-04-03 09:30:00,7.57,4.86
NORTH,2025-04-03 10:00:00,8.05,5.59
NORTH,2025-04-03 10:30:00,4.98,3.65
NORTH,2025-04-03 11:00:00,3.94,2.79
NORTH,2025-04-03 11:30:00,6.31,6.48
NORTH,2025-04-03 12:00:00,6.64,4.98
NORTH,2025-04-03 12:30:00,6.74,3.2
NORTH,2025-04-03 13:00:00,7.05,3.3
NORTH,2025-04-03 13:30:00,5.26,2.28
NORTH,2025-04-03 14:00:00,5.56,4.29
NORTH,2025-04-03 14:30:00,8.73,0.0
NORTH,2025-04-03 15:00:00,6.96,2.66
NORTH,2025-04-03 15:30:00,9.05,4.04
NORTH,2025-04-03 16:00:00,9.81,4.49
NORTH,2025-04-03 16:30:00,5.61,2.49
NORTH,2025-04-03 17:00:00,10.92,2.4
NORTH,2025-04-03 17:30:00,7.02,4.28
NORTH,2025-04-03 18:00:00,7.47,8.17
NORTH,2025-04-03 18:30:00,7.2,5.78
NORTH,2025-04-03 19:00:00,8.23,0.0
NORTH,2025-04-03 19:30:00,9.11,2.78
NORTH,2025-04-03 20:00:00,9.55,3.69
NORTH,2025-04-03 20:30:00,10.39,5.37
NORTH,2025-04-03 21:00:00,7.76,3.08
NORTH,2025-04-03 21:30:00,8.07,3.72
NORTH,2025-04-03 22:00:00,7.45,5.48
NORTH,2025-04-03 22:30:00,10.12,6.11
NORTH,2025-04-03 23:00:00,10.76,4.68
NORTH,2025-04-03 23:30:00,8.74,5.57
NORTH,2025-04-04 00:00:00,11.03,5.16
NORTH,2025-04-04 00:30:00,10.35,2.07
NORTH,2025-04-04 01:00:00,10.76,4.17
NORTH,2025-04-04 01:30:00,6.46,7.29
NORTH,2025-04-04 02:00:00,6.21,9.02
NORTH,2025-04-04 02:30:00,8.36,2.15
NORTH,2025-04-04 03:00:00,5.66,4.38
NORTH,2025-04-04 03:30:00,6.54,7.99
NORTH,2025-04-04 04:00:00,8.15,4.8
NORTH,2025-04-04 04:30:00,9.88,4.08
NORTH,2025-04-04 05:00:00,3.16,1.75
NORTH,2025-04-04 05:30:00,7.97,1.32
NORTH,2025-04-04 06:00:00,5.51,4.0
NORTH,2025-04-04 06:30:00,4.84,2.78
NORTH,2025-04-04 07:00:00,3.48,6.89
NORTH,2025-04-04 07:30:00,5.18,6.3
NORTH,2025-04-04 08:00:00,4.84,3.11
NORTH,2025-04-04 08:30:00,5.68,5.61
NORTH,2025-04-04 09:00:00,6.49,1.97
NORTH,2025-04-04 09:30:00,5.57,8.04
NORTH,2025-04-04 10:00:00,7.29,6.9
NORTH,2025-04-04 10:30:00,5.98,3.26
NORTH,2025-04-04 11:00:00,2.49,4.79
NORTH,2025-04-04 11:30:00,5.35,6.28
NORTH,2025-04-04 12:00:00,6.65,2.99
NORTH,2025-04-04 12:30:00,6.58,1.69
NORTH,2025-04-04 13:00:00,7.82,1.57
NORTH,2025-04-04 13:30:00,8.58,5.24
NORTH,2025-04-04 14:00:00,7.48,1.6
NORTH,2025-04-04 14:30:00,5.2,2.91
NORTH,2025-04-04 15:00:00,7.4,3.56
NORTH,2025-04-04 15:30:00,9.54,1.88
NORTH,2025-04-04 16:00:00,10.43,5.72
NORTH,2025-04-04 16:30:00,11.88,3.93
NORTH,2025-04-04 17:00:00,9.08,3.51
NORTH,2025-04-04 17:30:00,9.3,5.79
NORTH,2025-04-04 18:00:00,9.29,3.82
NORTH,2025-04-04 18:30:00,8.72,6.64
NORTH,2025-04-04 19:00:00,7.5,3.26
NORTH,2025-04-04 19:30:00,9.46,5.97
NORTH,2025-04-04 20:00:00,8.29,9.11
NORTH,2025-04-04 20:30:00,12.2,1.65
NORTH,2025-04-04 21:00:00,8.08,6.0
NORTH,2025-04-04 21:30:00,11.08,4.12
NORTH,2025-04-04 22:00:00,9.69,3.29
NORTH,2025-04-04 22:30:00,8.77,0.93
NORTH,2025-04-04 23:00:00,10.93,2.86
NORTH,2025-04-04 23:30:00,8.22,1.89
NORTH,2025-04-05 00:00:00,5.41,4.53
NORTH,2025-04-05 00:30:00,10.03,2.69
NORTH,2025-04-05 01:00:00,8.13,7.31
NORTH,2025-04-05 01:30:00,10.04,4.71
NORTH,2025-04-05 02:00:00,5.59,0.67
NORTH,2025-04-05 02:30:00,7.11,3.91
NORTH,2025-04-05 03:00:00,4.94,2.72
NORTH,2025-04-05 03:30:00,8.49,4.66
NORTH,2025-04-05 04:00:00,8.21,4.15
NORTH,2025-04-05 04:30:00,4.89,4.69
NORTH,2025-04-05 05:00:00,2.81,5.27
NORTH,2025-04-05 05:30:00,7.49,1.69
NORTH,2025-04-05 06:00:00,6.65,2.78
NORTH,2025-04-05 06:30:00,6.24,3.96
NORTH,2025-04-05 07:00:00,7.01,3.82
NORTH,2025-04-05 07:30:00,6.11,2.24
NORTH,2025-04-05 08:00:00,2.67,2.64
NORTH,2025-04-05 08:30:00,6.25,6.97
NORTH,2025-04-05 09:00:00,6.05,4.4
NORTH,2025-04-05 09:30:00,3.14,4.12
NORTH,2025-04-05 10:00:00,4.48,3.63
NORTH,2025-04-05 10:30:00,6.5,3.76
NORTH,2025-04-05 11:00:00,6.13,4.44
NORTH,2025-04-05 11:30:00,4.79,2.15
NORTH,2025-04-05 12:00:00,5.34,0.0
NORTH,2025-04-05 12:30:00,7.71,4.72
NORTH,2025-04-05 13:00:00,7.88,0.0
NORTH,2025-04-05 13:30:00,7.63,1.78
NORTH,2025-04-05 14:00:00,6.24,4.19
NORTH,2025-04-05 14:30:00,6.54,4.77
NORTH,2025-04-05 15:00:00,6.73,0.5
NORTH,2025-04-05 15:30:00,7.35,0.0
NORTH,2025-04-05 16:00:00,6.77,2.11
NORTH,2025-04-05 16:30:00,6.84,6.32
NORTH,2025-04-05 17:00:00,10.25,7.64
NORTH,2025-04-05 17:30:00,9.91,6.16
NORTH,2025-04-05 18:00:00,11.59,3.96
NORTH,2025-04-05 18:30:00,9.76,3.1
NORTH,2025-04-05 19:00:00,9.23,0.94
NORTH,2025-04-05 19:30:00,10.9,2.77
NORTH,2025-04-05 20:00:00,8.85,4.62
NORTH,2025-04-05 20:30:00,7.87,2.49
NORTH,2025-04-05 21:00:00,8.56,6.31
NORTH,2025-04-05 21:30:00,11.86,4.58
NORTH,2025-04-05 22:00:00,9.69,4.5
NORTH,2025-04-05 22:30:00,10.61,2.92
NORTH,2025-04-05 23:00:00,8.24,4.04
NORTH,2025-04-05 23:30:00,9.84,4.02
NORTH,2025-04-06 00:00:00,7.67,5.49
NORTH,2025-04-06 00:30:00,8.32,2.36
NORTH,2025-04-06 01:00:00,4.88,3.38
NORTH,2025-04-06 01:30:00,5.86,0.47
NORTH,2025-04-06 02:00:00,5.39,4.4
NORTH,2025-04-06 02:30:00,7.21,5.7
NORTH,2025-04-06 03:00:00,5.23,4.1
NORTH,2025-04-06 03:30:00,5.42,2.47
NORTH,2025-04-06 04:00:00,7.22,5.24
NORTH,2025-04-06 04:30:00,4.05,3.32
NORTH,2025-04-06 05:00:00,5.72,0.23
NORTH,2025-04-06 05:30:00,4.92,4.83
NORTH,2025-04-06 06:00:00,5.38,3.83
NORTH,2025-04-06 06:30:00,7.65,2.91
NORTH,2025-04-06 07:00:00,5.74,6.84
NORTH,2025-04-06 07:30:00,6.75,2.56
NORTH,2025-04-06 08:00:00,5.19,6.06
NORTH,2025-04-06 08:30:00,8.63,2.48
NORTH,2025-04-06 09:00:00,6.74,2.47
NORTH,2025-04-06 09:30:00,3.04,1.59
NORTH,2025-04-06 10:00:00,4.55,2.86
NORTH,2025-04-06 10:30:00,4.73,3.8
NORTH,2025-04-06 11:00:00,6.61,2.99
NORTH,2025-04-06 11:30:00,4.41,2.11
NORTH,2025-04-06 12:00:00,4.94,4.2
NORTH,2025-04-06 12:30:00,6.64,7.83
NORTH,2025-04-06 13:00:00,6.2,2.28
NORTH,2025-04-06 13:30:00,4.78,0.11
NORTH,2025-04-06 14:00:00,8.19,5.1
NORTH,2025-04-06 14:30:00,7.06,4.39
NORTH,2025-04-06 15:00:00,5.78,4.24
NORTH,2025-04-06 15:30:00,6.53,5.2
NORTH,2025-04-06 16:00:00,9.16,2.03
NORTH,2025-04-06 16:30:00,8.47,8.13
NORTH,2025-04-06 17:00:00,9.59,2.84
NORTH,2025-04-06 17:30:00,8.94,5.64
NORTH,2025-04-06 18:00:00,9.49,3.01
NORTH,2025-04-06 18:30:00,8.64,5.82
NORTH,2025-04-06 19:00:00,10.41,3.38
NORTH,2025-04-06 19:30:00,8.25,5.72
NORTH,2025-04-06 20:00:00,9.65,6.76
NORTH,2025-04-06 20:30:00,9.62,7.94
NORTH,2025-04-06 21:00:00,10.24,6.51
NORTH,2025-04-06 21:30:00,9.42,4.07
NORTH,2025-04-06 22:00:00,9.18,2.24
NORTH,2025-04-06 22:30:00,8.47,3.08
NORTH,2025-04-06 23:00:00,9.16,3.38
NORTH,2025-04-06 23:30:00,8.58,3.0
NORTH,2025-04-07 00:00:00,10.27,5.42
NORTH,2025-04-07 00:30:00,8.48,1.74
NORTH,2025-04-07 01:00:00,7.37,3.74
NORTH,2025-04-07 01:30:00,11.04,2.33
NORTH,2025-04-07 02:00:00,7.82,4.91
NORTH,2025-04-07 02:30:00,9.33,6.62
NORTH,2025-04-07 03:00:00,5.68,3.3
NORTH,2025-04-07 03:30:00,8.58,2.4
NORTH,2025-04-07 04:00:00,6.25,3.2
NORTH,2025-04-07 04:30:00,9.7,6.96
NORTH,2025-04-07 05:00:00,1.05,2.93
NORTH,2025-04-07 05:30:00,4.74,7.27
NORTH,2025-04-07 06:00:00,7.69,4.66
NORTH,2025-04-07 06:30:00,6.58,2.55
NORTH,2025-04-07 07:00:00,6.45,2.45
NORTH,2025-04-07 07:30:00,4.67,6.29
NORTH,2025-04-07 08:00:00,7.12,5.9
NORTH,2025-04-07 08:30:00,3.43,4.38
NORTH,2025-04-07 09:00:00,5.52,5.24
NORTH,2025-04-07 09:30:00,5.16,4.58
NORTH,2025-04-07 10:00:00,7.63,2.94
NORTH,2025-04-07 10:30:00,6.05,2.92
NORTH,2025-04-07 11:00:00,3.52,2.01
NORTH,2025-04-07 11:30:00,5.35,1.22
NORTH,2025-04-07 12:00:00,5.3,4.15
NORTH,2025-04-07 12:30:00,7.7,6.4
NORTH,2025-04-07 13:00:00,6.6,1.87
NORTH,2025-04-07 13:30:00,7.24,3.25
NORTH,2025-04-07 14:00:00,9.17,6.33
NORTH,2025-04-07 14:30:00,9.21,3.07
NORTH,2025-04-07 15:00:00,7.91,3.06
NORTH,2025-04-07 15:30:00,7.27,3.96
NORTH,2025-04-07 16:00:00,3.08,3.05
NORTH,2025-04-07 16:30:00,9.44,4.98
NORTH,2025-04-07 17:00:00,7.15,3.56
NORTH,2025-04-07 17:30:00,9.59,3.1
NORTH,2025-04-07 18:00:00,11.78,1.97
NORTH,2025-04-07 18:30:00,10.45,5.39
NORTH,2025-04-07 19:00:00,13.42,6.65
NORTH,2025-04-07 19:30:00,7.49,4.37
NORTH,2025-04-07 20:00:00,5.93,3.62
NORTH,2025-04-07 20:30:00,8.62,4.58
NORTH,2025-04-07 21:00:00,10.05,3.87
NORTH,2025-04-07 21:30:00,10.08,7.62
NORTH,2025-04-07 22:00:00,13.7,5.14
NORTH,2025-04-07 22:30:00,13.22,4.95
NORTH,2025-04-07 23:00:00,5.42,2.7
NORTH,2025-04-07 23:30:00,7.79,3.02
NORTH,2025-04-08 00:00:00,5.83,5.57
NORTH,2025-04-08 00:30:00,8.32,6.98
NORTH,2025-04-08 01:00:00,7.86,2.47
NORTH,2025-04-08 01:30:00,8.32,4.22
NORTH,2025-04-08 02:00:00,12.29,3.81
NORTH,2025-04-08 02:30:00,7.91,4.84
NORTH,2025-04-08 03:00:00,5.78,1.75
NORTH,2025-04-08 03:30:00,9.76,1.64
NORTH,2025-04-08 04:00:00,7.63,2.9
NORTH,2025-04-08 04:30:00,5.36,3.97
NORTH,2025-04-08 05:00:00,4.7,4.33
NORTH,2025-04-08 05:30:00,7.02,3.18
NORTH,2025-04-08 06:00:00,5.54,6.06
NORTH,2025-04-08 06:30:00,3.9,5.58
NORTH,2025-04-08 07:00:00,6.44,1.72
NORTH,2025-04-08 07:30:00,4.82,4.53
NORTH,2025-04-08 08:00:00,6.01,3.78
NORTH,2025-04-08 08:30:00,6.94,5.53
NORTH,2025-04-08 09:00:00,7.11,4.47
NORTH,2025-04-08 09:30:00,4.4,2.3
NORTH,2025-04-08 10:00:00,6.43,3.78
NORTH,2025-04-08 10:30:00,5.14,6.19
NORTH,2025-04-08 11:00:00,9.3,6.13
NORTH,2025-04-08 11:30:00,6.8,1.61
NORTH,2025-04-08 12:00:00,3.0,5.09
NORTH,2025-04-08 12:30:00,4.95,3.53
NORTH,2025-04-08 13:00:00,8.43,4.14
NORTH,2025-04-08 13:30:00,7.41,6.35
NORTH,2025-04-08 14:00:00,5.38,0.0
NORTH,2025-04-08 14:30:00,9.61,5.98
NORTH,2025-04-08 15:00:00,10.57,5.95
NORTH,2025-04-08 15:30:00,8.06,2.45
NORTH,2025-04-08 16:00:00,7.06,3.66
NORTH,2025-04-08 16:30:00,8.51,4.25
NORTH,2025-04-08 17:00:00,9.88,5.19
NORTH,2025-04-08 17:30:00,11.25,4.61
NORTH,2025-04-08 18:00:00,10.15,7.5
NORTH,2025-04-08 18:30:00,9.31,3.8
NORTH,2025-04-08 19:00:00,12.24,1.39
NORTH,2025-04-08 19:30:00,12.08,2.83
NORTH,2025-04-08 20:00:00,9.01,4.21
NORTH,2025-04-08 20:30:00,7.65,5.39
NORTH,2025-04-08 21:00:00,9.08,5.08
NORTH,2025-04-08 21:30:00,11.02,3.9
NORTH,2025-04-08 22:00:00,8.28,4.4
NORTH,2025-04-08 22:30:00,7.95,6.81
NORTH,2025-04-08 23:00:00,5.26,1.84
NORTH,2025-04-08 23:30:00,11.83,2.05
NORTH,2025-04-09 00:00:00,8.67,4.13
NORTH,2025-04-09 00:30:00,7.95,4.43
NORTH,2025-04-09 01:00:00,10.49,7.32
NORTH,2025-04-09 01:30:00,12.22,3.51
NORTH,2025-04-09 02:00:00,8.12,5.87
NORTH,2025-04-09 02:30:00,7.08,3.6
NORTH,2025-04-09 03:00:00,6.2,5.36
NORTH,2025-04-09 03:30:00,4.97,5.11
NORTH,2025-04-09 04:00:00,6.28,6.2
NORTH,2025-04-09 04:30:00,6.43,7.64
NORTH,2025-04-09 05:00:00,7.93,2.24
NORTH,2025-04-09 05:30:00,8.19,1.06
NORTH,2025-04-09 06:00:00,5.8,8.44
NORTH,2025-04-09 06:30:00,4.37,3.58
NORTH,2025-04-09 07:00:00,3.62,4.53
NORTH,2025-04-09 07:30:00,2.42,1.75
NORTH,2025-04-09 08:00:00,7.39,3.39
NORTH,2025-04-09 08:30:00,5.12,3.7
NORTH,2025-04-09 09:00:00,4.31,4.72
NORTH,2025-04-09 09:30:00,4.32,2.85
NORTH,2025-04-09 10:00:00,7.82,1.66
NORTH,2025-04-09 10:30:00,5.93,3.15
NORTH,2025-04-09 11:00:00,7.16,2.45
NORTH,2025-04-09 11:30:00,5.4,0.0
NORTH,2025-04-09 12:00:00,8.56,2.58
NORTH,2025-04-09 12:30:00,2.49,2.01
NORTH,2025-04-09 13:00:00,9.71,4.74
NORTH,2025-04-09 13:30:00,7.16,6.21
NORTH,2025-04-09 14:00:00,6.37,5.32
NORTH,2025-04-09 14:30:00,7.68,4.96
NORTH,2025-04-09 15:00:00,10.33,2.92
NORTH,2025-04-09 15:30:00,6.66,1.82
NORTH,2025-04-09 16:00:00,8.25,3.97
NORTH,2025-04-09 16:30:00,6.04,1.16
NORTH,2025-04-09 17:00:00,8.93,3.35
NORTH,2025-04-09 17:30:00,9.76,4.01
NORTH,2025-04-09 18:00:00,8.17,4.96
NORTH,2025-04-09 18:30:00,9.26,2.45
NORTH,2025-04-09 19:00:00,11.76,10.18
NORTH,2025-04-09 19:30:00,6.61,5.23
NORTH,2025-04-09 20:00:00,8.74,4.42
NORTH,2025-04-09 20:30:00,9.99,2.26
NORTH,2025-04-09 21:00:00,8.88,5.4
NORTH,2025-04-09 21:30:00,6.27,2.75
NORTH,2025-04-09 22:00:00,10.83,4.39
NORTH,2025-04-09 22:30:00,9.35,6.75
NORTH,2025-04-09 23:00:00,6.4,3.74
NORTH,2025-04-09 23:30:00,8.32,6.07
NORTH,2025-04-10 00:00:00,8.61,0.66
NORTH,2025-04-10 00:30:00,7.67,0.0
NORTH,2025-04-10 01:00:00,7.07,4.94
NORTH,2025-04-10 01:30:00,8.38,6.01
NORTH,2025-04-10 02:00:00,6.38,5.3
NORTH,2025-04-10 02:30:00,7.41,3.21
NORTH,2025-04-10 03:00:00,7.34,0.48
NORTH,2025-04-10 03:30:00,8.54,5.39
NORTH,2025-04-10 04:00:00,4.92,4.87
NORTH,2025-04-10 04:30:00,4.91,8.69
NORTH,2025-04-10 05:00:00,2.99,4.17
NORTH,2025-04-10 05:30:00,10.24,5.18
NORTH,2025-04-10 06:00:00,3.88,4.52
NORTH,2025-04-10 06:30:00,5.22,2.03
NORTH,2025-04-10 07:00:00,5.89,2.67
NORTH,2025-04-10 07:30:00,7.04,3.26
NORTH,2025-04-10 08:00:00,6.82,5.39
NORTH,2025-04-10 08:30:00,4.11,1.47
NORTH,2025-04-10 09:00:00,4.79,3.52
NORTH,2025-04-10 09:30:00,4.97,6.15
NORTH,2025-04-10 10:00:00,5.2,1.72
NORTH,2025-04-10 10:30:00,7.22,3.67
NORTH,2025-04-10 11:00:00,3.18,6.41
NORTH,2025-04-10 11:30:00,4.58,4.16
NORTH,2025-04-10 12:00:00,3.77,4.99
NORTH,2025-04-10 12:30:00,9.42,1.66
NORTH,2025-04-10 13:00:00,7.23,1.23
NORTH,2025-04-10 13:30:00,5.15,1.8
NORTH,2025-04-10 14:00:00,9.12,4.18
NORTH,2025-04-10 14:30:00,8.15,2.99
NORTH,2025-04-10 15:00:00,10.88,4.76
NORTH,2025-04-10 15:30:00,5.62,5.62
NORTH,2025-04-10 16:00:00,5.48,0.0
NORTH,2025-04-10 16:30:00,8.75,4.3
NORTH,2025-04-10 17:00:00,8.4,1.85
NORTH,2025-04-10 17:30:00,8.96,0.0
NORTH,2025-04-10 18:00:00,8.43,3.52
NORTH,2025-04-10 18:30:00,10.31,1.85
NORTH,2025-04-10 19:00:00,10.2,2.46
NORTH,2025-04-10 19:30:00,11.59,2.22
NORTH,2025-04-10 20:00:00,8.9,1.95
NORTH,2025-04-10 20:30:00,8.39,4.63
NORTH,2025-04-10 21:00:00,5.05,2.2
NORTH,2025-04-10 21:30:00,7.14,1.56
NORTH,2025-04-10 22:00:00,11.51,2.61
NORTH,2025-04-10 22:30:00,8.05,7.49
NORTH,2025-04-10 23:00:00,8.94,4.7
NORTH,2025-04-10 23:30:00,10.68,4.94
NORTH,2025-04-11 00:00:00,9.65,5.51
NORTH,2025-04-11 00:30:00,7.08,2.23
NORTH,2025-04-11 01:00:00,8.05,2.77
NORTH,2025-04-11 01:30:00,7.92,3.22
NORTH,2025-04-11 02:00:00,7.11,6.21
NORTH,2025-04-11 02:30:00,10.6,3.13
NORTH,2025-04-11 03:00:00,6.25,5.86
NORTH,2025-04-11 03:30:00,8.26,4.12
NORTH,2025-04-11 04:00:00,7.04,8.27
NORTH,2025-04-11 04:30:00,7.06,0.26
NORTH,2025-04-11 05:00:00,5.04,5.12
NORTH,2025-04-11 05:30:00,5.77,4.32
NORTH,2025-04-11 06:00:00,6.03,0.0
NORTH,2025-04-11 06:30:00,7.22,4.0
NORTH,2025-04-11 07:00:00,4.61,5.81
NORTH,2025-04-11 07:30:00,7.29,4.32
NORTH,2025-04-11 08:00:00,4.0,2.12
NORTH,2025-04-11 08:30:00,9.01,3.57
NORTH,2025-04-11 09:00:00,5.09,1.41
NORTH,2025-04-11 09:30:00,5.12,1.59
NORTH,2025-04-11 10:00:00,4.48,3.06
NORTH,2025-04-11 10:30:00,3.6,4.49
NORTH,2025-04-11 11:00:00,4.88,0.64
NORTH,2025-04-11 11:30:00,3.56,5.08
NORTH,2025-04-11 12:00:00,4.15,4.91
NORTH,2025-04-11 12:30:00,6.34,5.33
NORTH,2025-04-11 13:00:00,8.58,3.45
NORTH,2025-04-11 13:30:00,6.91,5.37
NORTH,2025-04-11 14:00:00,5.75,4.82
NORTH,2025-04-11 14:30:00,7.29,2.46
NORTH,2025-04-11 15:00:00,6.86,3.52
NORTH,2025-04-11 15:30:00,9.08,4.95
NORTH,2025-04-11 16:00:00,8.31,3.96
NORTH,2025-04-11 16:30:00,5.87,0.6
NORTH,2025-04-11 17:00:00,8.82,0.0
NORTH,2025-04-11 17:30:00,10.14,5.49
NORTH,2025-04-11 18:00:00,7.16,1.24
NORTH,2025-04-11 18:30:00,7.56,3.75
NORTH,2025-04-11 19:00:00,10.6,4.27
NORTH,2025-04-11 19:30:00,7.13,6.21
NORTH,2025-04-11 20:00:00,8.66,5.01
NORTH,2025-04-11 20:30:00,12.23,4.16
NORTH,2025-04-11 21:00:00,10.18,5.41
NORTH,2025-04-11 21:30:00,8.56,4.94
NORTH,2025-04-11 22:00:00,8.29,3.86
NORTH,2025-04-11 22:30:00,10.25,3.78
NORTH,2025-04-11 23:00:00,9.88,4.24
NORTH,2025-04-11 23:30:00,10.34,2.49
NORTH,2025-04-12 00:00:00,4.54,5.0
NORTH,2025-04-12 00:30:00,8.73,5.79
NORTH,2025-04-12 01:00:00,5.58,3.38
NORTH,2025-04-12 01:30:00,7.85,0.59
NORTH,2025-04-12 02:00:00,10.76,2.94
NORTH,2025-04-12 02:30:00,7.03,5.1
NORTH,2025-04-12 03:00:00,9.61,2.71
NORTH,2025-04-12 03:30:00,8.42,2.63
NORTH,2025-04-12 04:00:00,8.19,0.66
NORTH,2025-04-12 04:30:00,5.0,6.78
NORTH,2025-04-12 05:00:00,6.71,3.71
NORTH,2025-04-12 05:30:00,7.7,5.02
NORTH,2025-04-12 06:00:00,3.68,0.6
NORTH,2025-04-12 06:30:00,8.3,0.83
NORTH,2025-04-12 07:00:00,6.76,0.9
NORTH,2025-04-12 07:30:00,8.03,4.88
NORTH,2025-04-12 08:00:00,3.73,3.67
NORTH,2025-04-12 08:30:00,5.85,5.06
NORTH,2025-04-12 09:00:00,4.85,2.98
NORTH,2025-04-12 09:30:00,4.92,6.54
NORTH,2025-04-12 10:00:00,3.51,2.72
NORTH,2025-04-12 10:30:00,3.81,5.16
NORTH,2025-04-12 11:00:00,3.45,6.43
NORTH,2025-04-12 11:30:00,3.32,2.99
NORTH,2025-04-12 12:00:00,6.79,0.0
NORTH,2025-04-12 12:30:00,6.76,2.18
NORTH,2025-04-12 13:00:00,7.21,4.89
NORTH,2025-04-12 13:30:00,8.95,6.64
NORTH,2025-04-12 14:00:00,7.23,1.43
NORTH,2025-04-12 14:30:00,9.94,6.12
NORTH,2025-04-12 15:00:00,10.72,3.53
NORTH,2025-04-12 15:30:00,9.06,2.93
NORTH,2025-04-12 16:00:00,8.27,5.86
NORTH,2025-04-12 16:30:00,7.11,6.98
NORTH,2025-04-12 17:00:00,8.24,3.62
NORTH,2025-04-12 17:30:00,10.31,2.38
NORTH,2025-04-12 18:00:00,11.14,4.62
NORTH,2025-04-12 18:30:00,7.67,0.0
NORTH,2025-04-12 19:00:00,11.35,1.37
NORTH,2025-04-12 19:30:00,8.55,3.86
NORTH,2025-04-12 20:00:00,9.66,3.53
NORTH,2025-04-12 20:30:00,6.91,4.28
NORTH,2025-04-12 21:00:00,10.33,7.88
NORTH,2025-04-12 21:30:00,9.09,1.51
NORTH,2025-04-12 22:00:00,12.04,8.79
NORTH,2025-04-12 22:30:00,9.79,5.22
NORTH,2025-04-12 23:00:00,12.82,1.25
NORTH,2025-04-12 23:30:00,8.11,5.17
NORTH,2025-04-13 00:00:00,7.94,2.97
NORTH,2025-04-13 00:30:00,8.24,2.24
NORTH,2025-04-13 01:00:00,7.95,5.36
NORTH,2025-04-13 01:30:00,2.26,5.01
NORTH,2025-04-13 02:00:00,9.48,1.81
NORTH,2025-04-13 02:30:00,4.64,5.62
NORTH,2025-04-13 03:00:00,6.05,5.42
NORTH,2025-04-13 03:30:00,5.59,1.16
NORTH,2025-04-13 04:00:00,3.75,6.31
NORTH,2025-04-13 04:30:00,6.72,6.26
NORTH,2025-04-13 05:00:00,6.28,4.99
NORTH,2025-04-13 05:30:00,6.68,3.02
NORTH,2025-04-13 06:00:00,8.37,6.76
NORTH,2025-04-13 06:30:00,3.0,2.01
NORTH,2025-04-13 07:00:00,10.11,6.45
NORTH,2025-04-13 07:30:00,7.85,1.72
NORTH,2025-04-13 08:00:00,5.78,4.55
NORTH,2025-04-13 08:30:00,3.5,1.13
NORTH,2025-04-13 09:00:00,7.92,8.7
NORTH,2025-04-13 09:30:00,2.61,6.51
NORTH,2025-04-13 10:00:00,3.64,2.6
NORTH,2025-04-13 10:30:00,3.37,6.76
NORTH,2025-04-13 11:00:00,3.9,7.52
NORTH,2025-04-13 11:30:00,8.3,0.46
NORTH,2025-04-13 12:00:00,10.13,5.42
NORTH,2025-04-13 12:30:00,5.0,1.24
NORTH,2025-04-13 13:00:00,6.65,5.04
NORTH,2025-04-13 13:30:00,6.26,0.0
NORTH,2025-04-13 14:00:00,8.13,2.41
NORTH,2025-04-13 14:30:00,8.22,7.25
NORTH,2025-04-13 15:00:00,8.7,4.48
NORTH,2025-04-13 15:30:00,8.61,3.83
NORTH,2025-04-13 16:00:00,9.79,5.54
NORTH,2025-04-13 16:30:00,8.25,8.79
NORTH,2025-04-13 17:00:00,8.14,2.26
NORTH,2025-04-13 17:30:00,6.07,3.74
NORTH,2025-04-13 18:00:00,7.92,4.24
NORTH,2025-04-13 18:30:00,7.54,6.73
NORTH,2025-04-13 19:00:00,7.74,0.68
NORTH,2025-04-13 19:30:00,8.74,3.57
NORTH,2025-04-13 20:00:00,8.99,3.95
NORTH,2025-04-13 20:30:00,7.63,1.98
NORTH,2025-04-13 21:00:00,11.21,8.13
NORTH,2025-04-13 21:30:00,10.13,3.42
NORTH,2025-04-13 22:00:00,8.83,5.05
NORTH,2025-04-13 22:30:00,9.33,5.55
NORTH,2025-04-13 23:00:00,7.44,6.84
NORTH,2025-04-13 23:30:00,10.77,5.02
NORTH,2025-04-14 00:00:00,12.09,3.29
NORTH,2025-04-14 00:30:00,9.3,4.4
NORTH,2025-04-14 01:00:00,8.23,2.73
NORTH,2025-04-14 01:30:00,5.64,5.92
NORTH,2025-04-14 02:00:00,7.95,6.43
NORTH,2025-04-14 02:30:00,7.68,5.5
NORTH,2025-04-14 03:00:00,7.94,3.35
NORTH,2025-04-14 03:30:00,9.91,3.61
NORTH,2025-04-14 04:00:00,7.28,2.94
NORTH,2025-04-14 04:30:00,8.67,3.33
NORTH,2025-04-14 05:00:00,5.55,3.71
NORTH,2025-04-14 05:30:00,7.81,4.65
NORTH,2025-04-14 06:00:00,7.94,3.76
NORTH,2025-04-14 06:30:00,5.56,2.96
NORTH,2025-04-14 07:00:00,3.32,5.56
NORTH,2025-04-14 07:30:00,4.91,9.57
NORTH,2025-04-14 08:00:00,6.57,2.31
NORTH,2025-04-14 08:30:00,1.7,6.42
NORTH,2025-04-14 09:00:00,6.38,5.41
NORTH,2025-04-14 09:30:00,3.35,7.09
NORTH,2025-04-14 10:00:00,4.83,1.17
NORTH,2025-04-14 10:30:00,5.66,0.47
NORTH,2025-04-14 11:00:00,6.66,4.53
NORTH,2025-04-14 11:30:00,3.9,0.0
NORTH,2025-04-14 12:00:00,5.66,2.35
NORTH,2025-04-14 12:30:00,4.86,4.77
NORTH,2025-04-14 13:00:00,4.74,4.35
NORTH,2025-04-14 13:30:00,6.81,3.88
NORTH,2025-04-14 14:00:00,7.64,2.89
NORTH,2025-04-14 14:30:00,6.57,8.62
NORTH,2025-04-14 15:00:00,11.51,0.74
NORTH,2025-04-14 15:30:00,10.6,2.52
NORTH,2025-04-14 16:00:00,10.3,1.9
NORTH,2025-04-14 16:30:00,10.01,4.77
NORTH,2025-04-14 17:00:00,9.39,2.94
NORTH,2025-04-14 17:30:00,10.66,4.98
NORTH,2025-04-14 18:00:00,10.1,4.15
NORTH,2025-04-14 18:30:00,8.26,8.27
NORTH,2025-04-14 19:00:00,8.85,4.68
NORTH,2025-04-14 19:30:00,7.09,2.51
NORTH,2025-04-14 20:00:00,11.02,2.53
NORTH,2025-04-14 20:30:00,9.57,5.0
NORTH,2025-04-14 21:00:00,7.4,7.64
NORTH,2025-04-14 21:30:00,10.36,4.9
NORTH,2025-04-14 22:00:00,7.98,1.87
NORTH,2025-04-14 22:30:00,10.45,3.46
NORTH,2025-04-14 23:00:00,13.71,2.41
NORTH,2025-04-14 23:30:00,6.71,6.35
SCOTLAND,2025-04-01 00:00:00,6.57,2.94
SCOTLAND,2025-04-01 00:30:00,8.33,7.11
SCOTLAND,2025-04-01 01:00:00,4.91,3.0
SCOTLAND,2025-04-01 01:30:00,8.17,3.13
SCOTLAND,2025-04-01 02:00:00,6.71,3.89
SCOTLAND,2025-04-01 02:30:00,7.72,3.11
SCOTLAND,2025-04-01 03:00:00,7.24,4.74
SCOTLAND,2025-04-01 03:30:00,5.89,2.39
SCOTLAND,2025-04-01 04:00:00,6.81,5.67
SCOTLAND,2025-04-01 04:30:00,4.77,0.44
SCOTLAND,2025-04-01 05:00:00,4.19,5.67
SCOTLAND,2025-04-01 05:30:00,5.22,7.54
SCOTLAND,2025-04-01 06:00:00,2.49,1.73
SCOTLAND,2025-04-01 06:30:00,2.16,5.66
SCOTLAND,2025-04-01 07:00:00,2.76,5.05
SCOTLAND,2025-04-01 07:30:00,2.62,2.63
SCOTLAND,2025-04-01 08:00:00,4.42,2.41
SCOTLAND,2025-04-01 08:30:00,3.19,2.53
SCOTLAND,2025-04-01 09:00:00,2.48,4.7
SCOTLAND,2025-04-01 09:30:00,6.87,0.22
SCOTLAND,2025-04-01 10:00:00,1.69,3.07
SCOTLAND,2025-04-01 10:30:00,4.65,1.52
SCOTLAND,2025-04-01 11:00:00,5.58,3.2
SCOTLAND,2025-04-01 11:30:00,1.83,4.22
SCOTLAND,2025-04-01 12:00:00,4.84,7.12
SCOTLAND,2025-04-01 12:30:00,5.76,4.56
SCOTLAND,2025-04-01 13:00:00,7.09,1.16
SCOTLAND,2025-04-01 13:30:00,6.68,3.37
SCOTLAND,2025-04-01 14:00:00,5.09,7.35
SCOTLAND,2025-04-01 14:30:00,9.24,0.54
SCOTLAND,2025-04-01 15:00:00,7.9,5.28
SCOTLAND,2025-04-01 15:30:00,6.58,0.0
SCOTLAND,2025-04-01 16:00:00,7.05,7.75
SCOTLAND,2025-04-01 16:30:00,5.64,5.88
SCOTLAND,2025-04-01 17:00:00,7.36,0.94
SCOTLAND,2025-04-01 17:30:00,9.87,2.88
SCOTLAND,2025-04-01 18:00:00,11.25,4.5
SCOTLAND,2025-04-01 18:30:00,10.79,0.0
SCOTLAND,2025-04-01 19:00:00,9.77,4.21
SCOTLAND,2025-04-01 19:30:00,8.96,3.46
SCOTLAND,2025-04-01 20:00:00,11.95,2.46
SCOTLAND,2025-04-01 20:30:00,7.67,4.42
SCOTLAND,2025-04-01 21:00:00,9.73,6.67
SCOTLAND,2025-04-01 21:30:00,8.71,4.51
SCOTLAND,2025-04-01 22:00:00,8.91,2.32
SCOTLAND,2025-04-01 22:30:00,7.59,7.92
SCOTLAND,2025-04-01 23:00:00,6.38,5.41
SCOTLAND,2025-04-01 23:30:00,5.14,3.28
SCOTLAND,2025-04-02 00:00:00,10.38,5.38
SCOTLAND,2025-04-02 00:30:00,6.28,1.69
SCOTLAND,2025-04-02 01:00:00,6.26,0.74
SCOTLAND,2025-04-02 01:30:00,3.41,7.15
SCOTLAND,2025-04-02 02:00:00,6.21,5.23
SCOTLAND,2025-04-02 02:30:00,5.7,6.16
SCOTLAND,2025-04-02 03:00:00,9.33,4.21
SCOTLAND,2025-04-02 03:30:00,7.11,6.61
SCOTLAND,2025-04-02 04:00:00,5.65,2.7
SCOTLAND,2025-04-02 04:30:00,5.73,5.96
SCOTLAND,2025-04-02 05:00:00,6.3,6.25
SCOTLAND,2025-04-02 05:30:00,5.84,4.43
SCOTLAND,2025-04-02 06:00:00,5.06,5.3
SCOTLAND,2025-04-02 06:30:00,2.81,7.34
SCOTLAND,2025-04-02 07:00:00,6.05,3.44
SCOTLAND,2025-04-02 07:30:00,3.2,3.12
SCOTLAND,2025-04-02 08:00:00,3.02,2.35
SCOTLAND,2025-04-02 08:30:00,3.92,6.59
SCOTLAND,2025-04-02 09:00:00,6.01,1.31
SCOTLAND,2025-04-02 09:30:00,6.81,3.57
SCOTLAND,2025-04-02 10:00:00,3.58,6.86
SCOTLAND,2025-04-02 10:30:00,2.35,2.97
SCOTLAND,2025-04-02 11:00:00,5.34,5.13
SCOTLAND,2025-04-02 11:30:00,4.05,4.02
SCOTLAND,2025-04-02 12:00:00,5.92,3.68
SCOTLAND,2025-04-02 12:30:00,5.65,2.3
SCOTLAND,2025-04-02 13:00:00,7.32,7.39
SCOTLAND,2025-04-02 13:30:00,6.55,6.8
SCOTLAND,2025-04-02 14:00:00,5.38,0.88
SCOTLAND,2025-04-02 14:30:00,3.32,6.31
SCOTLAND,2025-04-02 15:00:00,5.87,1.85
SCOTLAND,2025-04-02 15:30:00,6.44,4.13
SCOTLAND,2025-04-02 16:00:00,7.92,3.81
SCOTLAND,2025-04-02 16:30:00,8.79,2.13
SCOTLAND,2025-04-02 17:00:00,3.59,4.27
SCOTLAND,2025-04-02 17:30:00,7.66,5.8
SCOTLAND,2025-04-02 18:00:00,5.75,3.29
SCOTLAND,2025-04-02 18:30:00,7.36,5.77
SCOTLAND,2025-04-02 19:00:00,7.93,1.5
SCOTLAND,2025-04-02 19:30:00,9.71,5.68
SCOTLAND,2025-04-02 20:00:00,6.2,3.56
SCOTLAND,2025-04-02 20:30:00,8.83,3.68
SCOTLAND,2025-04-02 21:00:00,8.96,3.52
SCOTLAND,2025-04-02 21:30:00,7.42,6.86
SCOTLAND,2025-04-02 22:00:00,5.62,4.41
SCOTLAND,2025-04-02 22:30:00,7.71,7.35
SCOTLAND,2025-04-02 23:00:00,4.45,4.46
SCOTLAND,2025-04-02 23:30:00,6.36,2.89
SCOTLAND,2025-04-03 00:00:00,7.1,3.17
SCOTLAND,2025-04-03 00:30:00,7.78,5.94
SCOTLAND,2025-04-03 01:00:00,5.89,5.51
SCOTLAND,2025-04-03 01:30:00,7.52,4.71
SCOTLAND,2025-04-03 02:00:00,5.91,3.42
SCOTLAND,2025-04-03 02:30:00,6.0,4.98
SCOTLAND,2025-04-03 03:00:00,5.84,3.05
SCOTLAND,2025-04-03 03:30:00,5.29,3.73
SCOTLAND,2025-04-03 04:00:00,2.8,1.77
SCOTLAND,2025-04-03 04:30:00,0.41,6.05
SCOTLAND,2025-04-03 05:00:00,3.1,4.97
SCOTLAND,2025-04-03 05:30:00,5.08,4.53
SCOTLAND,2025-04-03 06:00:00,3.01,5.08
SCOTLAND,2025-04-03 06:30:00,3.6,5.94
SCOTLAND,2025-04-03 07:00:00,3.13,5.56
SCOTLAND,2025-04-03 07:30:00,5.45,6.47
SCOTLAND,2025-04-03 08:00:00,4.29,3.43
SCOTLAND,2025-04-03 08:30:00,4.79,3.96
SCOTLAND,2025-04-03 09:00:00,5.65,5.1
SCOTLAND,2025-04-03 09:30:00,2.05,2.6
SCOTLAND,2025-04-03 10:00:00,4.59,6.97
SCOTLAND,2025-04-03 10:30:00,2.92,3.21
SCOTLAND,2025-04-03 11:00:00,6.94,0.35
SCOTLAND,2025-04-03 11:30:00,3.21,3.98
SCOTLAND,2025-04-03 12:00:00,7.76,4.18
SCOTLAND,2025-04-03 12:30:00,3.81,5.41
SCOTLAND,2025-04-03 13:00:00,3.09,4.41
SCOTLAND,2025-04-03 13:30:00,4.62,0.53
SCOTLAND,2025-04-03 14:00:00,8.95,4.47
SCOTLAND,2025-04-03 14:30:00,8.83,3.59
SCOTLAND,2025-04-03 15:00:00,2.36,1.98
SCOTLAND,2025-04-03 15:30:00,8.13,3.38
SCOTLAND,2025-04-03 16:00:00,8.2,6.29
SCOTLAND,2025-04-03 16:30:00,6.57,2.03
SCOTLAND,2025-04-03 17:00:00,11.77,5.99
SCOTLAND,2025-04-03 17:30:00,8.55,5.58
SCOTLAND,2025-04-03 18:00:00,8.1,3.77
SCOTLAND,2025-04-03 18:30:00,9.42,2.07
SCOTLAND,2025-04-03 19:00:00,8.22,6.09
SCOTLAND,2025-04-03 19:30:00,8.08,2.93
SCOTLAND,2025-04-03 20:00:00,6.56,6.79
SCOTLAND,2025-04-03 20:30:00,7.5,3.89
SCOTLAND,2025-04-03 21:00:00,6.68,3.75
SCOTLAND,2025-04-03 21:30:00,10.81,8.82
SCOTLAND,2025-04-03 22:00:00,9.67,6.1
SCOTLAND,2025-04-03 22:30:00,7.36,2.82
SCOTLAND,2025-04-03 23:00:00,8.25,5.08
SCOTLAND,2025-04-03 23:30:00,11.04,4.99
SCOTLAND,2025-04-04 00:00:00,6.64,4.41
SCOTLAND,2025-04-04 00:30:00,8.83,5.93
SCOTLAND,2025-04-04 01:00:00,6.12,3.28
SCOTLAND,2025-04-04 01:30:00,5.32,1.58
SCOTLAND,2025-04-04 02:00:00,4.39,2.94
SCOTLAND,2025-04-04 02:30:00,3.47,0.42
SCOTLAND,2025-04-04 03:00:00,9.09,4.36
SCOTLAND,2025-04-04 03:30:00,1.94,5.91
SCOTLAND,2025-04-04 04:00:00,5.87,6.19
SCOTLAND,2025-04-04 04:30:00,4.51,2.66
SCOTLAND,2025-04-04 05:00:00,5.91,2.29
SCOTLAND,2025-04-04 05:30:00,4.85,0.0
SCOTLAND,2025-04-04 06:00:00,5.69,5.33
SCOTLAND,2025-04-04 06:30:00,7.09,6.28
SCOTLAND,2025-04-04 07:00:00,3.31,1.13
SCOTLAND,2025-04-04 07:30:00,2.49,4.4
SCOTLAND,2025-04-04 08:00:00,3.87,3.19
SCOTLAND,2025-04-04 08:30:00,5.8,4.22
SCOTLAND,2025-04-04 09:00:00,3.83,4.64
SCOTLAND,2025-04-04 09:30:00,6.77,5.71
SCOTLAND,2025-04-04 10:00:00,5.22,1.46
SCOTLAND,2025-04-04 10:30:00,4.57,2.32
SCOTLAND,2025-04-04 11:00:00,4.37,5.86
SCOTLAND,2025-04-04 11:30:00,5.5,3.32
SCOTLAND,2025-04-04 12:00:00,5.14,1.99
SCOTLAND,2025-04-04 12:30:00,5.28,0.6
SCOTLAND,2025-04-04 13:00:00,3.97,3.17
SCOTLAND,2025-04-04 13:30:00,3.62,4.53
SCOTLAND,2025-04-04 14:00:00,5.79,3.47
SCOTLAND,2025-04-04 14:30:00,5.13,5.24
SCOTLAND,2025-04-04 15:00:00,6.38,6.77
SCOTLAND,2025-04-04 15:30:00,6.94,7.08
SCOTLAND,2025-04-04 16:00:00,5.96,2.76
SCOTLAND,2025-04-04 16:30:00,7.99,3.07
SCOTLAND,2025-04-04 17:00:00,8.47,2.31
SCOTLAND,2025-04-04 17:30:00,6.57,2.44
SCOTLAND,2025-04-04 18:00:00,7.22,6.12
SCOTLAND,2025-04-04 18:30:00,7.44,5.48
SCOTLAND,2025-04-04 19:00:00,7.06,4.79
SCOTLAND,2025-04-04 19:30:00,9.58,3.13
SCOTLAND,2025-04-04 20:00:00,6.43,1.53
SCOTLAND,2025-04-04 20:30:00,6.94,0.71
SCOTLAND,2025-04-04 21:00:00,8.18,8.19
SCOTLAND,2025-04-04 21:30:00,6.9,6.99
SCOTLAND,2025-04-04 22:00:00,7.32,3.3
SCOTLAND,2025-04-04 22:30:00,10.03,7.49
SCOTLAND,2025-04-04 23:00:00,6.79,6.49
SCOTLAND,2025-04-04 23:30:00,6.02,3.93
SCOTLAND,2025-04-05 00:00:00,8.4,4.65
SCOTLAND,2025-04-05 00:30:00,6.17,4.64
SCOTLAND,2025-04-05 01:00:00,7.0,2.22
SCOTLAND,2025-04-05 01:30:00,7.57,1.57
SCOTLAND,2025-04-05 02:00:00,6.98,2.21
SCOTLAND,2025-04-05 02:30:00,6.39,3.56
SCOTLAND,2025-04-05 03:00:00,6.91,3.97
SCOTLAND,2025-04-05 03:30:00,7.17,2.22
SCOTLAND,2025-04-05 04:00:00,3.13,6.22
SCOTLAND,2025-04-05 04:30:00,4.5,3.01
SCOTLAND,2025-04-05 05:00:00,9.55,4.11
SCOTLAND,2025-04-05 05:30:00,3.57,1.66
SCOTLAND,2025-04-05 06:00:00,5.88,2.98
SCOTLAND,2025-04-05 06:30:00,5.45,3.88
SCOTLAND,2025-04-05 07:00:00,6.79,5.58
SCOTLAND,2025-04-05 07:30:00,2.18,4.5
SCOTLAND,2025-04-05 08:00:00,4.64,3.24
SCOTLAND,2025-04-05 08:30:00,2.13,4.11
SCOTLAND,2025-04-05 09:00:00,6.04,3.93
SCOTLAND,2025-04-05 09:30:00,2.76,5.1
SCOTLAND,2025-04-05 10:00:00,4.41,7.32
SCOTLAND,2025-04-05 10:30:00,-0.08,6.16
SCOTLAND,2025-04-05 11:00:00,4.85,0.82
SCOTLAND,2025-04-05 11:30:00,7.7,5.96
SCOTLAND,2025-04-05 12:00:00,5.58,3.56
SCOTLAND,2025-04-05 12:30:00,5.99,2.65
SCOTLAND,2025-04-05 13:00:00,3.4,2.34
SCOTLAND,2025-04-05 13:30:00,5.87,0.0
SCOTLAND,2025-04-05 14:00:00,6.35,4.42
SCOTLAND,2025-04-05 14:30:00,6.15,2.17
SCOTLAND,2025-04-05 15:00:00,8.06,3.76
SCOTLAND,2025-04-05 15:30:00,6.48,3.71
SCOTLAND,2025-04-05 16:00:00,8.27,5.12
SCOTLAND,2025-04-05 16:30:00,3.09,4.88
SCOTLAND,2025-04-05 17:00:00,6.61,7.67
SCOTLAND,2025-04-05 17:30:00,7.44,4.16
SCOTLAND,2025-04-05 18:00:00,8.3,5.42
SCOTLAND,2025-04-05 18:30:00,8.22,4.41
SCOTLAND,2025-04-05 19:00:00,10.43,0.18
SCOTLAND,2025-04-05 19:30:00,5.46,0.35
SCOTLAND,2025-04-05 20:00:00,7.99,5.07
SCOTLAND,2025-04-05 20:30:00,8.75,3.38
SCOTLAND,2025-04-05 21:00:00,10.85,5.48
SCOTLAND,2025-04-05 21:30:00,9.14,3.26
SCOTLAND,2025-04-05 22:00:00,7.41,0.23
SCOTLAND,2025-04-05 22:30:00,7.9,5.74
SCOTLAND,2025-04-05 23:00:00,7.87,1.17
SCOTLAND,2025-04-05 23:30:00,11.21,2.03
SCOTLAND,2025-04-06 00:00:00,8.9,4.02
SCOTLAND,2025-04-06 00:30:00,8.28,4.92
SCOTLAND,2025-04-06 01:00:00,3.56,2.02
SCOTLAND,2025-04-06 01:30:00,4.88,0.46
SCOTLAND,2025-04-06 02:00:00,9.54,0.0
SCOTLAND,2025-04-06 02:30:00,6.42,3.38
SCOTLAND,2025-04-06 03:00:00,7.46,4.02
SCOTLAND,2025-04-06 03:30:00,4.45,3.37
SCOTLAND,2025-04-06 04:00:00,5.88,6.84
SCOTLAND,2025-04-06 04:30:00,4.86,0.0
SCOTLAND,2025-04-06 05:00:00,7.36,2.85
SCOTLAND,2025-04-06 05:30:00,2.94,2.34
SCOTLAND,2025-04-06 06:00:00,2.38,4.54
SCOTLAND,2025-04-06 06:30:00,0.81,5.65
SCOTLAND,2025-04-06 07:00:00,3.42,4.07
SCOTLAND,2025-04-06 07:30:00,5.27,5.14
SCOTLAND,2025-04-06 08:00:00,0.95,5.32
SCOTLAND,2025-04-06 08:30:00,1.5,4.09
SCOTLAND,2025-04-06 09:00:00,6.07,2.4
SCOTLAND,2025-04-06 09:30:00,1.58,1.58
SCOTLAND,2025-04-06 10:00:00,7.62,5.41
SCOTLAND,2025-04-06 10:30:00,4.89,0.68
SCOTLAND,2025-04-06 11:00:00,3.4,3.87
SCOTLAND,2025-04-06 11:30:00,2.64,7.86
SCOTLAND,2025-04-06 12:00:00,5.57,4.62
SCOTLAND,2025-04-06 12:30:00,7.28,3.27
SCOTLAND,2025-04-06 13:00:00,4.76,5.79
SCOTLAND,2025-04-06 13:30:00,7.07,0.0
SCOTLAND,2025-04-06 14:00:00,6.42,5.51
SCOTLAND,2025-04-06 14:30:00,7.25,4.31
SCOTLAND,2025-04-06 15:00:00,4.57,1.02
SCOTLAND,2025-04-06 15:30:00,7.41,1.8
SCOTLAND,2025-04-06 16:00:00,13.95,2.38
SCOTLAND,2025-04-06 16:30:00,3.38,4.27
SCOTLAND,2025-04-06 17:00:00,8.55,4.93
SCOTLAND,2025-04-06 17:30:00,8.39,3.3
SCOTLAND,2025-04-06 18:00:00,6.63,3.88
SCOTLAND,2025-04-06 18:30:00,9.02,3.92
SCOTLAND,2025-04-06 19:00:00,6.19,3.6
SCOTLAND,2025-04-06 19:30:00,11.75,0.81
SCOTLAND,2025-04-06 20:00:00,9.64,6.03
SCOTLAND,2025-04-06 20:30:00,8.47,3.2
SCOTLAND,2025-04-06 21:00:00,8.59,0.0
SCOTLAND,2025-04-06 21:30:00,6.31,8.03
SCOTLAND,2025-04-06 22:00:00,7.36,5.44
SCOTLAND,2025-04-06 22:30:00,10.78,3.01
SCOTLAND,2025-04-06 23:00:00,6.84,5.68
SCOTLAND,2025-04-06 23:30:00,10.34,1.54
SCOTLAND,2025-04-07 00:00:00,3.34,4.66
SCOTLAND,2025-04-07 00:30:00,7.36,4.66
SCOTLAND,2025-04-07 01:00:00,2.76,4.26
SCOTLAND,2025-04-07 01:30:00,6.79,3.3
SCOTLAND,2025-04-07 02:00:00,6.59,5.66
SCOTLAND,2025-04-07 02:30:00,5.7,4.45
SCOTLAND,2025-04-07 03:00:00,5.63,1.08
SCOTLAND,2025-04-07 03:30:00,4.89,2.87
SCOTLAND,2025-04-07 04:00:00,2.81,1.96
SCOTLAND,2025-04-07 04:30:00,3.06,6.11
SCOTLAND,2025-04-07 05:00:00,2.75,3.26
SCOTLAND,2025-04-07 05:30:00,3.31,2.33
SCOTLAND,2025-04-07 06:00:00,5.2,7.17
SCOTLAND,2025-04-07 06:30:00,2.5,5.06
SCOTLAND,2025-04-07 07:00:00,6.86,4.55
SCOTLAND,2025-04-07 07:30:00,3.22,7.03
SCOTLAND,2025-04-07 08:00:00,2.17,4.97
SCOTLAND,2025-04-07 08:30:00,2.27,4.0
SCOTLAND,2025-04-07 09:00:00,0.99,4.27
SCOTLAND,2025-04-07 09:30:00,3.41,0.92
SCOTLAND,2025-04-07 10:00:00,4.55,3.07
SCOTLAND,2025-04-07 10:30:00,4.0,3.29
SCOTLAND,2025-04-07 11:00:00,7.76,4.02
SCOTLAND,2025-04-07 11:30:00,5.28,4.1
SCOTLAND,2025-04-07 12:00:00,5.13,2.19
SCOTLAND,2025-04-07 12:30:00,6.85,1.97
SCOTLAND,2025-04-07 13:00:00,4.44,0.0
SCOTLAND,2025-04-07 13:30:00,5.19,4.53
SCOTLAND,2025-04-07 14:00:00,6.81,2.35
SCOTLAND,2025-04-07 14:30:00,2.42,6.97
SCOTLAND,2025-04-07 15:00:00,5.12,2.54
SCOTLAND,2025-04-07 15:30:00,8.79,5.53
SCOTLAND,2025-04-07 16:00:00,7.09,5.15
SCOTLAND,2025-04-07 16:30:00,6.7,0.74
SCOTLAND,2025-04-07 17:00:00,7.86,5.93
SCOTLAND,2025-04-07 17:30:00,4.68,5.54
SCOTLAND,2025-04-07 18:00:00,6.85,3.59
SCOTLAND,2025-04-07 18:30:00,6.95,2.68
SCOTLAND,2025-04-07 19:00:00,11.05,0.72
SCOTLAND,2025-04-07 19:30:00,9.15,2.37
SCOTLAND,2025-04-07 20:00:00,10.34,1.45
SCOTLAND,2025-04-07 20:30:00,8.64,3.53
SCOTLAND,2025-04-07 21:00:00,9.05,4.72
SCOTLAND,2025-04-07 21:30:00,5.3,3.07
SCOTLAND,2025-04-07 22:00:00,5.48,5.92
SCOTLAND,2025-04-07 22:30:00,5.1,6.93
SCOTLAND,2025-04-07 23:00:00,6.08,3.12
SCOTLAND,2025-04-07 23:30:00,8.3,5.7
SCOTLAND,2025-04-08 00:00:00,7.5,4.96
SCOTLAND,2025-04-08 00:30:00,4.68,0.0
SCOTLAND,2025-04-08 01:00:00,6.74,4.89
SCOTLAND,2025-04-08 01:30:00,5.31,5.22
SCOTLAND,2025-04-08 02:00:00,7.84,2.33
SCOTLAND,2025-04-08 02:30:00,8.41,6.39
SCOTLAND,2025-04-08 03:00:00,6.04,1.4
SCOTLAND,2025-04-08 03:30:00,1.23,5.96
SCOTLAND,2025-04-08 04:00:00,3.62,8.64
SCOTLAND,2025-04-08 04:30:00,6.93,3.33
SCOTLAND,2025-04-08 05:00:00,4.32,3.11
SCOTLAND,2025-04-08 05:30:00,6.6,6.15
SCOTLAND,2025-04-08 06:00:00,4.71,1.57
SCOTLAND,2025-04-08 06:30:00,4.91,0.0
SCOTLAND,2025-04-08 07:00:00,3.61,0.0
SCOTLAND,2025-04-08 07:30:00,5.21,1.97
SCOTLAND,2025-04-08 08:00:00,5.74,4.02
SCOTLAND,2025-04-08 08:30:00,3.61,8.87
SCOTLAND,2025-04-08 09:00:00,2.32,6.91
SCOTLAND,2025-04-08 09:30:00,7.59,4.95
SCOTLAND,2025-04-08 10:00:00,5.45,5.7
SCOTLAND,2025-04-08 10:30:00,5.3,6.35
SCOTLAND,2025-04-08 11:00:00,3.23,3.82
SCOTLAND,2025-04-08 11:30:00,4.33,5.94
SCOTLAND,2025-04-08 12:00:00,5.25,6.84
SCOTLAND,2025-04-08 12:30:00,7.02,3.31
SCOTLAND,2025-04-08 13:00:00,8.18,2.99
SCOTLAND,2025-04-08 13:30:00,6.14,1.95
SCOTLAND,2025-04-08 14:00:00,3.94,3.51
SCOTLAND,2025-04-08 14:30:00,3.45,1.82
SCOTLAND,2025-04-08 15:00:00,4.88,6.1
SCOTLAND,2025-04-08 15:30:00,4.98,2.56
SCOTLAND,2025-04-08 16:00:00,6.04,4.66
SCOTLAND,2025-04-08 16:30:00,8.24,4.44
SCOTLAND,2025-04-08 17:00:00,7.14,7.35
SCOTLAND,2025-04-08 17:30:00,10.29,0.0
SCOTLAND,2025-04-08 18:00:00,4.97,4.95
SCOTLAND,2025-04-08 18:30:00,8.24,4.13
SCOTLAND,2025-04-08 19:00:00,10.62,1.26
SCOTLAND,2025-04-08 19:30:00,6.71,2.81
SCOTLAND,2025-04-08 20:00:00,9.66,5.89
SCOTLAND,2025-04-08 20:30:00,7.01,5.95
SCOTLAND,2025-04-08 21:00:00,7.64,3.9
SCOTLAND,2025-04-08 21:30:00,10.0,5.91
SCOTLAND,2025-04-08 22:00:00,9.39,5.59
SCOTLAND,2025-04-08 22:30:00,5.87,8.19
SCOTLAND,2025-04-08 23:00:00,5.1,3.42
SCOTLAND,2025-04-08 23:30:00,8.47,5.13
SCOTLAND,2025-04-09 00:00:00,4.04,4.62
SCOTLAND,2025-04-09 00:30:00,6.38,1.93
SCOTLAND,2025-04-09 01:00:00,8.08,8.22
SCOTLAND,2025-04-09 01:30:00,6.14,4.75
SCOTLAND,2025-04-09 02:00:00,1.64,5.57
SCOTLAND,2025-04-09 02:30:00,6.95,2.01
SCOTLAND,2025-04-09 03:00:00,6.26,2.72
SCOTLAND,2025-04-09 03:30:00,8.39,0.0
SCOTLAND,2025-04-09 04:00:00,3.66,0.44
SCOTLAND,2025-04-09 04:30:00,5.78,5.64
SCOTLAND,2025-04-09 05:00:00,4.37,0.58
SCOTLAND,2025-04-09 05:30:00,5.33,1.04
SCOTLAND,2025-04-09 06:00:00,3.17,1.36
SCOTLAND,2025-04-09 06:30:00,3.74,3.96
SCOTLAND,2025-04-09 07:00:00,2.39,3.71
SCOTLAND,2025-04-09 07:30:00,1.01,4.57
SCOTLAND,2025-04-09 08:00:00,4.19,3.34
SCOTLAND,2025-04-09 08:30:00,6.25,0.0
SCOTLAND,2025-04-09 09:00:00,2.34,5.52
SCOTLAND,2025-04-09 09:30:00,5.7,5.04
SCOTLAND,2025-04-09 10:00:00,5.86,1.75
SCOTLAND,2025-04-09 10:30:00,5.86,3.41
SCOTLAND,2025-04-09 11:00:00,4.84,2.23
SCOTLAND,2025-04-09 11:30:00,2.94,7.67
SCOTLAND,2025-04-09 12:00:00,4.54,3.53
SCOTLAND,2025-04-09 12:30:00,6.04,5.87
SCOTLAND,2025-04-09 13:00:00,6.16,3.2
SCOTLAND,2025-04-09 13:30:00,5.23,8.09
SCOTLAND,2025-04-09 14:00:00,6.89,0.0
SCOTLAND,2025-04-09 14:30:00,6.59,5.72
SCOTLAND,2025-04-09 15:00:00,6.52,2.06
SCOTLAND,2025-04-09 15:30:00,6.34,4.37
SCOTLAND,2025-04-09 16:00:00,8.38,4.78
SCOTLAND,2025-04-09 16:30:00,4.86,4.57
SCOTLAND,2025-04-09 17:00:00,7.15,1.23
SCOTLAND,2025-04-09 17:30:00,8.28,3.41
SCOTLAND,2025-04-09 18:00:00,6.75,6.92
SCOTLAND,2025-04-09 18:30:00,8.2,1.63
SCOTLAND,2025-04-09 19:00:00,5.84,2.03
SCOTLAND,2025-04-09 19:30:00,9.22,4.76
SCOTLAND,2025-04-09 20:00:00,8.29,4.21
SCOTLAND,2025-04-09 20:30:00,10.06,2.96
SCOTLAND,2025-04-09 21:00:00,5.99,2.2
SCOTLAND,2025-04-09 21:30:00,8.84,5.14
SCOTLAND,2025-04-09 22:00:00,9.24,4.0
SCOTLAND,2025-04-09 22:30:00,4.51,5.1
SCOTLAND,2025-04-09 23:00:00,7.6,2.93
SCOTLAND,2025-04-09 23:30:00,5.87,7.88
SCOTLAND,2025-04-10 00:00:00,9.53,2.79
SCOTLAND,2025-04-10 00:30:00,6.06,6.54
SCOTLAND,2025-04-10 01:00:00,7.17,1.18
SCOTLAND,2025-04-10 01:30:00,7.72,0.86
SCOTLAND,2025-04-10 02:00:00,6.05,4.35
SCOTLAND,2025-04-10 02:30:00,4.72,3.28
SCOTLAND,2025-04-10 03:00:00,5.81,2.69
SCOTLAND,2025-04-10 03:30:00,6.29,3.24
SCOTLAND,2025-04-10 04:00:00,2.63,0.86
SCOTLAND,2025-04-10 04:30:00,5.61,5.69
SCOTLAND,2025-04-10 05:00:00,7.22,2.6
SCOTLAND,2025-04-10 05:30:00,7.64,1.42
SCOTLAND,2025-04-10 06:00:00,4.88,2.45
SCOTLAND,2025-04-10 06:30:00,1.99,2.52
SCOTLAND,2025-04-10 07:00:00,4.88,3.87
SCOTLAND,2025-04-10 07:30:00,4.08,0.6
SCOTLAND,2025-04-10 08:00:00,5.84,4.24
SCOTLAND,2025-04-10 08:30:00,5.61,8.09
SCOTLAND,2025-04-10 09:00:00,5.05,2.88
SCOTLAND,2025-04-10 09:30:00,5.11,5.0
SCOTLAND,2025-04-10 10:00:00,3.63,6.77
SCOTLAND,2025-04-10 10:30:00,2.81,1.73
SCOTLAND,2025-04-10 11:00:00,5.25,5.29
SCOTLAND,2025-04-10 11:30:00,6.1,0.78
SCOTLAND,2025-04-10 12:00:00,6.74,6.73
SCOTLAND,2025-04-10 12:30:00,5.61,0.0
SCOTLAND,2025-04-10 13:00:00,6.11,3.08
SCOTLAND,2025-04-10 13:30:00,4.23,1.98
SCOTLAND,2025-04-10 14:00:00,7.95,3.65
SCOTLAND,2025-04-10 14:30:00,7.59,2.19
SCOTLAND,2025-04-10 15:00:00,6.19,6.47
SCOTLAND,2025-04-10 15:30:00,7.19,3.01
SCOTLAND,2025-04-10 16:00:00,7.52,5.77
SCOTLAND,2025-04-10 16:30:00,8.71,1.71
SCOTLAND,2025-04-10 17:00:00,9.64,6.34
SCOTLAND,2025-04-10 17:30:00,5.57,2.0
SCOTLAND,2025-04-10 18:00:00,11.46,0.0
SCOTLAND,2025-04-10 18:30:00,7.21,2.07
SCOTLAND,2025-04-10 19:00:00,5.73,2.84
SCOTLAND,2025-04-10 19:30:00,8.7,3.49
SCOTLAND,2025-04-10 20:00:00,9.55,2.42
SCOTLAND,2025-04-10 20:30:00,8.52,2.45
SCOTLAND,2025-04-10 21:00:00,7.49,8.67
SCOTLAND,2025-04-10 21:30:00,9.31,4.26
SCOTLAND,2025-04-10 22:00:00,9.04,5.68
SCOTLAND,2025-04-10 22:30:00,7.0,2.56
SCOTLAND,2025-04-10 23:00:00,10.69,4.28
SCOTLAND,2025-04-10 23:30:00,6.44,4.13
SCOTLAND,2025-04-11 00:00:00,7.0,4.77
SCOTLAND,2025-04-11 00:30:00,8.3,4.41
SCOTLAND,2025-04-11 01:00:00,4.71,4.1
SCOTLAND,2025-04-11 01:30:00,6.43,6.49
SCOTLAND,2025-04-11 02:00:00,4.81,4.02
SCOTLAND,2025-04-11 02:30:00,5.46,1.64
SCOTLAND,2025-04-11 03:00:00,7.37,0.13
SCOTLAND,2025-04-11 03:30:00,6.46,4.27
SCOTLAND,2025-04-11 04:00:00,3.45,2.08
SCOTLAND,2025-04-11 04:30:00,5.32,4.68
SCOTLAND,2025-04-11 05:00:00,3.55,3.7
SCOTLAND,2025-04-11 05:30:00,7.62,2.41
SCOTLAND,2025-04-11 06:00:00,1.69,1.31
SCOTLAND,2025-04-11 06:30:00,4.23,4.17
SCOTLAND,2025-04-11 07:00:00,1.29,5.88
SCOTLAND,2025-04-11 07:30:00,1.23,3.14
SCOTLAND,2025-04-11 08:00:00,4.43,3.46
SCOTLAND,2025-04-11 08:30:00,3.81,3.44
SCOTLAND,2025-04-11 09:00:00,3.32,2.93
SCOTLAND,2025-04-11 09:30:00,3.44,5.32
SCOTLAND,2025-04-11 10:00:00,3.59,4.02
SCOTLAND,2025-04-11 10:30:00,5.39,0.0
SCOTLAND,2025-04-11 11:00:00,-0.55,3.87
SCOTLAND,2025-04-11 11:30:00,4.0,6.05
SCOTLAND,2025-04-11 12:00:00,-0.4,0.01
SCOTLAND,2025-04-11 12:30:00,2.89,5.28
SCOTLAND,2025-04-11 13:00:00,5.69,6.79
SCOTLAND,2025-04-11 13:30:00,7.17,2.89
SCOTLAND,2025-04-11 14:00:00,4.55,3.43
SCOTLAND,2025-04-11 14:30:00,5.96,4.52
SCOTLAND,2025-04-11 15:00:00,6.17,2.9
SCOTLAND,2025-04-11 15:30:00,7.32,1.11
SCOTLAND,2025-04-11 16:00:00,7.24,3.54
SCOTLAND,2025-04-11 16:30:00,5.72,4.0
SCOTLAND,2025-04-11 17:00:00,3.81,7.43
SCOTLAND,2025-04-11 17:30:00,6.59,4.0
SCOTLAND,2025-04-11 18:00:00,1.2,0.0
SCOTLAND,2025-04-11 18:30:00,6.33,1.49
SCOTLAND,2025-04-11 19:00:00,8.62,5.39
SCOTLAND,2025-04-11 19:30:00,8.4,6.23
SCOTLAND,2025-04-11 20:00:00,8.38,3.28
SCOTLAND,2025-04-11 20:30:00,9.27,6.04
SCOTLAND,2025-04-11 21:00:00,11.0,1.19
SCOTLAND,2025-04-11 21:30:00,6.21,1.49
SCOTLAND,2025-04-11 22:00:00,8.6,2.49
SCOTLAND,2025-04-11 22:30:00,7.77,0.0
SCOTLAND,2025-04-11 23:00:00,5.08,5.92
SCOTLAND,2025-04-11 23:30:00,5.54,2.43
SCOTLAND,2025-04-12 00:00:00,9.02,3.09
SCOTLAND,2025-04-12 00:30:00,8.63,4.73
SCOTLAND,2025-04-12 01:00:00,8.45,2.55
SCOTLAND,2025-04-12 01:30:00,5.94,5.44
SCOTLAND,2025-04-12 02:00:00,4.84,7.37
SCOTLAND,2025-04-12 02:30:00,6.6,3.84
SCOTLAND,2025-04-12 03:00:00,7.76,2.61
SCOTLAND,2025-04-12 03:30:00,5.77,7.12
SCOTLAND,2025-04-12 04:00:00,6.66,6.9
SCOTLAND,2025-04-12 04:30:00,5.78,0.0
SCOTLAND,2025-04-12 05:00:00,7.15,4.59
SCOTLAND,2025-04-12 05:30:00,1.1,0.06
SCOTLAND,2025-04-12 06:00:00,4.02,5.49
SCOTLAND,2025-04-12 06:30:00,3.6,4.81
SCOTLAND,2025-04-12 07:00:00,5.55,3.62
SCOTLAND,2025-04-12 07:30:00,4.17,7.21
SCOTLAND,2025-04-12 08:00:00,4.8,4.74
SCOTLAND,2025-04-12 08:30:00,5.84,2.64
SCOTLAND,2025-04-12 09:00:00,5.49,4.06
SCOTLAND,2025-04-12 09:30:00,3.1,6.06
SCOTLAND,2025-04-12 10:00:00,2.56,5.79
SCOTLAND,2025-04-12 10:30:00,6.16,4.56
SCOTLAND,2025-04-12 11:00:00,6.66,3.59
SCOTLAND,2025-04-12 11:30:00,9.3,2.75
SCOTLAND,2025-04-12 12:00:00,6.52,10.81
SCOTLAND,2025-04-12 12:30:00,6.17,3.03
SCOTLAND,2025-04-12 13:00:00,4.5,4.5
SCOTLAND,2025-04-12 13:30:00,4.54,0.88
SCOTLAND,2025-04-12 14:00:00,4.24,4.94
SCOTLAND,2025-04-12 14:30:00,2.97,3.76
SCOTLAND,2025-04-12 15:00:00,7.94,2.82
SCOTLAND,2025-04-12 15:30:00,6.22,0.23
SCOTLAND,2025-04-12 16:00:00,8.94,3.1
SCOTLAND,2025-04-12 16:30:00,6.97,5.86
SCOTLAND,2025-04-12 17:00:00,5.14,5.6
SCOTLAND,2025-04-12 17:30:00,7.31,6.92
SCOTLAND,2025-04-12 18:00:00,9.16,1.3
SCOTLAND,2025-04-12 18:30:00,9.02,4.44
SCOTLAND,2025-04-12 19:00:00,6.6,8.17
SCOTLAND,2025-04-12 19:30:00,5.5,5.55
SCOTLAND,2025-04-12 20:00:00,8.8,5.41
SCOTLAND,2025-04-12 20:30:00,8.8,2.37
SCOTLAND,2025-04-12 21:00:00,11.75,3.32
SCOTLAND,2025-04-12 21:30:00,8.29,4.63
SCOTLAND,2025-04-12 22:00:00,8.36,5.35
SCOTLAND,2025-04-12 22:30:00,11.23,5.03
SCOTLAND,2025-04-12 23:00:00,10.27,3.75
SCOTLAND,2025-04-12 23:30:00,9.29,7.51
SCOTLAND,2025-04-13 00:00:00,7.51,3.53
SCOTLAND,2025-04-13 00:30:00,8.94,5.57
SCOTLAND,2025-04-13 01:00:00,4.49,1.24
SCOTLAND,2025-04-13 01:30:00,8.13,5.19
SCOTLAND,2025-04-13 02:00:00,7.52,2.49
SCOTLAND,2025-04-13 02:30:00,4.12,4.84
SCOTLAND,2025-04-13 03:00:00,6.21,5.05
SCOTLAND,2025-04-13 03:30:00,6.81,2.03
SCOTLAND,2025-04-13 04:00:00,6.55,3.16
SCOTLAND,2025-04-13 04:30:00,5.11,2.72
SCOTLAND,2025-04-13 05:00:00,7.47,6.96
SCOTLAND,2025-04-13 05:30:00,1.11,4.06
SCOTLAND,2025-04-13 06:00:00,7.57,5.53
SCOTLAND,2025-04-13 06:30:00,3.59,5.32
SCOTLAND,2025-04-13 07:00:00,3.14,3.14
SCOTLAND,2025-04-13 07:30:00,6.64,2.62
SCOTLAND,2025-04-13 08:00:00,3.53,5.18
SCOTLAND,2025-04-13 08:30:00,3.53,4.55
SCOTLAND,2025-04-13 09:00:00,5.51,1.84
SCOTLAND,2025-04-13 09:30:00,2.29,3.37
SCOTLAND,2025-04-13 10:00:00,3.4,3.79
SCOTLAND,2025-04-13 10:30:00,5.04,3.88
SCOTLAND,2025-04-13 11:00:00,6.89,2.61
SCOTLAND,2025-04-13 11:30:00,3.54,3.07
SCOTLAND,2025-04-13 12:00:00,5.2,0.0
SCOTLAND,2025-04-13 12:30:00,5.15,4.56
SCOTLAND,2025-04-13 13:00:00,5.21,5.54
SCOTLAND,2025-04-13 13:30:00,7.96,1.98
SCOTLAND,2025-04-13 14:00:00,2.44,3.43
SCOTLAND,2025-04-13 14:30:00,3.48,3.0
SCOTLAND,2025-04-13 15:00:00,7.11,5.47
SCOTLAND,2025-04-13 15:30:00,6.51,5.77
SCOTLAND,2025-04-13 16:00:00,5.69,4.95
SCOTLAND,2025-04-13 16:30:00,5.55,2.47
SCOTLAND,2025-04-13 17:00:00,7.25,1.62
SCOTLAND,2025-04-13 17:30:00,5.28,8.92
SCOTLAND,2025-04-13 18:00:00,7.83,3.75
SCOTLAND,2025-04-13 18:30:00,8.46,5.42
SCOTLAND,2025-04-13 19:00:00,7.82,3.44
SCOTLAND,2025-04-13 19:30:00,6.85,0.24
SCOTLAND,2025-04-13 20:00:00,11.43,7.18
SCOTLAND,2025-04-13 20:30:00,10.05,3.8
SCOTLAND,2025-04-13 21:00:00,6.24,0.67
SCOTLAND,2025-04-13 21:30:00,6.6,4.37
SCOTLAND,2025-04-13 22:00:00,5.34,0.46
SCOTLAND,2025-04-13 22:30:00,7.84,5.3
SCOTLAND,2025-04-13 23:00:00,10.66,5.55
SCOTLAND,2025-04-13 23:30:00,7.35,0.0
SCOTLAND,2025-04-14 00:00:00,5.51,5.47
SCOTLAND,2025-04-14 00:30:00,6.5,6.54
SCOTLAND,2025-04-14 01:00:00,4.99,0.73
SCOTLAND,2025-04-14 01:30:00,8.29,6.16
SCOTLAND,2025-04-14 02:00:00,4.48,7.98
SCOTLAND,2025-04-14 02:30:00,5.65,6.11
SCOTLAND,2025-04-14 03:00:00,5.15,1.95
SCOTLAND,2025-04-14 03:30:00,4.61,3.52
SCOTLAND,2025-04-14 04:00:00,3.73,6.55
SCOTLAND,2025-04-14 04:30:00,6.25,6.17
SCOTLAND,2025-04-14 05:00:00,4.68,3.84
SCOTLAND,2025-04-14 05:30:00,4.86,7.08
SCOTLAND,2025-04-14 06:00:00,1.9,3.13
SCOTLAND,2025-04-14 06:30:00,2.83,5.79
SCOTLAND,2025-04-14 07:00:00,4.43,1.65
SCOTLAND,2025-04-14 07:30:00,5.58,0.25
SCOTLAND,2025-04-14 08:00:00,1.66,4.31
SCOTLAND,2025-04-14 08:30:00,4.85,3.98
SCOTLAND,2025-04-14 09:00:00,0.81,0.26
SCOTLAND,2025-04-14 09:30:00,3.68,4.49
SCOTLAND,2025-04-14 10:00:00,6.18,1.64
SCOTLAND,2025-04-14 10:30:00,5.21,5.8
SCOTLAND,2025-04-14 11:00:00,3.31,5.15
SCOTLAND,2025-04-14 11:30:00,6.61,6.06
SCOTLAND,2025-04-14 12:00:00,5.46,4.36
SCOTLAND,2025-04-14 12:30:00,9.2,2.1
SCOTLAND,2025-04-14 13:00:00,8.48,4.58
SCOTLAND,2025-04-14 13:30:00,7.07,3.47
SCOTLAND,2025-04-14 14:00:00,5.09,3.95
SCOTLAND,2025-04-14 14:30:00,8.87,3.94
SCOTLAND,2025-04-14 15:00:00,2.8,6.38
SCOTLAND,2025-04-14 15:30:00,6.43,8.88
SCOTLAND,2025-04-14 16:00:00,6.35,5.8
SCOTLAND,2025-04-14 16:30:00,7.76,4.21
SCOTLAND,2025-04-14 17:00:00,5.85,0.84
SCOTLAND,2025-04-14 17:30:00,5.96,2.28
SCOTLAND,2025-04-14 18:00:00,6.0,4.99
SCOTLAND,2025-04-14 18:30:00,6.54,4.87
SCOTLAND,2025-04-14 19:00:00,11.04,2.67
SCOTLAND,2025-04-14 19:30:00,7.71,5.84
SCOTLAND,2025-04-14 20:00:00,6.87,7.32
SCOTLAND,2025-04-14 20:30:00,4.96,6.59
SCOTLAND,2025-04-14 21:00:00,10.1,1.9
SCOTLAND,2025-04-14 21:30:00,9.36,4.75
SCOTLAND,2025-04-14 22:00:00,4.92,5.65
SCOTLAND,2025-04-14 22:30:00,9.32,3.77
SCOTLAND,2025-04-14 23:00:00,9.13,2.8
SCOTLAND,2025-04-14 23:30:00,9.01,1.18
SOUTH,2025-04-01 00:00:00,16.16,2.69
SOUTH,2025-04-01 00:30:00,13.16,5.65
SOUTH,2025-04-01 01:00:00,13.93,3.88
SOUTH,2025-04-01 01:30:00,12.06,8.01
SOUTH,2025-04-01 02:00:00,10.08,0.37
SOUTH,2025-04-01 02:30:00,14.64,4.41
SOUTH,2025-04-01 03:00:00,9.04,6.32
SOUTH,2025-04-01 03:30:00,12.37,0.0
SOUTH,2025-04-01 04:00:00,11.84,5.5
SOUTH,2025-04-01 04:30:00,10.73,5.99
SOUTH,2025-04-01 05:00:00,9.46,1.64
SOUTH,2025-04-01 05:30:00,10.14,0.04
SOUTH,2025-04-01 06:00:00,8.15,3.33
SOUTH,2025-04-01 06:30:00,8.35,4.8
SOUTH,2025-04-01 07:00:00,9.49,3.85
SOUTH,2025-04-01 07:30:00,8.1,3.84
SOUTH,2025-04-01 08:00:00,8.07,5.38
SOUTH,2025-04-01 08:30:00,5.74,3.08
SOUTH,2025-04-01 09:00:00,7.88,0.88
SOUTH,2025-04-01 09:30:00,9.41,2.69
SOUTH,2025-04-01 10:00:00,11.87,2.97
SOUTH,2025-04-01 10:30:00,5.7,2.75
SOUTH,2025-04-01 11:00:00,8.42,0.0
SOUTH,2025-04-01 11:30:00,8.44,5.96
SOUTH,2025-04-01 12:00:00,8.54,0.0
SOUTH,2025-04-01 12:30:00,11.7,3.38
SOUTH,2025-04-01 13:00:00,13.89,6.24
SOUTH,2025-04-01 13:30:00,11.59,3.02
SOUTH,2025-04-01 14:00:00,8.83,6.46
SOUTH,2025-04-01 14:30:00,12.05,2.92
SOUTH,2025-04-01 15:00:00,9.56,9.36
SOUTH,2025-04-01 15:30:00,12.09,0.0
SOUTH,2025-04-01 16:00:00,8.83,6.08
SOUTH,2025-04-01 16:30:00,14.17,2.23
SOUTH,2025-04-01 17:00:00,12.64,5.51
SOUTH,2025-04-01 17:30:00,11.61,6.13
SOUTH,2025-04-01 18:00:00,14.35,3.59
SOUTH,2025-04-01 18:30:00,10.96,2.27
SOUTH,2025-04-01 19:00:00,12.65,4.29
SOUTH,2025-04-01 19:30:00,11.18,2.21
SOUTH,2025-04-01 20:00:00,12.6,2.4
SOUTH,2025-04-01 20:30:00,14.74,4.49
SOUTH,2025-04-01 21:00:00,13.03,5.27
SOUTH,2025-04-01 21:30:00,13.29,4.27
SOUTH,2025-04-01 22:00:00,14.28,3.79
SOUTH,2025-04-01 22:30:00,14.27,5.23
SOUTH,2025-04-01 23:00:00,13.17,4.36
SOUTH,2025-04-01 23:30:00,9.76,6.38
SOUTH,2025-04-02 00:00:00,10.07,8.04
SOUTH,2025-04-02 00:30:00,11.26,5.43
SOUTH,2025-04-02 01:00:00,14.9,2.82
SOUTH,2025-04-02 01:30:00,10.75,3.02
SOUTH,2025-04-02 02:00:00,9.33,3.23
SOUTH,2025-04-02 02:30:00,6.32,4.11
SOUTH,2025-04-02 03:00:00,14.34,0.58
SOUTH,2025-04-02 03:30:00,8.79,4.3
SOUTH,2025-04-02 04:00:00,6.63,5.13
SOUTH,2025-04-02 04:30:00,6.95,4.23
SOUTH,2025-04-02 05:00:00,11.54,6.04
SOUTH,2025-04-02 05:30:00,8.49,4.31
SOUTH,2025-04-02 06:00:00,7.7,8.04
SOUTH,2025-04-02 06:30:00,10.09,5.94
SOUTH,2025-04-02 07:00:00,8.99,1.33
SOUTH,2025-04-02 07:30:00,9.44,2.36
SOUTH,2025-04-02 08:00:00,9.88,4.2
SOUTH,2025-04-02 08:30:00,7.43,6.98
SOUTH,2025-04-02 09:00:00,7.96,5.01
SOUTH,2025-04-02 09:30:00,13.62,6.9
SOUTH,2025-04-02 10:00:00,10.66,2.1
SOUTH,2025-04-02 10:30:00,7.7,2.39
SOUTH,2025-04-02 11:00:00,8.02,0.95
SOUTH,2025-04-02 11:30:00,11.69,4.21
SOUTH,2025-04-02 12:00:00,10.04,0.43
SOUTH,2025-04-02 12:30:00,11.3,2.61
SOUTH,2025-04-02 13:00:00,9.2,0.0
SOUTH,2025-04-02 13:30:00,12.05,5.97
SOUTH,2025-04-02 14:00:00,12.93,3.97
SOUTH,2025-04-02 14:30:00,9.92,6.31
SOUTH,2025-04-02 15:00:00,7.39,3.71
SOUTH,2025-04-02 15:30:00,12.48,7.63
SOUTH,2025-04-02 16:00:00,12.95,5.61
SOUTH,2025-04-02 16:30:00,12.89,3.55
SOUTH,2025-04-02 17:00:00,15.03,5.06
SOUTH,2025-04-02 17:30:00,15.29,5.08
SOUTH,2025-04-02 18:00:00,14.08,2.82
SOUTH,2025-04-02 18:30:00,11.08,0.33
SOUTH,2025-04-02 19:00:00,11.67,5.89
SOUTH,2025-04-02 19:30:00,12.98,3.5
SOUTH,2025-04-02 20:00:00,15.37,5.06
SOUTH,2025-04-02 20:30:00,11.31,3.75
SOUTH,2025-04-02 21:00:00,13.09,0.02
SOUTH,2025-04-02 21:30:00,13.26,4.5
SOUTH,2025-04-02 22:00:00,13.52,4.45
SOUTH,2025-04-02 22:30:00,11.81,3.0
SOUTH,2025-04-02 23:00:00,14.36,4.5
SOUTH,2025-04-02 23:30:00,12.64,3.38
SOUTH,2025-04-03 00:00:00,10.94,3.46
SOUTH,2025-04-03 00:30:00,14.83,3.85
SOUTH,2025-04-03 01:00:00,10.35,5.93
SOUTH,2025-04-03 01:30:00,11.26,2.99
SOUTH,2025-04-03 02:00:00,10.15,4.63
SOUTH,2025-04-03 02:30:00,10.97,2.82
SOUTH,2025-04-03 03:00:00,9.6,4.01
SOUTH,2025-04-03 03:30:00,10.43,5.5
SOUTH,2025-04-03 04:00:00,13.52,2.05
SOUTH,2025-04-03 04:30:00,8.56,4.57
SOUTH,2025-04-03 05:00:00,8.72,5.15
SOUTH,2025-04-03 05:30:00,13.55,4.28
SOUTH,2025-04-03 06:00:00,7.12,2.44
SOUTH,2025-04-03 06:30:00,8.66,2.39
SOUTH,2025-04-03 07:00:00,10.47,5.45
SOUTH,2025-04-03 07:30:00,10.31,6.13
SOUTH,2025-04-03 08:00:00,8.88,3.56
SOUTH,2025-04-03 08:30:00,8.17,5.55
SOUTH,2025-04-03 09:00:00,11.8,4.53
SOUTH,2025-04-03 09:30:00,10.68,1.87
SOUTH,2025-04-03 10:00:00,10.15,3.72
SOUTH,2025-04-03 10:30:00,6.56,3.4
SOUTH,2025-04-03 11:00:00,12.71,4.99
SOUTH,2025-04-03 11:30:00,9.88,6.3
SOUTH,2025-04-03 12:00:00,12.27,2.57
SOUTH,2025-04-03 12:30:00,9.66,3.42
SOUTH,2025-04-03 13:00:00,10.91,6.8
SOUTH,2025-04-03 13:30:00,11.36,4.28
SOUTH,2025-04-03 14:00:00,13.08,4.61
SOUTH,2025-04-03 14:30:00,12.48,4.83
SOUTH,2025-04-03 15:00:00,13.25,7.41
SOUTH,2025-04-03 15:30:00,9.86,2.33
SOUTH,2025-04-03 16:00:00,12.18,2.76
SOUTH,2025-04-03 16:30:00,11.95,2.87
SOUTH,2025-04-03 17:00:00,13.51,0.0
SOUTH,2025-04-03 17:30:00,14.53,2.63
SOUTH,2025-04-03 18:00:00,14.01,5.62
SOUTH,2025-04-03 18:30:00,13.14,5.59
SOUTH,2025-04-03 19:00:00,10.51,3.27
SOUTH,2025-04-03 19:30:00,12.59,1.34
SOUTH,2025-04-03 20:00:00,12.17,4.73
SOUTH,2025-04-03 20:30:00,11.99,2.98
SOUTH,2025-04-03 21:00:00,12.21,4.31
SOUTH,2025-04-03 21:30:00,10.22,2.67
SOUTH,2025-04-03 22:00:00,11.19,6.97
SOUTH,2025-04-03 22:30:00,12.33,2.22
SOUTH,2025-04-03 23:00:00,10.84,3.25
SOUTH,2025-04-03 23:30:00,15.74,4.45
SOUTH,2025-04-04 00:00:00,11.95,4.67
SOUTH,2025-04-04 00:30:00,10.9,0.66
SOUTH,2025-04-04 01:00:00,11.43,2.11
SOUTH,2025-04-04 01:30:00,13.51,2.18
SOUTH,2025-04-04 02:00:00,9.86,3.8
SOUTH,2025-04-04 02:30:00,11.43,4.36
SOUTH,2025-04-04 03:00:00,14.7,6.43
SOUTH,2025-04-04 03:30:00,8.41,1.74
SOUTH,2025-04-04 04:00:00,11.5,3.84
SOUTH,2025-04-04 04:30:00,9.81,4.81
SOUTH,2025-04-04 05:00:00,8.84,1.76
SOUTH,2025-04-04 05:30:00,10.27,3.53
SOUTH,2025-04-04 06:00:00,10.43,1.35
SOUTH,2025-04-04 06:30:00,10.42,1.3
SOUTH,2025-04-04 07:00:00,8.48,7.71
SOUTH,2025-04-04 07:30:00,7.97,2.75
SOUTH,2025-04-04 08:00:00,8.59,6.18
SOUTH,2025-04-04 08:30:00,10.34,3.73
SOUTH,2025-04-04 09:00:00,10.51,4.85
SOUTH,2025-04-04 09:30:00,9.46,1.57
SOUTH,2025-04-04 10:00:00,6.19,7.02
SOUTH,2025-04-04 10:30:00,8.07,2.12
SOUTH,2025-04-04 11:00:00,6.88,4.69
SOUTH,2025-04-04 11:30:00,10.23,5.15
SOUTH,2025-04-04 12:00:00,12.08,8.37
SOUTH,2025-04-04 12:30:00,8.01,4.21
SOUTH,2025-04-04 13:00:00,12.88,7.58
SOUTH,2025-04-04 13:30:00,15.73,5.72
SOUTH,2025-04-04 14:00:00,13.13,0.25
SOUTH,2025-04-04 14:30:00,14.68,4.44
SOUTH,2025-04-04 15:00:00,11.47,4.25
SOUTH,2025-04-04 15:30:00,11.96,3.6
SOUTH,2025-04-04 16:00:00,7.67,6.95
SOUTH,2025-04-04 16:30:00,10.74,5.7
SOUTH,2025-04-04 17:00:00,14.14,4.83
SOUTH,2025-04-04 17:30:00,12.09,5.43
SOUTH,2025-04-04 18:00:00,13.37,4.7
SOUTH,2025-04-04 18:30:00,12.07,4.51
SOUTH,2025-04-04 19:00:00,13.65,6.6
SOUTH,2025-04-04 19:30:00,12.79,4.14
SOUTH,2025-04-04 20:00:00,12.03,3.98
SOUTH,2025-04-04 20:30:00,9.54,6.3
SOUTH,2025-04-04 21:00:00,11.73,4.07
SOUTH,2025-04-04 21:30:00,13.67,4.53
SOUTH,2025-04-04 22:00:00,12.86,2.84
SOUTH,2025-04-04 22:30:00,10.54,4.14
SOUTH,2025-04-04 23:00:00,12.42,5.52
SOUTH,2025-04-04 23:30:00,10.38,2.64
SOUTH,2025-04-05 00:00:00,10.85,3.74
SOUTH,2025-04-05 00:30:00,13.78,5.03
SOUTH,2025-04-05 01:00:00,7.35,1.78
SOUTH,2025-04-05 01:30:00,10.49,4.14
SOUTH,2025-04-05 02:00:00,12.42,8.45
SOUTH,2025-04-05 02:30:00,10.86,3.59
SOUTH,2025-04-05 03:00:00,9.48,1.82
SOUTH,2025-04-05 03:30:00,12.34,6.94
SOUTH,2025-04-05 04:00:00,11.45,4.67
SOUTH,2025-04-05 04:30:00,9.55,5.69
SOUTH,2025-04-05 05:00:00,7.99,3.7
SOUTH,2025-04-05 05:30:00,12.07,3.1
SOUTH,2025-04-05 06:00:00,9.01,3.94
SOUTH,2025-04-05 06:30:00,5.97,6.4
SOUTH,2025-04-05 07:00:00,11.48,5.1
SOUTH,2025-04-05 07:30:00,6.38,0.0
SOUTH,2025-04-05 08:00:00,10.4,3.68
SOUTH,2025-04-05 08:30:00,9.19,4.13
SOUTH,2025-04-05 09:00:00,9.17,4.19
SOUTH,2025-04-05 09:30:00,5.41,3.24
SOUTH,2025-04-05 10:00:00,5.78,6.89
SOUTH,2025-04-05 10:30:00,10.58,7.56
SOUTH,2025-04-05 11:00:00,8.6,3.36
SOUTH,2025-04-05 11:30:00,9.42,3.27
SOUTH,2025-04-05 12:00:00,11.12,5.52
SOUTH,2025-04-05 12:30:00,8.5,2.1
SOUTH,2025-04-05 13:00:00,8.78,3.09
SOUTH,2025-04-05 13:30:00,10.85,8.89
SOUTH,2025-04-05 14:00:00,10.62,4.3
SOUTH,2025-04-05 14:30:00,11.18,1.43
SOUTH,2025-04-05 15:00:00,10.28,3.48
SOUTH,2025-04-05 15:30:00,11.67,3.57
SOUTH,2025-04-05 16:00:00,12.1,0.69
SOUTH,2025-04-05 16:30:00,13.46,1.84
SOUTH,2025-04-05 17:00:00,11.29,7.0
SOUTH,2025-04-05 17:30:00,15.14,1.82
SOUTH,2025-04-05 18:00:00,16.58,4.6
SOUTH,2025-04-05 18:30:00,14.64,4.04
SOUTH,2025-04-05 19:00:00,11.29,9.26
SOUTH,2025-04-05 19:30:00,10.79,0.87
SOUTH,2025-04-05 20:00:00,14.88,3.65
SOUTH,2025-04-05 20:30:00,12.65,5.16
SOUTH,2025-04-05 21:00:00,14.2,3.38
SOUTH,2025-04-05 21:30:00,12.95,5.69
SOUTH,2025-04-05 22:00:00,12.43,0.0
SOUTH,2025-04-05 22:30:00,10.48,6.63
SOUTH,2025-04-05 23:00:00,12.82,2.15
SOUTH,2025-04-05 23:30:00,12.07,3.02
SOUTH,2025-04-06 00:00:00,15.76,1.49
SOUTH,2025-04-06 00:30:00,17.17,1.41
SOUTH,2025-04-06 01:00:00,11.1,5.02
SOUTH,2025-04-06 01:30:00,11.22,4.07
SOUTH,2025-04-06 02:00:00,12.96,3.01
SOUTH,2025-04-06 02:30:00,9.79,3.02
SOUTH,2025-04-06 03:00:00,10.84,7.89
SOUTH,2025-04-06 03:30:00,10.3,3.88
SOUTH,2025-04-06 04:00:00,10.52,1.47
SOUTH,2025-04-06 04:30:00,9.33,2.54
SOUTH,2025-04-06 05:00:00,13.04,2.3
SOUTH,2025-04-06 05:30:00,10.16,2.53
SOUTH,2025-04-06 06:00:00,11.23,2.67
SOUTH,2025-04-06 06:30:00,8.44,2.95
SOUTH,2025-04-06 07:00:00,8.86,0.23
SOUTH,2025-04-06 07:30:00,9.15,1.32
SOUTH,2025-04-06 08:00:00,8.45,4.31
SOUTH,2025-04-06 08:30:00,9.2,6.41
SOUTH,2025-04-06 09:00:00,8.71,1.28
SOUTH,2025-04-06 09:30:00,10.03,10.42
SOUTH,2025-04-06 10:00:00,9.68,6.73
SOUTH,2025-04-06 10:30:00,7.67,2.81
SOUTH,2025-04-06 11:00:00,10.97,3.94
SOUTH,2025-04-06 11:30:00,10.07,5.5
SOUTH,2025-04-06 12:00:00,9.37,6.52
SOUTH,2025-04-06 12:30:00,11.52,3.4
SOUTH,2025-04-06 13:00:00,10.89,3.1
SOUTH,2025-04-06 13:30:00,13.12,3.39
SOUTH,2025-04-06 14:00:00,9.97,6.41
SOUTH,2025-04-06 14:30:00,9.56,2.9
SOUTH,2025-04-06 15:00:00,8.59,7.17
SOUTH,2025-04-06 15:30:00,8.37,5.23
SOUTH,2025-04-06 16:00:00,11.32,3.63
SOUTH,2025-04-06 16:30:00,14.35,7.86
SOUTH,2025-04-06 17:00:00,8.97,5.57
SOUTH,2025-04-06 17:30:00,11.71,7.16
SOUTH,2025-04-06 18:00:00,13.74,2.67
SOUTH,2025-04-06 18:30:00,14.46,0.17
SOUTH,2025-04-06 19:00:00,15.41,1.79
SOUTH,2025-04-06 19:30:00,10.8,0.65
SOUTH,2025-04-06 20:00:00,9.49,2.65
SOUTH,2025-04-06 20:30:00,14.45,5.84
SOUTH,2025-04-06 21:00:00,15.85,6.09
SOUTH,2025-04-06 21:30:00,13.91,4.81
SOUTH,2025-04-06 22:00:00,10.1,3.73
SOUTH,2025-04-06 22:30:00,13.72,3.12
SOUTH,2025-04-06 23:00:00,12.0,3.92
SOUTH,2025-04-06 23:30:00,11.44,4.14
SOUTH,2025-04-07 00:00:00,11.58,3.28
SOUTH,2025-04-07 00:30:00,11.24,5.51
SOUTH,2025-04-07 01:00:00,10.18,1.5
SOUTH,2025-04-07 01:30:00,11.62,1.32
SOUTH,2025-04-07 02:00:00,11.36,7.5
SOUTH,2025-04-07 02:30:00,8.68,6.01
SOUTH,2025-04-07 03:00:00,8.94,7.28
SOUTH,2025-04-07 03:30:00,11.28,7.84
SOUTH,2025-04-07 04:00:00,3.62,5.88
SOUTH,2025-04-07 04:30:00,11.49,0.02
SOUTH,2025-04-07 05:00:00,7.84,6.27
SOUTH,2025-04-07 05:30:00,6.99,0.0
SOUTH,2025-04-07 06:00:00,8.92,2.93
SOUTH,2025-04-07 06:30:00,9.14,9.63
SOUTH,2025-04-07 07:00:00,9.73,6.0
SOUTH,2025-04-07 07:30:00,10.86,1.87
SOUTH,2025-04-07 08:00:00,9.44,8.37
SOUTH,2025-04-07 08:30:00,10.4,1.59
SOUTH,2025-04-07 09:00:00,10.27,1.45
SOUTH,2025-04-07 09:30:00,10.31,4.75
SOUTH,2025-04-07 10:00:00,8.81,5.06
SOUTH,2025-04-07 10:30:00,9.9,6.14
SOUTH,2025-04-07 11:00:00,12.23,2.81
SOUTH,2025-04-07 11:30:00,10.15,3.69
SOUTH,2025-04-07 12:00:00,11.27,4.46
SOUTH,2025-04-07 12:30:00,11.48,4.72
SOUTH,2025-04-07 13:00:00,11.1,5.2
SOUTH,2025-04-07 13:30:00,11.97,3.98
SOUTH,2025-04-07 14:00:00,9.51,3.79
SOUTH,2025-04-07 14:30:00,13.17,4.68
SOUTH,2025-04-07 15:00:00,10.57,4.3
SOUTH,2025-04-07 15:30:00,12.78,5.2
SOUTH,2025-04-07 16:00:00,11.15,4.95
SOUTH,2025-04-07 16:30:00,12.09,6.39
SOUTH,2025-04-07 17:00:00,11.94,3.19
SOUTH,2025-04-07 17:30:00,12.68,2.41
SOUTH,2025-04-07 18:00:00,13.74,0.0
SOUTH,2025-04-07 18:30:00,13.36,5.26
SOUTH,2025-04-07 19:00:00,11.4,3.14
SOUTH,2025-04-07 19:30:00,12.82,3.26
SOUTH,2025-04-07 20:00:00,14.14,3.03
SOUTH,2025-04-07 20:30:00,12.63,3.27
SOUTH,2025-04-07 21:00:00,10.48,3.09
SOUTH,2025-04-07 21:30:00,11.31,2.36
SOUTH,2025-04-07 22:00:00,13.19,5.03
SOUTH,2025-04-07 22:30:00,12.67,5.52
SOUTH,2025-04-07 23:00:00,10.3,1.38
SOUTH,2025-04-07 23:30:00,10.54,3.14
SOUTH,2025-04-08 00:00:00,12.71,5.38
SOUTH,2025-04-08 00:30:00,11.95,2.93
SOUTH,2025-04-08 01:00:00,11.08,2.74
SOUTH,2025-04-08 01:30:00,11.85,0.0
SOUTH,2025-04-08 02:00:00,13.25,4.87
SOUTH,2025-04-08 02:30:00,9.81,1.64
SOUTH,2025-04-08 03:00:00,12.28,4.25
SOUTH,2025-04-08 03:30:00,10.3,2.38
SOUTH,2025-04-08 04:00:00,6.35,3.14
SOUTH,2025-04-08 04:30:00,9.7,2.29
SOUTH,2025-04-08 05:00:00,10.37,3.23
SOUTH,2025-04-08 05:30:00,8.71,0.4
SOUTH,2025-04-08 06:00:00,8.49,4.42
SOUTH,2025-04-08 06:30:00,9.24,4.58
SOUTH,2025-04-08 07:00:00,7.91,3.77
SOUTH,2025-04-08 07:30:00,8.31,4.03
SOUTH,2025-04-08 08:00:00,10.64,3.34
SOUTH,2025-04-08 08:30:00,7.78,5.08
SOUTH,2025-04-08 09:00:00,8.8,8.15
SOUTH,2025-04-08 09:30:00,8.39,2.38
SOUTH,2025-04-08 10:00:00,13.13,1.83
SOUTH,2025-04-08 10:30:00,8.77,6.65
SOUTH,2025-04-08 11:00:00,7.0,0.6
SOUTH,2025-04-08 11:30:00,8.36,4.35
SOUTH,2025-04-08 12:00:00,5.8,3.49
SOUTH,2025-04-08 12:30:00,9.34,3.89
SOUTH,2025-04-08 13:00:00,11.41,5.06
SOUTH,2025-04-08 13:30:00,12.08,4.95
SOUTH,2025-04-08 14:00:00,9.3,4.6
SOUTH,2025-04-08 14:30:00,9.94,3.01
SOUTH,2025-04-08 15:00:00,8.11,2.2
SOUTH,2025-04-08 15:30:00,11.02,5.2
SOUTH,2025-04-08 16:00:00,8.96,6.74
SOUTH,2025-04-08 16:30:00,12.21,4.71
SOUTH,2025-04-08 17:00:00,13.62,1.12
SOUTH,2025-04-08 17:30:00,11.67,2.38
SOUTH,2025-04-08 18:00:00,13.8,3.65
SOUTH,2025-04-08 18:30:00,13.15,6.58
SOUTH,2025-04-08 19:00:00,9.41,3.63
SOUTH,2025-04-08 19:30:00,13.65,6.84
SOUTH,2025-04-08 20:00:00,11.36,2.85
SOUTH,2025-04-08 20:30:00,11.63,2.63
SOUTH,2025-04-08 21:00:00,14.69,4.08
SOUTH,2025-04-08 21:30:00,12.1,4.73
SOUTH,2025-04-08 22:00:00,12.35,3.89
SOUTH,2025-04-08 22:30:00,12.83,1.7
SOUTH,2025-04-08 23:00:00,13.64,3.01
SOUTH,2025-04-08 23:30:00,14.39,7.58
SOUTH,2025-04-09 00:00:00,10.87,4.78
SOUTH,2025-04-09 00:30:00,12.48,3.04
SOUTH,2025-04-09 01:00:00,11.33,3.98
SOUTH,2025-04-09 01:30:00,11.66,4.75
SOUTH,2025-04-09 02:00:00,10.43,3.18
SOUTH,2025-04-09 02:30:00,11.41,2.72
SOUTH,2025-04-09 03:00:00,10.33,5.14
SOUTH,2025-04-09 03:30:00,12.13,5.03
SOUTH,2025-04-09 04:00:00,8.89,2.92
SOUTH,2025-04-09 04:30:00,10.04,6.89
SOUTH,2025-04-09 05:00:00,11.07,4.57
SOUTH,2025-04-09 05:30:00,13.11,6.52
SOUTH,2025-04-09 06:00:00,5.06,6.07
SOUTH,2025-04-09 06:30:00,7.84,2.04
SOUTH,2025-04-09 07:00:00,13.81,2.55
SOUTH,2025-04-09 07:30:00,9.37,3.16
SOUTH,2025-04-09 08:00:00,9.0,1.06
SOUTH,2025-04-09 08:30:00,9.56,0.0
SOUTH,2025-04-09 09:00:00,9.95,6.48
SOUTH,2025-04-09 09:30:00,9.46,3.36
SOUTH,2025-04-09 10:00:00,6.36,3.82
SOUTH,2025-04-09 10:30:00,8.2,4.33
SOUTH,2025-04-09 11:00:00,9.97,4.88
SOUTH,2025-04-09 11:30:00,9.31,1.42
SOUTH,2025-04-09 12:00:00,12.72,10.02
SOUTH,2025-04-09 12:30:00,10.67,3.06
SOUTH,2025-04-09 13:00:00,11.38,0.39
SOUTH,2025-04-09 13:30:00,9.0,4.76
SOUTH,2025-04-09 14:00:00,10.72,2.7
SOUTH,2025-04-09 14:30:00,12.5,1.21
SOUTH,2025-04-09 15:00:00,13.8,3.92
SOUTH,2025-04-09 15:30:00,14.11,4.79
SOUTH,2025-04-09 16:00:00,9.41,5.75
SOUTH,2025-04-09 16:30:00,12.5,4.2
SOUTH,2025-04-09 17:00:00,14.92,5.57
SOUTH,2025-04-09 17:30:00,12.13,1.27
SOUTH,2025-04-09 18:00:00,12.0,7.34
SOUTH,2025-04-09 18:30:00,14.43,4.82
SOUTH,2025-04-09 19:00:00,12.32,5.42
SOUTH,2025-04-09 19:30:00,11.44,6.84
SOUTH,2025-04-09 20:00:00,11.98,7.23
SOUTH,2025-04-09 20:30:00,15.55,7.95
SOUTH,2025-04-09 21:00:00,13.04,7.1
SOUTH,2025-04-09 21:30:00,13.55,4.86
SOUTH,2025-04-09 22:00:00,11.44,2.9
SOUTH,2025-04-09 22:30:00,13.69,3.82
SOUTH,2025-04-09 23:00:00,11.3,6.64
SOUTH,2025-04-09 23:30:00,12.89,4.3
SOUTH,2025-04-10 00:00:00,12.83,2.27
SOUTH,2025-04-10 00:30:00,10.27,8.12
SOUTH,2025-04-10 01:00:00,11.55,2.14
SOUTH,2025-04-10 01:30:00,13.96,4.73
SOUTH,2025-04-10 02:00:00,11.77,6.7
SOUTH,2025-04-10 02:30:00,7.91,2.71
SOUTH,2025-04-10 03:00:00,10.56,3.56
SOUTH,2025-04-10 03:30:00,7.25,4.74
SOUTH,2025-04-10 04:00:00,12.21,3.95
SOUTH,2025-04-10 04:30:00,8.67,6.65
SOUTH,2025-04-10 05:00:00,8.32,4.95
SOUTH,2025-04-10 05:30:00,6.92,9.13
SOUTH,2025-04-10 06:00:00,7.56,5.01
SOUTH,2025-04-10 06:30:00,6.8,4.25
SOUTH,2025-04-10 07:00:00,7.13,0.0
SOUTH,2025-04-10 07:30:00,7.84,7.02
SOUTH,2025-04-10 08:00:00,9.07,4.82
SOUTH,2025-04-10 08:30:00,8.21,3.9
SOUTH,2025-04-10 09:00:00,8.82,3.24
SOUTH,2025-04-10 09:30:00,8.3,1.47
SOUTH,2025-04-10 10:00:00,10.52,3.42
SOUTH,2025-04-10 10:30:00,8.64,5.46
SOUTH,2025-04-10 11:00:00,7.41,2.32
SOUTH,2025-04-10 11:30:00,11.08,5.26
SOUTH,2025-04-10 12:00:00,11.5,5.25
SOUTH,2025-04-10 12:30:00,7.53,3.48
SOUTH,2025-04-10 13:00:00,7.83,4.95
SOUTH,2025-04-10 13:30:00,12.06,4.07
SOUTH,2025-04-10 14:00:00,8.97,6.4
SOUTH,2025-04-10 14:30:00,10.99,2.49
SOUTH,2025-04-10 15:00:00,10.2,6.08
SOUTH,2025-04-10 15:30:00,10.0,4.23
SOUTH,2025-04-10 16:00:00,13.74,5.25
SOUTH,2025-04-10 16:30:00,14.38,2.41
SOUTH,2025-04-10 17:00:00,12.85,6.34
SOUTH,2025-04-10 17:30:00,14.94,2.65
SOUTH,2025-04-10 18:00:00,14.07,5.03
SOUTH,2025-04-10 18:30:00,11.94,3.1
SOUTH,2025-04-10 19:00:00,11.56,5.2
SOUTH,2025-04-10 19:30:00,10.41,4.02
SOUTH,2025-04-10 20:00:00,11.03,4.94
SOUTH,2025-04-10 20:30:00,14.53,4.29
SOUTH,2025-04-10 21:00:00,12.16,0.82
SOUTH,2025-04-10 21:30:00,15.38,2.33
SOUTH,2025-04-10 22:00:00,12.96,2.79
SOUTH,2025-04-10 22:30:00,12.22,4.42
SOUTH,2025-04-10 23:00:00,12.97,1.3
SOUTH,2025-04-10 23:30:00,16.29,5.46
SOUTH,2025-04-11 00:00:00,13.22,4.41
SOUTH,2025-04-11 00:30:00,9.08,3.45
SOUTH,2025-04-11 01:00:00,9.91,8.57
SOUTH,2025-04-11 01:30:00,13.41,1.71
SOUTH,2025-04-11 02:00:00,10.86,1.81
SOUTH,2025-04-11 02:30:00,12.04,3.52
SOUTH,2025-04-11 03:00:00,11.61,4.05
SOUTH,2025-04-11 03:30:00,14.24,4.33
SOUTH,2025-04-11 04:00:00,11.63,3.31
SOUTH,2025-04-11 04:30:00,7.89,5.27
SOUTH,2025-04-11 05:00:00,7.82,4.11
SOUTH,2025-04-11 05:30:00,8.97,5.47
SOUTH,2025-04-11 06:00:00,9.89,5.37
SOUTH,2025-04-11 06:30:00,7.15,4.29
SOUTH,2025-04-11 07:00:00,7.59,6.73
SOUTH,2025-04-11 07:30:00,6.88,3.35
SOUTH,2025-04-11 08:00:00,5.19,6.89
SOUTH,2025-04-11 08:30:00,9.25,5.43
SOUTH,2025-04-11 09:00:00,7.69,6.05
SOUTH,2025-04-11 09:30:00,12.52,7.7
SOUTH,2025-04-11 10:00:00,6.17,4.05
SOUTH,2025-04-11 10:30:00,10.48,3.49
SOUTH,2025-04-11 11:00:00,9.56,3.66
SOUTH,2025-04-11 11:30:00,7.55,2.82
SOUTH,2025-04-11 12:00:00,11.33,2.52
SOUTH,2025-04-11 12:30:00,11.32,5.29
SOUTH,2025-04-11 13:00:00,7.58,4.4
SOUTH,2025-04-11 13:30:00,11.69,4.84
SOUTH,2025-04-11 14:00:00,13.23,6.27
SOUTH,2025-04-11 14:30:00,10.06,0.93
SOUTH,2025-04-11 15:00:00,9.43,3.01
SOUTH,2025-04-11 15:30:00,16.17,6.2
SOUTH,2025-04-11 16:00:00,12.38,2.85
SOUTH,2025-04-11 16:30:00,13.1,6.49
SOUTH,2025-04-11 17:00:00,9.89,6.91
SOUTH,2025-04-11 17:30:00,13.77,4.46
SOUTH,2025-04-11 18:00:00,11.71,4.3
SOUTH,2025-04-11 18:30:00,12.28,7.67
SOUTH,2025-04-11 19:00:00,8.98,6.22
SOUTH,2025-04-11 19:30:00,14.27,5.16
SOUTH,2025-04-11 20:00:00,14.25,4.44
SOUTH,2025-04-11 20:30:00,13.56,3.51
SOUTH,2025-04-11 21:00:00,13.33,3.68
SOUTH,2025-04-11 21:30:00,13.45,5.3
SOUTH,2025-04-11 22:00:00,14.42,2.2
SOUTH,2025-04-11 22:30:00,14.6,5.21
SOUTH,2025-04-11 23:00:00,11.69,4.13
SOUTH,2025-04-11 23:30:00,10.5,6.4
SOUTH,2025-04-12 00:00:00,9.62,4.75
SOUTH,2025-04-12 00:30:00,10.78,1.72
SOUTH,2025-04-12 01:00:00,12.68,5.71
SOUTH,2025-04-12 01:30:00,11.45,4.07
SOUTH,2025-04-12 02:00:00,10.7,9.09
SOUTH,2025-04-12 02:30:00,7.86,4.13
SOUTH,2025-04-12 03:00:00,11.28,5.54
SOUTH,2025-04-12 03:30:00,12.23,6.13
SOUTH,2025-04-12 04:00:00,6.05,4.82
SOUTH,2025-04-12 04:30:00,9.16,4.76
SOUTH,2025-04-12 05:00:00,10.72,3.47
SOUTH,2025-04-12 05:30:00,7.11,4.15
SOUTH,2025-04-12 06:00:00,9.52,5.02
SOUTH,2025-04-12 06:30:00,9.72,6.18
SOUTH,2025-04-12 07:00:00,8.74,3.45
SOUTH,2025-04-12 07:30:00,7.63,3.62
SOUTH,2025-04-12 08:00:00,10.75,4.48
SOUTH,2025-04-12 08:30:00,8.57,4.13
SOUTH,2025-04-12 09:00:00,6.56,3.99
SOUTH,2025-04-12 09:30:00,9.81,3.58
SOUTH,2025-04-12 10:00:00,8.11,3.95
SOUTH,2025-04-12 10:30:00,6.08,3.79
SOUTH,2025-04-12 11:00:00,8.66,3.42
SOUTH,2025-04-12 11:30:00,14.62,4.34
SOUTH,2025-04-12 12:00:00,9.88,6.39
SOUTH,2025-04-12 12:30:00,11.35,3.53
SOUTH,2025-04-12 13:00:00,9.51,2.84
SOUTH,2025-04-12 13:30:00,12.1,1.38
SOUTH,2025-04-12 14:00:00,7.59,2.6
SOUTH,2025-04-12 14:30:00,8.19,4.98
SOUTH,2025-04-12 15:00:00,12.74,4.68
SOUTH,2025-04-12 15:30:00,10.58,6.52
SOUTH,2025-04-12 16:00:00,12.65,2.05
SOUTH,2025-04-12 16:30:00,11.77,2.28
SOUTH,2025-04-12 17:00:00,14.54,3.73
SOUTH,2025-04-12 17:30:00,11.8,1.09
SOUTH,2025-04-12 18:00:00,12.69,5.63
SOUTH,2025-04-12 18:30:00,13.2,3.98
SOUTH,2025-04-12 19:00:00,14.22,2.59
SOUTH,2025-04-12 19:30:00,14.66,1.01
SOUTH,2025-04-12 20:00:00,13.91,6.69
SOUTH,2025-04-12 20:30:00,14.97,3.9
SOUTH,2025-04-12 21:00:00,13.9,2.72
SOUTH,2025-04-12 21:30:00,12.73,3.78
SOUTH,2025-04-12 22:00:00,12.75,6.44
SOUTH,2025-04-12 22:30:00,10.12,3.9
SOUTH,2025-04-12 23:00:00,12.64,5.57
SOUTH,2025-04-12 23:30:00,16.18,7.69
SOUTH,2025-04-13 00:00:00,12.4,0.0
SOUTH,2025-04-13 00:30:00,16.11,6.92
SOUTH,2025-04-13 01:00:00,8.81,1.18
SOUTH,2025-04-13 01:30:00,12.8,5.3
SOUTH,2025-04-13 02:00:00,10.47,2.89
SOUTH,2025-04-13 02:30:00,8.97,4.82
SOUTH,2025-04-13 03:00:00,10.83,3.63
SOUTH,2025-04-13 03:30:00,9.1,4.18
SOUTH,2025-04-13 04:00:00,10.52,4.47
SOUTH,2025-04-13 04:30:00,7.06,2.31
SOUTH,2025-04-13 05:00:00,11.98,3.98
SOUTH,2025-04-13 05:30:00,10.54,5.21
SOUTH,2025-04-13 06:00:00,7.79,5.19
SOUTH,2025-04-13 06:30:00,9.42,6.59
SOUTH,2025-04-13 07:00:00,8.93,2.18
SOUTH,2025-04-13 07:30:00,9.14,5.34
SOUTH,2025-04-13 08:00:00,13.85,4.08
SOUTH,2025-04-13 08:30:00,7.96,5.11
SOUTH,2025-04-13 09:00:00,6.57,2.52
SOUTH,2025-04-13 09:30:00,8.31,5.09
SOUTH,2025-04-13 10:00:00,9.85,0.0
SOUTH,2025-04-13 10:30:00,11.1,3.61
SOUTH,2025-04-13 11:00:00,9.13,4.86
SOUTH,2025-04-13 11:30:00,7.8,0.95
SOUTH,2025-04-13 12:00:00,7.58,6.58
SOUTH,2025-04-13 12:30:00,8.42,3.78
SOUTH,2025-04-13 13:00:00,9.76,0.87
SOUTH,2025-04-13 13:30:00,10.53,6.2
SOUTH,2025-04-13 14:00:00,14.14,0.01
SOUTH,2025-04-13 14:30:00,10.46,5.51
SOUTH,2025-04-13 15:00:00,6.2,3.49
SOUTH,2025-04-13 15:30:00,13.17,1.58
SOUTH,2025-04-13 16:00:00,11.25,2.17
SOUTH,2025-04-13 16:30:00,12.43,3.01
SOUTH,2025-04-13 17:00:00,10.25,5.62
SOUTH,2025-04-13 17:30:00,11.74,3.02
SOUTH,2025-04-13 18:00:00,13.85,4.28
SOUTH,2025-04-13 18:30:00,11.95,2.58
SOUTH,2025-04-13 19:00:00,12.19,6.64
SOUTH,2025-04-13 19:30:00,14.18,3.17
SOUTH,2025-04-13 20:00:00,10.76,5.65
SOUTH,2025-04-13 20:30:00,15.19,5.94
SOUTH,2025-04-13 21:00:00,12.61,2.23
SOUTH,2025-04-13 21:30:00,15.0,6.74
SOUTH,2025-04-13 22:00:00,11.76,0.96
SOUTH,2025-04-13 22:30:00,12.99,5.46
SOUTH,2025-04-13 23:00:00,14.79,4.27
SOUTH,2025-04-13 23:30:00,8.92,4.07
SOUTH,2025-04-14 00:00:00,10.84,3.82
SOUTH,2025-04-14 00:30:00,10.6,4.32
SOUTH,2025-04-14 01:00:00,11.72,0.0
SOUTH,2025-04-14 01:30:00,14.28,4.1
SOUTH,2025-04-14 02:00:00,12.08,4.61
SOUTH,2025-04-14 02:30:00,13.29,2.57
SOUTH,2025-04-14 03:00:00,7.36,3.29
SOUTH,2025-04-14 03:30:00,13.14,2.43
SOUTH,2025-04-14 04:00:00,10.2,2.35
SOUTH,2025-04-14 04:30:00,8.72,3.89
SOUTH,2025-04-14 05:00:00,8.14,2.58
SOUTH,2025-04-14 05:30:00,10.17,1.79
SOUTH,2025-04-14 06:00:00,10.03,5.06
SOUTH,2025-04-14 06:30:00,10.5,6.33
SOUTH,2025-04-14 07:00:00,9.79,4.69
SOUTH,2025-04-14 07:30:00,7.29,4.05
SOUTH,2025-04-14 08:00:00,9.06,4.72
SOUTH,2025-04-14 08:30:00,6.09,4.22
SOUTH,2025-04-14 09:00:00,7.76,2.27
SOUTH,2025-04-14 09:30:00,10.88,2.31
SOUTH,2025-04-14 10:00:00,7.31,3.82
SOUTH,2025-04-14 10:30:00,11.66,1.68
SOUTH,2025-04-14 11:00:00,9.67,4.18
SOUTH,2025-04-14 11:30:00,9.95,3.75
SOUTH,2025-04-14 12:00:00,10.94,4.32
SOUTH,2025-04-14 12:30:00,9.94,1.62
SOUTH,2025-04-14 13:00:00,9.28,5.65
SOUTH,2025-04-14 13:30:00,9.2,4.52
SOUTH,2025-04-14 14:00:00,12.16,3.33
SOUTH,2025-04-14 14:30:00,10.48,5.02
SOUTH,2025-04-14 15:00:00,10.51,1.24
SOUTH,2025-04-14 15:30:00,11.41,6.78
SOUTH,2025-04-14 16:00:00,10.28,5.1
SOUTH,2025-04-14 16:30:00,13.72,2.76
SOUTH,2025-04-14 17:00:00,11.74,1.41
SOUTH,2025-04-14 17:30:00,12.94,1.17
SOUTH,2025-04-14 18:00:00,11.79,3.09
SOUTH,2025-04-14 18:30:00,12.27,4.62
SOUTH,2025-04-14 19:00:00,14.75,4.21
SOUTH,2025-04-14 19:30:00,14.28,2.14
SOUTH,2025-04-14 20:00:00,12.4,2.07
SOUTH,2025-04-14 20:30:00,11.78,3.77
SOUTH,2025-04-14 21:00:00,12.91,2.02
SOUTH,2025-04-14 21:30:00,11.42,6.62
SOUTH,2025-04-14 22:00:00,13.45,3.31
SOUTH,2025-04-14 22:30:00,11.5,1.34
SOUTH,2025-04-14 23:00:00,16.01,4.69
SOUTH,2025-04-14 23:30:00,12.84,2.38
WALES,2025-04-01 00:00:00,12.17,5.53
WALES,2025-04-01 00:30:00,10.53,5.06
WALES,2025-04-01 01:00:00,8.86,4.69
WALES,2025-04-01 01:30:00,8.13,5.08
WALES,2025-04-01 02:00:00,13.31,4.83
WALES,2025-04-01 02:30:00,9.68,4.64
WALES,2025-04-01 03:00:00,8.82,3.46
WALES,2025-04-01 03:30:00,9.6,2.71
WALES,2025-04-01 04:00:00,10.53,6.0
WALES,2025-04-01 04:30:00,7.98,3.98
WALES,2025-04-01 05:00:00,10.18,6.63
WALES,2025-04-01 05:30:00,8.54,1.38
WALES,2025-04-01 06:00:00,10.42,0.7
WALES,2025-04-01 06:30:00,11.34,1.56
WALES,2025-04-01 07:00:00,10.53,3.54
WALES,2025-04-01 07:30:00,8.59,1.76
WALES,2025-04-01 08:00:00,5.7,2.92
WALES,2025-04-01 08:30:00,6.82,4.75
WALES,2025-04-01 09:00:00,6.67,4.45
WALES,2025-04-01 09:30:00,7.9,4.98
WALES,2025-04-01 10:00:00,6.38,5.15
WALES,2025-04-01 10:30:00,8.85,6.66
WALES,2025-04-01 11:00:00,10.65,2.86
WALES,2025-04-01 11:30:00,6.0,3.54
WALES,2025-04-01 12:00:00,8.44,6.25
WALES,2025-04-01 12:30:00,5.9,3.21
WALES,2025-04-01 13:00:00,7.43,7.43
WALES,2025-04-01 13:30:00,10.03,7.43
WALES,2025-04-01 14:00:00,7.68,3.43
WALES,2025-04-01 14:30:00,9.91,0.72
WALES,2025-04-01 15:00:00,11.54,0.51
WALES,2025-04-01 15:30:00,7.56,3.24
WALES,2025-04-01 16:00:00,7.28,4.11
WALES,2025-04-01 16:30:00,10.08,1.57
WALES,2025-04-01 17:00:00,9.65,2.43
WALES,2025-04-01 17:30:00,10.82,8.82
WALES,2025-04-01 18:00:00,10.49,6.98
WALES,2025-04-01 18:30:00,5.4,0.84
WALES,2025-04-01 19:00:00,12.17,2.23
WALES,2025-04-01 19:30:00,10.42,5.67
WALES,2025-04-01 20:00:00,12.6,1.59
WALES,2025-04-01 20:30:00,14.1,3.56
WALES,2025-04-01 21:00:00,12.03,4.94
WALES,2025-04-01 21:30:00,9.49,2.82
WALES,2025-04-01 22:00:00,12.14,4.28
WALES,2025-04-01 22:30:00,10.13,3.82
WALES,2025-04-01 23:00:00,14.17,6.98
WALES,2025-04-01 23:30:00,11.83,5.89
WALES,2025-04-02 00:00:00,11.42,3.66
WALES,2025-04-02 00:30:00,8.52,2.61
WALES,2025-04-02 01:00:00,12.14,7.11
WALES,2025-04-02 01:30:00,11.36,1.34
WALES,2025-04-02 02:00:00,9.32,7.88
WALES,2025-04-02 02:30:00,10.22,3.51
WALES,2025-04-02 03:00:00,5.72,4.19
WALES,2025-04-02 03:30:00,10.74,4.88
WALES,2025-04-02 04:00:00,10.51,3.49
WALES,2025-04-02 04:30:00,6.32,3.3
WALES,2025-04-02 05:00:00,6.6,3.0
WALES,2025-04-02 05:30:00,7.45,0.96
WALES,2025-04-02 06:00:00,7.15,2.56
WALES,2025-04-02 06:30:00,10.2,2.91
WALES,2025-04-02 07:00:00,10.99,4.69
WALES,2025-04-02 07:30:00,9.14,3.27
WALES,2025-04-02 08:00:00,7.91,3.44
WALES,2025-04-02 08:30:00,5.37,2.77
WALES,2025-04-02 09:00:00,7.28,3.35
WALES,2025-04-02 09:30:00,7.62,4.96
WALES,2025-04-02 10:00:00,6.15,1.58
WALES,2025-04-02 10:30:00,10.06,2.87
WALES,2025-04-02 11:00:00,8.62,7.07
WALES,2025-04-02 11:30:00,6.79,0.0
WALES,2025-04-02 12:00:00,10.84,2.9
WALES,2025-04-02 12:30:00,7.35,4.46
WALES,2025-04-02 13:00:00,7.09,3.76
WALES,2025-04-02 13:30:00,8.9,5.36
WALES,2025-04-02 14:00:00,12.08,3.94
WALES,2025-04-02 14:30:00,9.23,3.98
WALES,2025-04-02 15:00:00,6.75,3.83
WALES,2025-04-02 15:30:00,7.3,4.12
WALES,2025-04-02 16:00:00,8.28,5.04
WALES,2025-04-02 16:30:00,10.3,3.57
WALES,2025-04-02 17:00:00,10.23,1.12
WALES,2025-04-02 17:30:00,8.77,4.66
WALES,2025-04-02 18:00:00,12.43,4.59
WALES,2025-04-02 18:30:00,10.77,3.06
WALES,2025-04-02 19:00:00,14.33,6.18
WALES,2025-04-02 19:30:00,10.66,1.98
WALES,2025-04-02 20:00:00,12.88,0.71
WALES,2025-04-02 20:30:00,14.5,5.38
WALES,2025-04-02 21:00:00,14.68,6.23
WALES,2025-04-02 21:30:00,12.88,2.56
WALES,2025-04-02 22:00:00,9.65,6.36
WALES,2025-04-02 22:30:00,12.74,3.81
WALES,2025-04-02 23:00:00,11.58,3.7
WALES,2025-04-02 23:30:00,12.06,1.86
WALES,2025-04-03 00:00:00,10.57,3.14
WALES,2025-04-03 00:30:00,9.99,6.46
WALES,2025-04-03 01:00:00,8.57,4.76
WALES,2025-04-03 01:30:00,11.22,1.42
WALES,2025-04-03 02:00:00,10.85,0.36
WALES,2025-04-03 02:30:00,13.76,4.31
WALES,2025-04-03 03:00:00,10.55,2.26
WALES,2025-04-03 03:30:00,8.05,2.03
WALES,2025-04-03 04:00:00,5.67,4.63
WALES,2025-04-03 04:30:00,9.14,2.15
WALES,2025-04-03 05:00:00,6.51,3.45
WALES,2025-04-03 05:30:00,4.45,2.17
WALES,2025-04-03 06:00:00,8.89,1.86
WALES,2025-04-03 06:30:00,8.7,4.92
WALES,2025-04-03 07:00:00,8.5,6.0
WALES,2025-04-03 07:30:00,4.16,5.9
WALES,2025-04-03 08:00:00,10.85,3.59
WALES,2025-04-03 08:30:00,9.26,2.63
WALES,2025-04-03 09:00:00,9.46,2.91
WALES,2025-04-03 09:30:00,7.03,0.0
WALES,2025-04-03 10:00:00,11.98,3.8
WALES,2025-04-03 10:30:00,6.65,5.69
WALES,2025-04-03 11:00:00,7.64,0.99
WALES,2025-04-03 11:30:00,10.42,3.47
WALES,2025-04-03 12:00:00,7.84,5.49
WALES,2025-04-03 12:30:00,8.53,3.96
WALES,2025-04-03 13:00:00,7.66,3.63
WALES,2025-04-03 13:30:00,7.24,0.0
WALES,2025-04-03 14:00:00,13.5,0.31
WALES,2025-04-03 14:30:00,9.54,6.52
WALES,2025-04-03 15:00:00,12.37,7.66
WALES,2025-04-03 15:30:00,11.39,4.29
WALES,2025-04-03 16:00:00,9.31,2.86
WALES,2025-04-03 16:30:00,10.14,4.64
WALES,2025-04-03 17:00:00,10.07,4.51
WALES,2025-04-03 17:30:00,12.74,2.21
WALES,2025-04-03 18:00:00,11.25,4.25
WALES,2025-04-03 18:30:00,8.44,3.21
WALES,2025-04-03 19:00:00,12.52,4.73
WALES,2025-04-03 19:30:00,10.5,4.43
WALES,2025-04-03 20:00:00,10.43,0.26
WALES,2025-04-03 20:30:00,8.6,3.84
WALES,2025-04-03 21:00:00,10.45,3.37
WALES,2025-04-03 21:30:00,9.29,2.85
WALES,2025-04-03 22:00:00,10.15,0.01
WALES,2025-04-03 22:30:00,11.27,5.93
WALES,2025-04-03 23:00:00,12.46,4.56
WALES,2025-04-03 23:30:00,11.21,3.16
WALES,2025-04-04 00:00:00,7.48,1.47
WALES,2025-04-04 00:30:00,10.67,1.55
WALES,2025-04-04 01:00:00,8.58,4.3
WALES,2025-04-04 01:30:00,9.25,2.24
WALES,2025-04-04 02:00:00,10.18,3.38
WALES,2025-04-04 02:30:00,8.49,2.45
WALES,2025-04-04 03:00:00,10.74,5.55
WALES,2025-04-04 03:30:00,10.52,5.87
WALES,2025-04-04 04:00:00,7.7,2.67
WALES,2025-04-04 04:30:00,11.78,0.0
WALES,2025-04-04 05:00:00,9.71,3.02
WALES,2025-04-04 05:30:00,8.04,2.8
WALES,2025-04-04 06:00:00,8.27,2.96
WALES,2025-04-04 06:30:00,8.98,6.07
WALES,2025-04-04 07:00:00,7.53,5.4
WALES,2025-04-04 07:30:00,8.25,7.04
WALES,2025-04-04 08:00:00,5.1,3.77
WALES,2025-04-04 08:30:00,7.45,8.65
WALES,2025-04-04 09:00:00,7.55,7.8
WALES,2025-04-04 09:30:00,9.45,1.46
WALES,2025-04-04 10:00:00,6.74,3.56
WALES,2025-04-04 10:30:00,10.12,2.64
WALES,2025-04-04 11:00:00,8.28,7.01
WALES,2025-04-04 11:30:00,9.33,7.42
WALES,2025-04-04 12:00:00,7.75,5.07
WALES,2025-04-04 12:30:00,8.08,6.05
WALES,2025-04-04 13:00:00,10.77,0.0
WALES,2025-04-04 13:30:00,9.0,2.87
WALES,2025-04-04 14:00:00,8.91,5.24
WALES,2025-04-04 14:30:00,10.63,6.78
WALES,2025-04-04 15:00:00,12.89,3.9
WALES,2025-04-04 15:30:00,8.27,5.83
WALES,2025-04-04 16:00:00,9.63,6.72
WALES,2025-04-04 16:30:00,7.6,0.0
WALES,2025-04-04 17:00:00,10.28,3.2
WALES,2025-04-04 17:30:00,14.18,4.16
WALES,2025-04-04 18:00:00,14.5,2.43
WALES,2025-04-04 18:30:00,12.18,4.08
WALES,2025-04-04 19:00:00,11.72,2.23
WALES,2025-04-04 19:30:00,13.67,4.25
WALES,2025-04-04 20:00:00,12.79,3.25
WALES,2025-04-04 20:30:00,10.88,6.7
WALES,2025-04-04 21:00:00,8.75,4.98
WALES,2025-04-04 21:30:00,11.97,3.29
WALES,2025-04-04 22:00:00,11.61,5.93
WALES,2025-04-04 22:30:00,10.04,4.77
WALES,2025-04-04 23:00:00,11.01,7.39
WALES,2025-04-04 23:30:00,12.92,3.04
WALES,2025-04-05 00:00:00,12.32,0.0
WALES,2025-04-05 00:30:00,11.43,5.88
WALES,2025-04-05 01:00:00,12.17,6.17
WALES,2025-04-05 01:30:00,13.57,1.62
WALES,2025-04-05 02:00:00,9.94,5.15
WALES,2025-04-05 02:30:00,10.21,5.08
WALES,2025-04-05 03:00:00,6.79,2.45
WALES,2025-04-05 03:30:00,8.24,5.25
WALES,2025-04-05 04:00:00,9.79,9.56
WALES,2025-04-05 04:30:00,7.34,5.35
WALES,2025-04-05 05:00:00,9.94,5.0
WALES,2025-04-05 05:30:00,9.36,2.3
WALES,2025-04-05 06:00:00,7.37,5.63
WALES,2025-04-05 06:30:00,9.83,3.95
WALES,2025-04-05 07:00:00,10.1,0.6
WALES,2025-04-05 07:30:00,8.87,4.14
WALES,2025-04-05 08:00:00,8.37,0.0
WALES,2025-04-05 08:30:00,6.63,3.86
WALES,2025-04-05 09:00:00,6.82,5.35
WALES,2025-04-05 09:30:00,5.93,6.1
WALES,2025-04-05 10:00:00,8.67,0.0
WALES,2025-04-05 10:30:00,10.61,6.51
WALES,2025-04-05 11:00:00,9.44,6.52
WALES,2025-04-05 11:30:00,7.81,6.1
WALES,2025-04-05 12:00:00,7.89,4.01
WALES,2025-04-05 12:30:00,7.05,6.88
WALES,2025-04-05 13:00:00,9.63,2.71
WALES,2025-04-05 13:30:00,10.17,5.71
WALES,2025-04-05 14:00:00,9.58,3.26
WALES,2025-04-05 14:30:00,9.79,3.24
WALES,2025-04-05 15:00:00,9.04,2.9
WALES,2025-04-05 15:30:00,11.9,4.4
WALES,2025-04-05 16:00:00,13.91,4.99
WALES,2025-04-05 16:30:00,11.27,3.01
WALES,2025-04-05 17:00:00,11.49,6.04
WALES,2025-04-05 17:30:00,13.61,2.42
WALES,2025-04-05 18:00:00,9.55,2.17
WALES,2025-04-05 18:30:00,13.81,5.39
WALES,2025-04-05 19:00:00,11.24,3.83
WALES,2025-04-05 19:30:00,10.78,6.28
WALES,2025-04-05 20:00:00,7.36,4.13
WALES,2025-04-05 20:30:00,11.59,1.22
WALES,2025-04-05 21:00:00,11.69,5.04
WALES,2025-04-05 21:30:00,12.06,6.84
WALES,2025-04-05 22:00:00,14.75,3.58
WALES,2025-04-05 22:30:00,12.85,2.98
WALES,2025-04-05 23:00:00,11.55,3.95
WALES,2025-04-05 23:30:00,11.89,2.78
WALES,2025-04-06 00:00:00,9.39,2.95
WALES,2025-04-06 00:30:00,13.85,1.35
WALES,2025-04-06 01:00:00,11.58,5.2
WALES,2025-04-06 01:30:00,11.55,3.79
WALES,2025-04-06 02:00:00,9.33,3.46
WALES,2025-04-06 02:30:00,9.1,5.39
WALES,2025-04-06 03:00:00,12.45,6.16
WALES,2025-04-06 03:30:00,5.74,2.92
WALES,2025-04-06 04:00:00,7.23,0.79
WALES,2025-04-06 04:30:00,7.25,2.14
WALES,2025-04-06 05:00:00,8.76,6.12
WALES,2025-04-06 05:30:00,8.21,3.6
WALES,2025-04-06 06:00:00,10.91,2.38
WALES,2025-04-06 06:30:00,8.39,6.77
WALES,2025-04-06 07:00:00,9.95,3.24
WALES,2025-04-06 07:30:00,8.06,0.0
WALES,2025-04-06 08:00:00,9.32,7.56
WALES,2025-04-06 08:30:00,4.94,1.43
WALES,2025-04-06 09:00:00,8.82,6.4
WALES,2025-04-06 09:30:00,7.34,4.51
WALES,2025-04-06 10:00:00,7.36,2.74
WALES,2025-04-06 10:30:00,9.98,3.14
WALES,2025-04-06 11:00:00,6.06,2.44
WALES,2025-04-06 11:30:00,5.5,7.66
WALES,2025-04-06 12:00:00,8.53,2.52
WALES,2025-04-06 12:30:00,8.28,4.12
WALES,2025-04-06 13:00:00,9.04,2.2
WALES,2025-04-06 13:30:00,11.09,2.53
WALES,2025-04-06 14:00:00,8.41,5.25
WALES,2025-04-06 14:30:00,9.01,3.53
WALES,2025-04-06 15:00:00,9.93,5.91
WALES,2025-04-06 15:30:00,10.99,4.81
WALES,2025-04-06 16:00:00,11.45,1.47
WALES,2025-04-06 16:30:00,11.25,2.2
WALES,2025-04-06 17:00:00,12.47,2.69
WALES,2025-04-06 17:30:00,9.66,3.12
WALES,2025-04-06 18:00:00,11.5,0.1
WALES,2025-04-06 18:30:00,11.36,4.89
WALES,2025-04-06 19:00:00,9.14,4.59
WALES,2025-04-06 19:30:00,14.06,4.48
WALES,2025-04-06 20:00:00,11.74,3.4
WALES,2025-04-06 20:30:00,9.61,2.11
WALES,2025-04-06 21:00:00,10.27,4.66
WALES,2025-04-06 21:30:00,11.38,4.97
WALES,2025-04-06 22:00:00,8.62,1.98
WALES,2025-04-06 22:30:00,9.64,6.0
WALES,2025-04-06 23:00:00,10.77,4.63
WALES,2025-04-06 23:30:00,9.7,3.87
WALES,2025-04-07 00:00:00,10.41,4.84
WALES,2025-04-07 00:30:00,9.07,2.26
WALES,2025-04-07 01:00:00,7.46,0.75
WALES,2025-04-07 01:30:00,10.47,0.46
WALES,2025-04-07 02:00:00,11.19,2.17
WALES,2025-04-07 02:30:00,10.58,3.61
WALES,2025-04-07 03:00:00,6.7,6.52
WALES,2025-04-07 03:30:00,9.77,2.43
WALES,2025-04-07 04:00:00,7.97,3.41
WALES,2025-04-07 04:30:00,9.05,3.72
WALES,2025-04-07 05:00:00,5.46,2.0
WALES,2025-04-07 05:30:00,3.24,3.87
WALES,2025-04-07 06:00:00,8.75,3.39
WALES,2025-04-07 06:30:00,7.66,5.42
WALES,2025-04-07 07:00:00,11.28,5.79
WALES,2025-04-07 07:30:00,6.5,5.72
WALES,2025-04-07 08:00:00,5.93,0.0
WALES,2025-04-07 08:30:00,8.49,1.11
WALES,2025-04-07 09:00:00,4.97,6.53
WALES,2025-04-07 09:30:00,7.63,1.76
WALES,2025-04-07 10:00:00,11.68,4.13
WALES,2025-04-07 10:30:00,9.2,3.2
WALES,2025-04-07 11:00:00,11.3,3.7
WALES,2025-04-07 11:30:00,11.32,2.99
WALES,2025-04-07 12:00:00,7.97,5.29
WALES,2025-04-07 12:30:00,10.02,5.51
WALES,2025-04-07 13:00:00,10.22,6.04
WALES,2025-04-07 13:30:00,9.41,0.58
WALES,2025-04-07 14:00:00,9.08,6.36
WALES,2025-04-07 14:30:00,7.68,1.81
WALES,2025-04-07 15:00:00,7.51,7.43
WALES,2025-04-07 15:30:00,7.32,2.58
WALES,2025-04-07 16:00:00,7.45,0.7
WALES,2025-04-07 16:30:00,10.51,2.45
WALES,2025-04-07 17:00:00,12.52,3.67
WALES,2025-04-07 17:30:00,12.4,3.94
WALES,2025-04-07 18:00:00,12.09,0.0
WALES,2025-04-07 18:30:00,10.05,0.52
WALES,2025-04-07 19:00:00,15.6,0.98
WALES,2025-04-07 19:30:00,10.51,2.4
WALES,2025-04-07 20:00:00,13.94,2.73
WALES,2025-04-07 20:30:00,17.18,4.52
WALES,2025-04-07 21:00:00,9.95,4.16
WALES,2025-04-07 21:30:00,11.79,3.24
WALES,2025-04-07 22:00:00,9.63,5.49
WALES,2025-04-07 22:30:00,11.03,3.89
WALES,2025-04-07 23:00:00,6.31,1.0
WALES,2025-04-07 23:30:00,10.11,3.89
WALES,2025-04-08 00:00:00,11.88,2.48
WALES,2025-04-08 00:30:00,11.31,2.99
WALES,2025-04-08 01:00:00,8.66,5.97
WALES,2025-04-08 01:30:00,11.9,0.29
WALES,2025-04-08 02:00:00,4.71,4.87
WALES,2025-04-08 02:30:00,13.69,4.8
WALES,2025-04-08 03:00:00,8.17,5.11
WALES,2025-04-08 03:30:00,8.5,2.95
WALES,2025-04-08 04:00:00,6.81,3.38
WALES,2025-04-08 04:30:00,9.2,4.95
WALES,2025-04-08 05:00:00,7.26,1.68
WALES,2025-04-08 05:30:00,6.72,2.02
WALES,2025-04-08 06:00:00,7.85,3.63
WALES,2025-04-08 06:30:00,10.48,3.72
WALES,2025-04-08 07:00:00,9.6,3.18
WALES,2025-04-08 07:30:00,7.19,1.63
WALES,2025-04-08 08:00:00,6.16,5.27
WALES,2025-04-08 08:30:00,6.02,6.74
WALES,2025-04-08 09:00:00,8.83,7.7
WALES,2025-04-08 09:30:00,8.37,5.35
WALES,2025-04-08 10:00:00,6.51,3.54
WALES,2025-04-08 10:30:00,6.16,6.55
WALES,2025-04-08 11:00:00,7.15,4.38
WALES,2025-04-08 11:30:00,6.56,2.59
WALES,2025-04-08 12:00:00,7.09,4.68
WALES,2025-04-08 12:30:00,8.01,2.2
WALES,2025-04-08 13:00:00,10.84,8.71
WALES,2025-04-08 13:30:00,5.56,4.43
WALES,2025-04-08 14:00:00,9.48,5.94
WALES,2025-04-08 14:30:00,7.1,4.95
WALES,2025-04-08 15:00:00,12.41,2.16
WALES,2025-04-08 15:30:00,9.86,4.96
WALES,2025-04-08 16:00:00,12.14,5.31
WALES,2025-04-08 16:30:00,8.74,5.3
WALES,2025-04-08 17:00:00,12.76,2.89
WALES,2025-04-08 17:30:00,11.53,0.58
WALES,2025-04-08 18:00:00,14.55,5.0
WALES,2025-04-08 18:30:00,8.57,6.38
WALES,2025-04-08 19:00:00,12.51,6.49
WALES,2025-04-08 19:30:00,12.35,7.03
WALES,2025-04-08 20:00:00,9.66,5.81
WALES,2025-04-08 20:30:00,12.93,3.89
WALES,2025-04-08 21:00:00,7.95,4.61
WALES,2025-04-08 21:30:00,12.79,1.66
WALES,2025-04-08 22:00:00,11.31,6.12
WALES,2025-04-08 22:30:00,10.42,4.46
WALES,2025-04-08 23:00:00,11.19,8.31
WALES,2025-04-08 23:30:00,9.84,5.26
WALES,2025-04-09 00:00:00,12.49,3.59
WALES,2025-04-09 00:30:00,12.19,5.83
WALES,2025-04-09 01:00:00,7.76,1.38
WALES,2025-04-09 01:30:00,9.11,6.01
WALES,2025-04-09 02:00:00,9.06,2.41
WALES,2025-04-09 02:30:00,8.16,7.63
WALES,2025-04-09 03:00:00,10.4,5.73
WALES,2025-04-09 03:30:00,9.46,5.47
WALES,2025-04-09 04:00:00,5.15,3.32
WALES,2025-04-09 04:30:00,6.16,1.4
WALES,2025-04-09 05:00:00,7.5,3.45
WALES,2025-04-09 05:30:00,6.01,2.73
WALES,2025-04-09 06:00:00,7.24,3.57
WALES,2025-04-09 06:30:00,8.17,2.62
WALES,2025-04-09 07:00:00,8.79,1.51
WALES,2025-04-09 07:30:00,4.97,8.85
WALES,2025-04-09 08:00:00,4.48,3.59
WALES,2025-04-09 08:30:00,7.52,1.95
WALES,2025-04-09 09:00:00,5.22,6.91
WALES,2025-04-09 09:30:00,8.21,6.81
WALES,2025-04-09 10:00:00,7.51,4.63
WALES,2025-04-09 10:30:00,8.61,2.01
WALES,2025-04-09 11:00:00,7.85,4.23
WALES,2025-04-09 11:30:00,9.42,3.31
WALES,2025-04-09 12:00:00,6.27,1.62
WALES,2025-04-09 12:30:00,9.98,4.25
WALES,2025-04-09 13:00:00,8.68,2.12
WALES,2025-04-09 13:30:00,7.91,5.78
WALES,2025-04-09 14:00:00,8.46,8.08
WALES,2025-04-09 14:30:00,12.29,0.1
WALES,2025-04-09 15:00:00,11.0,6.13
WALES,2025-04-09 15:30:00,10.68,6.72
WALES,2025-04-09 16:00:00,10.5,0.69
WALES,2025-04-09 16:30:00,11.8,3.19
WALES,2025-04-09 17:00:00,8.58,2.32
WALES,2025-04-09 17:30:00,9.39,5.09
WALES,2025-04-09 18:00:00,10.96,6.64
WALES,2025-04-09 18:30:00,9.32,5.04
WALES,2025-04-09 19:00:00,9.23,4.9
WALES,2025-04-09 19:30:00,10.42,4.18
WALES,2025-04-09 20:00:00,11.62,4.64
WALES,2025-04-09 20:30:00,13.86,4.6
WALES,2025-04-09 21:00:00,12.7,6.48
WALES,2025-04-09 21:30:00,10.56,2.57
WALES,2025-04-09 22:00:00,11.62,5.69
WALES,2025-04-09 22:30:00,10.34,3.09
WALES,2025-04-09 23:00:00,11.0,5.04
WALES,2025-04-09 23:30:00,8.93,5.86
WALES,2025-04-10 00:00:00,11.7,1.36
WALES,2025-04-10 00:30:00,12.12,1.36
WALES,2025-04-10 01:00:00,6.54,5.93
WALES,2025-04-10 01:30:00,11.37,0.32
WALES,2025-04-10 02:00:00,11.04,4.48
WALES,2025-04-10 02:30:00,6.67,2.89
WALES,2025-04-10 03:00:00,8.41,3.03
WALES,2025-04-10 03:30:00,10.52,4.29
WALES,2025-04-10 04:00:00,8.57,3.73
WALES,2025-04-10 04:30:00,8.86,5.52
WALES,2025-04-10 05:00:00,7.49,4.39
WALES,2025-04-10 05:30:00,7.16,5.59
WALES,2025-04-10 06:00:00,5.59,4.33
WALES,2025-04-10 06:30:00,7.4,5.43
WALES,2025-04-10 07:00:00,7.34,4.44
WALES,2025-04-10 07:30:00,5.37,2.7
WALES,2025-04-10 08:00:00,8.83,0.39
WALES,2025-04-10 08:30:00,6.04,5.81
WALES,2025-04-10 09:00:00,9.32,6.51
WALES,2025-04-10 09:30:00,6.63,5.44
WALES,2025-04-10 10:00:00,6.15,3.11
WALES,2025-04-10 10:30:00,6.27,4.41
WALES,2025-04-10 11:00:00,9.82,2.18
WALES,2025-04-10 11:30:00,9.28,5.39
WALES,2025-04-10 12:00:00,9.13,2.24
WALES,2025-04-10 12:30:00,7.38,3.96
WALES,2025-04-10 13:00:00,11.4,4.5
WALES,2025-04-10 13:30:00,10.89,2.85
WALES,2025-04-10 14:00:00,10.03,2.84
WALES,2025-04-10 14:30:00,8.35,5.89
WALES,2025-04-10 15:00:00,10.88,1.25
WALES,2025-04-10 15:30:00,7.03,1.07
WALES,2025-04-10 16:00:00,9.99,2.75
WALES,2025-04-10 16:30:00,11.7,5.47
WALES,2025-04-10 17:00:00,11.05,0.68
WALES,2025-04-10 17:30:00,8.69,5.37
WALES,2025-04-10 18:00:00,12.6,3.28
WALES,2025-04-10 18:30:00,12.87,3.88
WALES,2025-04-10 19:00:00,10.57,4.97
WALES,2025-04-10 19:30:00,9.21,2.81
WALES,2025-04-10 20:00:00,13.6,3.89
WALES,2025-04-10 20:30:00,10.11,2.51
WALES,2025-04-10 21:00:00,6.65,6.42
WALES,2025-04-10 21:30:00,14.3,5.48
WALES,2025-04-10 22:00:00,16.15,5.14
WALES,2025-04-10 22:30:00,10.36,2.95
WALES,2025-04-10 23:00:00,9.43,8.6
WALES,2025-04-10 23:30:00,9.96,0.0
WALES,2025-04-11 00:00:00,11.83,2.17
WALES,2025-04-11 00:30:00,9.15,2.77
WALES,2025-04-11 01:00:00,11.59,6.18
WALES,2025-04-11 01:30:00,11.92,6.44
WALES,2025-04-11 02:00:00,12.62,3.92
WALES,2025-04-11 02:30:00,7.85,3.37
WALES,2025-04-11 03:00:00,8.3,6.6
WALES,2025-04-11 03:30:00,7.96,2.43
WALES,2025-04-11 04:00:00,11.62,4.05
WALES,2025-04-11 04:30:00,9.85,3.06
WALES,2025-04-11 05:00:00,8.62,5.99
WALES,2025-04-11 05:30:00,10.16,1.78
WALES,2025-04-11 06:00:00,6.79,3.55
WALES,2025-04-11 06:30:00,6.5,5.36
WALES,2025-04-11 07:00:00,11.23,0.67
WALES,2025-04-11 07:30:00,5.25,7.99
WALES,2025-04-11 08:00:00,7.45,5.81
WALES,2025-04-11 08:30:00,2.57,6.22
WALES,2025-04-11 09:00:00,4.51,1.86
WALES,2025-04-11 09:30:00,7.32,7.26
WALES,2025-04-11 10:00:00,8.53,0.33
WALES,2025-04-11 10:30:00,7.09,3.24
WALES,2025-04-11 11:00:00,6.32,1.66
WALES,2025-04-11 11:30:00,9.94,4.36
WALES,2025-04-11 12:00:00,11.17,7.59
WALES,2025-04-11 12:30:00,6.84,4.21
WALES,2025-04-11 13:00:00,6.41,5.53
WALES,2025-04-11 13:30:00,8.18,1.53
WALES,2025-04-11 14:00:00,9.95,0.94
WALES,2025-04-11 14:30:00,6.55,4.58
WALES,2025-04-11 15:00:00,12.05,5.61
WALES,2025-04-11 15:30:00,6.91,4.47
WALES,2025-04-11 16:00:00,12.36,2.23
WALES,2025-04-11 16:30:00,7.21,3.13
WALES,2025-04-11 17:00:00,12.7,2.02
WALES,2025-04-11 17:30:00,8.63,3.34
WALES,2025-04-11 18:00:00,10.31,4.83
WALES,2025-04-11 18:30:00,10.73,4.58
WALES,2025-04-11 19:00:00,7.48,4.76
WALES,2025-04-11 19:30:00,13.08,5.62
WALES,2025-04-11 20:00:00,11.26,6.64
WALES,2025-04-11 20:30:00,11.71,2.82
WALES,2025-04-11 21:00:00,8.84,2.34
WALES,2025-04-11 21:30:00,10.22,2.04
WALES,2025-04-11 22:00:00,13.83,5.18
WALES,2025-04-11 22:30:00,12.91,3.16
WALES,2025-04-11 23:00:00,12.39,6.88
WALES,2025-04-11 23:30:00,12.04,7.91
WALES,2025-04-12 00:00:00,11.91,3.37
WALES,2025-04-12 00:30:00,10.87,7.01
WALES,2025-04-12 01:00:00,10.58,6.92
WALES,2025-04-12 01:30:00,9.98,3.47
WALES,2025-04-12 02:00:00,13.89,1.05
WALES,2025-04-12 02:30:00,6.95,6.43
WALES,2025-04-12 03:00:00,8.41,3.28
WALES,2025-04-12 03:30:00,9.3,4.48
WALES,2025-04-12 04:00:00,10.35,4.05
WALES,2025-04-12 04:30:00,12.15,2.33
WALES,2025-04-12 05:00:00,5.97,1.41
WALES,2025-04-12 05:30:00,9.76,2.05
WALES,2025-04-12 06:00:00,8.5,4.26
WALES,2025-04-12 06:30:00,9.29,5.09
WALES,2025-04-12 07:00:00,10.05,2.77
WALES,2025-04-12 07:30:00,7.96,6.44
WALES,2025-04-12 08:00:00,8.32,3.84
WALES,2025-04-12 08:30:00,11.49,2.0
WALES,2025-04-12 09:00:00,2.9,4.0
WALES,2025-04-12 09:30:00,6.72,5.75
WALES,2025-04-12 10:00:00,5.53,4.62
WALES,2025-04-12 10:30:00,4.29,6.3
WALES,2025-04-12 11:00:00,7.07,0.63
WALES,2025-04-12 11:30:00,6.21,2.52
WALES,2025-04-12 12:00:00,7.95,4.5
WALES,2025-04-12 12:30:00,5.79,0.78
WALES,2025-04-12 13:00:00,7.84,4.44
WALES,2025-04-12 13:30:00,8.72,7.13
WALES,2025-04-12 14:00:00,8.75,4.5
WALES,2025-04-12 14:30:00,10.8,4.57
WALES,2025-04-12 15:00:00,10.82,5.01
WALES,2025-04-12 15:30:00,8.76,0.0
WALES,2025-04-12 16:00:00,10.34,3.86
WALES,2025-04-12 16:30:00,9.53,3.38
WALES,2025-04-12 17:00:00,11.8,1.37
WALES,2025-04-12 17:30:00,9.19,3.82
WALES,2025-04-12 18:00:00,9.7,4.01
WALES,2025-04-12 18:30:00,11.01,2.02
WALES,2025-04-12 19:00:00,14.23,2.86
WALES,2025-04-12 19:30:00,14.35,5.2
WALES,2025-04-12 20:00:00,10.42,2.51
WALES,2025-04-12 20:30:00,12.23,4.66
WALES,2025-04-12 21:00:00,10.41,6.69
WALES,2025-04-12 21:30:00,6.9,4.51
WALES,2025-04-12 22:00:00,12.63,2.43
WALES,2025-04-12 22:30:00,8.88,2.8
WALES,2025-04-12 23:00:00,11.71,2.74
WALES,2025-04-12 23:30:00,10.59,2.9
WALES,2025-04-13 00:00:00,10.08,6.08
WALES,2025-04-13 00:30:00,12.05,3.91
WALES,2025-04-13 01:00:00,10.45,5.06
WALES,2025-04-13 01:30:00,10.03,3.31
WALES,2025-04-13 02:00:00,8.85,2.76
WALES,2025-04-13 02:30:00,8.58,0.32
WALES,2025-04-13 03:00:00,9.34,6.88
WALES,2025-04-13 03:30:00,10.29,4.91
WALES,2025-04-13 04:00:00,12.42,0.0
WALES,2025-04-13 04:30:00,8.35,6.2
WALES,2025-04-13 05:00:00,8.46,5.22
WALES,2025-04-13 05:30:00,4.06,4.7
WALES,2025-04-13 06:00:00,10.22,3.3
WALES,2025-04-13 06:30:00,8.34,3.3
WALES,2025-04-13 07:00:00,10.8,3.08
WALES,2025-04-13 07:30:00,7.13,5.4
WALES,2025-04-13 08:00:00,8.74,4.61
WALES,2025-04-13 08:30:00,8.69,2.75
WALES,2025-04-13 09:00:00,10.27,3.86
WALES,2025-04-13 09:30:00,6.45,5.81
WALES,2025-04-13 10:00:00,6.47,6.07
WALES,2025-04-13 10:30:00,7.59,3.53
WALES,2025-04-13 11:00:00,11.3,5.85
WALES,2025-04-13 11:30:00,9.19,1.5
WALES,2025-04-13 12:00:00,11.39,5.96
WALES,2025-04-13 12:30:00,8.31,2.35
WALES,2025-04-13 13:00:00,8.79,5.93
WALES,2025-04-13 13:30:00,9.3,3.64
WALES,2025-04-13 14:00:00,8.98,3.96
WALES,2025-04-13 14:30:00,7.55,3.65
WALES,2025-04-13 15:00:00,12.61,2.38
WALES,2025-04-13 15:30:00,10.85,2.05
WALES,2025-04-13 16:00:00,13.15,2.37
WALES,2025-04-13 16:30:00,10.46,5.11
WALES,2025-04-13 17:00:00,10.59,4.93
WALES,2025-04-13 17:30:00,9.32,5.81
WALES,2025-04-13 18:00:00,11.47,6.29
WALES,2025-04-13 18:30:00,13.03,7.52
WALES,2025-04-13 19:00:00,14.35,3.16
WALES,2025-04-13 19:30:00,12.21,6.02
WALES,2025-04-13 20:00:00,10.31,6.48
WALES,2025-04-13 20:30:00,14.83,0.01
WALES,2025-04-13 21:00:00,9.29,6.45
WALES,2025-04-13 21:30:00,8.97,5.43
WALES,2025-04-13 22:00:00,14.93,2.23
WALES,2025-04-13 22:30:00,10.51,3.61
WALES,2025-04-13 23:00:00,11.07,6.0
WALES,2025-04-13 23:30:00,10.91,2.77
WALES,2025-04-14 00:00:00,8.66,1.3
WALES,2025-04-14 00:30:00,11.75,3.07
WALES,2025-04-14 01:00:00,11.9,3.83
WALES,2025-04-14 01:30:00,10.2,2.24
WALES,2025-04-14 02:00:00,8.03,5.16
WALES,2025-04-14 02:30:00,9.27,2.36
WALES,2025-04-14 03:00:00,8.05,4.27
WALES,2025-04-14 03:30:00,6.95,3.45
WALES,2025-04-14 04:00:00,9.66,4.16
WALES,2025-04-14 04:30:00,9.98,2.61
WALES,2025-04-14 05:00:00,7.26,4.68
WALES,2025-04-14 05:30:00,6.55,4.96
WALES,2025-04-14 06:00:00,11.43,4.48
WALES,2025-04-14 06:30:00,8.52,5.03
WALES,2025-04-14 07:00:00,6.57,1.68
WALES,2025-04-14 07:30:00,7.08,6.24
WALES,2025-04-14 08:00:00,7.25,3.5
WALES,2025-04-14 08:30:00,6.88,5.67
WALES,2025-04-14 09:00:00,8.06,3.4
WALES,2025-04-14 09:30:00,9.53,3.0
WALES,2025-04-14 10:00:00,6.28,3.36
WALES,2025-04-14 10:30:00,7.59,1.79
WALES,2025-04-14 11:00:00,8.91,5.32
WALES,2025-04-14 11:30:00,8.85,3.71
WALES,2025-04-14 12:00:00,10.76,5.19
WALES,2025-04-14 12:30:00,9.32,2.16
WALES,2025-04-14 13:00:00,7.24,7.83
WALES,2025-04-14 13:30:00,10.73,6.26
WALES,2025-04-14 14:00:00,9.69,4.19
WALES,2025-04-14 14:30:00,9.88,5.3
WALES,2025-04-14 15:00:00,5.56,1.62
WALES,2025-04-14 15:30:00,10.89,2.88
WALES,2025-04-14 16:00:00,11.53,3.32
WALES,2025-04-14 16:30:00,11.23,2.35
WALES,2025-04-14 17:00:00,13.52,1.92
WALES,2025-04-14 17:30:00,14.69,1.75
WALES,2025-04-14 18:00:00,7.76,4.96
WALES,2025-04-14 18:30:00,12.76,0.72
WALES,2025-04-14 19:00:00,9.92,3.47
WALES,2025-04-14 19:30:00,10.58,4.87
WALES,2025-04-14 20:00:00,10.87,1.93
WALES,2025-04-14 20:30:00,13.81,4.01
WALES,2025-04-14 21:00:00,11.73,7.13
WALES,2025-04-14 21:30:00,12.05,2.38
WALES,2025-04-14 22:00:00,10.98,5.68
WALES,2025-04-14 22:30:00,10.97,4.22
WALES,2025-04-14 23:00:00,10.13,3.46
WALES,2025-04-14 23:30:00,12.49,3.72
