timestamp,total_consumption_kwh,settlement_period,is_weekend,is_bank_holiday,temperature_c,wind_speed_mps,cloud_cover_pct,active_customer_count,hour,minute,day_of_week,month,heating_degree,lag_1,lag_48,lag_336,rolling_48_mean
2025-01-01 00:00:00,5127.355,1,False,True,5.746,3.556,62.06,112,0,0,2,1,9.754,,,,
2025-01-01 00:30:00,5173.739,2,False,True,5.824,2.962,62.98,112,0,30,2,1,9.676,5127.355,,,
2025-01-01 01:00:00,5276.196,3,False,True,4.58,5.242,50.58,112,1,0,2,1,10.92,5173.739,,,
2025-01-01 01:30:00,5261.227,4,False,True,5.288,3.746,71.7,112,1,30,2,1,10.212,5276.196,,,
2025-01-01 02:00:00,5311.141,5,False,True,4.118,3.21,61.58,112,2,0,2,1,11.382,5261.227,,,
2025-01-01 02:30:00,5364.132,6,False,True,4.074,4.196,75.92,112,2,30,2,1,11.426,5311.141,,,
2025-01-01 03:00:00,5435.174,7,False,True,3.224,4.032,50.339999999999996,112,3,0,2,1,12.276,5364.132,,,
2025-01-01 03:30:00,5405.349,8,False,True,3.336,3.95,53.64,112,3,30,2,1,12.164,5435.174,,,
2025-01-01 04:00:00,5506.758,9,False,True,3.278,4.236,58.620000000000005,112,4,0,2,1,12.222,5405.349,,,
2025-01-01 04:30:00,5645.353,10,False,True,3.378,2.8340000000000005,53.6,112,4,30,2,1,12.122,5506.758,,,
2025-01-01 05:00:00,5862.276,11,False,True,2.98,4.636,57.0,112,5,0,2,1,12.52,5645.353,,,
2025-01-01 05:30:00,6026.612,12,False,True,3.086,4.34,59.96,112,5,30,2,1,12.414,5862.276,,,
2025-01-01 06:00:00,6499.461,13,False,True,1.9120000000000001,3.8579999999999997,63.65999999999999,112,6,0,2,1,13.588,6026.612,,,
2025-01-01 06:30:00,6708.982,14,False,True,2.692,3.3340000000000005,61.160000000000004,112,6,30,2,1,12.808,6499.461,,,
2025-01-01 07:00:00,7095.569,15,False,True,1.608,5.226000000000001,64.47999999999999,112,7,0,2,1,13.892,6708.982,,,
2025-01-01 07:30:00,7471.512,16,False,True,2.294,3.404,64.88,112,7,30,2,1,13.206,7095.569,,,
2025-01-01 08:00:00,7807.37,17,False,True,1.5859999999999999,5.08,77.46000000000001,112,8,0,2,1,13.914,7471.512,,,
2025-01-01 08:30:00,7954.606,18,False,True,2.3280000000000003,4.882,53.06,112,8,30,2,1,13.172,7807.37,,,
2025-01-01 09:00:00,8107.41,19,False,True,2.786,3.8340000000000005,62.739999999999995,112,9,0,2,1,12.714,7954.606,,,
2025-01-01 09:30:00,8081.978,20,False,True,1.704,3.436,64.96000000000001,112,9,30,2,1,13.796,8107.41,,,
2025-01-01 10:00:00,7798.107,21,False,True,2.07,4.204000000000001,55.760000000000005,112,10,0,2,1,13.43,8081.978,,,
2025-01-01 10:30:00,7476.276,22,False,True,3.6980000000000004,5.486,63.65999999999999,112,10,30,2,1,11.802,7798.107,,,
2025-01-01 11:00:00,7290.745,23,False,True,2.478,6.4879999999999995,58.760000000000005,112,11,0,2,1,13.022,7476.276,,,
2025-01-01 11:30:00,6979.825,24,False,True,2.98,3.364,61.02,112,11,30,2,1,12.52,7290.745,,,
2025-01-01 12:00:00,6648.317,25,False,True,2.718,2.998,51.5,112,12,0,2,1,12.782,6979.825,,,
2025-01-01 12:30:00,6508.213,26,False,True,3.944,2.946,72.58,112,12,30,2,1,11.556000000000001,6648.317,,,
2025-01-01 13:00:00,6533.226,27,False,True,3.34,5.246,73.78,112,13,0,2,1,12.16,6508.213,,,
2025-01-01 13:30:00,6486.755,28,False,True,3.7920000000000003,4.116,52.720000000000006,112,13,30,2,1,11.708,6533.226,,,
2025-01-01 14:00:00,6571.59,29,False,True,5.18,5.398000000000001,51.7,112,14,0,2,1,10.32,6486.755,,,
2025-01-01 14:30:00,6860.333,30,False,True,3.2939999999999996,4.166,67.76,112,14,30,2,1,12.206,6571.59,,,
2025-01-01 15:00:00,6982.207,31,False,True,4.215999999999999,4.774,50.660000000000004,112,15,0,2,1,11.284,6860.333,,,
2025-01-01 15:30:00,7048.214,32,False,True,5.656000000000001,4.012,56.779999999999994,112,15,30,2,1,9.844,6982.207,,,
2025-01-01 16:00:00,7147.711,33,False,True,5.773999999999999,5.072,56.080000000000005,112,16,0,2,1,9.726,7048.214,,,
2025-01-01 16:30:00,7338.018,34,False,True,4.918,4.798,63.44,112,16,30,2,1,10.582,7147.711,,,
2025-01-01 17:00:00,7354.679,35,False,True,5.27,2.346,71.82,112,17,0,2,1,10.23,7338.018,,,
2025-01-01 17:30:00,7280.176,36,False,True,5.542,5.054,55.64,112,17,30,2,1,9.958,7354.679,,,
2025-01-01 18:00:00,7084.409,37,False,True,7.208,5.215999999999999,63.620000000000005,112,18,0,2,1,8.292,7280.176,,,
2025-01-01 18:30:00,6938.969,38,False,True,6.16,3.918,56.6,112,18,30,2,1,9.34,7084.409,,,
2025-01-01 19:00:00,6835.735,39,False,True,5.142,3.8899999999999997,55.1,112,19,0,2,1,10.358,6938.969,,,
2025-01-01 19:30:00,6504.622,40,False,True,6.401999999999999,2.3899999999999997,56.279999999999994,112,19,30,2,1,9.098,6835.735,,,
2025-01-01 20:00:00,6269.951,41,False,True,6.319999999999999,4.544,64.2,112,20,0,2,1,9.18,6504.622,,,
2025-01-01 20:30:00,6088.956,42,False,True,6.07,3.166,61.2,112,20,30,2,1,9.43,6269.951,,,
2025-01-01 21:00:00,5781.251,43,False,True,7.042,4.154,58.620000000000005,112,21,0,2,1,8.458,6088.956,,,
2025-01-01 21:30:00,5666.753,44,False,True,6.622,2.494,48.019999999999996,112,21,30,2,1,8.878,5781.251,,,
2025-01-01 22:00:00,5573.673,45,False,True,5.83,4.598000000000001,70.72,112,22,0,2,1,9.67,5666.753,,,
2025-01-01 22:30:00,5381.895,46,False,True,6.526000000000001,4.0200000000000005,48.3,112,22,30,2,1,8.974,5573.673,,,
2025-01-01 23:00:00,5347.767,47,False,True,5.644,3.8480000000000003,69.9,112,23,0,2,1,9.856,5381.895,,,
2025-01-01 23:30:00,5368.988,48,False,True,5.332,3.696,53.42,112,23,30,2,1,10.168,5347.767,,,
2025-01-02 00:00:00,5237.706,1,False,False,5.11,5.474,52.339999999999996,112,0,0,3,1,10.39,5368.988,5127.355,,6463.949187499999
2025-01-02 00:30:00,5275.299,2,False,False,5.691999999999999,3.63,55.379999999999995,112,0,30,3,1,9.808,5237.706,5173.739,,6466.248166666667
2025-01-02 01:00:00,5292.74,3,False,False,4.838,2.9259999999999997,45.82,112,1,0,3,1,10.661999999999999,5275.299,5276.196,,6468.3640000000005
2025-01-02 01:30:00,5212.098,4,False,False,4.965999999999999,2.2199999999999998,48.7,112,1,30,3,1,10.534,5292.74,5261.227,,6468.708666666666
2025-01-02 02:00:00,5327.296,5,False,False,3.9159999999999995,2.168,71.58,112,2,0,3,1,11.584,5212.098,5311.141,,6467.685145833333
2025-01-02 02:30:00,5295.393,6,False,False,4.779999999999999,3.968,70.47999999999999,112,2,30,3,1,10.72,5327.296,5364.132,,6468.021708333334
2025-01-02 03:00:00,5442.025,7,False,False,4.122,3.618,54.720000000000006,112,3,0,3,1,11.378,5295.393,5435.174,,6466.589645833334
2025-01-02 03:30:00,5443.529,8,False,False,4.0840000000000005,4.756,50.760000000000005,112,3,30,3,1,11.416,5442.025,5405.349,,6466.7323750000005
2025-01-02 04:00:00,5481.419,9,False,False,3.72,6.034000000000001,49.36,112,4,0,3,1,11.78,5443.529,5506.758,,6467.527791666666
2025-01-02 04:30:00,5680.83,10,False,False,3.132,5.534000000000001,70.64,112,4,30,3,1,12.368,5481.419,5645.353,,6466.9998958333335
2025-01-02 05:00:00,5915.62,11,False,False,1.986,2.974,56.48,112,5,0,3,1,13.514,5680.83,5862.276,,6467.7390000000005
2025-01-02 05:30:00,6032.086,12,False,False,2.982,4.348000000000001,68.86,112,5,30,3,1,12.518,5915.62,6026.612,,6468.850333333333
2025-01-02 06:00:00,6450.407,13,False,False,2.128,4.13,50.54,112,6,0,3,1,13.372,6032.086,6499.461,,6468.9643750000005
2025-01-02 06:30:00,6702.029,14,False,False,3.4240000000000004,4.446,61.92,112,6,30,3,1,12.076,6450.407,6708.982,,6467.942416666668
2025-01-02 07:00:00,7062.968,15,False,False,2.88,2.51,62.96,112,7,0,3,1,12.620000000000001,6702.029,7095.569,,6467.7975625
2025-01-02 07:30:00,7449.276,16,False,False,2.3579999999999997,4.144,61.379999999999995,112,7,30,3,1,13.142,7062.968,7471.512,,6467.118374999999
2025-01-02 08:00:00,7710.856,17,False,False,3.3379999999999996,2.77,68.84,112,8,0,3,1,12.162,7449.276,7807.37,,6466.655125
2025-01-02 08:30:00,7962.583,18,False,False,2.4699999999999998,2.456,59.660000000000004,112,8,30,3,1,13.030000000000001,7710.856,7954.606,,6464.644416666666
2025-01-02 09:00:00,8034.149,19,False,False,2.406,3.4159999999999995,62.92,112,9,0,3,1,13.094,7962.583,8107.41,,6464.810604166668
2025-01-02 09:30:00,8024.243,20,False,False,1.6759999999999997,3.964,71.44,112,9,30,3,1,13.824,8034.149,8081.978,,6463.284333333333
2025-01-02 10:00:00,7769.272,21,False,False,2.884,3.2920000000000003,60.419999999999995,112,10,0,3,1,12.616,8024.243,7798.107,,6462.081520833333
2025-01-02 10:30:00,8444.145753819534,22,False,False,2.008,3.8519999999999994,49.94,112,10,30,3,1,13.492,7769.272,7476.276,,6461.480791666668
2025-01-02 11:00:00,7256.678,23,False,False,2.43,5.692,66.14,112,11,0,3,1,13.07,8444.145753819534,7290.745,,6481.64474487124
2025-01-02 11:30:00,6851.213,24,False,False,3.032,4.523999999999999,71.32000000000001,112,11,30,3,1,12.468,7256.678,6979.825,,6480.935015704574
2025-01-02 12:00:00,6640.6539999999995,25,False,False,3.3739999999999997,2.738,57.82000000000001,112,12,0,3,1,12.126000000000001,6851.213,6648.317,,6478.255599037907
2025-01-02 12:30:00,6493.487,26,False,False,3.9539999999999997,5.264,62.839999999999996,112,12,30,3,1,11.546,6640.6539999999995,6508.213,,6478.0959532045745
2025-01-02 13:00:00,6442.958,27,False,False,3.886,2.3,69.92,112,13,0,3,1,11.614,6493.487,6533.226,,6477.789161537906
2025-01-02 13:30:00,6463.774,28,False,False,3.8280000000000003,4.4879999999999995,62.3,112,13,30,3,1,11.672,6442.958,6486.755,,6475.908578204574
2025-01-02 14:00:00,6492.405,29,False,False,5.068,4.172,59.42,112,14,0,3,1,10.432,6463.774,6571.59,,6475.429807371241
2025-01-02 14:30:00,6713.191,30,False,False,4.9159999999999995,3.658,61.67999999999999,112,14,30,3,1,10.584,6492.405,6860.333,,6473.7801198712405
2025-01-02 15:00:00,6942.486,31,False,False,3.71,3.258,60.17999999999999,112,15,0,3,1,11.79,6713.191,6982.207,,6470.714661537907
2025-01-02 15:30:00,7017.617,32,False,False,5.540000000000001,4.774,69.46,112,15,30,3,1,9.959999999999999,6942.486,7048.214,,6469.8871407045735
2025-01-02 16:00:00,7161.826,33,False,False,5.954,4.854,82.42,112,16,0,3,1,9.546,7017.617,7147.711,,6469.249703204575
2025-01-02 16:30:00,7173.861,34,False,False,5.504,4.7,60.7,112,16,30,3,1,9.996,7161.826,7338.018,,6469.543765704574
2025-01-02 17:00:00,7246.943,35,False,False,6.144,5.048,64.34,112,17,0,3,1,9.356,7173.861,7354.679,,6466.123828204573
2025-01-02 17:30:00,7280.143,36,False,False,6.523999999999999,5.4399999999999995,62.92,112,17,30,3,1,8.976,7246.943,7280.176,,6463.879328204574
2025-01-02 18:00:00,7107.379,37,False,False,5.6259999999999994,3.8659999999999997,62.080000000000005,112,18,0,3,1,9.874,7280.143,7084.409,,6463.878640704574
2025-01-02 18:30:00,6970.5199999999995,38,False,False,6.6,3.024,74.26,112,18,30,3,1,8.9,7107.379,6938.969,,6464.357182371241
2025-01-02 19:00:00,6748.325,39,False,False,5.965999999999999,3.9160000000000004,73.3,112,19,0,3,1,9.534,6970.5199999999995,6835.735,,6465.0144948712405
2025-01-02 19:30:00,6498.221,40,False,False,6.886,4.26,63.48,112,19,30,3,1,8.614,6748.325,6504.622,,6463.193453204573
2025-01-02 20:00:00,6288.921,41,False,False,6.14,4.159999999999999,56.48,112,20,0,3,1,9.36,6498.221,6269.951,,6463.060099037907
2025-01-02 20:30:00,6140.822,42,False,False,5.844,5.0280000000000005,60.779999999999994,112,20,30,3,1,9.655999999999999,6288.921,6088.956,,6463.45530737124
2025-01-02 21:00:00,5866.224,43,False,False,6.132,3.7660000000000005,63.54,112,21,0,3,1,9.368,6140.822,5781.251,,6464.535849037907
2025-01-02 21:30:00,5647.357,44,False,False,6.359999999999999,3.418,50.76,112,21,30,3,1,9.14,5866.224,5666.753,,6466.306119871241
2025-01-02 22:00:00,5569.436,45,False,False,6.273999999999999,4.904,59.519999999999996,112,22,0,3,1,9.226,5647.357,5573.673,,6465.9020365379065
2025-01-02 22:30:00,5420.972,46,False,False,6.715999999999999,2.6879999999999997,43.519999999999996,112,22,30,3,1,8.784,5569.436,5381.895,,6465.813765704574
2025-01-02 23:00:00,5471.266,47,False,False,5.358,4.473999999999999,50.0,112,23,0,3,1,10.142,5420.972,5347.767,,6466.62786987124
2025-01-02 23:30:00,5296.217,48,False,False,6.036,3.998,40.28,112,23,30,3,1,9.464,5471.266,5368.988,,6469.200765704573
2025-01-03 00:00:00,5351.393,1,False,False,4.922,5.494,64.66,112,0,0,4,1,10.578,5296.217,5237.706,,6467.684703204573
2025-01-03 00:30:00,5234.947,2,False,False,5.114,3.5520000000000005,73.52000000000001,112,0,30,4,1,10.386,5351.393,5275.299,,6470.053182371241
2025-01-03 01:00:00,5258.976,3,False,False,4.686,5.526,68.92,112,1,0,4,1,10.814,5234.947,5292.74,,6469.212515704574
2025-01-03 01:30:00,5433.601,4,False,False,3.5980000000000003,2.93,60.94,112,1,30,4,1,11.902,5258.976,5212.098,,6468.509099037907
2025-01-03 02:00:00,5252.487,5,False,False,4.7780000000000005,2.392,62.879999999999995,112,2,0,4,1,10.722,5433.601,5327.296,,6473.123744871241
2025-01-03 02:30:00,5334.169,6,False,False,4.406000000000001,4.872,63.58,112,2,30,4,1,11.094,5252.487,5295.393,,6471.565224037907
2025-01-03 03:00:00,5382.491,7,False,False,3.5519999999999996,4.666,57.379999999999995,112,3,0,4,1,11.948,5334.169,5442.025,,6472.373057371241
2025-01-03 03:30:00,5372.59,8,False,False,4.83,4.304,54.879999999999995,112,3,30,4,1,10.67,5382.491,5443.529,,6471.132765704573
2025-01-03 04:00:00,5466.478,9,False,False,4.556,2.856,55.14,112,4,0,4,1,10.943999999999999,5372.59,5481.419,,6469.65486987124
2025-01-03 04:30:00,5618.44,10,False,False,3.3880000000000003,2.8739999999999997,47.94,112,4,30,4,1,12.112,5466.478,5680.83,,6469.343599037908
2025-01-03 05:00:00,5762.491,11,False,False,3.406,2.434,50.739999999999995,112,5,0,4,1,12.094,5618.44,5915.62,,6468.04380737124
2025-01-03 05:30:00,5986.525,12,False,False,3.348,2.818,69.08,112,5,30,4,1,12.152000000000001,5762.491,6032.086,,6464.85361987124
2025-01-03 06:00:00,6387.095,13,False,False,2.758,5.442,50.720000000000006,112,6,0,4,1,12.742,5986.525,6450.407,,6463.90443237124
2025-01-03 06:30:00,6737.047,14,False,False,2.996,4.276,60.04,112,6,30,4,1,12.504,6387.095,6702.029,,6462.58543237124
2025-01-03 07:00:00,7036.135,15,False,False,3.3879999999999995,3.9799999999999995,67.38,112,7,0,4,1,12.112,6737.047,7062.968,,6463.314974037908
2025-01-03 07:30:00,7509.369,16,False,False,1.83,4.9,50.86,112,7,30,4,1,13.67,7036.135,7449.276,,6462.755953204573
2025-01-03 08:00:00,7831.653,17,False,False,2.4520000000000004,3.8,59.839999999999996,112,8,0,4,1,13.048,7509.369,7710.856,,6464.007890704573
2025-01-03 08:30:00,7977.701,18,False,False,2.936,2.374,44.620000000000005,112,8,30,4,1,12.564,7831.653,7962.583,,6466.52449487124
2025-01-03 09:00:00,8033.833,19,False,False,2.286,5.764,71.44,112,9,0,4,1,13.214,7977.701,8034.149,,6466.839453204572
2025-01-03 09:30:00,8053.269,20,False,False,2.442,1.7,56.4,112,9,30,4,1,13.058,8033.833,8024.243,,6466.83286987124
2025-01-03 10:00:00,7983.766,21,False,False,1.584,4.258,51.160000000000004,112,10,0,4,1,13.916,8053.269,7769.272,,6467.437578204573
2025-01-03 10:30:00,7625.353,22,False,False,2.466,3.31,61.779999999999994,112,10,30,4,1,13.033999999999999,7983.766,8444.145753819534,,6471.906203204573
2025-01-03 11:00:00,7326.404,23,False,False,1.666,3.526,63.58,112,11,0,4,1,13.834,7625.353,7256.678,,6454.848020833334
2025-01-03 11:30:00,7026.567,24,False,False,1.9460000000000002,5.18,64.86,112,11,30,4,1,13.554,7326.404,6851.213,,6456.300645833333
2025-01-03 12:00:00,6640.801,25,False,False,3.7039999999999997,5.082,56.32000000000001,112,12,0,4,1,11.796,7026.567,6640.6539999999995,,6459.953854166667
2025-01-03 12:30:00,6593.122,26,False,False,3.242,4.4,50.42,112,12,30,4,1,12.258,6640.801,6493.487,,6459.956916666666
2025-01-03 13:00:00,6472.796,27,False,False,3.0780000000000003,3.6980000000000004,55.760000000000005,112,13,0,4,1,12.422,6593.122,6442.958,,6462.032645833334
2025-01-03 13:30:00,6435.576,28,False,False,3.88,5.086,66.82000000000001,112,13,30,4,1,11.620000000000001,6472.796,6463.774,,6462.654270833333
2025-01-03 14:00:00,6508.681,29,False,False,3.896,3.8920000000000003,75.32000000000001,112,14,0,4,1,11.604,6435.576,6492.405,,6462.0668125
2025-01-03 14:30:00,6756.274,30,False,False,4.529999999999999,4.566,67.82000000000001,112,14,30,4,1,10.97,6508.681,6713.191,,6462.405895833333
2025-01-03 15:00:00,6844.769,31,False,False,5.682,4.418,59.32000000000001,112,15,0,4,1,9.818,6756.274,6942.486,,6463.303458333333
2025-01-03 15:30:00,7070.586,32,False,False,4.762,3.654,86.58,112,15,30,4,1,10.738,6844.769,7017.617,,6461.2676875
2025-01-03 16:00:00,7165.685,33,False,False,5.965999999999999,2.34,72.72,112,16,0,4,1,9.534,7070.586,7161.826,,6462.371208333333
2025-01-03 16:30:00,7269.025,34,False,False,5.5120000000000005,4.268,69.97999999999999,112,16,30,4,1,9.988,7165.685,7173.861,,6462.451604166666
2025-01-03 17:00:00,7303.006,35,False,False,6.08,4.098000000000001,65.58,112,17,0,4,1,9.42,7269.025,7246.943,,6464.4341875
2025-01-03 17:30:00,7299.45,36,False,False,4.952,3.438,55.56,112,17,30,4,1,10.548,7303.006,7280.143,,6465.602166666667
2025-01-03 18:00:00,7054.258,37,False,False,6.7459999999999996,3.8579999999999997,67.97999999999999,112,18,0,4,1,8.754000000000001,7299.45,7107.379,,6466.004395833334
2025-01-03 18:30:00,7013.619,38,False,False,5.884,3.532,49.239999999999995,112,18,30,4,1,9.616,7054.258,6970.5199999999995,,6464.897708333333
2025-01-03 19:00:00,6694.139,39,False,False,6.775999999999999,3.938,68.38,112,19,0,4,1,8.724,7013.619,6748.325,,6465.795604166667
2025-01-03 19:30:00,6574.394,40,False,False,5.82,5.356,43.480000000000004,112,19,30,4,1,9.68,6694.139,6498.221,,6464.666729166667
2025-01-03 20:00:00,6312.04,41,False,False,5.43,4.37,68.53999999999999,112,20,0,4,1,10.07,6574.394,6288.921,,6466.2536666666665
2025-01-03 20:30:00,6102.211,42,False,False,6.386,3.314,75.56,112,20,30,4,1,9.114,6312.04,6140.822,,6466.7353125
2025-01-03 21:00:00,5894.799,43,False,False,6.141,5.458,61.0,112,21,0,4,1,9.359,6102.211,5866.224,,6465.930916666667
2025-01-03 21:30:00,5656.807,44,False,False,6.444,5.436,58.94,112,21,30,4,1,9.056000000000001,5894.799,5647.357,,6466.526229166666
2025-01-03 22:00:00,5500.928,45,False,False,5.601999999999999,3.02,71.04,112,22,0,4,1,9.898,5656.807,5569.436,,6466.723104166667
2025-01-03 22:30:00,5357.646,46,False,False,6.1579999999999995,4.446,59.879999999999995,112,22,30,4,1,9.342,5500.928,5420.972,,6465.295854166667
2025-01-03 23:00:00,5315.159,47,False,False,6.646000000000001,3.2980000000000005,50.839999999999996,112,23,0,4,1,8.854,5357.646,5471.266,,6463.9765625
2025-01-03 23:30:00,5215.477,48,False,False,7.17,5.942,66.28,112,23,30,4,1,8.33,5315.159,5296.217,,6460.7243333333345
2025-01-04 00:00:00,4147.1359999999995,1,True,False,6.246,4.418,68.64,112,0,0,5,1,9.254,5215.477,5351.393,,6459.0422499999995
2025-01-04 00:30:00,4253.14,2,True,False,5.522,5.204,69.56,112,0,30,5,1,9.978,4147.1359999999995,5234.947,,6433.953562499999
2025-01-04 01:00:00,4134.099,3,True,False,5.4799999999999995,3.382,63.1,112,1,0,5,1,10.02,4253.14,5258.976,,6413.49925
2025-01-04 01:30:00,4310.674,4,True,False,4.982,3.2399999999999998,63.46,112,1,30,5,1,10.518,4134.099,5433.601,,6390.0643125
2025-01-04 02:00:00,4339.74,5,True,False,4.196,3.434,65.47999999999999,112,2,0,5,1,11.304,4310.674,5252.487,,6366.669999999999
2025-01-04 02:30:00,4286.384,6,True,False,4.292,5.034000000000001,70.16,112,2,30,5,1,11.208,4339.74,5334.169,,6347.6544375
2025-01-04 03:00:00,4215.773,7,True,False,5.05,4.418,63.25999999999999,112,3,0,5,1,10.45,4286.384,5382.491,,6325.825583333332
2025-01-04 03:30:00,4444.811,8,True,False,3.746,3.402,67.47999999999999,112,3,30,5,1,11.754,4215.773,5372.59,,6301.518958333333
2025-01-04 04:00:00,4530.615,9,True,False,3.6060000000000003,5.1,52.71999999999999,112,4,0,5,1,11.894,4444.811,5466.478,,6282.1902291666665
2025-01-04 04:30:00,4512.243,10,True,False,4.048,4.086,68.4,112,4,30,5,1,11.452,4530.615,5618.44,,6262.693083333333
2025-01-04 05:00:00,4761.047,11,True,False,2.65,6.08,50.5,112,5,0,5,1,12.85,4512.243,5762.491,,6239.6473125
2025-01-04 05:30:00,4880.819,12,True,False,2.9379999999999997,4.71,48.779999999999994,112,5,30,5,1,12.562000000000001,4761.047,5986.525,,6218.783895833333
2025-01-04 06:00:00,5237.198,13,True,False,2.322,6.186,60.160000000000004,112,6,0,5,1,13.178,4880.819,6387.095,,6195.748354166667
2025-01-04 06:30:00,5497.334,14,True,False,2.374,4.674,58.67999999999999,112,6,30,5,1,13.126,5237.198,6737.047,,6171.792166666666
2025-01-04 07:00:00,5653.419,15,True,False,2.8120000000000003,3.4619999999999997,50.62,112,7,0,5,1,12.687999999999999,5497.334,7036.135,,6145.964812499999
2025-01-04 07:30:00,6134.7480000000005,16,True,False,1.7899999999999998,3.2600000000000002,64.47999999999999,112,7,30,5,1,13.71,5653.419,7509.369,,6117.158229166667
2025-01-04 08:00:00,6229.956,17,True,False,3.2700000000000005,4.562,57.67999999999999,112,8,0,5,1,12.23,6134.7480000000005,7831.653,,6088.520291666668
2025-01-04 08:30:00,6541.48,18,True,False,1.828,3.098,55.120000000000005,112,8,30,5,1,13.672,6229.956,7977.701,,6055.151604166666
2025-01-04 09:00:00,6439.786,19,True,False,3.518,4.382,68.96000000000001,112,9,0,5,1,11.982,6541.48,8033.833,,6025.230333333334
2025-01-04 09:30:00,6431.682,20,True,False,3.8120000000000003,3.5119999999999996,56.2,112,9,30,5,1,11.687999999999999,6439.786,8053.269,,5992.021020833333
2025-01-04 10:00:00,6255.069,21,True,False,2.932,3.284,59.64,112,10,0,5,1,12.568,6431.682,7983.766,,5958.237958333334
2025-01-04 10:30:00,6095.97,22,True,False,2.452,4.256,58.85999999999999,112,10,30,5,1,13.048,6255.069,7625.353,,5922.223437500001
2025-01-04 11:00:00,5860.253,23,True,False,2.7039999999999997,3.864,81.25999999999999,112,11,0,5,1,12.796,6095.97,7326.404,,5890.361291666667
2025-01-04 11:30:00,5612.697,24,True,False,3.0140000000000002,3.9799999999999995,56.1,112,11,30,5,1,12.486,5860.253,7026.567,,5859.816479166668
2025-01-04 12:00:00,5448.616,25,True,False,3.2960000000000003,4.314,50.660000000000004,112,12,0,5,1,12.204,5612.697,6640.801,,5830.360854166666
2025-01-04 12:30:00,5305.653,26,True,False,3.0060000000000002,3.6239999999999997,60.92,112,12,30,5,1,12.494,5448.616,6593.122,,5805.523666666667
2025-01-04 13:00:00,5183.018,27,True,False,4.522,5.358,56.239999999999995,112,13,0,5,1,10.978,5305.653,6472.796,,5778.701395833333
2025-01-04 13:30:00,5176.64,28,True,False,5.276,4.4799999999999995,60.52,112,13,30,5,1,10.224,5183.018,6435.576,,5751.831020833334
2025-01-04 14:00:00,5342.794,29,True,False,4.2299999999999995,4.834,61.98,112,14,0,5,1,11.27,5176.64,6508.681,,5725.6031875
2025-01-04 14:30:00,5438.841,30,True,False,4.482,5.236,58.54,112,14,30,5,1,11.018,5342.794,6756.274,,5701.313875000001
2025-01-04 15:00:00,5535.622,31,True,False,4.634,3.5480000000000005,66.66,112,15,0,5,1,10.866,5438.841,6844.769,,5673.867354166666
2025-01-04 15:30:00,5636.065,32,True,False,4.8100000000000005,4.25,67.82000000000001,112,15,30,5,1,10.69,5535.622,7070.586,,5646.593458333334
2025-01-04 16:00:00,5702.919,33,True,False,5.068,3.848,59.8,112,16,0,5,1,10.432,5636.065,7165.685,,5616.707604166667
2025-01-04 16:30:00,5861.007,34,True,False,5.372,4.072,54.98,112,16,30,5,1,10.128,5702.919,7269.025,,5586.2333125000005
2025-01-04 17:00:00,5822.026,35,True,False,5.254,5.284,51.36,112,17,0,5,1,10.246,5861.007,7303.006,,5556.899604166666
2025-01-04 17:30:00,5818.909,36,True,False,5.786,4.774,60.6,112,17,30,5,1,9.714,5822.026,7299.45,,5526.045854166667
2025-01-04 18:00:00,5676.453,37,True,False,6.151999999999999,4.004,60.779999999999994,112,18,0,5,1,9.348,5818.909,7054.258,,5495.201250000001
2025-01-04 18:30:00,5514.534,38,True,False,6.902000000000001,4.55,52.5,112,18,30,5,1,8.597999999999999,5676.453,7013.619,,5466.496979166666
2025-01-04 19:00:00,5394.356,39,True,False,6.148000000000001,4.64,57.48,112,19,0,5,1,9.352,5514.534,6694.139,,5435.266041666667
2025-01-04 19:30:00,5283.914,40,True,False,5.8740000000000006,3.768,55.96,112,19,30,5,1,9.626,5394.356,6574.394,,5408.187229166667
2025-01-04 20:00:00,5098.285,41,True,False,6.12,4.428,75.18,112,20,0,5,1,9.379999999999999,5283.914,6312.04,,5381.302229166667
2025-01-04 20:30:00,4800.318,42,True,False,7.086,4.9079999999999995,66.24,112,20,30,5,1,8.414,5098.285,6102.211,,5356.015666666667
2025-01-04 21:00:00,4686.967,43,True,False,6.5760000000000005,4.936,72.41999999999999,112,21,0,5,1,8.924,4800.318,5894.799,,5328.892895833334
2025-01-04 21:30:00,4622.972,44,True,False,5.85,3.3600000000000003,65.22,112,21,30,5,1,9.65,4686.967,5656.807,,5303.729729166666
2025-01-04 22:00:00,4433.918,45,True,False,5.648000000000001,3.46,45.760000000000005,112,22,0,5,1,9.852,4622.972,5500.928,,5282.1915
2025-01-04 22:30:00,4386.1630000000005,46,True,False,6.478,4.4159999999999995,68.08,112,22,30,5,1,9.022,4433.918,5357.646,,5259.962125
2025-01-04 23:00:00,4328.308,47,True,False,6.0920000000000005,4.008,45.94,112,23,0,5,1,9.408,4386.1630000000005,5315.159,,5239.7228958333335
2025-01-04 23:30:00,4355.026,48,True,False,5.412,2.252,59.260000000000005,112,23,30,5,1,10.088000000000001,4328.308,5215.477,,5219.1635
2025-01-05 00:00:00,4261.338,1,True,False,5.046,2.614,63.779999999999994,112,0,0,6,1,10.454,4355.026,4147.1359999999995,,5201.2374375
2025-01-05 00:30:00,4645.395638078601,2,True,False,5.24,4.324,62.17999999999999,112,0,30,6,1,10.26,4261.338,4253.14,,5203.616645833333
2025-01-05 01:00:00,4251.05,3,True,False,5.178,3.9560000000000004,64.66,112,1,0,6,1,10.322,4645.395638078601,4134.099,,5211.788638293304
2025-01-05 01:30:00,4145.557,4,True,False,5.351000000000001,4.736,69.28,112,1,30,6,1,10.149,4251.05,4310.674,,5214.2251174599705
2025-01-05 02:00:00,4312.043,5,True,False,4.324,2.446,55.220000000000006,112,2,0,6,1,11.176,4145.557,4339.74,,5210.785179959971
2025-01-05 02:30:00,4346.882,6,True,False,4.116,4.601999999999999,51.98,112,2,30,6,1,11.384,4312.043,4286.384,,5210.208159126638
2025-01-05 03:00:00,4435.294,7,True,False,2.8120000000000003,4.184,61.779999999999994,112,3,0,6,1,12.687999999999999,4346.882,4215.773,,5211.468534126638
2025-01-05 03:30:00,4414.454,8,True,False,3.732,3.596,56.660000000000004,112,3,30,6,1,11.768,4435.294,4444.811,,5216.041888293304
2025-01-05 04:00:00,4487.09,9,True,False,3.498,3.102,51.42,112,4,0,6,1,12.001999999999999,4414.454,4530.615,,5215.409450793304
2025-01-05 04:30:00,4534.258,10,True,False,2.778,4.818,65.34,112,4,30,6,1,12.722,4487.09,4512.243,,5214.502679959971
2025-01-05 05:00:00,4746.109,11,True,False,2.23,4.116,69.64,112,5,0,6,1,13.27,4534.258,4761.047,,5214.961325793304
2025-01-05 05:30:00,4873.921,12,True,False,2.9459999999999997,5.098000000000001,59.58,112,5,30,6,1,12.554,4746.109,4880.819,,5214.650117459972
2025-01-05 06:00:00,5213.93,13,True,False,2.488,4.604,53.379999999999995,112,6,0,6,1,13.012,4873.921,5237.198,,5214.506409126638
2025-01-05 06:30:00,5373.569,14,True,False,3.098,2.002,47.3,112,6,30,6,1,12.402000000000001,5213.93,5497.334,,5214.021659126637
2025-01-05 07:00:00,5770.035,15,True,False,2.0,3.886,59.220000000000006,112,7,0,6,1,13.5,5373.569,5653.419,,5211.443221626637
2025-01-05 07:30:00,6017.193,16,True,False,2.3280000000000003,3.314,48.6,112,7,30,6,1,13.172,5770.035,6134.7480000000005,,5213.872721626637
2025-01-05 08:00:00,6274.075,17,True,False,3.162,3.6439999999999997,60.36,112,8,0,6,1,12.338000000000001,6017.193,6229.956,,5211.423659126637
2025-01-05 08:30:00,6327.094,18,True,False,3.0940000000000003,3.414,56.64,112,8,30,6,1,12.405999999999999,6274.075,6541.48,,5212.342804959971
2025-01-05 09:00:00,6471.865,19,True,False,2.2380000000000004,3.342,65.66,112,9,0,6,1,13.262,6327.094,6439.786,,5207.876429959971
2025-01-05 09:30:00,6482.332,20,True,False,2.44,4.0,70.64,112,9,30,6,1,13.06,6471.865,6431.682,,5208.544742459971
2025-01-05 10:00:00,6252.354,21,True,False,2.787,2.914,65.56,112,10,0,6,1,12.713000000000001,6482.332,6255.069,,5209.599950793304
2025-01-05 10:30:00,6061.952,22,True,False,2.818,3.4619999999999997,69.88,112,10,30,6,1,12.682,6252.354,6095.97,,5209.543388293304
2025-01-05 11:00:00,5834.826,23,True,False,3.1919999999999997,2.522,56.42,112,11,0,6,1,12.308,6061.952,5860.253,,5208.83467995997
2025-01-05 11:30:00,5610.845,24,True,False,2.976,2.668,50.86,112,11,30,6,1,12.524000000000001,5834.826,5612.697,,5208.304950793304
2025-01-05 12:00:00,5307.255,25,True,False,4.202,2.7640000000000002,57.839999999999996,112,12,0,6,1,11.298,5610.845,5448.616,,5208.266367459971
2025-01-05 12:30:00,5308.868,26,True,False,3.05,5.184,76.5,112,12,30,6,1,12.45,5307.255,5305.653,,5205.321346626638
2025-01-05 13:00:00,5290.889,27,True,False,3.21,4.63,59.5,112,13,0,6,1,12.29,5308.868,5183.018,,5205.388325793304
2025-01-05 13:30:00,5331.334,28,True,False,2.928,3.2359999999999998,54.08,112,13,30,6,1,12.572,5290.889,5176.64,,5207.6356382933045
2025-01-05 14:00:00,5260.567,29,True,False,4.576,3.09,67.6,112,14,0,6,1,10.924,5331.334,5342.794,,5210.858429959971
2025-01-05 14:30:00,5380.0470000000005,30,True,False,4.642,5.3100000000000005,51.9,112,14,30,6,1,10.858,5260.567,5438.841,,5209.145367459971
2025-01-05 15:00:00,5390.447,31,True,False,6.514,3.2379999999999995,78.1,112,15,0,6,1,8.986,5380.0470000000005,5535.622,,5207.920492459971
2025-01-05 15:30:00,5703.696,32,True,False,4.216,3.348,59.34000000000001,112,15,30,6,1,11.283999999999999,5390.447,5636.065,,5204.896013293304
2025-01-05 16:00:00,5839.635,33,True,False,4.934,3.844,53.36,112,16,0,6,1,10.565999999999999,5703.696,5702.919,,5206.304992459971
2025-01-05 16:30:00,5848.12,34,True,False,5.311999999999999,4.072,69.24,112,16,30,6,1,10.188,5839.635,5861.007,,5209.153242459971
2025-01-05 17:00:00,5824.5509999999995,35,True,False,6.252,4.356,60.660000000000004,112,17,0,6,1,9.248000000000001,5848.12,5822.026,,5208.884763293304
2025-01-05 17:30:00,5752.564,36,True,False,6.962000000000001,2.8619999999999997,66.8,112,17,30,6,1,8.538,5824.5509999999995,5818.909,,5208.937367459971
2025-01-05 18:00:00,5608.567,37,True,False,6.99,3.04,73.03999999999999,112,18,0,6,1,8.51,5752.564,5676.453,,5207.555179959971
2025-01-05 18:30:00,5600.4130000000005,38,True,False,6.558,3.3240000000000003,65.14,112,18,30,6,1,8.942,5608.567,5514.534,,5206.140888293304
2025-01-05 19:00:00,5353.269,39,True,False,6.5200000000000005,4.612,56.260000000000005,112,19,0,6,1,8.98,5600.4130000000005,5394.356,,5207.930034126638
2025-01-05 19:30:00,5248.16,40,True,False,6.12,3.3240000000000003,72.08,112,19,30,6,1,9.379999999999999,5353.269,5283.914,,5207.074054959971
2025-01-05 20:00:00,4966.673,41,True,False,6.946,5.366,56.52,112,20,0,6,1,8.554,5248.16,5098.285,,5206.329179959971
2025-01-05 20:30:00,4940.148,42,True,False,5.866,5.246,50.4,112,20,30,6,1,9.634,4966.673,4800.318,,5203.587263293304
2025-01-05 21:00:00,4683.374,43,True,False,6.632,5.424,71.32000000000001,112,21,0,6,1,8.868,4940.148,4686.967,,5206.500388293304
2025-01-05 21:30:00,4524.459,44,True,False,5.7,2.816,49.52,112,21,30,6,1,9.8,4683.374,4622.972,,5206.425534126637
2025-01-05 22:00:00,4385.892,45,True,False,6.587999999999999,4.292,51.7,112,22,0,6,1,8.912,4524.459,4433.918,,5204.373179959971
2025-01-05 22:30:00,4329.223,46,True,False,6.959999999999999,3.09,57.4,112,22,30,6,1,8.540000000000001,4385.892,4386.1630000000005,,5203.372638293305
2025-01-05 23:00:00,4374.428,47,True,False,5.046,5.058,58.17999999999999,112,23,0,6,1,10.454,4329.223,4328.308,,5202.186388293304
2025-01-05 23:30:00,4196.756,48,True,False,6.0920000000000005,3.8839999999999995,66.96000000000001,112,23,30,6,1,9.408,4374.428,4355.026,,5203.1472216266375
2025-01-06 00:00:00,5267.496,1,False,False,4.872,3.268,60.02,112,0,0,0,1,10.628,4196.756,4261.338,,5199.849929959971
2025-01-06 00:30:00,5180.807,2,False,False,6.464,2.6380000000000003,70.24,112,0,30,0,1,9.036,5267.496,4645.395638078601,,5220.811554959971
2025-01-06 01:00:00,5233.738,3,False,False,5.918,4.132,56.220000000000006,112,1,0,0,1,9.582,5180.807,4251.05,,5231.965958333333
2025-01-06 01:30:00,5239.219,4,False,False,5.026,5.688000000000001,56.879999999999995,112,1,30,0,1,10.474,5233.738,4145.557,,5252.438625
2025-01-06 02:00:00,5325.555,5,False,False,4.462,4.546,45.28,112,2,0,0,1,11.038,5239.219,4312.043,,5275.22325
2025-01-06 02:30:00,5203.139,6,False,False,5.138,4.958,50.6,112,2,30,0,1,10.362,5325.555,4346.882,,5296.338083333333
2025-01-06 03:00:00,5314.841,7,False,False,5.058,4.352,50.339999999999996,112,3,0,0,1,10.442,5203.139,4435.294,,5314.176770833334
2025-01-06 03:30:00,5450.753,8,False,False,3.6799999999999997,3.88,65.34,112,3,30,0,1,11.82,5314.841,4414.454,,5332.500666666667
2025-01-06 04:00:00,5572.608,9,False,False,3.104,4.85,63.879999999999995,112,4,0,0,1,12.396,5450.753,4487.09,,5354.090229166667
2025-01-06 04:30:00,5693.107,10,False,False,2.9539999999999997,5.044,68.78,112,4,30,0,1,12.546,5572.608,4534.258,,5376.7051875
2025-01-06 05:00:00,5897.256,11,False,False,2.368,2.814,58.8,112,5,0,0,1,13.132,5693.107,4746.109,,5400.847875
2025-01-06 05:30:00,6111.09,12,False,False,2.904,2.938,52.17999999999999,112,5,30,0,1,12.596,5897.256,4873.921,,5424.830104166666
2025-01-06 06:00:00,6354.657,13,False,False,2.88,2.842,66.84,112,6,0,0,1,12.620000000000001,6111.09,5213.93,,5450.604458333333
2025-01-06 06:30:00,6790.112,14,False,False,2.978,4.576,70.6,112,6,30,0,1,12.522,6354.657,5373.569,,5474.369604166666
2025-01-06 07:00:00,7088.349,15,False,False,2.468,2.654,56.7,112,7,0,0,1,13.032,6790.112,5770.035,,5503.880916666666
2025-01-06 07:30:00,7443.788,16,False,False,2.956,3.194,66.84,112,7,30,0,1,12.544,7088.349,6017.193,,5531.345791666667
2025-01-06 08:00:00,7804.695,17,False,False,2.436,3.41,53.17999999999999,112,8,0,0,1,13.064,7443.788,6274.075,,5561.066520833334
2025-01-06 08:30:00,7951.136,18,False,False,2.848,3.85,55.879999999999995,112,8,30,0,1,12.652000000000001,7804.695,6327.094,,5592.9544375
2025-01-06 09:00:00,8039.32,19,False,False,2.744,2.872,48.78,112,9,0,0,1,12.756,7951.136,6471.865,,5626.788645833334
2025-01-06 09:30:00,8014.565,20,False,False,2.71,3.9760000000000004,70.72,112,9,30,0,1,12.79,8039.32,6482.332,,5659.443958333333
2025-01-06 10:00:00,7800.325,21,False,False,2.974,2.728,53.42,112,10,0,0,1,12.526,8014.565,6252.354,,5691.365479166667
2025-01-06 10:30:00,7519.397,22,False,False,2.658,6.0120000000000005,58.02,112,10,30,0,1,12.842,7800.325,6061.952,,5723.614874999999
2025-01-06 11:00:00,7322.765,23,False,False,2.302,5.316000000000001,62.2,112,11,0,0,1,13.198,7519.397,5834.826,,5753.978312499999
2025-01-06 11:30:00,6984.948,24,False,False,2.702,5.273999999999999,59.96,112,11,30,0,1,12.798,7322.765,5610.845,,5784.977041666666
2025-01-06 12:00:00,6678.257,25,False,False,3.53,5.956,66.52000000000001,112,12,0,0,1,11.97,6984.948,5307.255,,5813.6041875
2025-01-06 12:30:00,6529.724,26,False,False,3.5799999999999996,5.514,54.019999999999996,112,12,30,0,1,11.92,6678.257,5308.868,,5842.166729166667
2025-01-06 13:00:00,6463.335,27,False,False,3.6659999999999995,5.7299999999999995,66.94,112,13,0,0,1,11.834,6529.724,5290.889,,5867.601229166667
2025-01-06 13:30:00,6498.653,28,False,False,3.482,2.5840000000000005,64.42,112,13,30,0,1,12.018,6463.335,5331.334,,5892.027187500001
2025-01-06 14:00:00,6508.138,29,False,False,5.214,4.174,65.5,112,14,0,0,1,10.286,6498.653,5260.567,,5916.346333333334
2025-01-06 14:30:00,6702.995,30,False,False,5.05,3.694,60.58,112,14,30,0,1,10.45,6508.138,5380.0470000000005,,5942.337395833333
2025-01-06 15:00:00,6901.093,31,False,False,4.724,4.529999999999999,59.279999999999994,112,15,0,0,1,10.776,6702.995,5390.447,,5969.8988125
2025-01-06 15:30:00,7039.116,32,False,False,6.046,4.465999999999999,73.86,112,15,30,0,1,9.454,6901.093,5703.696,,6001.370604166666
2025-01-06 16:00:00,7193.17,33,False,False,4.95,4.712000000000001,58.339999999999996,112,16,0,0,1,10.55,7039.116,5839.635,,6029.191854166667
2025-01-06 16:30:00,7245.004,34,False,False,5.612,3.3260000000000005,67.28,112,16,30,0,1,9.888,7193.17,5848.12,,6057.3905
2025-01-06 17:00:00,7270.824,35,False,False,6.514,4.811999999999999,55.720000000000006,112,17,0,0,1,8.986,7245.004,5824.5509999999995,,6086.49225
2025-01-06 17:30:00,7247.674,36,False,False,6.358,5.042,63.279999999999994,112,17,30,0,1,9.142,7270.824,5752.564,,6116.6229375
2025-01-06 18:00:00,7196.574,37,False,False,5.992,5.66,53.0,112,18,0,0,1,9.508,7247.674,5608.567,,6147.7710625
2025-01-06 18:30:00,6941.936,38,False,False,6.888,4.044,58.56,112,18,30,0,1,8.612,7196.574,5600.4130000000005,,6180.854541666667
2025-01-06 19:00:00,6698.572,39,False,False,6.82,4.668,57.04,112,19,0,0,1,8.68,6941.936,5353.269,,6208.8029375
2025-01-06 19:30:00,6388.686,40,False,False,6.9239999999999995,3.5759999999999996,50.46,112,19,30,0,1,8.576,6698.572,5248.16,,6236.830083333333
2025-01-06 20:00:00,6257.688,41,False,False,7.036,4.82,52.14,112,20,0,0,1,8.464,6388.686,4966.673,,6260.5910416666675
2025-01-06 20:30:00,5973.829,42,False,False,6.746,4.736,72.3,112,20,30,0,1,8.754,6257.688,4940.148,,6287.4871875
2025-01-06 21:00:00,5751.5650000000005,43,False,False,7.719999999999999,5.436,57.67999999999999,112,21,0,0,1,7.780000000000001,5973.829,4683.374,,6309.022208333333
2025-01-06 21:30:00,5545.628,44,False,False,6.906000000000001,3.4840000000000004,67.16,112,21,30,0,1,8.594,5751.5650000000005,4524.459,,6331.276187500001
2025-01-06 22:00:00,5554.089,45,False,False,6.12,5.358,64.46000000000001,112,22,0,0,1,9.379999999999999,5545.628,4385.892,,6352.5505416666665
2025-01-06 22:30:00,5407.587,46,False,False,6.492,4.144,60.1,112,22,30,0,1,9.008,5554.089,4329.223,,6376.887979166667
2025-01-06 23:00:00,5236.698,47,False,False,6.706,3.6439999999999997,61.220000000000006,112,23,0,0,1,8.794,5407.587,4374.428,,6399.353895833334
2025-01-06 23:30:00,5288.917,48,False,False,5.896,4.064,50.739999999999995,112,23,30,0,1,9.604,5236.698,4196.756,,6417.317854166667
2025-01-07 00:00:00,5200.405,1,False,False,5.7,4.702,53.919999999999995,112,0,0,1,1,9.8,5288.917,5267.496,,6440.071208333334
2025-01-07 00:30:00,5236.8,2,False,False,5.252000000000001,3.084,71.88,112,0,30,1,1,10.248,5200.405,5180.807,,6438.673479166667
2025-01-07 01:00:00,5214.576,3,False,False,4.878,5.1579999999999995,75.52,112,1,0,1,1,10.622,5236.8,5233.738,,6439.839999999999
2025-01-07 01:30:00,5225.256,4,False,False,5.996,4.69,71.42,112,1,30,1,1,9.504,5214.576,5239.219,,6439.440791666667
2025-01-07 02:00:00,5238.799,5,False,False,5.42,3.028,58.339999999999996,112,2,0,1,1,10.08,5225.256,5325.555,,6439.149895833333
2025-01-07 02:30:00,5343.928,6,False,False,4.854,3.178,64.2,112,2,30,1,1,10.646,5238.799,5203.139,,6437.342479166667
2025-01-07 03:00:00,5412.687,7,False,False,3.444,4.412,60.96,112,3,0,1,1,12.056000000000001,5343.928,5314.841,,6440.275583333333
2025-01-07 03:30:00,5335.362,8,False,False,4.518,3.0839999999999996,64.08,112,3,30,1,1,10.982,5412.687,5450.753,,6442.314041666667
2025-01-07 04:00:00,5541.553,9,False,False,3.048,4.544,49.660000000000004,112,4,0,1,1,12.452,5335.362,5572.608,,6439.910062499999
2025-01-07 04:30:00,5572.563,10,False,False,4.014,5.128,65.62,112,4,30,1,1,11.486,5541.553,5693.107,,6439.263083333332
2025-01-07 05:00:00,5832.448,11,False,False,2.694,3.432,51.339999999999996,112,5,0,1,1,12.806000000000001,5572.563,5897.256,,6436.75175
2025-01-07 05:30:00,6027.156,12,False,False,3.364,4.016,59.94,112,5,30,1,1,12.136,5832.448,6111.09,,6435.401583333333
2025-01-07 06:00:00,6437.382,13,False,False,3.1079999999999997,3.482,61.48,112,6,0,1,1,12.392,6027.156,6354.657,,6433.652958333333
2025-01-07 06:30:00,6692.944,14,False,False,2.324,4.132,64.02000000000001,112,6,30,1,1,13.176,6437.382,6790.112,,6435.376395833333
2025-01-07 07:00:00,7068.407,15,False,False,2.848,3.2,68.06,112,7,0,1,1,12.652000000000001,6692.944,7088.349,,6433.352062500001
2025-01-07 07:30:00,7515.188,16,False,False,2.2369999999999997,3.982,56.379999999999995,112,7,30,1,1,13.263,7068.407,7443.788,,6432.936604166666
2025-01-07 08:00:00,7731.449,17,False,False,3.106,3.944,67.7,112,8,0,1,1,12.394,7515.188,7804.695,,6434.4241041666655
2025-01-07 08:30:00,7971.255,18,False,False,2.734,3.9880000000000004,46.2,112,8,30,1,1,12.766,7731.449,7951.136,,6432.898145833334
2025-01-07 09:00:00,7995.985,19,False,False,3.024,4.056,68.88,112,9,0,1,1,12.475999999999999,7971.255,8039.32,,6433.317291666666
2025-01-07 09:30:00,7944.142,20,False,False,3.09,5.202,56.36,112,9,30,1,1,12.41,7995.985,8014.565,,6432.414479166667
2025-01-07 10:00:00,7887.302,21,False,False,2.478,2.782,49.260000000000005,112,10,0,1,1,13.022,7944.142,7800.325,,6430.9473333333335
2025-01-07 10:30:00,7566.822,22,False,False,2.5380000000000003,4.99,62.58,112,10,30,1,1,12.962,7887.302,7519.397,,6432.759354166667
2025-01-07 11:00:00,7152.754,23,False,False,3.6060000000000003,3.268,54.08,112,11,0,1,1,11.894,7566.822,7322.765,,6433.747375
2025-01-07 11:30:00,6853.559,24,False,False,3.992,6.2700000000000005,54.1,112,11,30,1,1,11.508,7152.754,6984.948,,6430.205479166667
2025-01-07 12:00:00,6631.218,25,False,False,3.5379999999999994,3.2439999999999998,52.46,112,12,0,1,1,11.962,6853.559,6678.257,,6427.468208333335
2025-01-07 12:30:00,6511.31,26,False,False,3.7060000000000004,4.78,62.06,112,12,30,1,1,11.794,6631.218,6529.724,,6426.488229166666
2025-01-07 13:00:00,6677.029533011222,27,False,False,4.1579999999999995,3.414,69.66,112,13,0,1,1,11.342,6511.31,6463.335,,6426.104604166667
2025-01-07 13:30:00,6514.532,28,False,False,4.8,4.994,69.76,112,13,30,1,1,10.7,6677.029533011222,6498.653,,6430.5565736044
2025-01-07 14:00:00,6584.693,29,False,False,4.779999999999999,4.198,63.279999999999994,112,14,0,1,1,10.72,6514.532,6508.138,,6430.8873861044
2025-01-07 14:30:00,6757.632,30,False,False,3.8600000000000003,5.0840000000000005,61.220000000000006,112,14,30,1,1,11.64,6584.693,6702.995,,6432.482281937734
2025-01-07 15:00:00,6906.052,31,False,False,4.837999999999999,3.8760000000000003,50.18,112,15,0,1,1,10.662,6757.632,6901.093,,6433.620552771067
2025-01-07 15:30:00,7121.9890000000005,32,False,False,4.708,2.9080000000000004,45.78,112,15,30,1,1,10.792,6906.052,7039.116,,6433.723865271067
2025-01-07 16:00:00,7159.42,33,False,False,5.2299999999999995,5.16,62.160000000000004,112,16,0,1,1,10.27,7121.9890000000005,7193.17,,6435.4503861043995
2025-01-07 16:30:00,7293.861,34,False,False,5.726,2.356,65.92,112,16,30,1,1,9.774000000000001,7159.42,7245.004,,6434.7472611044
2025-01-07 17:00:00,7166.986,35,False,False,6.8740000000000006,5.029999999999999,63.4,112,17,0,1,1,8.626,7293.861,7270.824,,6435.765115271067
2025-01-07 17:30:00,7168.373,36,False,False,6.4319999999999995,3.992,57.879999999999995,112,17,30,1,1,9.068000000000001,7166.986,7247.674,,6433.601823604401
2025-01-07 18:00:00,7058.51,37,False,False,6.492,3.752,54.5,112,18,0,1,1,9.008,7168.373,7196.574,,6431.949719437734
2025-01-07 18:30:00,7014.113,38,False,False,6.444,3.668,54.96,112,18,30,1,1,9.056000000000001,7058.51,6941.936,,6429.0733861044
2025-01-07 19:00:00,6670.374,39,False,False,7.178,2.4699999999999998,49.82,112,19,0,1,1,8.322,7014.113,6698.572,,6430.5770736044005
2025-01-07 19:30:00,6490.74,40,False,False,5.986,4.454,60.839999999999996,112,19,30,1,1,9.514,6670.374,6388.686,,6429.989615271068
2025-01-07 20:00:00,6220.231,41,False,False,7.023999999999999,3.436,50.36,112,20,0,1,1,8.476,6490.74,6257.688,,6432.115740271067
2025-01-07 20:30:00,5956.16,42,False,False,6.836,3.8620000000000005,56.3,112,20,30,1,1,8.664,6220.231,5973.829,,6431.335386104401
2025-01-07 21:00:00,5846.547,43,False,False,6.709999999999999,3.34,71.82000000000001,112,21,0,1,1,8.790000000000001,5956.16,5751.5650000000005,,6430.967281937734
2025-01-07 21:30:00,5683.084,44,False,False,6.5840000000000005,3.724,60.2,112,21,30,1,1,8.916,5846.547,5545.628,,6432.946073604399
2025-01-07 22:00:00,5614.397,45,False,False,5.054,4.886,54.52,112,22,0,1,1,10.446,5683.084,5554.089,,6435.809740271067
2025-01-07 22:30:00,5437.355,46,False,False,5.95,3.8299999999999996,59.94,112,22,30,1,1,9.55,5614.397,5407.587,,6437.0661569377335
2025-01-07 23:00:00,5329.481,47,False,False,6.654000000000001,3.63,53.7,112,23,0,1,1,8.846,5437.355,5236.698,,6437.6863236044
2025-01-07 23:30:00,5343.699,48,False,False,6.279999999999999,4.45,65.26,112,23,30,1,1,9.22,5329.481,5288.917,,6439.619302771068
2025-01-08 00:00:00,5341.435,1,False,False,5.464,3.758,46.68,113,0,0,2,1,10.036,5343.699,5200.405,5127.355,6440.760594437733
2025-01-08 00:30:00,5241.56,2,False,False,5.75,1.754,52.720000000000006,113,0,30,2,1,9.75,5341.435,5236.8,5173.739,6443.698719437733
2025-01-08 01:00:00,5375.725,3,False,False,5.529999999999999,4.374,61.67999999999999,113,1,0,2,1,9.97,5241.56,5214.576,5276.196,6443.7978861044
2025-01-08 01:30:00,5453.173,4,False,False,4.612,4.694,49.28,113,1,30,2,1,10.888,5375.725,5225.256,5261.227,6447.155156937734
2025-01-08 02:00:00,5369.958,5,False,False,5.024,3.7879999999999994,54.46,113,2,0,2,1,10.475999999999999,5453.173,5238.799,5311.141,6451.903427771067
2025-01-08 02:30:00,5446.75,6,False,False,4.69,3.8480000000000003,67.82000000000001,113,2,30,2,1,10.809999999999999,5369.958,5343.928,5364.132,6454.635906937733
2025-01-08 03:00:00,5477.649,7,False,False,4.866,3.164,59.04,113,3,0,2,1,10.634,5446.75,5412.687,5435.174,6456.778031937734
2025-01-08 03:30:00,5502.805,8,False,False,4.384,4.926,70.17999999999999,113,3,30,2,1,11.116,5477.649,5335.362,5405.349,6458.131406937733
2025-01-08 04:00:00,5643.344,9,False,False,2.94,3.7039999999999997,67.42,113,4,0,2,1,12.56,5502.805,5541.553,5506.758,6461.619802771067
2025-01-08 04:30:00,5691.572,10,False,False,4.029999999999999,3.654,58.120000000000005,113,4,30,2,1,11.47,5643.344,5572.563,5645.353,6463.740448604401
2025-01-08 05:00:00,5903.541,11,False,False,3.5480000000000005,4.362,67.76,113,5,0,2,1,11.952,5691.572,5832.448,5862.276,6466.2198027710665
2025-01-08 05:30:00,6148.862,12,False,False,2.988,3.818,49.96,113,5,30,2,1,12.512,5903.541,6027.156,6026.612,6467.700906937734
2025-01-08 06:00:00,6485.779,13,False,False,2.604,4.787999999999999,47.62,113,6,0,2,1,12.896,6148.862,6437.382,6499.461,6470.2364486044
2025-01-08 06:30:00,6846.284,14,False,False,2.9,2.918,61.260000000000005,113,6,30,2,1,12.6,6485.779,6692.944,6708.982,6471.244719437734
2025-01-08 07:00:00,7258.684,15,False,False,3.08,3.742,71.38,113,7,0,2,1,12.42,6846.284,7068.407,7095.569,6474.439302771068
2025-01-08 07:30:00,7595.431,16,False,False,3.08,4.5120000000000005,67.3,113,7,30,2,1,12.42,7258.684,7515.188,7471.512,6478.403406937734
2025-01-08 08:00:00,7826.91,17,False,False,3.2340000000000004,2.972,49.519999999999996,113,8,0,2,1,12.266,7595.431,7731.449,7807.37,6480.075136104401
2025-01-08 08:30:00,8099.233,18,False,False,3.082,3.4939999999999998,47.339999999999996,113,8,30,2,1,12.418,7826.91,7971.255,7954.606,6482.063906937733
2025-01-08 09:00:00,8230.532,19,False,False,3.092,6.3100000000000005,68.36,113,9,0,2,1,12.408,8099.233,7995.985,8107.41,6484.730115271067
2025-01-08 09:30:00,8117.492,20,False,False,2.9579999999999997,2.472,61.879999999999995,113,9,30,2,1,12.542,8230.532,7944.142,8081.978,6489.6165111044
2025-01-08 10:00:00,7912.522,21,False,False,3.012,3.4160000000000004,59.5,113,10,0,2,1,12.488,8117.492,7887.302,7798.107,6493.227969437735
2025-01-08 10:30:00,7755.629,22,False,False,2.4539999999999997,4.164,66.53999999999999,113,10,30,2,1,13.046,7912.522,7566.822,7476.276,6493.7533861044
2025-01-08 11:00:00,7259.697,23,False,False,4.034000000000001,4.174,55.6,113,11,0,2,1,11.466,7755.629,7152.754,7290.745,6497.686865271066
2025-01-08 11:30:00,7097.126,24,False,False,2.81,3.052,68.94,113,11,30,2,1,12.69,7259.697,6853.559,6979.825,6499.914844437734
2025-01-08 12:00:00,6847.624,25,False,False,3.7340000000000004,4.424,66.67999999999999,113,12,0,2,1,11.766,7097.126,6631.218,6648.317,6504.989156937733
2025-01-08 12:30:00,6581.421,26,False,False,4.384,4.236,69.05999999999999,113,12,30,2,1,11.116,6847.624,6511.31,6508.213,6509.497615271067
2025-01-08 13:00:00,6553.112,27,False,False,4.290000000000001,5.986,64.1,113,13,0,2,1,11.209999999999999,6581.421,6677.029533011222,6533.226,6510.9582611044
2025-01-08 13:30:00,6590.073,28,False,False,3.976,3.1,56.6,113,13,30,2,1,11.524000000000001,6553.112,6514.532,6486.755,6508.376645833334
2025-01-08 14:00:00,6714.518,29,False,False,4.6,3.7399999999999998,59.58,113,14,0,2,1,10.9,6590.073,6584.693,6571.59,6509.950416666667
2025-01-08 14:30:00,6886.281,30,False,False,4.11,3.938,58.44,113,14,30,2,1,11.39,6714.518,6757.632,6860.333,6512.655104166665
2025-01-08 15:00:00,7044.764,31,False,False,4.6579999999999995,3.91,63.46,113,15,0,2,1,10.842,6886.281,6906.052,6982.207,6515.335291666666
2025-01-08 15:30:00,7105.419,32,False,False,5.87,4.351999999999999,62.32000000000001,113,15,30,2,1,9.629999999999999,7044.764,7121.9890000000005,7048.214,6518.225125000001
2025-01-08 16:00:00,7353.0779999999995,33,False,False,5.5920000000000005,3.942,62.46,113,16,0,2,1,9.908,7105.419,7159.42,7147.711,6517.879916666668
2025-01-08 16:30:00,7405.579,34,False,False,5.514,2.548,74.36,113,16,30,2,1,9.986,7353.0779999999995,7293.861,7338.018,6521.914458333333
2025-01-08 17:00:00,7442.879,35,False,False,6.066,3.032,68.5,113,17,0,2,1,9.434000000000001,7405.579,7166.986,7354.679,6524.241916666667
2025-01-08 17:30:00,7405.163,36,False,False,5.402,2.5380000000000003,61.379999999999995,113,17,30,2,1,10.097999999999999,7442.879,7168.373,7280.176,6529.989687499999
2025-01-08 18:00:00,7271.118,37,False,False,6.958,4.008,54.17999999999999,113,18,0,2,1,8.542,7405.163,7058.51,7084.409,6534.9228125
2025-01-08 18:30:00,7179.578,38,False,False,6.072,3.854,63.46,113,18,30,2,1,9.428,7271.118,7014.113,6938.969,6539.352145833333
2025-01-08 19:00:00,6877.153,39,False,False,7.266,3.4019999999999997,62.67999999999999,113,19,0,2,1,8.234,7179.578,6670.374,6835.735,6542.799333333333
2025-01-08 19:30:00,6627.569,40,False,False,6.742,3.654,57.42,113,19,30,2,1,8.758,6877.153,6490.74,6504.622,6547.107229166667
2025-01-08 20:00:00,6398.742,41,False,False,7.1739999999999995,2.906,62.36,113,20,0,2,1,8.326,6627.569,6220.231,6269.951,6549.957833333333
2025-01-08 20:30:00,6169.155,42,False,False,7.016,4.6080000000000005,48.239999999999995,113,20,30,2,1,8.484,6398.742,5956.16,6088.956,6553.676812500001
2025-01-08 21:00:00,5962.472,43,False,False,6.537999999999999,3.31,61.779999999999994,113,21,0,2,1,8.962,6169.155,5846.547,5781.251,6558.1142083333325
2025-01-08 21:30:00,5805.007,44,False,False,6.94,4.79,48.46,113,21,30,2,1,8.559999999999999,5962.472,5683.084,5666.753,6560.5293125
2025-01-08 22:00:00,5646.3,45,False,False,6.544,5.232,46.260000000000005,113,22,0,2,1,8.956,5805.007,5614.397,5573.673,6563.069375
2025-01-08 22:30:00,5489.045,46,False,False,6.523999999999999,3.368,62.779999999999994,113,22,30,2,1,8.976,5646.3,5437.355,5381.895,6563.7340208333335
2025-01-08 23:00:00,5415.596,47,False,False,6.698,4.43,66.08,113,23,0,2,1,8.802,5489.045,5329.481,5347.767,6564.810895833333
2025-01-08 23:30:00,5364.784,48,False,False,5.758,2.752,54.96,113,23,30,2,1,9.742,5415.596,5343.699,5368.988,6566.604958333333
2025-01-09 00:00:00,5265.817,1,False,False,5.674,4.26,66.52000000000001,113,0,0,3,1,9.826,5364.784,5341.435,5237.706,6567.044229166667
2025-01-09 00:30:00,5319.4,2,False,False,6.018,0.9359999999999999,67.82000000000001,113,0,30,3,1,9.482,5265.817,5241.56,5275.299,6565.4688541666665
2025-01-09 01:00:00,5295.977,3,False,False,5.426,4.186,51.32000000000001,113,1,0,3,1,10.074,5319.4,5375.725,5292.74,6567.090520833334
2025-01-09 01:30:00,5438.2,4,False,False,4.056,4.808,63.44,113,1,30,3,1,11.443999999999999,5295.977,5453.173,5212.098,6565.429104166667
2025-01-09 02:00:00,5434.109,5,False,False,4.2620000000000005,4.374,79.28,113,2,0,3,1,11.238,5438.2,5369.958,5327.296,6565.117166666666
2025-01-09 02:30:00,5301.673,6,False,False,4.762,3.272,45.120000000000005,113,2,30,3,1,10.738,5434.109,5446.75,5295.393,6566.453645833332
2025-01-09 03:00:00,5422.87,7,False,False,4.448,3.9240000000000004,59.5,113,3,0,3,1,11.052,5301.673,5477.649,5442.025,6563.4312083333325
2025-01-09 03:30:00,5529.024,8,False,False,3.8659999999999997,5.426,61.82000000000001,113,3,30,3,1,11.634,5422.87,5502.805,5443.529,6562.289979166667
2025-01-09 04:00:00,5638.049,9,False,False,3.2560000000000002,3.088,69.22,113,4,0,3,1,12.244,5529.024,5643.344,5481.419,6562.836208333334
2025-01-09 04:30:00,5657.181,10,False,False,4.002,2.952,70.17999999999999,113,4,30,3,1,11.498000000000001,5638.049,5691.572,5680.83,6562.725895833333
2025-01-09 05:00:00,5875.258,11,False,False,3.554,4.838,66.3,113,5,0,3,1,11.946,5657.181,5903.541,5915.62,6562.009416666667
2025-01-09 05:30:00,6254.152,12,False,False,2.762,4.720000000000001,59.720000000000006,113,5,30,3,1,12.738,5875.258,6148.862,6032.086,6561.4201875
2025-01-09 06:00:00,6450.521,13,False,False,3.242,2.7600000000000002,60.239999999999995,113,6,0,3,1,12.258,6254.152,6485.779,6450.407,6563.613729166667
2025-01-09 06:30:00,6887.66,14,False,False,2.8579999999999997,4.632,51.32000000000001,113,6,30,3,1,12.642,6450.521,6846.284,6702.029,6562.8791875
2025-01-09 07:00:00,7203.495,15,False,False,3.8299999999999996,5.24,60.8,113,7,0,3,1,11.67,6887.66,7258.684,7062.968,6563.7411875
2025-01-09 07:30:00,7622.119,16,False,False,2.408,4.4719999999999995,79.82000000000001,113,7,30,3,1,13.092,7203.495,7595.431,7449.276,6562.591416666666
2025-01-09 08:00:00,7879.225,17,False,False,2.553,2.7079999999999997,61.25999999999999,113,8,0,3,1,12.947,7622.119,7826.91,7710.856,6563.147416666667
2025-01-09 08:30:00,8169.951,18,False,False,2.446,4.044,61.54,113,8,30,3,1,13.054,7879.225,8099.233,7962.583,6564.2373125
2025-01-09 09:00:00,8226.637,19,False,False,2.268,4.586,57.36,113,9,0,3,1,13.232,8169.951,8230.532,8034.149,6565.710604166667
2025-01-09 09:30:00,8161.485,20,False,False,2.2339999999999995,3.168,43.72,113,9,30,3,1,13.266,8226.637,8117.492,8024.243,6565.629458333333
2025-01-09 10:00:00,7942.705,21,False,False,3.242,4.234,58.760000000000005,113,10,0,3,1,12.258,8161.485,7912.522,7769.272,6566.545979166666
2025-01-09 10:30:00,7636.904,22,False,False,3.524,3.386,77.34,113,10,30,3,1,11.975999999999999,7942.705,7755.629,8444.145753819534,6567.174791666665
2025-01-09 11:00:00,7405.177,23,False,False,3.3,3.846,66.06,113,11,0,3,1,12.2,7636.904,7259.697,7256.678,6564.701354166667
2025-01-09 11:30:00,7134.672,24,False,False,2.758,2.5140000000000002,51.44,113,11,30,3,1,12.742,7405.177,7097.126,6851.213,6567.732187499999
2025-01-09 12:00:00,6828.482,25,False,False,3.2079999999999997,5.354,45.480000000000004,113,12,0,3,1,12.292,7134.672,6847.624,6640.6539999999995,6568.514395833333
2025-01-09 12:30:00,6591.314,26,False,False,5.029999999999999,3.564,58.839999999999996,113,12,30,3,1,10.47,6828.482,6581.421,6493.487,6568.115604166666
2025-01-09 13:00:00,6538.921,27,False,False,5.044,6.012,72.38000000000001,113,13,0,3,1,10.456,6591.314,6553.112,6442.958,6568.321708333333
2025-01-09 13:30:00,6611.214,28,False,False,4.311999999999999,4.08,69.4,113,13,30,3,1,11.188,6538.921,6590.073,6463.774,6568.0260625
2025-01-09 14:00:00,6734.752,29,False,False,4.434,4.14,72.96000000000001,113,14,0,3,1,11.065999999999999,6611.214,6714.518,6492.405,6568.4664999999995
2025-01-09 14:30:00,6849.269,30,False,False,4.656000000000001,3.4480000000000004,53.15999999999999,113,14,30,3,1,10.844,6734.752,6886.281,6713.191,6568.888041666668
2025-01-09 15:00:00,6904.017,31,False,False,6.208,3.8920000000000003,73.17999999999999,113,15,0,3,1,9.292,6849.269,7044.764,6942.486,6568.116958333333
2025-01-09 15:30:00,7187.93,32,False,False,4.9399999999999995,4.723999999999999,61.52,113,15,30,3,1,10.56,6904.017,7105.419,7017.617,6565.184729166666
2025-01-09 16:00:00,7298.361,33,False,False,5.6240000000000006,4.216,59.52,113,16,0,3,1,9.876,7187.93,7353.0779999999995,7161.826,6566.903708333332
2025-01-09 16:30:00,7425.236,34,False,False,5.998,3.094,56.120000000000005,113,16,30,3,1,9.501999999999999,7298.361,7405.579,7173.861,6565.763770833334
2025-01-09 17:00:00,7478.861,35,False,False,5.252,3.184,61.86,113,17,0,3,1,10.248000000000001,7425.236,7442.879,7246.943,6566.173291666666
2025-01-09 17:30:00,7585.15336028651,36,False,False,6.481999999999999,5.39,54.2,113,17,30,3,1,9.018,7478.861,7405.163,7280.143,6566.922916666667
2025-01-09 18:00:00,7203.536,37,False,False,7.128,3.786,69.02000000000001,113,18,0,3,1,8.372,7585.15336028651,7271.118,7107.379,6570.672715839303
2025-01-09 18:30:00,7143.961,38,False,False,5.2,3.868,52.279999999999994,113,18,30,3,1,10.3,7203.536,7179.578,6970.5199999999995,6569.26475750597
2025-01-09 19:00:00,6890.61,39,False,False,6.9,4.465999999999999,53.9,113,19,0,3,1,8.6,7143.961,6877.153,6748.325,6568.522736672636
2025-01-09 19:30:00,6686.2880000000005,40,False,False,6.08,4.67,54.260000000000005,113,19,30,3,1,9.42,6890.61,6627.569,6498.221,6568.803090839302
2025-01-09 20:00:00,6258.698,41,False,False,7.325999999999999,5.518,66.32000000000001,113,20,0,3,1,8.174000000000001,6686.2880000000005,6398.742,6288.921,6570.026403339303
2025-01-09 20:30:00,6057.14,42,False,False,7.703999999999999,4.09,51.32000000000001,113,20,30,3,1,7.796000000000001,6258.698,6169.155,6140.822,6567.1088200059685
2025-01-09 21:00:00,6014.668,43,False,False,5.768,3.406,77.03999999999999,113,21,0,3,1,9.732,6057.14,5962.472,5866.224,6564.775174172636
2025-01-09 21:30:00,5806.718,44,False,False,6.874,4.026,63.75999999999999,113,21,30,3,1,8.626000000000001,6014.668,5805.007,5647.357,6565.862590839303
2025-01-09 22:00:00,5525.3460000000005,45,False,False,7.934,3.532,62.82000000000001,113,22,0,3,1,7.566,5806.718,5646.3,5569.436,6565.898236672635
2025-01-09 22:30:00,5412.137,46,False,False,6.9719999999999995,5.388,67.34,113,22,30,3,1,8.528,5525.3460000000005,5489.045,5420.972,6563.378361672635
2025-01-09 23:00:00,5460.894,47,False,False,6.024,4.5280000000000005,62.4,113,23,0,3,1,9.475999999999999,5412.137,5415.596,5471.266,6561.776111672636
2025-01-09 23:30:00,5419.276,48,False,False,4.882,3.4939999999999998,53.48,113,23,30,3,1,10.618,5460.894,5364.784,5296.217,6562.719820005968
2025-01-10 00:00:00,5344.61,1,False,False,5.858,3.7260000000000004,60.68000000000001,114,0,0,4,1,9.642,5419.276,5265.817,5351.393,6563.855070005969
2025-01-10 00:30:00,5327.056,2,False,False,5.614,4.537999999999999,66.66,114,0,30,4,1,9.886,5344.61,5319.4,5234.947,6565.496590839302
2025-01-10 01:00:00,5362.56,3,False,False,5.504,3.618,49.62,114,1,0,4,1,9.996,5327.056,5295.977,5258.976,6565.656090839303
2025-01-10 01:30:00,5307.864,4,False,False,6.238,4.318,54.120000000000005,114,1,30,4,1,9.262,5362.56,5438.2,5433.601,6567.043236672635
2025-01-10 02:00:00,5348.054,5,False,False,5.438,3.47,55.839999999999996,114,2,0,4,1,10.062000000000001,5307.864,5434.109,5252.487,6564.327903339304
2025-01-10 02:30:00,5505.891,6,False,False,4.248,3.96,51.44,114,2,30,4,1,11.251999999999999,5348.054,5301.673,5334.169,6562.535090839302
2025-01-10 03:00:00,5462.834,7,False,False,4.07,4.464,69.38,114,3,0,4,1,11.43,5505.891,5422.87,5382.491,6566.789632505969
2025-01-10 03:30:00,5570.615,8,False,False,3.944,2.742,47.12,114,3,30,4,1,11.556000000000001,5462.834,5529.024,5372.59,6567.622215839303
2025-01-10 04:00:00,5634.951,9,False,False,3.934,4.634,58.55999999999999,114,4,0,4,1,11.565999999999999,5570.615,5638.049,5466.478,6568.488695005969
2025-01-10 04:30:00,5817.736,10,False,False,3.2399999999999998,4.348000000000001,55.42,114,4,30,4,1,12.26,5634.951,5657.181,5618.44,6568.424153339302
2025-01-10 05:00:00,5952.049,11,False,False,2.79,2.918,62.14,114,5,0,4,1,12.71,5817.736,5875.258,5762.491,6571.769049172635
2025-01-10 05:30:00,6257.941,12,False,False,3.5160000000000005,5.282,49.92,114,5,30,4,1,11.984,5952.049,6254.152,5986.525,6573.368861672635
2025-01-10 06:00:00,6483.626,13,False,False,3.0420000000000003,4.936,61.2,114,6,0,4,1,12.458,6257.941,6450.521,6387.095,6573.447799172635
2025-01-10 06:30:00,6556.88,14,False,False,4.034000000000001,3.104,48.4,114,6,30,4,1,11.466,6483.626,6887.66,6737.047,6574.137486672636
2025-01-10 07:00:00,7183.664,15,False,False,3.2700000000000005,4.782,49.3,114,7,0,4,1,12.23,6556.88,7203.495,7036.135,6567.246236672636
2025-01-10 07:30:00,7517.622,16,False,False,4.352,3.02,65.6,114,7,30,4,1,11.148,7183.664,7622.119,7509.369,6566.833090839303
2025-01-10 08:00:00,7713.255,17,False,False,3.182,3.1860000000000004,50.84,114,8,0,4,1,12.318,7517.622,7879.225,7831.653,6564.656070005968
2025-01-10 08:30:00,8234.348,18,False,False,2.756,4.38,62.839999999999996,114,8,30,4,1,12.744,7713.255,8169.951,7977.701,6561.198361672636
2025-01-10 09:00:00,8243.422,19,False,False,2.574,3.9880000000000004,57.8,114,9,0,4,1,12.926,8234.348,8226.637,8033.833,6562.539965839303
2025-01-10 09:30:00,8237.51,20,False,False,2.96,4.534000000000001,72.36,114,9,30,4,1,12.54,8243.422,8161.485,8053.269,6562.889653339303
2025-01-10 10:00:00,7943.987,21,False,False,3.104,3.5460000000000003,63.35999999999999,114,10,0,4,1,12.396,8237.51,7942.705,7983.766,6564.473507505969
2025-01-10 10:30:00,7606.509,22,False,False,3.8980000000000006,4.683999999999999,65.22,114,10,30,4,1,11.602,7943.987,7636.904,7625.353,6564.500215839303
2025-01-10 11:00:00,7358.747,23,False,False,3.508,4.622,61.14,114,11,0,4,1,11.992,7606.509,7405.177,7326.404,6563.866986672635
2025-01-10 11:30:00,7003.728,24,False,False,4.220000000000001,4.148000000000001,60.96,114,11,30,4,1,11.28,7358.747,7134.672,7026.567,6562.899695005969
2025-01-10 12:00:00,6794.722,25,False,False,3.6700000000000004,4.459999999999999,59.379999999999995,114,12,0,4,1,11.83,7003.728,6828.482,6640.801,6560.171695005968
2025-01-10 12:30:00,6835.904,26,False,False,2.554,4.066000000000001,47.2,114,12,30,4,1,12.946,6794.722,6591.314,6593.122,6559.468361672635
2025-01-10 13:00:00,6641.873,27,False,False,3.7939999999999996,4.75,66.17999999999999,114,13,0,4,1,11.706,6835.904,6538.921,6472.796,6564.563986672637
2025-01-10 13:30:00,6677.352,28,False,False,4.132,3.5799999999999996,52.94,114,13,30,4,1,11.368,6641.873,6611.214,6435.576,6566.708820005969
2025-01-10 14:00:00,6613.251,29,False,False,4.812,4.465999999999999,54.660000000000004,114,14,0,4,1,10.687999999999999,6677.352,6734.752,6508.681,6568.086695005969
2025-01-10 14:30:00,6869.798,30,False,False,4.984,3.3120000000000003,55.660000000000004,114,14,30,4,1,10.516,6613.251,6849.269,6756.274,6565.555424172635
2025-01-10 15:00:00,7028.076,31,False,False,5.593999999999999,4.074,65.9,114,15,0,4,1,9.906,6869.798,6904.017,6844.769,6565.9831116726355
2025-01-10 15:30:00,7248.128,32,False,False,4.68,2.664,59.44,114,15,30,4,1,10.82,7028.076,7187.93,7070.586,6568.567674172636
2025-01-10 16:00:00,7346.646,33,False,False,5.83,5.1579999999999995,55.419999999999995,114,16,0,4,1,9.67,7248.128,7298.361,7165.685,6569.821799172637
2025-01-10 16:30:00,7458.595,34,False,False,5.858,4.2780000000000005,61.260000000000005,114,16,30,4,1,9.642,7346.646,7425.236,7269.025,6570.827736672635
2025-01-10 17:00:00,7414.043,35,False,False,6.256,3.8120000000000003,75.36,114,17,0,4,1,9.244,7458.595,7478.861,7303.006,6571.522715839303
2025-01-10 17:30:00,7495.081,36,False,False,5.758,4.432,49.32,114,17,30,4,1,9.742,7414.043,7585.15336028651,7299.45,6570.172340839302
2025-01-10 18:00:00,7247.433,37,False,False,6.986,2.3600000000000003,71.14,114,18,0,4,1,8.514,7495.081,7203.536,7054.258,6568.295833333334
2025-01-10 18:30:00,7116.049,38,False,False,7.514,4.246,53.98,114,18,30,4,1,7.986,7247.433,7143.961,7013.619,6569.210354166666
2025-01-10 19:00:00,6937.871,39,False,False,5.944,3.182,55.02,114,19,0,4,1,9.556000000000001,7116.049,6890.61,6694.139,6568.628854166666
2025-01-10 19:30:00,6713.718,40,False,False,5.988,4.720000000000001,55.160000000000004,114,19,30,4,1,9.512,6937.871,6686.2880000000005,6574.394,6569.613458333333
2025-01-10 20:00:00,6402.043,41,False,False,6.434,4.774,66.76,114,20,0,4,1,9.065999999999999,6713.718,6258.698,6312.04,6570.184916666666
2025-01-10 20:30:00,6302.686,42,False,False,6.264,5.088,67.82000000000001,114,20,30,4,1,9.236,6402.043,6057.14,6102.211,6573.171270833333
2025-01-10 21:00:00,5939.776,43,False,False,6.7219999999999995,5.596,48.22,114,21,0,4,1,8.778,6302.686,6014.668,5894.799,6578.2868124999995
2025-01-10 21:30:00,5750.142,44,False,False,7.4959999999999996,4.456,66.02000000000001,114,21,30,4,1,8.004000000000001,5939.776,5806.718,5656.807,6576.7265625
2025-01-10 22:00:00,5578.22,45,False,False,7.1,3.8760000000000003,68.24,114,22,0,4,1,8.4,5750.142,5525.3460000000005,5500.928,6575.547895833333
2025-01-10 22:30:00,5478.898,46,False,False,7.004,3.6079999999999997,53.160000000000004,114,22,30,4,1,8.496,5578.22,5412.137,5357.646,6576.6494375
2025-01-10 23:00:00,5434.132,47,False,False,5.6,4.11,59.279999999999994,114,23,0,4,1,9.9,5478.898,5460.894,5315.159,6578.040291666667
2025-01-10 23:30:00,5438.172,48,False,False,5.664,3.1879999999999997,54.6,114,23,30,4,1,9.836,5434.132,5419.276,5215.477,6577.48275
2025-01-11 00:00:00,4261.143,1,True,False,5.632,4.076,50.08,114,0,0,5,1,9.868,5438.172,5344.61,4147.1359999999995,6577.876416666666
2025-01-11 00:30:00,4261.973,2,True,False,5.6579999999999995,3.614,59.52,114,0,30,5,1,9.842,4261.143,5327.056,4253.14,6555.304187500001
2025-01-11 01:00:00,4311.537,3,True,False,5.2780000000000005,3.442,58.08,114,1,0,5,1,10.222,4261.973,5362.56,4134.099,6533.1149583333345
2025-01-11 01:30:00,4302.447,4,True,False,5.4879999999999995,4.752,57.3,114,1,30,5,1,10.012,4311.537,5307.864,4310.674,6511.2186458333335
2025-01-11 02:00:00,4339.17,5,True,False,5.1979999999999995,4.54,64.74,114,2,0,5,1,10.302,4302.447,5348.054,4339.74,6490.272458333333
2025-01-11 02:30:00,4464.34,6,True,False,3.7099999999999995,3.18,61.82000000000001,114,2,30,5,1,11.790000000000001,4339.17,5505.891,4286.384,6469.254041666667
2025-01-11 03:00:00,4408.145,7,True,False,4.946,3.46,66.32000000000001,114,3,0,5,1,10.554,4464.34,5462.834,4215.773,6447.5550625000005
2025-01-11 03:30:00,4484.198,8,True,False,4.328,3.022,62.92,114,3,30,5,1,11.172,4408.145,5570.615,4444.811,6425.582374999999
2025-01-11 04:00:00,4531.993,9,True,False,3.9479999999999995,3.0220000000000002,57.279999999999994,114,4,0,5,1,11.552,4484.198,5634.951,4530.615,6402.9486875
2025-01-11 04:30:00,4609.865,10,True,False,4.792,4.164,56.52,114,4,30,5,1,10.708,4531.993,5817.736,4512.243,6379.970395833334
2025-01-11 05:00:00,4772.44,11,True,False,3.88,5.116,50.64,114,5,0,5,1,11.620000000000001,4609.865,5952.049,4761.047,6354.806416666667
2025-01-11 05:30:00,5033.703,12,True,False,3.8760000000000003,3.2560000000000002,52.8,114,5,30,5,1,11.623999999999999,4772.44,6257.941,4880.819,6330.231229166668
2025-01-11 06:00:00,5215.555,13,True,False,2.9939999999999998,4.008,60.82000000000001,114,6,0,5,1,12.506,5033.703,6483.626,5237.198,6304.726270833333
2025-01-11 06:30:00,5493.741,14,True,False,3.332,4.054,56.660000000000004,114,6,30,5,1,12.168,5215.555,6556.88,5497.334,6278.308125
2025-01-11 07:00:00,5822.666,15,True,False,3.032,2.8099999999999996,64.2,114,7,0,5,1,12.468,5493.741,7183.664,5653.419,6256.159395833332
2025-01-11 07:30:00,6107.111,16,True,False,2.684,3.9519999999999995,62.879999999999995,114,7,30,5,1,12.815999999999999,5822.666,7517.622,6134.7480000000005,6227.805270833333
2025-01-11 08:00:00,6555.720400369872,17,True,False,2.9859999999999998,4.0280000000000005,64.28,114,8,0,5,1,12.514,6107.111,7713.255,6229.956,6198.4196249999995
2025-01-11 08:30:00,6476.64,18,True,False,2.992,3.008,67.92,114,8,30,5,1,12.508,6555.720400369872,8234.348,6541.48,6174.304320841039
2025-01-11 09:00:00,6703.608,19,True,False,2.244,4.572,54.44,114,9,0,5,1,13.256,6476.64,8243.422,6439.786,6137.685404174373
2025-01-11 09:30:00,6465.949,20,True,False,3.3600000000000003,5.156000000000001,66.97999999999999,114,9,30,5,1,12.14,6703.608,8237.51,6431.682,6105.605945841039
2025-01-11 10:00:00,6317.069,21,True,False,4.412000000000001,4.086,59.64,114,10,0,5,1,11.088,6465.949,7943.987,6255.069,6068.698425007705
2025-01-11 10:30:00,6188.167,22,True,False,3.35,3.6980000000000004,57.96,114,10,30,5,1,12.15,6317.069,7606.509,6095.97,6034.804300007706
2025-01-11 11:00:00,5951.448,23,True,False,3.376,1.8379999999999999,56.839999999999996,114,11,0,5,1,12.124,6188.167,7358.747,5860.253,6005.25550834104
2025-01-11 11:30:00,5677.984,24,True,False,2.832,5.176,70.34,114,11,30,5,1,12.668,5951.448,7003.728,5612.697,5975.9367791743725
2025-01-11 12:00:00,5440.54,25,True,False,4.544,4.16,58.04,114,12,0,5,1,10.956,5677.984,6794.722,5448.616,5948.317112507706
2025-01-11 12:30:00,5288.108,26,True,False,4.238,3.9019999999999997,60.260000000000005,114,12,30,5,1,11.262,5440.54,6835.904,5305.653,5920.104987507705
2025-01-11 13:00:00,5407.126,27,True,False,3.5380000000000003,4.236,53.8,114,13,0,5,1,11.962,5288.108,6641.873,5183.018,5887.859237507705
2025-01-11 13:30:00,5306.737,28,True,False,4.194,4.022,61.98,114,13,30,5,1,11.306000000000001,5407.126,6677.352,5176.64,5862.135341674373
2025-01-11 14:00:00,5346.359,29,True,False,5.720000000000001,3.996,56.760000000000005,114,14,0,5,1,9.78,5306.737,6613.251,5342.794,5833.580862507705
2025-01-11 14:30:00,5509.284,30,True,False,5.048,4.39,42.28,114,14,30,5,1,10.452,5346.359,6869.798,5438.841,5807.187279174373
2025-01-11 15:00:00,5726.487,31,True,False,4.412,2.58,59.55999999999999,114,15,0,5,1,11.088000000000001,5509.284,7028.076,5535.622,5778.843237507705
2025-01-11 15:30:00,5774.732,32,True,False,5.16,4.176,64.2,114,15,30,5,1,10.34,5726.487,7248.128,5636.065,5751.726800007706
2025-01-11 16:00:00,5874.867,33,True,False,5.74,3.7299999999999995,61.36,114,16,0,5,1,9.76,5774.732,7346.646,5702.919,5721.031050007706
2025-01-11 16:30:00,5892.124,34,True,False,5.779999999999999,2.57,61.92,114,16,30,5,1,9.72,5874.867,7458.595,5861.007,5690.368987507706
2025-01-11 17:00:00,5981.155,35,True,False,6.058,4.464,62.54,114,17,0,5,1,9.442,5892.124,7414.043,5822.026,5657.734175007706
2025-01-11 17:30:00,5959.281,36,True,False,6.36,4.8,61.379999999999995,114,17,30,5,1,9.14,5981.155,7495.081,5818.909,5627.882341674373
2025-01-11 18:00:00,5814.45,37,True,False,6.7,2.912,64.9,114,18,0,5,1,8.8,5959.281,7247.433,5676.453,5595.886508341038
2025-01-11 18:30:00,5604.271,38,True,False,6.4799999999999995,3.0300000000000002,64.03999999999999,114,18,30,5,1,9.02,5814.45,7116.049,5514.534,5566.03269584104
2025-01-11 19:00:00,5475.643,39,True,False,6.787999999999999,4.746,53.56,114,19,0,5,1,8.712,5604.271,6937.871,5394.356,5534.537320841038
2025-01-11 19:30:00,5245.064,40,True,False,7.116,3.404,49.480000000000004,114,19,30,5,1,8.384,5475.643,6713.718,5283.914,5504.074237507706
2025-01-11 20:00:00,5125.446,41,True,False,6.337999999999999,5.26,58.239999999999995,114,20,0,5,1,9.162,5245.064,6402.043,5098.285,5473.477279174372
2025-01-11 20:30:00,4888.373,42,True,False,6.287999999999999,4.526,66.14,114,20,30,5,1,9.212,5125.446,6302.686,4800.318,5446.881508341039
2025-01-11 21:00:00,4762.045,43,True,False,6.714,5.228,56.92,114,21,0,5,1,8.786,4888.373,5939.776,4686.967,5417.4166541743725
2025-01-11 21:30:00,4675.339,44,True,False,6.794,5.044,60.44,114,21,30,5,1,8.706,4762.045,5750.142,4622.972,5392.880591674372
2025-01-11 22:00:00,4467.737,45,True,False,6.851999999999999,4.742,59.779999999999994,114,22,0,5,1,8.648,4675.339,5578.22,4433.918,5370.488862507706
2025-01-11 22:30:00,4405.137,46,True,False,7.016,3.9159999999999995,49.42,114,22,30,5,1,8.484,4467.737,5478.898,4386.1630000000005,5347.353800007705
2025-01-11 23:00:00,4474.452,47,True,False,6.402000000000001,2.628,61.760000000000005,114,23,0,5,1,9.097999999999999,4405.137,5434.132,4328.308,5324.983779174372
2025-01-11 23:30:00,4314.338,48,True,False,6.318,3.056,47.96,114,23,30,5,1,9.182,4474.452,5438.172,4355.026,5304.990445841039
2025-01-12 00:00:00,4101.907,1,True,False,7.164,2.998,62.46,114,0,0,6,1,8.336,4314.338,4261.143,4261.338,5281.577237507706
2025-01-12 00:30:00,4203.326,2,True,False,6.093999999999999,3.9880000000000004,76.9,114,0,30,6,1,9.406,4101.907,4261.973,4645.395638078601,5278.259820841039
2025-01-12 01:00:00,4349.887,3,True,False,5.124,3.086,54.260000000000005,114,1,0,6,1,10.376000000000001,4203.326,4311.537,4251.05,5277.038008341039
2025-01-12 01:30:00,4374.113,4,True,False,4.998,5.324,66.02000000000001,114,1,30,6,1,10.501999999999999,4349.887,4302.447,4145.557,5277.836966674372
2025-01-12 02:00:00,4326.077,5,True,False,5.444,4.952,59.96,114,2,0,6,1,10.056000000000001,4374.113,4339.17,4312.043,5279.330008341039
2025-01-12 02:30:00,4350.841,6,True,False,5.118,5.004,65.96000000000001,114,2,30,6,1,10.382,4326.077,4464.34,4346.882,5279.057237507705
2025-01-12 03:00:00,4420.273,7,True,False,4.8759999999999994,2.4619999999999997,55.4,114,3,0,6,1,10.624,4350.841,4408.145,4435.294,5276.692675007706
2025-01-12 03:30:00,4366.824,8,True,False,4.826,3.018,67.61999999999999,114,3,30,6,1,10.674,4420.273,4484.198,4414.454,5276.945341674372
2025-01-12 04:00:00,4589.139,9,True,False,3.444,3.3899999999999997,59.279999999999994,114,4,0,6,1,12.056000000000001,4366.824,4531.993,4487.09,5274.500050007705
2025-01-12 04:30:00,4618.102,10,True,False,3.628,3.97,59.46,114,4,30,6,1,11.872,4589.139,4609.865,4534.258,5275.690591674373
2025-01-12 05:00:00,4774.649,11,True,False,3.614,4.268,68.42,114,5,0,6,1,11.886,4618.102,4772.44,4746.109,5275.8621958410395
2025-01-12 05:30:00,5042.127,12,True,False,2.594,2.4059999999999997,48.239999999999995,114,5,30,6,1,12.906,4774.649,5033.703,4873.921,5275.908216674373
2025-01-12 06:00:00,5180.298,13,True,False,3.6700000000000004,5.638,66.9,114,6,0,6,1,11.83,5042.127,5215.555,5213.93,5276.083716674372
2025-01-12 06:30:00,5479.04,14,True,False,3.442,4.5520000000000005,49.82,114,6,30,6,1,12.058,5180.298,5493.741,5373.569,5275.349195841039
2025-01-12 07:00:00,5791.195,15,True,False,3.7979999999999996,3.348,56.96,114,7,0,6,1,11.702,5479.04,5822.666,5770.035,5275.042925007706
2025-01-12 07:30:00,6068.126,16,True,False,3.052,3.566,47.42,114,7,30,6,1,12.448,5791.195,6107.111,6017.193,5274.387279174372
2025-01-12 08:00:00,6315.153,17,True,False,4.314,4.55,56.160000000000004,114,8,0,6,1,11.186,6068.126,6555.720400369872,6274.075,5273.575091674372
2025-01-12 08:30:00,6506.213,18,True,False,3.44,4.606,51.9,114,8,30,6,1,12.06,6315.153,6476.64,6327.094,5268.563270833333
2025-01-12 09:00:00,6440.657,19,True,False,3.47,4.054,53.739999999999995,114,9,0,6,1,12.03,6506.213,6703.608,6471.865,5269.179375000001
2025-01-12 09:30:00,6551.289,20,True,False,2.4939999999999998,3.278,69.5,114,9,30,6,1,13.006,6440.657,6465.949,6482.332,5263.701229166667
2025-01-12 10:00:00,6401.875,21,True,False,3.032,3.692,63.48,114,10,0,6,1,12.468,6551.289,6317.069,6252.354,5265.479145833334
2025-01-12 10:30:00,6076.788,22,True,False,3.7,4.9799999999999995,42.980000000000004,114,10,30,6,1,11.8,6401.875,6188.167,6061.952,5267.2459375
2025-01-12 11:00:00,5878.033,23,True,False,3.664,4.2,51.739999999999995,114,11,0,6,1,11.836,6076.788,5951.448,5834.826,5264.9255416666665
2025-01-12 11:30:00,5659.188,24,True,False,4.5120000000000005,4.676,68.66,114,11,30,6,1,10.988,5878.033,5677.984,5610.845,5263.3960625
2025-01-12 12:00:00,5417.492,25,True,False,4.144,2.9,49.46,114,12,0,6,1,11.356,5659.188,5440.54,5307.255,5263.004479166667
2025-01-12 12:30:00,5383.746,26,True,False,3.25,3.6019999999999994,63.44,114,12,30,6,1,12.25,5417.492,5288.108,5308.868,5262.5243125
2025-01-12 13:00:00,5310.204,27,True,False,4.768,3.0300000000000002,38.94,114,13,0,6,1,10.732,5383.746,5407.126,5290.889,5264.516770833333
2025-01-12 13:30:00,5341.419,28,True,False,4.04,4.758,71.54,114,13,30,6,1,11.46,5310.204,5306.737,5331.334,5262.4975625
2025-01-12 14:00:00,5415.936,29,True,False,4.444,4.554,53.32000000000001,114,14,0,6,1,11.056000000000001,5341.419,5346.359,5260.567,5263.220104166667
2025-01-12 14:30:00,5435.702,30,True,False,5.208,3.808,58.620000000000005,114,14,30,6,1,10.292,5415.936,5509.284,5380.0470000000005,5264.669625
2025-01-12 15:00:00,5472.595,31,True,False,5.532,3.8339999999999996,45.62,114,15,0,6,1,9.968,5435.702,5726.487,5390.447,5263.136666666666
2025-01-12 15:30:00,5777.241,32,True,False,4.6579999999999995,4.006,57.1,114,15,30,6,1,10.842,5472.595,5774.732,5703.696,5257.84725
2025-01-12 16:00:00,5798.225,33,True,False,6.790000000000001,3.4240000000000004,42.92,114,16,0,6,1,8.709999999999999,5777.241,5874.867,5839.635,5257.899520833334
2025-01-12 16:30:00,5971.099,34,True,False,6.154000000000001,5.228,59.160000000000004,114,16,30,6,1,9.346,5798.225,5892.124,5848.12,5256.302812499999
2025-01-12 17:00:00,5825.343,35,True,False,7.736,4.398000000000001,54.14,114,17,0,6,1,7.764,5971.099,5981.155,5824.5509999999995,5257.948125
2025-01-12 17:30:00,5822.97,36,True,False,6.134,3.418,82.6,114,17,30,6,1,9.366,5825.343,5959.281,5752.564,5254.702041666666
2025-01-12 18:00:00,5747.085,37,True,False,6.845999999999999,3.2800000000000002,64.74,114,18,0,6,1,8.654,5822.97,5814.45,5608.567,5251.862229166666
2025-01-12 18:30:00,5687.332,38,True,False,6.154,4.882,49.839999999999996,114,18,30,6,1,9.346,5747.085,5604.271,5600.4130000000005,5250.458791666667
2025-01-12 19:00:00,5360.835,39,True,False,7.07,4.728,53.54,114,19,0,6,1,8.43,5687.332,5475.643,5353.269,5252.189229166667
2025-01-12 19:30:00,5286.051,40,True,False,6.798,3.7299999999999995,59.86,114,19,30,6,1,8.702,5360.835,5245.064,5248.16,5249.797395833333
2025-01-12 20:00:00,5159.632,41,True,False,6.4319999999999995,3.79,64.84,114,20,0,6,1,9.068000000000001,5286.051,5125.446,4966.673,5250.651291666667
2025-01-12 20:30:00,4899.687,42,True,False,7.93,3.0959999999999996,44.22,114,20,30,6,1,7.57,5159.632,4888.373,4940.148,5251.3635
2025-01-12 21:00:00,4713.9,43,True,False,6.756,2.17,60.98,114,21,0,6,1,8.744,4899.687,4762.045,4683.374,5251.599208333333
2025-01-12 21:30:00,4575.661,44,True,False,6.962000000000001,4.324,56.14,114,21,30,6,1,8.538,4713.9,4675.339,4524.459,5250.5961875
2025-01-12 22:00:00,4578.213,45,True,False,5.964,4.59,49.88,114,22,0,6,1,9.536,4575.661,4467.737,4385.892,5248.5195625
2025-01-12 22:30:00,4443.863,46,True,False,6.382,2.992,60.25999999999999,114,22,30,6,1,9.118,4578.213,4405.137,4329.223,5250.8211458333335
2025-01-12 23:00:00,4337.029,47,True,False,6.587999999999999,4.14,64.86,114,23,0,6,1,8.912,4443.863,4474.452,4374.428,5251.6279375
2025-01-12 23:30:00,4446.45945594506,48,True,False,6.614,4.794,58.98,114,23,30,6,1,8.886,4337.029,4314.338,4196.756,5248.764958333333
2025-01-13 00:00:00,5283.89,1,False,False,6.0280000000000005,4.418,71.05999999999999,114,0,0,0,1,9.472,4446.45945594506,4101.907,5267.496,5251.517488665522
2025-01-13 00:30:00,5392.960986829387,2,False,False,6.786,4.882,42.48,114,0,30,0,1,8.714,5283.89,4203.326,5180.807,5276.142134498856
2025-01-13 01:00:00,5341.993,3,False,False,5.198,5.112,49.239999999999995,114,1,0,0,1,10.302,5392.960986829387,4349.887,5233.738,5300.926196724467
2025-01-13 01:30:00,5475.231,4,False,False,4.904,4.316,63.04,114,1,30,0,1,10.596,5341.993,4374.113,5239.219,5321.595071724468
2025-01-13 02:00:00,5422.457,5,False,False,5.564,3.9939999999999998,63.839999999999996,114,2,0,0,1,9.936,5475.231,4326.077,5325.555,5344.535030057801
2025-01-13 02:30:00,5353.226,6,False,False,5.656000000000001,5.346,84.67999999999999,114,2,30,0,1,9.844,5422.457,4350.841,5203.139,5367.3762800578015
2025-01-13 03:00:00,5456.753,7,False,False,4.818,3.3939999999999997,56.14,114,3,0,0,1,10.682,5353.226,4420.273,5314.841,5388.259300891134
2025-01-13 03:30:00,5435.872,8,False,False,4.794,4.332,54.379999999999995,114,3,30,0,1,10.706,5456.753,4366.824,5450.753,5409.852634224468
2025-01-13 04:00:00,5559.247,9,False,False,4.398,3.464,70.1,114,4,0,0,1,11.102,5435.872,4589.139,5572.608,5432.124467557801
2025-01-13 04:30:00,5750.366,10,False,False,3.5800000000000005,3.714,61.660000000000004,114,4,30,0,1,11.92,5559.247,4618.102,5693.107,5452.335050891134
2025-01-13 05:00:00,5945.608,11,False,False,3.6020000000000003,3.522,47.339999999999996,114,5,0,0,1,11.898,5750.366,4774.649,5897.256,5475.923884224468
2025-01-13 05:30:00,6021.911,12,False,False,3.774,4.0920000000000005,51.1,114,5,30,0,1,11.725999999999999,5945.608,5042.127,6111.09,5500.318863391134
2025-01-13 06:00:00,6346.46,13,False,False,4.534000000000001,3.566,64.03999999999999,114,6,0,0,1,10.966,6021.911,5180.298,6354.657,5520.7310300578
2025-01-13 06:30:00,6861.85,14,False,False,3.6379999999999995,5.138,59.279999999999994,114,6,30,0,1,11.862,6346.46,5479.04,6790.112,5545.026071724467
2025-01-13 07:00:00,7164.718,15,False,False,4.12,3.114,64.12,114,7,0,0,1,11.379999999999999,6861.85,5791.195,7088.349,5573.834613391134
2025-01-13 07:30:00,7621.325,16,False,False,3.1580000000000004,3.0759999999999996,59.86,114,7,30,0,1,12.341999999999999,7164.718,6068.126,7443.788,5602.449675891135
2025-01-13 08:00:00,7793.121,17,False,False,3.5100000000000002,4.16,58.56,114,8,0,0,1,11.99,7621.325,6315.153,7804.695,5634.807988391134
2025-01-13 08:30:00,8046.075,18,False,False,3.804,4.504,63.2,114,8,30,0,1,11.696,7793.121,6506.213,7951.136,5665.598988391135
2025-01-13 09:00:00,8274.687,19,False,False,2.436,3.342,49.2,114,9,0,0,1,13.064,8046.075,6440.657,8039.32,5697.679446724468
2025-01-13 09:30:00,8135.286,20,False,False,3.95,2.814,62.98,114,9,30,0,1,11.55,8274.687,6551.289,8014.565,5735.888405057802
2025-01-13 10:00:00,8017.462,21,False,False,2.978,3.0460000000000003,58.2,114,10,0,0,1,12.522,8135.286,6401.875,7800.325,5768.8883425578
2025-01-13 10:30:00,7564.754,22,False,False,3.6719999999999997,3.846,70.32000000000001,114,10,30,0,1,11.828,8017.462,6076.788,7519.397,5802.5464050578
2025-01-13 11:00:00,7364.583,23,False,False,4.114,4.032,59.779999999999994,114,11,0,0,1,11.386,7564.754,5878.033,7322.765,5833.545696724467
2025-01-13 11:30:00,7016.697,24,False,False,4.096,3.082,72.94,114,11,30,0,1,11.404,7364.583,5659.188,6984.948,5864.515488391134
2025-01-13 12:00:00,6818.017,25,False,False,3.91,5.0280000000000005,71.84,114,12,0,0,1,11.59,7016.697,5417.492,6678.257,5892.796925891135
2025-01-13 12:30:00,6637.9220000000005,26,False,False,4.07,2.7199999999999998,50.14,114,12,30,0,1,11.43,6818.017,5383.746,6529.724,5921.974530057801
2025-01-13 13:00:00,6528.879,27,False,False,4.878,2.698,61.8,114,13,0,0,1,10.622,6637.9220000000005,5310.204,6463.335,5948.103196724467
2025-01-13 13:30:00,6654.47,28,False,False,4.83,3.5380000000000003,56.080000000000005,114,13,30,0,1,10.67,6528.879,5341.419,6498.653,5973.492259224467
2025-01-13 14:00:00,6739.075,29,False,False,4.542,3.346,74.64000000000001,114,14,0,0,1,10.958,6654.47,5415.936,6508.138,6000.847488391134
2025-01-13 14:30:00,6863.616,30,False,False,5.606,4.792,50.1,114,14,30,0,1,9.894,6739.075,5435.702,6702.995,6028.412884224467
2025-01-13 15:00:00,6976.095,31,False,False,6.484,3.5100000000000002,45.1,114,15,0,0,1,9.016,6863.616,5472.595,6901.093,6058.161092557802
2025-01-13 15:30:00,7184.85,32,False,False,6.05,4.318,66.36,114,15,30,0,1,9.45,6976.095,5777.241,7039.116,6089.484009224468
2025-01-13 16:00:00,7294.43,33,False,False,5.994,4.298,52.67999999999999,114,16,0,0,1,9.506,7184.85,5798.225,7193.17,6118.809196724468
2025-01-13 16:30:00,7389.663,34,False,False,5.888,2.554,56.08,114,16,30,0,1,9.612,7294.43,5971.099,7245.004,6149.980134224468
2025-01-13 17:00:00,7406.049,35,False,False,6.944,3.2079999999999997,64.36,114,17,0,0,1,8.556000000000001,7389.663,5825.343,7270.824,6179.533550891135
2025-01-13 17:30:00,7469.373,36,False,False,6.276,3.6439999999999997,60.879999999999995,114,17,30,0,1,9.224,7406.049,5822.97,7247.674,6212.464925891134
2025-01-13 18:00:00,7296.368,37,False,False,5.95,3.55,73.6,114,18,0,0,1,9.55,7469.373,5747.085,7196.574,6246.764988391134
2025-01-13 18:30:00,7064.786,38,False,False,6.93,3.4219999999999997,65.16,114,18,30,0,1,8.57,7296.368,5687.332,6941.936,6279.0417175578
2025-01-13 19:00:00,6876.756,39,False,False,7.136,4.226,44.12,114,19,0,0,1,8.364,7064.786,5360.835,6698.572,6307.738675891134
2025-01-13 19:30:00,6632.269,40,False,False,7.412000000000001,4.162,69.12,114,19,30,0,1,8.088,6876.756,5286.051,6388.686,6339.320363391135
2025-01-13 20:00:00,6450.0070000000005,41,False,False,6.843999999999999,4.212000000000001,35.74,114,20,0,0,1,8.656,6632.269,5159.632,6257.688,6367.366571724467
2025-01-13 20:30:00,6007.504,42,False,False,7.372,4.57,55.85999999999999,114,20,30,0,1,8.128,6450.0070000000005,4899.687,5973.829,6394.2493842244685
2025-01-13 21:00:00,5982.313,43,False,False,6.947999999999999,2.644,56.760000000000005,114,21,0,0,1,8.552000000000001,6007.504,4713.9,5751.5650000000005,6417.3289050578
2025-01-13 21:30:00,5706.651,44,False,False,7.202,3.05,61.58,114,21,30,0,1,8.298,5982.313,4575.661,5545.628,6443.754175891135
2025-01-13 22:00:00,5659.201,45,False,False,6.545999999999999,4.43,47.54,114,22,0,0,1,8.954,5706.651,4578.213,5554.089,6467.316467557801
2025-01-13 22:30:00,5533.031,46,False,False,6.824,3.5159999999999996,64.44,114,22,30,0,1,8.676,5659.201,4443.863,5407.587,6489.837050891135
2025-01-13 23:00:00,5489.342,47,False,False,6.1579999999999995,3.17,60.65999999999999,114,23,0,0,1,9.342,5533.031,4337.029,5236.698,6512.528050891134
2025-01-13 23:30:00,5349.566,48,False,False,7.281999999999999,2.92,53.92,114,23,30,0,1,8.218,5489.342,4446.45945594506,5288.917,6536.534571724467
2025-01-14 00:00:00,5185.556,1,False,False,6.8340000000000005,4.773999999999999,58.720000000000006,114,0,0,1,1,8.666,5349.566,5283.89,5200.405,6555.349291392279
2025-01-14 00:30:00,5388.255,2,False,False,5.924,5.174,57.9,114,0,30,1,1,9.576,5185.556,5392.960986829387,5236.8,6553.300666392279
2025-01-14 01:00:00,5396.987,3,False,False,4.726,3.31,63.6,114,1,0,1,1,10.774000000000001,5388.255,5341.993,5214.576,6553.202625000001
2025-01-14 01:30:00,5365.478,4,False,False,5.204,4.004,61.52,114,1,30,1,1,10.296,5396.987,5475.231,5225.256,6554.348333333332
2025-01-14 02:00:00,5339.196,5,False,False,5.862,4.1659999999999995,58.720000000000006,114,2,0,1,1,9.638,5365.478,5422.457,5238.799,6552.0618125
2025-01-14 02:30:00,5331.616,6,False,False,5.428,3.6839999999999997,63.339999999999996,114,2,30,1,1,10.072,5339.196,5353.226,5343.928,6550.327208333333
2025-01-14 03:00:00,5510.373,7,False,False,3.9159999999999995,5.212000000000001,73.64,114,3,0,1,1,11.584,5331.616,5456.753,5412.687,6549.877
2025-01-14 03:30:00,5486.143,8,False,False,4.432,3.104,61.52,114,3,30,1,1,11.068,5510.373,5435.872,5335.362,6550.994083333332
2025-01-14 04:00:00,5590.571,9,False,False,4.561999999999999,2.3560000000000003,57.11999999999999,114,4,0,1,1,10.938,5486.143,5559.247,5541.553,6552.041395833334
2025-01-14 04:30:00,5770.015,10,False,False,4.01,4.428,56.879999999999995,114,4,30,1,1,11.49,5590.571,5750.366,5572.563,6552.693979166666
2025-01-14 05:00:00,5940.182,11,False,False,3.7920000000000003,5.202,49.760000000000005,114,5,0,1,1,11.708,5770.015,5945.608,5832.448,6553.1033333333335
2025-01-14 05:30:00,6161.283,12,False,False,3.818,4.512,54.120000000000005,114,5,30,1,1,11.682,5940.182,6021.911,6027.156,6552.990291666666
2025-01-14 06:00:00,6475.063,13,False,False,2.844,3.6060000000000003,53.17999999999999,114,6,0,1,1,12.656,6161.283,6346.46,6437.382,6555.893875000001
2025-01-14 06:30:00,6890.639,14,False,False,2.628,4.268,62.31999999999999,114,6,30,1,1,12.872,6475.063,6861.85,6692.944,6558.573104166667
2025-01-14 07:00:00,7211.903,15,False,False,3.9259999999999997,2.844,39.760000000000005,114,7,0,1,1,11.574,6890.639,7164.718,7068.407,6559.172875
2025-01-14 07:30:00,7649.268,16,False,False,2.568,4.593999999999999,59.96,114,7,30,1,1,12.932,7211.903,7621.325,7515.188,6560.155895833333
2025-01-14 08:00:00,7892.238,17,False,False,3.4579999999999997,3.996,49.36,114,8,0,1,1,12.042,7649.268,7793.121,7731.449,6560.738041666667
2025-01-14 08:30:00,8155.734,18,False,False,3.3620000000000005,4.932,79.26,114,8,30,1,1,12.138,7892.238,8046.075,7971.255,6562.802979166667
2025-01-14 09:00:00,8698.777993375566,19,False,False,3.25,3.9859999999999998,54.660000000000004,114,9,0,1,1,12.25,8155.734,8274.687,7995.985,6565.087541666668
2025-01-14 09:30:00,8122.195,20,False,False,3.6100000000000003,6.596000000000001,61.220000000000006,114,9,30,1,1,11.89,8698.777993375566,8135.286,7944.142,6573.922770695324
2025-01-14 10:00:00,7993.925,21,False,False,3.2159999999999997,4.8100000000000005,56.96,114,10,0,1,1,12.284,8122.195,8017.462,7887.302,6573.650041528658
2025-01-14 10:30:00,7720.634,22,False,False,2.954,4.638,54.879999999999995,114,10,30,1,1,12.546,7993.925,7564.754,7566.822,6573.159687361992
2025-01-14 11:00:00,7346.961,23,False,False,4.07,3.4159999999999995,44.6,114,11,0,1,1,11.43,7720.634,7364.583,7152.754,6576.407187361991
2025-01-14 11:30:00,7081.512,24,False,False,3.9260000000000006,2.944,51.879999999999995,114,11,30,1,1,11.574,7346.961,7016.697,6853.559,6576.040062361991
2025-01-14 12:00:00,6831.294,25,False,False,4.572,6.084,72.26,114,12,0,1,1,10.928,7081.512,6818.017,6631.218,6577.390374861991
2025-01-14 12:30:00,6621.769,26,False,False,4.178,3.536,67.67999999999999,114,12,30,1,1,11.322,6831.294,6637.9220000000005,6511.31,6577.666979028658
2025-01-14 13:00:00,6580.435,27,False,False,4.548,3.7960000000000003,70.86,114,13,0,1,1,10.952,6621.769,6528.879,6677.029533011222,6577.330458195324
2025-01-14 13:30:00,6492.182,28,False,False,5.264,3.878,51.7,114,13,30,1,1,10.236,6580.435,6654.47,6514.532,6578.404541528657
2025-01-14 14:00:00,6715.132,29,False,False,5.078,3.7340000000000004,55.5,114,14,0,1,1,10.422,6492.182,6739.075,6584.693,6575.023541528658
2025-01-14 14:30:00,6859.803,30,False,False,5.0,4.106,63.4,114,14,30,1,1,10.5,6715.132,6863.616,6757.632,6574.524729028658
2025-01-14 15:00:00,7169.262486114634,31,False,False,5.596,3.564,59.04,114,15,0,1,1,9.904,6859.803,6976.095,6906.052,6574.445291528657
2025-01-14 15:30:00,7121.14,32,False,False,6.492,4.756,54.5,114,15,30,1,1,9.008,7169.262486114634,7184.85,7121.9890000000005,6578.469614156046
2025-01-14 16:00:00,7265.442,33,False,False,6.244000000000001,4.3100000000000005,67.4,114,16,0,1,1,9.256,7121.14,7294.43,7159.42,6577.14232248938
2025-01-14 16:30:00,7425.037,34,False,False,5.5200000000000005,2.854,51.92,114,16,30,1,1,9.98,7265.442,7389.663,7293.861,6576.538405822713
2025-01-14 17:00:00,7384.383,35,False,False,6.108,5.404,60.46,114,17,0,1,1,9.392,7425.037,7406.049,7166.986,6577.275364156046
2025-01-14 17:30:00,7502.198,36,False,False,6.074,2.9219999999999997,70.3,114,17,30,1,1,9.426,7384.383,7469.373,7168.373,6576.823989156045
2025-01-14 18:00:00,7159.861,37,False,False,7.640000000000001,3.822,75.74,114,18,0,1,1,7.859999999999999,7502.198,7296.368,7058.51,6577.507843322714
2025-01-14 18:30:00,7510.624335769195,38,False,False,6.404000000000001,4.89,47.58,114,18,30,1,1,9.096,7159.861,7064.786,7014.113,6574.663947489379
2025-01-14 19:00:00,6754.39,39,False,False,8.722,3.7960000000000003,64.72,114,19,0,1,1,6.7780000000000005,7510.624335769195,6876.756,6670.374,6583.952246151238
2025-01-14 19:30:00,6594.753,40,False,False,7.162000000000001,4.284000000000001,66.44,114,19,30,1,1,8.338,6754.39,6632.269,6490.74,6581.40295448457
2025-01-14 20:00:00,6399.329,41,False,False,6.8420000000000005,4.618,47.68,114,20,0,1,1,8.658,6594.753,6450.0070000000005,6220.231,6580.621371151238
2025-01-14 20:30:00,6247.783,42,False,False,6.7,4.332,77.36,114,20,30,1,1,8.8,6399.329,6007.504,5956.16,6579.565579484571
2025-01-14 21:00:00,5902.393,43,False,False,7.858,4.832,44.36,114,21,0,1,1,7.642,6247.783,5982.313,5846.547,6584.571391984572
2025-01-14 21:30:00,5744.641,44,False,False,7.962000000000001,3.504,70.34,114,21,30,1,1,7.537999999999999,5902.393,5706.651,5683.084,6582.906391984571
2025-01-14 22:00:00,5576.545,45,False,False,7.036,6.481999999999999,41.04,114,22,0,1,1,8.464,5744.641,5659.201,5614.397,6583.697850317904
2025-01-14 22:30:00,5514.919,46,False,False,6.994,3.19,75.78,114,22,30,1,1,8.506,5576.545,5533.031,5437.355,6581.975850317904
2025-01-14 23:00:00,5450.482,47,False,False,6.590000000000001,3.508,66.44,114,23,0,1,1,8.91,5514.919,5489.342,5329.481,6581.598516984571
2025-01-14 23:30:00,5388.418,48,False,False,6.378,4.11,69.38,114,23,30,1,1,9.122,5450.482,5349.566,5343.699,6580.788933651238
2025-01-15 00:00:00,5276.181,1,False,False,6.4079999999999995,3.87,53.86,114,0,0,2,1,9.092,5388.418,5185.556,5341.435,6581.598350317904
2025-01-15 00:30:00,5268.97,2,False,False,6.4319999999999995,3.7060000000000004,63.42,114,0,30,2,1,9.068000000000001,5276.181,5388.255,5241.56,6583.486371151237
2025-01-15 01:00:00,5330.664,3,False,False,6.322,3.9240000000000004,71.52000000000001,114,1,0,2,1,9.178,5268.97,5396.987,5375.725,6581.001266984571
2025-01-15 01:30:00,5315.228,4,False,False,6.151999999999999,2.218,56.779999999999994,114,1,30,2,1,9.348,5330.664,5365.478,5453.173,6579.6195378179045
2025-01-15 02:00:00,5304.953,5,False,False,5.5440000000000005,3.9520000000000004,63.64000000000001,114,2,0,2,1,9.956,5315.228,5339.196,5369.958,6578.5726628179045
2025-01-15 02:30:00,5459.81,6,False,False,4.864,3.604,65.03999999999999,114,2,30,2,1,10.636,5304.953,5331.616,5446.75,6577.859266984571
2025-01-15 03:00:00,5457.629,7,False,False,4.256,2.9560000000000004,48.04,114,3,0,2,1,11.244,5459.81,5510.373,5477.649,6580.529975317903
2025-01-15 03:30:00,5484.526,8,False,False,4.822,3.436,57.279999999999994,114,3,30,2,1,10.678,5457.629,5486.143,5502.805,6579.431141984572
2025-01-15 04:00:00,5620.422,9,False,False,3.9579999999999997,4.8,59.17999999999999,114,4,0,2,1,11.542,5484.526,5590.571,5643.344,6579.3974544845705
2025-01-15 04:30:00,5640.822,10,False,False,4.128,5.0280000000000005,73.22,114,4,30,2,1,11.372,5620.422,5770.015,5691.572,6580.019350317903
2025-01-15 05:00:00,5890.722,11,False,False,3.75,3.6700000000000004,46.3,114,5,0,2,1,11.75,5640.822,5940.182,5903.541,6577.32782948457
2025-01-15 05:30:00,6112.494,12,False,False,3.742,5.256,64.4,114,5,30,2,1,11.758,5890.722,6161.283,6148.862,6576.297412817904
2025-01-15 06:00:00,6397.442,13,False,False,3.9539999999999997,4.264,69.78,114,6,0,2,1,11.546,6112.494,6475.063,6485.779,6575.2809753179035
2025-01-15 06:30:00,6834.918,14,False,False,3.464,3.174,62.7,114,6,30,2,1,12.036,6397.442,6890.639,6846.284,6573.663871151238
2025-01-15 07:00:00,7216.994,15,False,False,2.992,4.1899999999999995,50.86,114,7,0,2,1,12.508,6834.918,7211.903,7258.684,6572.50301698457
2025-01-15 07:30:00,7625.556,16,False,False,2.694,3.8659999999999997,45.12,114,7,30,2,1,12.806000000000001,7216.994,7649.268,7595.431,6572.60907948457
2025-01-15 08:00:00,7971.546,17,False,False,1.7579999999999998,2.942,58.56,114,8,0,2,1,13.742,7625.556,7892.238,7826.91,6572.115079484571
2025-01-15 08:30:00,8094.621,18,False,False,3.056,4.308,54.239999999999995,114,8,30,2,1,12.443999999999999,7971.546,8155.734,8099.233,6573.76732948457
2025-01-15 09:00:00,8220.869,19,False,False,2.9560000000000004,4.390000000000001,47.480000000000004,114,9,0,2,1,12.544,8094.621,8698.777993375566,8230.532,6572.49414198457
2025-01-15 09:30:00,8151.554,20,False,False,3.728,3.1380000000000003,67.12,114,9,30,2,1,11.772,8220.869,8122.195,8117.492,6562.537704622579
2025-01-15 10:00:00,7858.0869999999995,21,False,False,4.242,4.232,57.720000000000006,114,10,0,2,1,11.258,8151.554,7993.925,7912.522,6563.149350455912
2025-01-15 10:30:00,7758.616,22,False,False,3.596,3.816,63.9,114,10,30,2,1,11.904,7858.0869999999995,7720.634,7755.629,6560.319392122579
2025-01-15 11:00:00,7403.906,23,False,False,3.504,3.686,60.3,114,11,0,2,1,11.996,7758.616,7346.961,7259.697,6561.110683789247
2025-01-15 11:30:00,6996.769,24,False,False,4.474,3.21,48.86,114,11,30,2,1,11.026,7403.906,7081.512,7097.126,6562.297037955913
2025-01-15 12:00:00,6837.18,25,False,False,3.75,2.4799999999999995,62.239999999999995,114,12,0,2,1,11.75,6996.769,6831.294,6847.624,6560.531558789246
2025-01-15 12:30:00,6683.121,26,False,False,3.9539999999999997,4.554,65.47999999999999,114,12,30,2,1,11.546,6837.18,6621.769,6581.421,6560.654183789246
2025-01-15 13:00:00,6538.455,27,False,False,4.814,3.564,60.5,114,13,0,2,1,10.686,6683.121,6580.435,6553.112,6561.932350455913
2025-01-15 13:30:00,6623.238,28,False,False,4.544,4.2700000000000005,55.92,114,13,30,2,1,10.956,6538.455,6492.182,6590.073,6561.05776712258
2025-01-15 14:00:00,6690.284,29,False,False,5.522,5.7700000000000005,71.36,114,14,0,2,1,9.978,6623.238,6715.132,6714.518,6563.788100455913
2025-01-15 14:30:00,6869.523,30,False,False,4.91,4.49,59.660000000000004,114,14,30,2,1,10.59,6690.284,6859.803,6886.281,6563.270433789246
2025-01-15 15:00:00,6992.809,31,False,False,6.284000000000001,4.6979999999999995,43.78,114,15,0,2,1,9.216,6869.523,7169.262486114634,7044.764,6563.472933789246
2025-01-15 15:30:00,7216.617,32,False,False,5.492,4.273999999999999,67.84,114,15,30,2,1,10.008,6992.809,7121.14,7105.419,6559.796819495191
2025-01-15 16:00:00,7305.869,33,False,False,6.572,3.9659999999999997,53.8,114,16,0,2,1,8.928,7216.617,7265.442,7353.0779999999995,6561.785923661858
2025-01-15 16:30:00,7472.605,34,False,False,5.723999999999999,5.2780000000000005,48.56,114,16,30,2,1,9.776,7305.869,7425.037,7405.579,6562.628152828524
2025-01-15 17:00:00,7388.484,35,False,False,6.62,3.0620000000000003,50.14,114,17,0,2,1,8.879999999999999,7472.605,7384.383,7442.879,6563.619152828524
2025-01-15 17:30:00,7478.481,36,False,False,5.784000000000001,3.0940000000000003,66.36,114,17,30,2,1,9.716,7388.484,7502.198,7405.163,6563.704590328525
2025-01-15 18:00:00,7340.24,37,False,False,6.694,3.714,54.36,114,18,0,2,1,8.806000000000001,7478.481,7159.861,7271.118,6563.210486161857
2025-01-15 18:30:00,7202.806,38,False,False,6.148,5.45,61.760000000000005,114,18,30,2,1,9.352,7340.24,7510.624335769195,7179.578,6566.968381995192
2025-01-15 19:00:00,6765.835,39,False,False,8.138,4.720000000000001,58.779999999999994,114,19,0,2,1,7.362,7202.806,6754.39,6877.153,6560.5554999999995
2025-01-15 19:30:00,6659.623,40,False,False,6.896000000000001,3.654,63.220000000000006,114,19,30,2,1,8.604,6765.835,6594.753,6627.569,6560.7939375
2025-01-15 20:00:00,6354.105,41,False,False,6.864,5.238,55.32000000000001,114,20,0,2,1,8.636,6659.623,6399.329,6398.742,6562.145395833333
2025-01-15 20:30:00,5976.07,42,False,False,6.9879999999999995,3.314,63.3,114,20,30,2,1,8.512,6354.105,6247.783,6169.155,6561.2032291666665
2025-01-15 21:00:00,5935.992,43,False,False,6.837999999999999,3.6480000000000006,65.12,114,21,0,2,1,8.662,5976.07,5902.393,5962.472,6555.542541666666
2025-01-15 21:30:00,5712.467,44,False,False,7.706,4.470000000000001,40.92,114,21,30,2,1,7.794,5935.992,5744.641,5805.007,6556.242520833333
2025-01-15 22:00:00,5590.995,45,False,False,7.172,2.556,62.279999999999994,114,22,0,2,1,8.328,5712.467,5576.545,5646.3,6555.572229166667
2025-01-15 22:30:00,5476.104,46,False,False,6.698,4.0120000000000005,59.64000000000001,114,22,30,2,1,8.802,5590.995,5514.919,5489.045,6555.873270833334
2025-01-15 23:00:00,5489.059,47,False,False,6.704000000000001,3.098,62.120000000000005,114,23,0,2,1,8.796,5476.104,5450.482,5415.596,6555.064625
2025-01-15 23:30:00,5449.409,48,False,False,6.3180000000000005,4.9,63.04,114,23,30,2,1,9.181999999999999,5489.059,5388.418,5364.784,6555.8683125
2025-01-16 00:00:00,5234.773,1,False,False,6.5,5.274,58.040000000000006,114,0,0,3,1,9.0,5449.409,5276.181,5265.817,6557.138958333333
2025-01-16 00:30:00,5202.178,2,False,False,7.214,4.1,59.94,114,0,30,3,1,8.286,5234.773,5268.97,5319.4,6556.276291666666
2025-01-16 01:00:00,5260.689,3,False,False,6.09,3.3299999999999996,63.94,114,1,0,3,1,9.41,5202.178,5330.664,5295.977,6554.884791666666
2025-01-16 01:30:00,5381.264,4,False,False,5.4719999999999995,3.6199999999999997,63.56,114,1,30,3,1,10.028,5260.689,5315.228,5438.2,6553.426979166667
2025-01-16 02:00:00,5386.552,5,False,False,5.18,4.07,65.4,114,2,0,3,1,10.32,5381.264,5304.953,5434.109,6554.802729166666
2025-01-16 02:30:00,5290.667,6,False,False,5.42,4.164,59.11999999999999,114,2,30,3,1,10.08,5386.552,5459.81,5301.673,6556.502708333333
2025-01-16 03:00:00,5404.715,7,False,False,5.144,4.712,46.379999999999995,114,3,0,3,1,10.356,5290.667,5457.629,5422.87,6552.978895833334
2025-01-16 03:30:00,5439.873,8,False,False,5.288,2.5420000000000003,49.08,114,3,30,3,1,10.212,5404.715,5484.526,5529.024,6551.8765208333325
2025-01-16 04:00:00,5628.318,9,False,False,3.7600000000000002,4.4159999999999995,54.9,114,4,0,3,1,11.74,5439.873,5620.422,5638.049,6550.94625
2025-01-16 04:30:00,5713.322,10,False,False,3.9840000000000004,3.434,49.3,114,4,30,3,1,11.516,5628.318,5640.822,5657.181,6551.11075
2025-01-16 05:00:00,5959.026,11,False,False,4.338,4.118,61.36,114,5,0,3,1,11.161999999999999,5713.322,5890.722,5875.258,6552.621166666667
2025-01-16 05:30:00,6188.613,12,False,False,3.4840000000000004,3.468,55.04,114,5,30,3,1,12.016,5959.026,6112.494,6254.152,6554.044166666667
2025-01-16 06:00:00,6386.528,13,False,False,4.546,4.304,61.5,114,6,0,3,1,10.954,6188.613,6397.442,6450.521,6555.629979166667
2025-01-16 06:30:00,6819.27,14,False,False,3.9539999999999997,2.7760000000000002,54.6,114,6,30,3,1,11.546,6386.528,6834.918,6887.66,6555.402604166666
2025-01-16 07:00:00,7198.985,15,False,False,3.3600000000000003,4.236,56.64,114,7,0,3,1,12.14,6819.27,7216.994,7203.495,6555.0766041666675
2025-01-16 07:30:00,7549.192,16,False,False,3.626,4.262,61.64,114,7,30,3,1,11.874,7198.985,7625.556,7622.119,6554.701416666667
2025-01-16 08:00:00,7968.933,17,False,False,3.46,3.776,66.7,114,8,0,3,1,12.04,7549.192,7971.546,7879.225,6553.1105
2025-01-16 08:30:00,8064.198,18,False,False,3.714,4.91,47.6,114,8,30,3,1,11.786,7968.933,8094.621,8169.951,6553.0560625
2025-01-16 09:00:00,8230.691,19,False,False,3.316,4.5,70.24,114,9,0,3,1,12.184000000000001,8064.198,8220.869,8226.637,6552.4222500000005
2025-01-16 09:30:00,8052.4130000000005,20,False,False,3.872,3.6100000000000003,47.120000000000005,114,9,30,3,1,11.628,8230.691,8151.554,8161.485,6552.626875000001
2025-01-16 10:00:00,8030.504,21,False,False,3.276,3.3020000000000005,56.98,114,10,0,3,1,12.224,8052.4130000000005,7858.0869999999995,7942.705,6550.5614375000005
2025-01-16 10:30:00,7814.783,22,False,False,2.4040000000000004,2.536,69.03999999999999,114,10,30,3,1,13.096,8030.504,7758.616,7636.904,6554.153458333334
2025-01-16 11:00:00,7355.075,23,False,False,4.526,3.3200000000000003,68.7,114,11,0,3,1,10.974,7814.783,7403.906,7405.177,6555.323604166667
2025-01-16 11:30:00,6995.113,24,False,False,4.848,3.558,56.44,114,11,30,3,1,10.652000000000001,7355.075,6996.769,7134.672,6554.306291666667
2025-01-16 12:00:00,6759.554,25,False,False,4.432,4.651999999999999,55.67999999999999,114,12,0,3,1,11.068,6995.113,6837.18,6828.482,6554.271791666666
2025-01-16 12:30:00,6674.3369999999995,26,False,False,3.8880000000000003,4.093999999999999,45.38,114,12,30,3,1,11.612,6759.554,6683.121,6591.314,6552.654583333333
2025-01-16 13:00:00,6476.848,27,False,False,4.696,3.22,66.46000000000001,114,13,0,3,1,10.804,6674.3369999999995,6538.455,6538.921,6552.471583333333
2025-01-16 13:30:00,6619.473,28,False,False,4.83,4.218,74.03999999999999,114,13,30,3,1,10.67,6476.848,6623.238,6611.214,6551.188104166667
2025-01-16 14:00:00,6633.168,29,False,False,5.364,4.718,51.86,114,14,0,3,1,10.136,6619.473,6690.284,6734.752,6551.109666666666
2025-01-16 14:30:00,6835.265,30,False,False,5.226,4.764,51.52,114,14,30,3,1,10.274000000000001,6633.168,6869.523,6849.269,6549.91975
2025-01-16 15:00:00,7041.464,31,False,False,4.638,5.106,57.6,114,15,0,3,1,10.862,6835.265,6992.809,6904.017,6549.206041666667
2025-01-16 15:30:00,7208.274,32,False,False,5.87,4.858,57.44,114,15,30,3,1,9.629999999999999,7041.464,7216.617,7187.93,6550.2196875
2025-01-16 16:00:00,7296.111,33,False,False,6.9879999999999995,3.4659999999999997,60.879999999999995,114,16,0,3,1,8.512,7208.274,7305.869,7298.361,6550.045875
2025-01-16 16:30:00,7461.799,34,False,False,5.784000000000001,4.404,60.86,114,16,30,3,1,9.716,7296.111,7472.605,7425.236,6549.842583333334
2025-01-16 17:00:00,7436.569,35,False,False,6.122,4.752,72.1,114,17,0,3,1,9.378,7461.799,7388.484,7478.861,6549.617458333333
2025-01-16 17:30:00,7367.197,36,False,False,6.4079999999999995,4.572,62.739999999999995,114,17,30,3,1,9.092,7436.569,7478.481,7585.15336028651,6550.619229166667
2025-01-16 18:00:00,7289.382,37,False,False,6.498,3.4899999999999998,60.98,114,18,0,3,1,9.001999999999999,7367.197,7340.24,7203.536,6548.300812500001
2025-01-16 18:30:00,7140.714,38,False,False,6.302,3.5140000000000002,32.8,114,18,30,3,1,9.198,7289.382,7202.806,7143.961,6547.241270833333
2025-01-16 19:00:00,6930.773,39,False,False,5.938000000000001,4.26,51.0,114,19,0,3,1,9.562,7140.714,6765.835,6890.61,6545.9476875
2025-01-16 19:30:00,6597.376,40,False,False,7.452,3.732,64.34,114,19,30,3,1,8.048,6930.773,6659.623,6686.2880000000005,6549.383895833334
2025-01-16 20:00:00,6297.959,41,False,False,7.4159999999999995,4.362,56.720000000000006,114,20,0,3,1,8.084,6597.376,6354.105,6258.698,6548.087083333333
2025-01-16 20:30:00,6195.724,42,False,False,6.65,4.7780000000000005,63.239999999999995,114,20,30,3,1,8.85,6297.959,5976.07,6057.14,6546.917375000001
2025-01-16 21:00:00,6010.8460000000005,43,False,False,6.384,6.4079999999999995,44.72,114,21,0,3,1,9.116,6195.724,5935.992,6014.668,6551.4935000000005
2025-01-16 21:30:00,5726.318,44,False,False,6.948,3.314,54.06,114,21,30,3,1,8.552,6010.8460000000005,5712.467,5806.718,6553.052958333334
2025-01-16 22:00:00,5636.605,45,False,False,7.006,3.414,47.54,114,22,0,3,1,8.494,5726.318,5590.995,5525.3460000000005,6553.341520833333
2025-01-16 22:30:00,5490.445,46,False,False,6.85,4.7059999999999995,60.36,114,22,30,3,1,8.65,5636.605,5476.104,5412.137,6554.291729166666
2025-01-16 23:00:00,5389.184,47,False,False,6.162000000000001,2.974,62.36,114,23,0,3,1,9.338,5490.445,5489.059,5460.894,6554.590499999999
2025-01-16 23:30:00,5314.274,48,False,False,7.632,2.2920000000000003,53.620000000000005,114,23,30,3,1,7.868,5389.184,5449.409,5419.276,6552.509770833333
2025-01-17 00:00:00,5255.781,1,False,False,6.396,2.92,60.9,114,0,0,4,1,9.104,5314.274,5234.773,5344.61,6549.694458333334
2025-01-17 00:30:00,5262.443,2,False,False,6.878,3.018,64.4,114,0,30,4,1,8.622,5255.781,5202.178,5327.056,6550.132125
2025-01-17 01:00:00,5261.95,3,False,False,6.612,3.846,56.660000000000004,114,1,0,4,1,8.888,5262.443,5260.689,5362.56,6551.387645833333
2025-01-17 01:30:00,5290.873,4,False,False,6.3740000000000006,4.168,53.8,114,1,30,4,1,9.126,5261.95,5381.264,5307.864,6551.413916666667
2025-01-17 02:00:00,5269.19,5,False,False,5.512,3.076,46.18,114,2,0,4,1,9.988,5290.873,5386.552,5348.054,6549.530770833334
2025-01-17 02:30:00,5376.629,6,False,False,5.359999999999999,3.5340000000000003,74.88,114,2,30,4,1,10.14,5269.19,5290.667,5505.891,6547.085729166666
2025-01-17 03:00:00,5398.184,7,False,False,5.678,4.398000000000001,51.58,114,3,0,4,1,9.822,5376.629,5404.715,5462.834,6548.876604166667
2025-01-17 03:30:00,5400.456,8,False,False,5.018,3.654,57.42,114,3,30,4,1,10.482,5398.184,5439.873,5570.615,6548.740541666667
2025-01-17 04:00:00,5708.945,9,False,False,3.112,4.282,58.620000000000005,114,4,0,4,1,12.388,5400.456,5628.318,5634.951,6547.919354166667
2025-01-17 04:30:00,5729.831,10,False,False,3.678,3.6659999999999995,50.120000000000005,114,4,30,4,1,11.822,5708.945,5713.322,5817.736,6549.599083333334
2025-01-17 05:00:00,5964.018,11,False,False,3.618,3.6519999999999997,56.14,114,5,0,4,1,11.882,5729.831,5959.026,5952.049,6549.943020833332
2025-01-17 05:30:00,6176.705,12,False,False,3.6099999999999994,3.5460000000000003,61.879999999999995,114,5,30,4,1,11.89,5964.018,6188.613,6257.941,6550.0470208333345
2025-01-17 06:00:00,6437.671,13,False,False,4.220000000000001,5.2379999999999995,64.44,114,6,0,4,1,11.28,6176.705,6386.528,6483.626,6549.7989375
2025-01-17 06:30:00,6819.956,14,False,False,3.314,3.3519999999999994,53.879999999999995,114,6,30,4,1,12.186,6437.671,6819.27,6556.88,6550.864416666667
2025-01-17 07:00:00,7218.177,15,False,False,3.508,4.064,59.64,114,7,0,4,1,11.992,6819.956,7198.985,7183.664,6550.878708333334
2025-01-17 07:30:00,7553.292,16,False,False,3.4909999999999997,4.126,60.17999999999999,114,7,30,4,1,12.009,7218.177,7549.192,7517.622,6551.278541666667
2025-01-17 08:00:00,7917.84,17,False,False,3.46,3.116,69.02000000000001,114,8,0,4,1,12.04,7553.292,7968.933,7713.255,6551.363958333332
2025-01-17 08:30:00,8197.526,18,False,False,3.3560000000000003,2.8280000000000003,57.7,114,8,30,4,1,12.144,7917.84,8064.198,8234.348,6550.299520833334
2025-01-17 09:00:00,8256.86,19,False,False,3.008,4.4079999999999995,72.96,114,9,0,4,1,12.492,8197.526,8230.691,8243.422,6553.077187499999
2025-01-17 09:30:00,8191.618,20,False,False,2.9560000000000004,5.048,66.08000000000001,114,9,30,4,1,12.544,8256.86,8052.4130000000005,8237.51,6553.622375
2025-01-17 10:00:00,8003.131,21,False,False,3.418,4.686,54.6,114,10,0,4,1,12.082,8191.618,8030.504,7943.987,6556.522479166666
2025-01-17 10:30:00,7651.052,22,False,False,4.136,3.154,70.0,114,10,30,4,1,11.364,8003.131,7814.783,7606.509,6555.952208333333
2025-01-17 11:00:00,7305.562,23,False,False,4.264,2.92,58.0,114,11,0,4,1,11.236,7651.052,7355.075,7358.747,6552.541145833333
2025-01-17 11:30:00,7005.248,24,False,False,3.934,5.006,63.61999999999999,114,11,30,4,1,11.565999999999999,7305.562,6995.113,7003.728,6551.5096250000015
2025-01-17 12:00:00,6751.192,25,False,False,4.86,4.974,71.44,114,12,0,4,1,10.64,7005.248,6759.554,6794.722,6551.7207708333335
2025-01-17 12:30:00,6595.648,26,False,False,4.202,2.634,65.88,114,12,30,4,1,11.298,6751.192,6674.3369999999995,6835.904,6551.5465625
2025-01-17 13:00:00,6581.362,27,False,False,5.156000000000001,3.678,57.46,114,13,0,4,1,10.344,6595.648,6476.848,6641.873,6549.907208333334
2025-01-17 13:30:00,6607.048,28,False,False,4.866,4.4079999999999995,54.8,114,13,30,4,1,10.634,6581.362,6619.473,6677.352,6552.084583333333
2025-01-17 14:00:00,6659.312,29,False,False,5.538,4.732,58.24000000000001,114,14,0,4,1,9.962,6607.048,6633.168,6613.251,6551.825729166667
2025-01-17 14:30:00,6723.552,30,False,False,5.936,3.482,48.42,114,14,30,4,1,9.564,6659.312,6835.265,6869.798,6552.370395833334
2025-01-17 15:00:00,7080.184,31,False,False,5.574,4.056,53.3,114,15,0,4,1,9.926,6723.552,7041.464,7028.076,6550.043041666667
2025-01-17 15:30:00,7192.6,32,False,False,5.8260000000000005,4.542,66.53999999999999,114,15,30,4,1,9.674,7080.184,7208.274,7248.128,6550.849708333334
2025-01-17 16:00:00,7272.355,33,False,False,6.284000000000001,5.287999999999999,54.44,114,16,0,4,1,9.216,7192.6,7296.111,7346.646,6550.523166666666
2025-01-17 16:30:00,7403.18,34,False,False,6.4719999999999995,5.152,58.81999999999999,114,16,30,4,1,9.028,7272.355,7461.799,7458.595,6550.02825
2025-01-17 17:00:00,7304.93,35,False,False,6.837999999999999,4.774,59.1,114,17,0,4,1,8.662,7403.18,7436.569,7414.043,6548.807020833334
2025-01-17 17:30:00,7370.146,36,False,False,8.203999999999999,3.838,53.0,114,17,30,4,1,7.296000000000001,7304.93,7367.197,7495.081,6546.064541666667
2025-01-17 18:00:00,7343.406,37,False,False,5.846,2.364,77.92,114,18,0,4,1,9.654,7370.146,7289.382,7247.433,6546.125979166667
2025-01-17 18:30:00,7008.201,38,False,False,7.6,5.978,72.12,114,18,30,4,1,7.9,7343.406,7140.714,7116.049,6547.251479166666
2025-01-17 19:00:00,6830.872,39,False,False,7.723999999999999,3.836,62.42,114,19,0,4,1,7.776000000000001,7008.201,6930.773,6937.871,6544.490791666666
2025-01-17 19:30:00,6623.67,40,False,False,6.078,4.492,47.08,114,19,30,4,1,9.422,6830.872,6597.376,6713.718,6542.409520833334
2025-01-17 20:00:00,6265.368,41,False,False,8.306000000000001,3.554,63.4,114,20,0,4,1,7.193999999999999,6623.67,6297.959,6402.043,6542.9573125
2025-01-17 20:30:00,6141.621,42,False,False,6.581999999999999,4.918,67.4,114,20,30,4,1,8.918000000000001,6265.368,6195.724,6302.686,6542.278333333333
2025-01-17 21:00:00,5944.929,43,False,False,6.502,3.022,64.44,114,21,0,4,1,8.998000000000001,6141.621,6010.8460000000005,5939.776,6541.1511875
2025-01-17 21:30:00,5719.286,44,False,False,7.208,5.532,46.56,114,21,30,4,1,8.292,5944.929,5726.318,5750.142,6539.777916666666
2025-01-17 22:00:00,5560.473,45,False,False,7.5,5.3,54.279999999999994,114,22,0,4,1,8.0,5719.286,5636.605,5578.22,6539.631416666667
2025-01-17 22:30:00,5543.515,46,False,False,7.396000000000001,4.58,54.379999999999995,114,22,30,4,1,8.104,5560.473,5490.445,5478.898,6538.045333333334
2025-01-17 23:00:00,5456.864,47,False,False,6.764,3.636,48.3,114,23,0,4,1,8.736,5543.515,5389.184,5434.132,6539.1509583333345
2025-01-17 23:30:00,5311.568,48,False,False,7.606,3.5140000000000002,72.22,114,23,30,4,1,7.894,5456.864,5314.274,5438.172,6540.560958333334
2025-01-18 00:00:00,4201.413,1,True,False,6.292,4.192,58.5,114,0,0,5,1,9.208,5311.568,5255.781,4261.143,6540.504583333332
2025-01-18 00:30:00,4255.439,2,True,False,5.956,3.524,57.779999999999994,114,0,30,5,1,9.544,4201.413,5262.443,4261.973,6518.538583333334
2025-01-18 01:00:00,4189.731,3,True,False,6.21,5.29,54.760000000000005,114,1,0,5,1,9.29,4255.439,5261.95,4311.537,6497.559333333334
2025-01-18 01:30:00,4328.056,4,True,False,6.25,5.314,55.84000000000001,114,1,30,5,1,9.25,4189.731,5290.873,4302.447,6475.221437499999
2025-01-18 02:00:00,4226.329,5,True,False,6.2780000000000005,2.132,56.040000000000006,114,2,0,5,1,9.222,4328.056,5269.19,4339.17,6455.16275
2025-01-18 02:30:00,4376.931,6,True,False,5.004,3.414,66.34,114,2,30,5,1,10.496,4226.329,5376.629,4464.34,6433.436479166667
2025-01-18 03:00:00,4338.137,7,True,False,4.328,3.91,56.739999999999995,114,3,0,5,1,11.172,4376.931,5398.184,4408.145,6412.609437499999
2025-01-18 03:30:00,4405.537,8,True,False,4.336,3.91,62.6,114,3,30,5,1,11.164,4338.137,5400.456,4484.198,6390.525125
2025-01-18 04:00:00,4489.484,9,True,False,3.7659999999999996,3.1900000000000004,43.42,114,4,0,5,1,11.734,4405.537,5708.945,4531.993,6369.797645833332
2025-01-18 04:30:00,4494.014,10,True,False,5.098,4.918,34.28,114,4,30,5,1,10.402000000000001,4489.484,5729.831,4609.865,6344.392208333334
2025-01-18 05:00:00,4780.494,11,True,False,4.266,4.29,57.44,114,5,0,5,1,11.234,4494.014,5964.018,4772.44,6318.646020833334
2025-01-18 05:30:00,4880.314,12,True,False,4.7219999999999995,5.57,58.7,114,5,30,5,1,10.778,4780.494,6176.705,5033.703,6293.989270833333
2025-01-18 06:00:00,5203.893,13,True,False,4.052,3.44,48.4,114,6,0,5,1,11.448,4880.314,6437.671,5215.555,6266.981125000001
2025-01-18 06:30:00,5393.454,14,True,False,4.016,3.382,76.62,114,6,30,5,1,11.484,5203.893,6819.956,5493.741,6241.277416666667
2025-01-18 07:00:00,5791.1,15,True,False,2.85,5.016,51.3,114,7,0,5,1,12.65,5393.454,7218.177,5822.666,6211.558625000001
2025-01-18 07:30:00,6012.699,16,True,False,3.496,4.287999999999999,56.31999999999999,114,7,30,5,1,12.004,5791.1,7553.292,6107.111,6181.827854166667
2025-01-18 08:00:00,6330.68,17,True,False,3.016,4.244,55.04,114,8,0,5,1,12.484,6012.699,7917.84,6555.720400369872,6149.732166666668
2025-01-18 08:30:00,6486.992,18,True,False,3.6260000000000003,3.228,56.94,114,8,30,5,1,11.873999999999999,6330.68,8197.526,6476.64,6116.666333333334
2025-01-18 09:00:00,6433.954,19,True,False,4.202,2.902,62.239999999999995,114,9,0,5,1,11.298,6486.992,8256.86,6703.608,6081.030208333334
2025-01-18 09:30:00,6589.681,20,True,False,2.872,4.494,61.85999999999999,114,9,30,5,1,12.628,6433.954,8191.618,6465.949,6043.053
2025-01-18 10:00:00,6319.856,21,True,False,3.972,2.06,51.42,114,10,0,5,1,11.528,6589.681,8003.131,6317.069,6009.6793125
2025-01-18 10:30:00,6155.084,22,True,False,3.732,4.674,50.64,114,10,30,5,1,11.768,6319.856,7651.052,6188.167,5974.611083333333
2025-01-18 11:00:00,5923.633,23,True,False,3.6079999999999997,5.1,66.34,114,11,0,5,1,11.892,6155.084,7305.562,5951.448,5943.445083333333
2025-01-18 11:30:00,5602.468,24,True,False,4.1659999999999995,4.856,56.5,114,11,30,5,1,11.334,5923.633,7005.248,5677.984,5914.654895833333
2025-01-18 12:00:00,5410.644,25,True,False,4.556,4.792,49.3,114,12,0,5,1,10.943999999999999,5602.468,6751.192,5440.54,5885.430312500001
2025-01-18 12:30:00,5367.951,26,True,False,3.992,5.098,67.94,114,12,30,5,1,11.508,5410.644,6595.648,5288.108,5857.502229166667
2025-01-18 13:00:00,5149.344,27,True,False,5.098,2.766,67.7,114,13,0,5,1,10.402000000000001,5367.951,6581.362,5407.126,5831.925208333333
2025-01-18 13:30:00,5306.855,28,True,False,4.682,3.432,59.7,114,13,30,5,1,10.818,5149.344,6607.048,5306.737,5802.0914999999995
2025-01-18 14:00:00,5375.75,29,True,False,5.106,4.362,58.48,114,14,0,5,1,10.394,5306.855,6659.312,5346.359,5775.0041458333335
2025-01-18 14:30:00,5569.338,30,True,False,4.814,3.632,63.64000000000001,114,14,30,5,1,10.686,5375.75,6723.552,5509.284,5748.263270833333
2025-01-18 15:00:00,5665.975,31,True,False,5.4159999999999995,4.15,63.94,114,15,0,5,1,10.084,5569.338,7080.184,5726.487,5724.217145833333
2025-01-18 15:30:00,5713.038,32,True,False,6.5920000000000005,4.014,57.15999999999999,114,15,30,5,1,8.908,5665.975,7192.6,5774.732,5694.754458333333
2025-01-18 16:00:00,5811.47,33,True,False,6.202,2.944,59.0,114,16,0,5,1,9.298,5713.038,7272.355,5874.867,5663.93025
2025-01-18 16:30:00,5930.441,34,True,False,6.034,3.886,65.17999999999999,114,16,30,5,1,9.466000000000001,5811.47,7403.18,5892.124,5633.4951458333335
2025-01-18 17:00:00,5846.319,35,True,False,7.226000000000001,3.4619999999999997,76.0,114,17,0,5,1,8.274,5930.441,7304.93,5981.155,5602.813083333333
2025-01-18 17:30:00,5882.921,36,True,False,6.859999999999999,3.97,48.46,114,17,30,5,1,8.64,5846.319,7370.146,5959.281,5572.425354166667
2025-01-18 18:00:00,5687.682,37,True,False,7.290000000000001,3.604,38.82000000000001,114,18,0,5,1,8.209999999999999,5882.921,7343.406,5814.45,5541.4415
2025-01-18 18:30:00,5936.85489471065,38,True,False,7.446,4.162,64.22,114,18,30,5,1,8.054,5687.682,7008.201,5604.271,5506.94725
2025-01-18 19:00:00,5439.035,39,True,False,7.3340000000000005,4.062,75.03999999999999,114,19,0,5,1,8.166,5936.85489471065,6830.872,5475.643,5484.627539473138
2025-01-18 19:30:00,5265.267,40,True,False,6.9719999999999995,2.504,57.5,114,19,30,5,1,8.528,5439.035,6623.67,5245.064,5455.630935306472
2025-01-18 20:00:00,5087.083,41,True,False,6.960000000000001,5.044,67.6,114,20,0,5,1,8.54,5265.267,6265.368,5125.446,5427.330872806472
2025-01-18 20:30:00,4838.892,42,True,False,8.565999999999999,4.044,67.53999999999999,114,20,30,5,1,6.934000000000001,5087.083,6141.621,4888.373,5402.783268639805
2025-01-18 21:00:00,4811.746,43,True,False,6.974000000000001,4.214,38.28,114,21,0,5,1,8.526,4838.892,5944.929,4762.045,5375.643081139805
2025-01-18 21:30:00,4623.563,44,True,False,6.956,3.254,62.04,114,21,30,5,1,8.544,4811.746,5719.286,4675.339,5352.035101973139
2025-01-18 22:00:00,4387.624,45,True,False,7.773999999999999,2.216,71.26,114,22,0,5,1,7.726000000000001,4623.563,5560.473,4467.737,5329.207539473138
2025-01-18 22:30:00,4334.089,46,True,False,7.465999999999999,3.7299999999999995,68.64,114,22,30,5,1,8.034,4387.624,5543.515,4405.137,5304.7731853064715
2025-01-18 23:00:00,4339.609,47,True,False,6.890000000000001,4.306,60.739999999999995,114,23,0,5,1,8.61,4334.089,5456.864,4474.452,5279.576810306472
2025-01-18 23:30:00,4390.032,48,True,False,6.07,3.6839999999999997,44.86,114,23,30,5,1,9.43,4339.609,5311.568,4314.338,5256.300664473139
2025-01-19 00:00:00,4178.715,1,True,False,6.996,2.354,77.5,114,0,0,6,1,8.504,4390.032,4201.413,4101.907,5237.101997806471
2025-01-19 00:30:00,4227.26,2,True,False,6.99,4.384,62.98,114,0,30,6,1,8.51,4178.715,4255.439,4203.326,5236.629122806472
2025-01-19 01:00:00,4270.769,3,True,False,6.208,5.11,60.339999999999996,114,1,0,6,1,9.292,4227.26,4189.731,4349.887,5236.042060306471
2025-01-19 01:30:00,4196.177,4,True,False,5.8260000000000005,5.248,65.62,114,1,30,6,1,9.674,4270.769,4328.056,4374.113,5237.730351973139
2025-01-19 02:00:00,4278.588,5,True,False,5.92,4.258,73.32000000000001,114,2,0,6,1,9.58,4196.177,4226.329,4326.077,5234.982872806472
2025-01-19 02:30:00,4250.626,6,True,False,6.018,5.036,63.339999999999996,114,2,30,6,1,9.482,4278.588,4376.931,4350.841,5236.071601973139
2025-01-19 03:00:00,4359.741,7,True,False,5.244,4.362,42.339999999999996,114,3,0,6,1,10.256,4250.626,4338.137,4420.273,5233.440247806472
2025-01-19 03:30:00,4399.202,8,True,False,4.898000000000001,4.204,57.98,114,3,30,6,1,10.602,4359.741,4405.537,4366.824,5233.890331139805
2025-01-19 04:00:00,4396.578,9,True,False,3.9120000000000004,2.81,59.6,114,4,0,6,1,11.588,4399.202,4489.484,4589.139,5233.758351973139
2025-01-19 04:30:00,4533.68,10,True,False,5.3839999999999995,4.612,53.54,114,4,30,6,1,10.116,4396.578,4494.014,4618.102,5231.822810306472
2025-01-19 05:00:00,4738.213,11,True,False,3.316,4.664,48.58,114,5,0,6,1,12.184000000000001,4533.68,4780.494,4774.649,5232.649185306472
2025-01-19 05:30:00,4859.732,12,True,False,4.756,3.56,52.17999999999999,114,5,30,6,1,10.744,4738.213,4880.314,5042.127,5231.768331139805
2025-01-19 06:00:00,5180.014,13,True,False,4.128,3.5060000000000002,52.35999999999999,114,6,0,6,1,11.372,4859.732,5203.893,5180.298,5231.339539473139
2025-01-19 06:30:00,5431.971,14,True,False,3.6159999999999997,3.6020000000000003,51.720000000000006,114,6,30,6,1,11.884,5180.014,5393.454,5479.04,5230.842060306472
2025-01-19 07:00:00,5734.239,15,True,False,3.6659999999999995,3.882,74.6,114,7,0,6,1,11.834,5431.971,5791.1,5791.195,5231.644497806472
2025-01-19 07:30:00,5989.183,16,True,False,4.514,3.2039999999999997,60.67999999999999,114,7,30,6,1,10.986,5734.239,6012.699,6068.126,5230.459893639805
2025-01-19 08:00:00,6310.557,17,True,False,3.4480000000000004,3.722,74.34,114,8,0,6,1,12.052,5989.183,6330.68,6315.153,5229.969976973139
2025-01-19 08:30:00,6582.128,18,True,False,2.7600000000000002,3.38,64.72,114,8,30,6,1,12.74,6310.557,6486.992,6506.213,5229.550747806471
2025-01-19 09:00:00,6613.7,19,True,False,3.4019999999999997,2.186,50.78,114,9,0,6,1,12.098,6582.128,6433.954,6440.657,5231.532747806471
2025-01-19 09:30:00,6472.482,20,True,False,3.9539999999999997,5.758,50.54,114,9,30,6,1,11.546,6613.7,6589.681,6551.289,5235.277456139805
2025-01-19 10:00:00,6324.065,21,True,False,4.304,4.254,53.67999999999999,114,10,0,6,1,11.196,6472.482,6319.856,6401.875,5232.835810306472
2025-01-19 10:30:00,6176.605,22,True,False,2.9219999999999997,5.174,75.92,114,10,30,6,1,12.578,6324.065,6155.084,6076.788,5232.9234978064715
2025-01-19 11:00:00,5849.647,23,True,False,3.8260000000000005,4.684,54.879999999999995,114,11,0,6,1,11.674,6176.605,5923.633,5878.033,5233.371851973138
2025-01-19 11:30:00,5661.2119999999995,24,True,False,3.7960000000000003,5.180000000000001,50.54,114,11,30,6,1,11.704,5849.647,5602.468,5659.188,5231.8304769731385
2025-01-19 12:00:00,5490.385,25,True,False,3.5,3.2359999999999998,52.94,114,12,0,6,1,12.0,5661.2119999999995,5410.644,5417.492,5233.054310306472
2025-01-19 12:30:00,5311.9220000000005,26,True,False,4.9479999999999995,3.102,59.04,114,12,30,6,1,10.552,5490.385,5367.951,5383.746,5234.715581139805
2025-01-19 13:00:00,5280.33,27,True,False,5.308,4.264,62.86,114,13,0,6,1,10.192,5311.9220000000005,5149.344,5310.204,5233.548310306472
2025-01-19 13:30:00,5240.741,28,True,False,4.978,3.5980000000000003,74.08,114,13,30,6,1,10.522,5280.33,5306.855,5341.419,5236.277185306472
2025-01-19 14:00:00,5230.342,29,True,False,6.276,4.332,58.4,114,14,0,6,1,9.224,5240.741,5375.75,5415.936,5234.899810306472
2025-01-19 14:30:00,5447.958,30,True,False,5.458,3.746,48.78,114,14,30,6,1,10.042,5230.342,5569.338,5435.702,5231.8704769731385
2025-01-19 15:00:00,5653.252,31,True,False,5.8,4.808,53.879999999999995,114,15,0,6,1,9.7,5447.958,5665.975,5472.595,5229.341726973139
2025-01-19 15:30:00,5754.427,32,True,False,5.6899999999999995,4.0840000000000005,71.6,114,15,30,6,1,9.81,5653.252,5713.038,5777.241,5229.076664473138
2025-01-19 16:00:00,5872.658,33,True,False,6.036,5.322,48.08,114,16,0,6,1,9.464,5754.427,5811.47,5798.225,5229.938935306472
2025-01-19 16:30:00,5943.581,34,True,False,5.938,4.0920000000000005,69.22,114,16,30,6,1,9.562000000000001,5872.658,5930.441,5971.099,5231.213685306472
2025-01-19 17:00:00,5812.687,35,True,False,7.224000000000001,3.246,64.38,114,17,0,6,1,8.276,5943.581,5846.319,5825.343,5231.4874353064715
2025-01-19 17:30:00,5785.224,36,True,False,7.4079999999999995,5.228,56.46,114,17,30,6,1,8.092,5812.687,5882.921,5822.97,5230.786768639805
2025-01-19 18:00:00,5792.487,37,True,False,6.556,4.628,52.739999999999995,114,18,0,6,1,8.943999999999999,5785.224,5687.682,5747.085,5228.7514144731385
2025-01-19 18:30:00,5545.294,38,True,False,7.546000000000001,3.528,48.620000000000005,114,18,30,6,1,7.953999999999999,5792.487,5936.85489471065,5687.332,5230.934851973138
2025-01-19 19:00:00,5378.757,39,True,False,8.204,4.134,61.9,114,19,0,6,1,7.295999999999999,5545.294,5439.035,5360.835,5222.777333333333
2025-01-19 19:30:00,5210.311,40,True,False,7.1739999999999995,3.7439999999999998,67.9,114,19,30,6,1,8.326,5378.757,5265.267,5286.051,5221.521541666667
2025-01-19 20:00:00,5052.614,41,True,False,7.668000000000001,3.9159999999999995,58.660000000000004,114,20,0,6,1,7.831999999999999,5210.311,5087.083,5159.632,5220.376625
2025-01-19 20:30:00,4798.909,42,True,False,8.038,3.1879999999999997,67.5,114,20,30,6,1,7.462,5052.614,4838.892,4899.687,5219.658520833334
2025-01-19 21:00:00,4711.078,43,True,False,7.404000000000001,4.1579999999999995,65.74000000000001,114,21,0,6,1,8.096,4798.909,4811.746,4713.9,5218.825541666666
2025-01-19 21:30:00,4642.238,44,True,False,7.343999999999999,2.812,56.339999999999996,114,21,30,6,1,8.156,4711.078,4623.563,4575.661,5216.728291666666
2025-01-19 22:00:00,4579.228,45,True,False,6.824000000000001,4.668,56.86,114,22,0,6,1,8.675999999999998,4642.238,4387.624,4578.213,5217.117354166667
2025-01-19 22:30:00,4484.101,46,True,False,6.544,5.534000000000001,51.14,114,22,30,6,1,8.956,4579.228,4334.089,4443.863,5221.109104166667
2025-01-19 23:00:00,4342.57,47,True,False,7.272,3.7340000000000004,56.739999999999995,114,23,0,6,1,8.228,4484.101,4339.609,4337.029,5224.234354166667
2025-01-19 23:30:00,4283.849,48,True,False,6.994,5.112,55.419999999999995,114,23,30,6,1,8.506,4342.57,4390.032,4446.45945594506,5224.296041666667
2025-01-20 00:00:00,5331.392,1,False,False,6.162,3.7060000000000004,50.0,114,0,0,0,1,9.338000000000001,4283.849,4178.715,5283.89,5222.083895833333
2025-01-20 00:30:00,5276.288,2,False,False,6.998,4.056,57.86,114,0,30,0,1,8.501999999999999,5331.392,4227.26,5392.960986829387,5246.098
2025-01-20 01:00:00,5310.946,3,False,False,6.692,4.273999999999999,57.3,114,1,0,0,1,8.808,5276.288,4270.769,5341.993,5267.9527499999995
2025-01-20 01:30:00,5294.426,4,False,False,5.742,3.226,44.46,114,1,30,0,1,9.758,5310.946,4196.177,5475.231,5289.623104166666
2025-01-20 02:00:00,5328.148,5,False,False,5.51,3.8980000000000006,49.82,114,2,0,0,1,9.99,5294.426,4278.588,5422.457,5312.503291666667
2025-01-20 02:30:00,5391.615,6,False,False,5.779999999999999,5.718,68.7,114,2,30,0,1,9.72,5328.148,4250.626,5353.226,5334.369125
2025-01-20 03:00:00,5351.974,7,False,False,5.436,3.696,68.32000000000001,114,3,0,0,1,10.064,5391.615,4359.741,5456.753,5358.139729166666
2025-01-20 03:30:00,5497.429,8,False,False,4.694,3.96,64.55999999999999,114,3,30,0,1,10.806000000000001,5351.974,4399.202,5435.872,5378.81125
2025-01-20 04:00:00,5557.148,9,False,False,4.734,4.606,78.5,114,4,0,0,1,10.766,5497.429,4396.578,5559.247,5401.690979166667
2025-01-20 04:30:00,5690.228,10,False,False,4.768,4.404,73.3,114,4,30,0,1,10.732,5557.148,4533.68,5750.366,5425.869520833333
2025-01-20 05:00:00,5853.145,11,False,False,3.5200000000000005,2.616,68.24,114,5,0,0,1,11.98,5690.228,4738.213,5945.608,5449.964270833333
2025-01-20 05:30:00,6106.301,12,False,False,4.368,1.918,54.02,114,5,30,0,1,11.132,5853.145,4859.732,6021.911,5473.192020833333
2025-01-20 06:00:00,6353.321,13,False,False,4.322,3.248,61.14,114,6,0,0,1,11.178,6106.301,5180.014,6346.46,5499.162208333332
2025-01-20 06:30:00,6747.381,14,False,False,3.436,4.136,66.2,114,6,30,0,1,12.064,6353.321,5431.971,6861.85,5523.606104166666
2025-01-20 07:00:00,7257.254,15,False,False,3.3560000000000003,4.928,61.779999999999994,114,7,0,0,1,12.144,6747.381,5734.239,7164.718,5551.010479166667
2025-01-20 07:30:00,7566.166,16,False,False,3.5340000000000003,4.454,55.0,114,7,30,0,1,11.966,7257.254,5989.183,7621.325,5582.739958333333
2025-01-20 08:00:00,7837.676,17,False,False,4.0520000000000005,3.812,58.56,114,8,0,0,1,11.448,7566.166,6310.557,7793.121,5615.593770833333
2025-01-20 08:30:00,8123.1900000000005,18,False,False,3.082,2.91,61.7,114,8,30,0,1,12.418,7837.676,6582.128,8046.075,5647.40875
2025-01-20 09:00:00,8188.0689999999995,19,False,False,3.304,3.748,64.84,114,9,0,0,1,12.196,8123.1900000000005,6613.7,8274.687,5679.514208333334
2025-01-20 09:30:00,8218.802,20,False,False,3.0300000000000002,3.2699999999999996,54.9,114,9,30,0,1,12.469999999999999,8188.0689999999995,6472.482,8135.286,5712.3135624999995
2025-01-20 10:00:00,7927.711,21,False,False,3.404,3.1,65.76,114,10,0,0,1,12.096,8218.802,6324.065,8017.462,5748.695229166667
2025-01-20 10:30:00,7641.656,22,False,False,4.796,4.642,69.03999999999999,114,10,30,0,1,10.704,7927.711,6176.605,7564.754,5782.1045208333335
2025-01-20 11:00:00,7484.623,23,False,False,3.064,2.974,52.02,114,11,0,0,1,12.436,7641.656,5849.647,7364.583,5812.626416666666
2025-01-20 11:30:00,7040.301,24,False,False,4.242,4.284000000000001,52.98,114,11,30,0,1,11.258,7484.623,5661.2119999999995,7016.697,5846.688416666667
2025-01-20 12:00:00,6810.182,25,False,False,4.232,2.842,52.54,114,12,0,0,1,11.268,7040.301,5490.385,6818.017,5875.419437500001
2025-01-20 12:30:00,6663.979,26,False,False,4.008,4.708,62.0,114,12,30,0,1,11.492,6810.182,5311.9220000000005,6637.9220000000005,5902.915208333333
2025-01-20 13:00:00,6617.966,27,False,False,4.4079999999999995,4.246,63.92,114,13,0,0,1,11.092,6663.979,5280.33,6528.879,5931.083062499999
2025-01-20 13:30:00,6494.668,28,False,False,6.58,4.973999999999999,50.0,114,13,30,0,1,8.92,6617.966,5240.741,6654.47,5958.950479166667
2025-01-20 14:00:00,6685.17,29,False,False,5.878,3.12,68.48,114,14,0,0,1,9.622,6494.668,5230.342,6739.075,5985.073958333333
2025-01-20 14:30:00,6878.776,30,False,False,5.228,3.7879999999999994,56.58,114,14,30,0,1,10.272,6685.17,5447.958,6863.616,6015.382874999999
2025-01-20 15:00:00,6980.811,31,False,False,6.8759999999999994,4.38,57.36,114,15,0,0,1,8.624,6878.776,5653.252,6976.095,6045.191583333333
2025-01-20 15:30:00,7176.377,32,False,False,5.9,3.4979999999999998,60.4,114,15,30,0,1,9.6,6980.811,5754.427,7184.85,6072.8490625
2025-01-20 16:00:00,7344.624,33,False,False,6.69,2.652,53.279999999999994,114,16,0,0,1,8.809999999999999,7176.377,5872.658,7294.43,6102.473020833332
2025-01-20 16:30:00,7268.729,34,False,False,7.108,2.4939999999999998,52.54,114,16,30,0,1,8.392,7344.624,5943.581,7389.663,6133.138979166666
2025-01-20 17:00:00,7310.7,35,False,False,7.756,3.08,72.32000000000001,114,17,0,0,1,7.744,7268.729,5812.687,7406.049,6160.746229166666
2025-01-20 17:30:00,7309.229,36,False,False,7.209999999999999,3.9840000000000004,57.82000000000001,114,17,30,0,1,8.290000000000001,7310.7,5785.224,7469.373,6191.954833333333
2025-01-20 18:00:00,7165.37,37,False,False,7.25,5.116,58.96,114,18,0,0,1,8.25,7309.229,5792.487,7296.368,6223.7049375
2025-01-20 18:30:00,7123.65,38,False,False,6.603999999999999,2.914,50.059999999999995,114,18,30,0,1,8.896,7165.37,5545.294,7064.786,6252.306666666666
2025-01-20 19:00:00,6888.347,39,False,False,7.840000000000001,3.7700000000000005,54.160000000000004,114,19,0,0,1,7.659999999999999,7123.65,5378.757,6876.756,6285.189083333334
2025-01-20 19:30:00,6603.6720000000005,40,False,False,6.646000000000001,2.794,62.86,114,19,30,0,1,8.854,6888.347,5210.311,6632.269,6316.638875000001
2025-01-20 20:00:00,6353.414,41,False,False,8.028,4.976000000000001,59.720000000000006,114,20,0,0,1,7.4719999999999995,6603.6720000000005,5052.614,6450.0070000000005,6345.667229166666
2025-01-20 20:30:00,6146.775,42,False,False,8.193999999999999,3.492,68.34,114,20,30,0,1,7.306000000000001,6353.414,4798.909,6007.504,6372.767229166668
2025-01-20 21:00:00,5910.577,43,False,False,8.22,3.914,62.64,114,21,0,0,1,7.279999999999999,6146.775,4711.078,5982.313,6400.847770833333
2025-01-20 21:30:00,5718.052,44,False,False,7.62,4.886,68.84,114,21,30,0,1,7.88,5910.577,4642.238,5706.651,6425.837333333333
2025-01-20 22:00:00,5568.814,45,False,False,6.814,3.406,75.72,114,22,0,0,1,8.686,5718.052,4579.228,5659.201,6448.250125
2025-01-20 22:30:00,5468.429,46,False,False,7.1739999999999995,3.7079999999999997,64.9,114,22,30,0,1,8.326,5568.814,4484.101,5533.031,6468.8665
2025-01-20 23:00:00,5379.633,47,False,False,6.747999999999999,4.3759999999999994,48.08,114,23,0,0,1,8.752,5468.429,4342.57,5489.342,6489.373333333334
2025-01-20 23:30:00,5303.95,48,False,False,7.406000000000001,2.566,50.839999999999996,114,23,30,0,1,8.094,5379.633,4283.849,5349.566,6510.9788125000005
2025-01-21 00:00:00,5223.9800000000005,1,False,False,7.234,3.4200000000000004,60.6,114,0,0,1,1,8.266,5303.95,5331.392,5185.556,6532.230916666666
2025-01-21 00:30:00,5327.854,2,False,False,5.970000000000001,4.174,70.86,114,0,30,1,1,9.53,5223.9800000000005,5276.288,5388.255,6529.993166666666
2025-01-21 01:00:00,5323.002,3,False,False,6.082,3.254,58.96,114,1,0,1,1,9.418,5327.854,5310.946,5396.987,6531.067458333332
2025-01-21 01:30:00,5246.6630000000005,4,False,False,7.26,3.808,66.62,114,1,30,1,1,8.24,5323.002,5294.426,5365.478,6531.318625
2025-01-21 02:00:00,5247.893,5,False,False,5.936,3.2840000000000003,67.96000000000001,114,2,0,1,1,9.564,5246.6630000000005,5328.148,5339.196,6530.323562500001
2025-01-21 02:30:00,5329.025,6,False,False,5.55,4.534000000000001,58.779999999999994,114,2,30,1,1,9.95,5247.893,5391.615,5331.616,6528.651583333333
2025-01-21 03:00:00,5370.472,7,False,False,5.6259999999999994,3.564,59.5,114,3,0,1,1,9.874,5329.025,5351.974,5510.373,6527.347625000001
2025-01-21 03:30:00,5448.22,8,False,False,5.0840000000000005,4.234,61.08,114,3,30,1,1,10.416,5370.472,5497.429,5486.143,6527.733
2025-01-21 04:00:00,5576.759,9,False,False,3.992,3.7600000000000002,55.5,114,4,0,1,1,11.508,5448.22,5557.148,5590.571,6526.7078125
2025-01-21 04:30:00,5698.695,10,False,False,4.76,4.093999999999999,62.279999999999994,114,4,30,1,1,10.74,5576.759,5690.228,5770.015,6527.1163750000005
2025-01-21 05:00:00,5851.147,11,False,False,5.086,3.1740000000000004,66.12,114,5,0,1,1,10.414,5698.695,5853.145,5940.182,6527.292770833334
2025-01-21 05:30:00,6099.61,12,False,False,4.994000000000001,5.07,53.339999999999996,114,5,30,1,1,10.506,5851.147,6106.301,6161.283,6527.251145833333
2025-01-21 06:00:00,6509.9310000000005,13,False,False,3.55,4.702,68.42,114,6,0,1,1,11.95,6099.61,6353.321,6475.063,6527.11175
2025-01-21 06:30:00,6843.2119999999995,14,False,False,3.4120000000000004,3.6439999999999997,51.86,114,6,30,1,1,12.088,6509.9310000000005,6747.381,6890.639,6530.374458333333
2025-01-21 07:00:00,7187.1720000000005,15,False,False,3.636,3.5660000000000003,62.8,114,7,0,1,1,11.864,6843.2119999999995,7257.254,7211.903,6532.3709375
2025-01-21 07:30:00,7647.218,16,False,False,2.9840000000000004,4.358,68.97999999999999,114,7,30,1,1,12.516,7187.1720000000005,7566.166,7649.268,6530.910895833334
2025-01-21 08:00:00,7954.821,17,False,False,3.4659999999999997,4.023999999999999,60.17999999999999,114,8,0,1,1,12.034,7647.218,7837.676,7892.238,6532.599479166667
2025-01-21 08:30:00,8106.416,18,False,False,4.17,3.116,61.120000000000005,114,8,30,1,1,11.33,7954.821,8123.1900000000005,8155.734,6535.04
2025-01-21 09:00:00,8196.006,19,False,False,3.314,3.4899999999999998,62.120000000000005,114,9,0,1,1,12.186,8106.416,8188.0689999999995,8698.777993375566,6534.690541666667
2025-01-21 09:30:00,8135.692,20,False,False,3.086,3.4339999999999997,68.46,114,9,30,1,1,12.414,8196.006,8218.802,8122.195,6534.855895833334
2025-01-21 10:00:00,7987.903,21,False,False,3.936,4.482,67.08,114,10,0,1,1,11.564,8135.692,7927.711,7993.925,6533.1244375
2025-01-21 10:30:00,7648.176,22,False,False,4.0920000000000005,5.7780000000000005,59.14,114,10,30,1,1,11.408,7987.903,7641.656,7720.634,6534.3784375
2025-01-21 11:00:00,7288.3099999999995,23,False,False,4.006,2.466,48.6,114,11,0,1,1,11.494,7648.176,7484.623,7346.961,6534.514270833333
2025-01-21 11:30:00,7172.841,24,False,False,3.54,2.668,69.84,114,11,30,1,1,11.96,7288.3099999999995,7040.301,7081.512,6530.424416666668
2025-01-21 12:00:00,6769.509,25,False,False,5.692,3.7399999999999998,65.02000000000001,114,12,0,1,1,9.808,7172.841,6810.182,6831.294,6533.185666666665
2025-01-21 12:30:00,6601.631,26,False,False,5.098000000000001,4.288,57.0,114,12,30,1,1,10.402,6769.509,6663.979,6621.769,6532.3383125
2025-01-21 13:00:00,6539.943,27,False,False,5.4159999999999995,4.792,62.38000000000001,114,13,0,1,1,10.084,6601.631,6617.966,6580.435,6531.039395833333
2025-01-21 13:30:00,6528.306,28,False,False,4.662000000000001,3.7,70.26,114,13,30,1,1,10.838,6539.943,6494.668,6492.182,6529.413916666667
2025-01-21 14:00:00,6658.773,29,False,False,5.622,3.3880000000000003,70.41999999999999,114,14,0,1,1,9.878,6528.306,6685.17,6715.132,6530.1147083333335
2025-01-21 14:30:00,6889.0,30,False,False,5.252,4.612,46.72,114,14,30,1,1,10.248000000000001,6658.773,6878.776,6859.803,6529.564770833334
2025-01-21 15:00:00,6982.964,31,False,False,6.154,5.39,58.239999999999995,114,15,0,1,1,9.346,6889.0,6980.811,7169.262486114634,6529.777770833333
2025-01-21 15:30:00,7147.445,32,False,False,6.853999999999999,5.078,70.64,114,15,30,1,1,8.646,6982.964,7176.377,7121.14,6529.822625000001
2025-01-21 16:00:00,7153.358,33,False,False,7.544,4.422,51.760000000000005,114,16,0,1,1,7.956,7147.445,7344.624,7265.442,6529.219875
2025-01-21 16:30:00,7306.693,34,False,False,7.456,3.058,42.86,114,16,30,1,1,8.044,7153.358,7268.729,7425.037,6525.235166666666
2025-01-21 17:00:00,7299.835,35,False,False,6.343999999999999,5.048,59.660000000000004,114,17,0,1,1,9.156,7306.693,7310.7,7384.383,6526.026083333334
2025-01-21 17:30:00,7319.087,36,False,False,7.095999999999999,3.614,41.86,114,17,30,1,1,8.404,7299.835,7309.229,7502.198,6525.799729166666
2025-01-21 18:00:00,7155.196,37,False,False,8.488,3.162,68.28,114,18,0,1,1,7.0120000000000005,7319.087,7165.37,7159.861,6526.005104166667
2025-01-21 18:30:00,7091.8679999999995,38,False,False,6.8420000000000005,4.382,57.86,114,18,30,1,1,8.658,7155.196,7123.65,7510.624335769195,6525.793145833334
2025-01-21 19:00:00,6732.526,39,False,False,8.294,2.58,60.64,114,19,0,1,1,7.2059999999999995,7091.8679999999995,6888.347,6754.39,6525.131020833333
2025-01-21 19:30:00,6706.979,40,False,False,7.048,4.788,64.22,114,19,30,1,1,8.452,6732.526,6603.6720000000005,6594.753,6521.88475
2025-01-21 20:00:00,6270.024,41,False,False,7.903999999999999,4.034000000000001,66.53999999999999,114,20,0,1,1,7.596000000000001,6706.979,6353.414,6399.329,6524.036979166666
2025-01-21 20:30:00,6201.994,42,False,False,6.696000000000001,4.622,68.64,114,20,30,1,1,8.803999999999998,6270.024,6146.775,6247.783,6522.2996875
2025-01-21 21:00:00,5857.81,43,False,False,7.696000000000001,3.8840000000000003,65.74,114,21,0,1,1,7.803999999999999,6201.994,5910.577,5902.393,6523.450083333333
2025-01-21 21:30:00,5681.269,44,False,False,7.909999999999999,4.2,58.739999999999995,114,21,30,1,1,7.590000000000001,5857.81,5718.052,5744.641,6522.3507708333345
2025-01-21 22:00:00,5563.007,45,False,False,7.848000000000001,4.05,58.36,114,22,0,1,1,7.651999999999999,5681.269,5568.814,5576.545,6521.584458333334
2025-01-21 22:30:00,5509.792,46,False,False,7.286,4.506,64.97999999999999,114,22,30,1,1,8.214,5563.007,5468.429,5514.919,6521.463479166666
2025-01-21 23:00:00,5415.464,47,False,False,8.096,4.226,52.32000000000001,114,23,0,1,1,7.404,5509.792,5379.633,5450.482,6522.325208333333
2025-01-21 23:30:00,5312.3099999999995,48,False,False,7.184,3.972,61.4,114,23,30,1,1,8.315999999999999,5415.464,5303.95,5388.418,6523.0716875
2025-01-22 00:00:00,5193.977,1,False,False,6.952,3.2560000000000002,58.42,114,0,0,2,1,8.548,5312.3099999999995,5223.9800000000005,5276.181,6523.2458541666665
2025-01-22 00:30:00,5224.689,2,False,False,6.816,5.14,56.4,114,0,30,2,1,8.684000000000001,5193.977,5327.854,5268.97,6522.620791666667
2025-01-22 01:00:00,5265.953,3,False,False,6.112,4.058,63.82000000000001,114,1,0,2,1,9.388,5224.689,5323.002,5330.664,6520.471520833334
2025-01-22 01:30:00,5310.478,4,False,False,6.258,4.55,62.720000000000006,114,1,30,2,1,9.242,5265.953,5246.6630000000005,5315.228,6519.282999999999
2025-01-22 02:00:00,5322.989,5,False,False,5.734,3.38,57.220000000000006,114,2,0,2,1,9.766,5310.478,5247.893,5304.953,6520.612479166666
2025-01-22 02:30:00,5323.788,6,False,False,6.09,2.882,59.6,114,2,30,2,1,9.41,5322.989,5329.025,5459.81,6522.176979166667
2025-01-22 03:00:00,5284.963,7,False,False,5.36,4.84,64.5,114,3,0,2,1,10.14,5323.788,5370.472,5457.629,6522.067875
2025-01-22 03:30:00,5468.3460000000005,8,False,False,4.8340000000000005,4.718,55.4,114,3,30,2,1,10.666,5284.963,5448.22,5484.526,6520.286437499999
2025-01-22 04:00:00,5493.676,9,False,False,4.846,5.486,68.32000000000001,114,4,0,2,1,10.654,5468.3460000000005,5576.759,5620.422,6520.705729166667
2025-01-22 04:30:00,5476.48,10,False,False,5.704,4.984,61.720000000000006,114,4,30,2,1,9.796,5493.676,5698.695,5640.822,6518.974833333333
2025-01-22 05:00:00,5859.47,11,False,False,4.554,3.474,52.17999999999999,114,5,0,2,1,10.946,5476.48,5851.147,5890.722,6514.345354166667
2025-01-22 05:30:00,6111.47,12,False,False,4.654,5.194,64.74,114,5,30,2,1,10.846,5859.47,6099.61,6112.494,6514.518749999999
2025-01-22 06:00:00,6460.399,13,False,False,4.096,5.418,62.2,114,6,0,2,1,11.404,6111.47,6509.9310000000005,6397.442,6514.765833333334
2025-01-22 06:30:00,6854.0960000000005,14,False,False,3.6740000000000004,3.076,61.56,114,6,30,2,1,11.826,6460.399,6843.2119999999995,6834.918,6513.733916666667
2025-01-22 07:00:00,7165.16,15,False,False,4.734,3.088,87.02000000000001,114,7,0,2,1,10.766,6854.0960000000005,7187.1720000000005,7216.994,6513.960666666667
2025-01-22 07:30:00,7554.688,16,False,False,3.97,4.8420000000000005,58.879999999999995,114,7,30,2,1,11.53,7165.16,7647.218,7625.556,6513.502083333333
2025-01-22 08:00:00,7873.964,17,False,False,3.1399999999999997,4.601999999999999,72.96000000000001,114,8,0,2,1,12.36,7554.688,7954.821,7971.546,6511.574375
2025-01-22 08:30:00,8119.735,18,False,False,3.242,3.5340000000000003,56.0,114,8,30,2,1,12.258,7873.964,8106.416,8094.621,6509.889854166667
2025-01-22 09:00:00,8191.787,19,False,False,3.822,2.566,48.7,114,9,0,2,1,11.678,8119.735,8196.006,8220.869,6510.167333333334
2025-01-22 09:30:00,8043.584,20,False,False,4.232,4.686,61.760000000000005,114,9,30,2,1,11.268,8191.787,8135.692,8151.554,6510.0794375
2025-01-22 10:00:00,7903.138,21,False,False,3.844,3.07,59.06,114,10,0,2,1,11.656,8043.584,7987.903,7858.0869999999995,6508.160520833334
2025-01-22 10:30:00,7539.709,22,False,False,4.672,4.738,77.38,114,10,30,2,1,10.828,7903.138,7648.176,7758.616,6506.394583333334
2025-01-22 11:00:00,7382.444,23,False,False,3.6719999999999997,3.87,65.67999999999999,114,11,0,2,1,11.828,7539.709,7288.3099999999995,7403.906,6504.134854166667
2025-01-22 11:30:00,7098.342,24,False,False,4.272,4.396,66.62,114,11,30,2,1,11.228,7382.444,7172.841,6996.769,6506.0959791666655
2025-01-22 12:00:00,6929.481745425195,25,False,False,4.748,3.1740000000000004,55.9,114,12,0,2,1,10.751999999999999,7098.342,6769.509,6837.18,6504.5439166666665
2025-01-22 12:30:00,6637.107,26,False,False,4.804,3.4160000000000004,53.02,114,12,30,2,1,10.696,6929.481745425195,6601.631,6683.121,6507.876682196358
2025-01-22 13:00:00,6504.672,27,False,False,4.996,2.4299999999999997,66.55999999999999,114,13,0,2,1,10.504,6637.107,6539.943,6538.455,6508.615765529692
2025-01-22 13:30:00,6567.582,28,False,False,5.284,4.818,56.17999999999999,114,13,30,2,1,10.216000000000001,6504.672,6528.306,6623.238,6507.88095302969
2025-01-22 14:00:00,6613.204,29,False,False,5.878,2.832,66.78,114,14,0,2,1,9.622,6567.582,6658.773,6690.284,6508.699203029692
2025-01-22 14:30:00,6852.615,30,False,False,5.348000000000001,4.151999999999999,55.54,114,14,30,2,1,10.152,6613.204,6889.0,6869.523,6507.749848863025
2025-01-22 15:00:00,7004.129,31,False,False,6.57,3.774,57.54,114,15,0,2,1,8.93,6852.615,6982.964,6992.809,6506.9918280296915
2025-01-22 15:30:00,6992.809,32,False,False,6.9159999999999995,3.5480000000000005,63.17999999999999,114,15,30,2,1,8.584,7004.129,7147.445,7216.617,6507.432765529691
2025-01-22 16:00:00,7223.983,33,False,False,7.081999999999999,4.652,57.52,114,16,0,2,1,8.418000000000001,6992.809,7153.358,7305.869,6504.211182196359
2025-01-22 16:30:00,7436.732,34,False,False,6.630000000000001,2.404,48.32,114,16,30,2,1,8.87,7223.983,7306.693,7472.605,6505.682536363026
2025-01-22 17:00:00,7334.002,35,False,False,6.9959999999999996,4.534000000000001,60.3,114,17,0,2,1,8.504000000000001,7436.732,7299.835,7388.484,6508.391682196358
2025-01-22 17:30:00,7371.28,36,False,False,7.4,3.818,49.36,114,17,30,2,1,8.1,7334.002,7319.087,7478.481,6509.103494696359
2025-01-22 18:00:00,7225.927,37,False,False,7.162000000000001,5.628,51.839999999999996,114,18,0,2,1,8.338,7371.28,7155.196,7340.24,6510.190848863025
2025-01-22 18:30:00,7023.485,38,False,False,7.728,3.3560000000000003,70.42,114,18,30,2,1,7.772,7225.927,7091.8679999999995,7202.806,6511.664411363025
2025-01-22 19:00:00,6785.462,39,False,False,7.414,3.376,71.84,114,19,0,2,1,8.086,7023.485,6732.526,6765.835,6510.239765529692
2025-01-22 19:30:00,6553.127,40,False,False,7.548,4.128,65.24,114,19,30,2,1,7.952,6785.462,6706.979,6659.623,6511.342598863025
2025-01-22 20:00:00,6389.874,41,False,False,7.214,5.811999999999999,73.03999999999999,114,20,0,2,1,8.286,6553.127,6270.024,6354.105,6508.137348863024
2025-01-22 20:30:00,6007.95,42,False,False,8.218,4.954,65.2,114,20,30,2,1,7.282,6389.874,6201.994,5976.07,6510.634223863024
2025-01-22 21:00:00,5940.675,43,False,False,7.492,3.508,69.46000000000001,114,21,0,2,1,8.008,6007.95,5857.81,5935.992,6506.591640529692
2025-01-22 21:30:00,5744.995,44,False,False,7.2299999999999995,2.068,61.3,114,21,30,2,1,8.27,5940.675,5681.269,5712.467,6508.317994696358
2025-01-22 22:00:00,5566.836,45,False,False,7.794,4.106,53.48,114,22,0,2,1,7.706,5744.995,5563.007,5590.995,6509.645619696358
2025-01-22 22:30:00,5436.805,46,False,False,7.32,4.04,66.66,114,22,30,2,1,8.18,5566.836,5509.792,5476.104,6509.725390529692
2025-01-22 23:00:00,5347.441,47,False,False,6.93,2.978,53.739999999999995,114,23,0,2,1,8.57,5436.805,5415.464,5489.059,6508.204828029691
2025-01-22 23:30:00,5323.704,48,False,False,7.508,3.9859999999999998,52.58,114,23,30,2,1,7.992,5347.441,5312.3099999999995,5449.409,6506.787682196358
2025-01-23 00:00:00,5253.036,1,False,False,6.667,4.587999999999999,60.8,114,0,0,3,1,8.833,5323.704,5193.977,5234.773,6507.025057196359
2025-01-23 00:30:00,5251.046,2,False,False,6.372,3.496,56.3,114,0,30,3,1,9.128,5253.036,5224.689,5202.178,6508.255453029692
2025-01-23 01:00:00,5301.112,3,False,False,6.276,4.384,71.94,114,1,0,3,1,9.224,5251.046,5265.953,5260.689,6508.8045571963585
2025-01-23 01:30:00,5291.447,4,False,False,5.851999999999999,4.5,64.4,114,1,30,3,1,9.648,5301.112,5310.478,5381.264,6509.537036363025
2025-01-23 02:00:00,5313.42,5,False,False,6.314,4.82,68.38,114,2,0,3,1,9.186,5291.447,5322.989,5386.552,6509.140557196359
2025-01-23 02:30:00,5312.335,6,False,False,6.12,2.46,73.94,114,2,30,3,1,9.379999999999999,5313.42,5323.788,5290.667,6508.941203029692
2025-01-23 03:00:00,5321.458,7,False,False,5.896,5.2,67.9,114,3,0,3,1,9.604,5312.335,5284.963,5404.715,6508.702598863026
2025-01-23 03:30:00,5423.202,8,False,False,5.828,4.768,63.17999999999999,114,3,30,3,1,9.672,5321.458,5468.3460000000005,5439.873,6509.462911363025
2025-01-23 04:00:00,5537.838,9,False,False,4.616,4.364,53.9,114,4,0,3,1,10.884,5423.202,5493.676,5628.318,6508.522411363025
2025-01-23 04:30:00,5690.162,10,False,False,4.762,2.998,69.46000000000001,114,4,30,3,1,10.738,5537.838,5476.48,5713.322,6509.442453029692
2025-01-23 05:00:00,5919.219,11,False,False,4.398000000000001,4.316,54.260000000000005,114,5,0,3,1,11.102,5690.162,5859.47,5959.026,6513.894161363024
2025-01-23 05:30:00,6154.701,12,False,False,4.1,5.5,56.0,114,5,30,3,1,11.4,5919.219,6111.47,6188.613,6515.138932196359
2025-01-23 06:00:00,6297.005,13,False,False,3.7620000000000005,4.64,59.1,114,6,0,3,1,11.738,6154.701,6460.399,6386.528,6516.039578029692
2025-01-23 06:30:00,6741.277,14,False,False,4.6,3.2880000000000003,51.0,114,6,30,3,1,10.9,6297.005,6854.0960000000005,6819.27,6512.635536363025
2025-01-23 07:00:00,7180.383,15,False,False,4.396,5.098,65.8,114,7,0,3,1,11.104,6741.277,7165.16,7198.985,6510.285140529691
2025-01-23 07:30:00,7625.71,16,False,False,3.3200000000000003,4.9079999999999995,55.92,114,7,30,3,1,12.18,7180.383,7554.688,7549.192,6510.602286363025
2025-01-23 08:00:00,7847.726,17,False,False,4.2219999999999995,4.034000000000001,56.0,114,8,0,3,1,11.278,7625.71,7873.964,7968.933,6512.081911363025
2025-01-23 08:30:00,8070.385,18,False,False,4.64,3.2159999999999997,57.779999999999994,114,8,30,3,1,10.86,7847.726,8119.735,8064.198,6511.535286363025
2025-01-23 09:00:00,8161.833,19,False,False,3.872,4.434,72.97999999999999,114,9,0,3,1,11.628,8070.385,8191.787,8230.691,6510.507161363025
2025-01-23 09:30:00,8112.206,20,False,False,3.9659999999999997,4.892,61.660000000000004,114,9,30,3,1,11.534,8161.833,8043.584,8052.4130000000005,6509.883119696358
2025-01-23 10:00:00,7936.061,21,False,False,4.287999999999999,2.294,53.46,114,10,0,3,1,11.212,8112.206,7903.138,8030.504,6511.312744696358
2025-01-23 10:30:00,7638.66,22,False,False,4.366,3.9539999999999997,61.0,114,10,30,3,1,11.134,7936.061,7539.709,7814.783,6511.998640529691
2025-01-23 11:00:00,7333.952,23,False,False,3.8879999999999995,4.596,71.44,114,11,0,3,1,11.612,7638.66,7382.444,7355.075,6514.060119696358
2025-01-23 11:30:00,6985.708,24,False,False,3.9919999999999995,3.662,54.86,114,11,30,3,1,11.508000000000001,7333.952,7098.342,6995.113,6513.049869696359
2025-01-23 12:00:00,6785.634,25,False,False,4.368,3.964,53.52,114,12,0,3,1,11.132,6985.708,6929.481745425195,6759.554,6510.703328029692
2025-01-23 12:30:00,6500.275,26,False,False,6.4239999999999995,3.9159999999999995,66.06,114,12,30,3,1,9.076,6785.634,6637.107,6674.3369999999995,6507.7065
2025-01-23 13:00:00,6547.546,27,False,False,4.822,4.811999999999999,61.02,114,13,0,3,1,10.678,6500.275,6504.672,6476.848,6504.855833333332
2025-01-23 13:30:00,6760.067123286604,28,False,False,5.394,4.45,70.44,114,13,30,3,1,10.106,6547.546,6567.582,6619.473,6505.749041666667
2025-01-23 14:00:00,6690.156,29,False,False,5.484,2.992,51.96,114,14,0,3,1,10.016,6760.067123286604,6613.204,6633.168,6509.759148401804
2025-01-23 14:30:00,6826.348,30,False,False,6.002,4.348000000000001,65.32000000000001,114,14,30,3,1,9.498000000000001,6690.156,6852.615,6835.265,6511.362315068472
2025-01-23 15:00:00,7017.69,31,False,False,6.186,4.078,80.86,114,15,0,3,1,9.314,6826.348,7004.129,7041.464,6510.815085901805
2025-01-23 15:30:00,7088.003,32,False,False,7.128,4.644,46.220000000000006,114,15,30,3,1,8.372,7017.69,6992.809,7208.274,6511.097606735138
2025-01-23 16:00:00,7292.097,33,False,False,6.6739999999999995,4.1259999999999994,58.46,114,16,0,3,1,8.826,7088.003,7223.983,7296.111,6513.080815068471
2025-01-23 16:30:00,7410.519,34,False,False,6.008,4.726,61.46,114,16,30,3,1,9.492,7292.097,7436.732,7461.799,6514.499856735137
2025-01-23 17:00:00,7445.115,35,False,False,7.3260000000000005,3.8939999999999997,68.72,114,17,0,3,1,8.174,7410.519,7334.002,7436.569,6513.953752568472
2025-01-23 17:30:00,7338.5419999999995,36,False,False,7.056,4.3740000000000006,60.04,114,17,30,3,1,8.443999999999999,7445.115,7371.28,7367.197,6516.268606735138
2025-01-23 18:00:00,7179.518,37,False,False,8.786,4.4799999999999995,59.6,114,18,0,3,1,6.714,7338.5419999999995,7225.927,7289.382,6515.586565068471
2025-01-23 18:30:00,7078.673,38,False,False,7.638,4.114,53.720000000000006,114,18,30,3,1,7.862,7179.518,7023.485,7140.714,6514.619710901804
2025-01-23 19:00:00,6813.101,39,False,False,7.792,4.242,56.06,114,19,0,3,1,7.708,7078.673,6785.462,6930.773,6515.769460901804
2025-01-23 19:30:00,6621.202,40,False,False,6.7219999999999995,2.308,50.06,114,19,30,3,1,8.778,6813.101,6553.127,6597.376,6516.345273401804
2025-01-23 20:00:00,6419.347,41,False,False,6.898000000000001,5.128,54.739999999999995,114,20,0,3,1,8.602,6621.202,6389.874,6297.959,6517.763502568471
2025-01-23 20:30:00,6197.1,42,False,False,6.696000000000001,3.714,63.06,114,20,30,3,1,8.803999999999998,6419.347,6007.95,6195.724,6518.377523401804
2025-01-23 21:00:00,5851.929,43,False,False,8.629999999999999,4.216,52.56,114,21,0,3,1,6.870000000000001,6197.1,5940.675,6010.8460000000005,6522.318148401805
2025-01-23 21:30:00,5746.68,44,False,False,7.444,3.742,59.02,114,21,30,3,1,8.056000000000001,5851.929,5744.995,5726.318,6520.469273401805
2025-01-23 22:00:00,5646.558,45,False,False,8.014,4.65,56.94,114,22,0,3,1,7.486000000000001,5746.68,5566.836,5636.605,6520.504377568472
2025-01-23 22:30:00,5540.916,46,False,False,6.362,4.78,65.53999999999999,114,22,30,3,1,9.138,5646.558,5436.805,5490.445,6522.16525256847
2025-01-23 23:00:00,5369.506,47,False,False,7.748,4.0280000000000005,57.0,114,23,0,3,1,7.752,5540.916,5347.441,5389.184,6524.334231735138
2025-01-23 23:30:00,5440.856,48,False,False,5.88,2.2600000000000002,63.8,114,23,30,3,1,9.620000000000001,5369.506,5323.704,5314.274,6524.793919235138
2025-01-24 00:00:00,5230.323,1,False,False,7.0280000000000005,2.44,60.379999999999995,114,0,0,4,1,8.472,5440.856,5253.036,5255.781,6527.234585901803
2025-01-24 00:30:00,5177.345,2,False,False,7.225999999999999,3.122,48.879999999999995,114,0,30,4,1,8.274000000000001,5230.323,5251.046,5262.443,6526.7613984018035
2025-01-24 01:00:00,5360.949,3,False,False,5.704,4.1739999999999995,67.62,114,1,0,4,1,9.796,5177.345,5301.112,5261.95,6525.225960901804
2025-01-24 01:30:00,5298.1,4,False,False,6.925999999999999,3.306,64.2,114,1,30,4,1,8.574000000000002,5360.949,5291.447,5290.873,6526.47256506847
2025-01-24 02:00:00,5339.876,5,False,False,5.484,4.06,48.760000000000005,114,2,0,4,1,10.016,5298.1,5313.42,5269.19,6526.611169235137
2025-01-24 02:30:00,5245.571,6,False,False,6.508,5.136,57.14,114,2,30,4,1,8.992,5339.876,5312.335,5376.629,6527.162335901805
2025-01-24 03:00:00,5366.546,7,False,False,5.395999999999999,3.8880000000000003,63.3,114,3,0,4,1,10.104000000000001,5245.571,5321.458,5398.184,6525.771419235138
2025-01-24 03:30:00,5397.644,8,False,False,5.254,6.053999999999999,58.52,114,3,30,4,1,10.246,5366.546,5423.202,5400.456,6526.7107525684705
2025-01-24 04:00:00,5541.249,9,False,False,4.876,3.4240000000000004,45.64,114,4,0,4,1,10.623999999999999,5397.644,5537.838,5708.945,6526.178294235138
2025-01-24 04:30:00,5668.18,10,False,False,5.126,3.3280000000000003,72.02000000000001,114,4,30,4,1,10.373999999999999,5541.249,5690.162,5729.831,6526.249356735138
2025-01-24 05:00:00,5842.981,11,False,False,4.844,4.32,53.620000000000005,114,5,0,4,1,10.655999999999999,5668.18,5919.219,5964.018,6525.791398401805
2025-01-24 05:30:00,6198.91,12,False,False,3.3579999999999997,2.8240000000000003,63.739999999999995,114,5,30,4,1,12.142,5842.981,6154.701,6176.705,6524.203106735137
2025-01-24 06:00:00,6391.698,13,False,False,3.87,3.4519999999999995,59.06,114,6,0,4,1,11.629999999999999,6198.91,6297.005,6437.671,6525.124127568471
2025-01-24 06:30:00,6881.622,14,False,False,3.594,3.654,57.02,114,6,30,4,1,11.906,6391.698,6741.277,6819.956,6527.0968984018045
2025-01-24 07:00:00,7262.693,15,False,False,3.88,5.564,70.94,114,7,0,4,1,11.620000000000001,6881.622,7180.383,7218.177,6530.020752568471
2025-01-24 07:30:00,7517.975,16,False,False,4.2620000000000005,3.618,75.08,114,7,30,4,1,11.238,7262.693,7625.71,7553.292,6531.735544235137
2025-01-24 08:00:00,7913.454,17,False,False,3.2620000000000005,3.2619999999999996,55.760000000000005,114,8,0,4,1,12.238,7517.975,7847.726,7917.84,6529.49106506847
2025-01-24 08:30:00,8049.988,18,False,False,3.772,3.21,60.879999999999995,114,8,30,4,1,11.728,7913.454,8070.385,8197.526,6530.860398401805
2025-01-24 09:00:00,8229.562,19,False,False,3.7560000000000002,3.6199999999999997,66.06,114,9,0,4,1,11.744,8049.988,8161.833,8256.86,6530.435460901805
2025-01-24 09:30:00,8033.471,20,False,False,5.154,3.086,52.2,114,9,30,4,1,10.346,8229.562,8112.206,8191.618,6531.846481735138
2025-01-24 10:00:00,7946.978,21,False,False,3.626,3.7739999999999996,52.220000000000006,114,10,0,4,1,11.874,8033.471,7936.061,8003.131,6530.206169235138
2025-01-24 10:30:00,7703.618,22,False,False,3.626,4.98,57.71999999999999,114,10,30,4,1,11.874,7946.978,7638.66,7651.052,6530.433606735139
2025-01-24 11:00:00,7343.289,23,False,False,4.564,2.812,60.52,114,11,0,4,1,10.936,7703.618,7333.952,7305.562,6531.786898401803
2025-01-24 11:30:00,6984.578,24,False,False,4.697,4.492,62.08,114,11,30,4,1,10.803,7343.289,6985.708,7005.248,6531.981419235138
2025-01-24 12:00:00,6683.566,25,False,False,5.552,3.808,64.8,114,12,0,4,1,9.948,6984.578,6785.634,6751.192,6531.957877568471
2025-01-24 12:30:00,6581.477,26,False,False,4.142,4.696,59.279999999999994,114,12,30,4,1,11.358,6683.566,6500.275,6595.648,6529.831460901804
2025-01-24 13:00:00,6438.113,27,False,False,6.13,5.008,54.55999999999999,114,13,0,4,1,9.370000000000001,6581.477,6547.546,6581.362,6531.523169235138
2025-01-24 13:30:00,6545.166,28,False,False,4.9799999999999995,4.728,62.220000000000006,114,13,30,4,1,10.52,6438.113,6760.067123286604,6607.048,6529.243315068471
2025-01-24 14:00:00,6643.945,29,False,False,5.482,5.014,55.3,114,14,0,4,1,10.018,6545.166,6690.156,6659.312,6524.766208333333
2025-01-24 14:30:00,6823.071,30,False,False,5.822,4.12,74.7,114,14,30,4,1,9.678,6643.945,6826.348,6723.552,6523.803479166666
2025-01-24 15:00:00,6983.414,31,False,False,6.581999999999999,3.342,58.760000000000005,114,15,0,4,1,8.918000000000001,6823.071,7017.69,7080.184,6523.735208333333
2025-01-24 15:30:00,7247.8369999999995,32,False,False,6.176,3.436,54.779999999999994,114,15,30,4,1,9.324,6983.414,7088.003,7192.6,6523.021124999999
2025-01-24 16:00:00,7237.624,33,False,False,7.118,4.706,70.7,114,16,0,4,1,8.382,7247.8369999999995,7292.097,7272.355,6526.351
2025-01-24 16:30:00,7399.658,34,False,False,6.872,3.6079999999999997,60.32000000000001,114,16,30,4,1,8.628,7237.624,7410.519,7403.18,6525.216145833333
2025-01-24 17:00:00,7483.19,35,False,False,6.473999999999999,4.676,57.52,114,17,0,4,1,9.026,7399.658,7445.115,7304.93,6524.989874999999
2025-01-24 17:30:00,7375.635,36,False,False,7.122,3.7640000000000002,70.4,114,17,30,4,1,8.378,7483.19,7338.5419999999995,7370.146,6525.783104166666
2025-01-24 18:00:00,7258.704,37,False,False,7.148000000000001,5.214,57.239999999999995,114,18,0,4,1,8.352,7375.635,7179.518,7343.406,6526.555875000001
2025-01-24 18:30:00,6952.55,38,False,False,8.241999999999999,3.154,60.5,114,18,30,4,1,7.258000000000001,7258.704,7078.673,7008.201,6528.205583333333
2025-01-24 19:00:00,6854.529,39,False,False,7.57,3.94,53.220000000000006,114,19,0,4,1,7.93,6952.55,6813.101,6830.872,6525.5780208333335
2025-01-24 19:30:00,6513.485,40,False,False,8.236,4.306,71.82000000000001,114,19,30,4,1,7.263999999999999,6854.529,6621.202,6623.67,6526.441104166667
2025-01-24 20:00:00,6301.889,41,False,False,8.297999999999998,4.488,69.16,114,20,0,4,1,7.202000000000002,6513.485,6419.347,6265.368,6524.197
2025-01-24 20:30:00,6057.869,42,False,False,8.052,4.343999999999999,63.36,114,20,30,4,1,7.448,6301.889,6197.1,6141.621,6521.749958333334
2025-01-24 21:00:00,5924.8640000000005,43,False,False,7.345999999999999,3.6060000000000003,45.58,114,21,0,4,1,8.154,6057.869,5851.929,5944.929,6518.8493124999995
2025-01-24 21:30:00,5766.625,44,False,False,7.882,3.2079999999999997,59.02,114,21,30,4,1,7.618,5924.8640000000005,5746.68,5719.286,6520.368791666667
2025-01-24 22:00:00,5602.026,45,False,False,7.244,3.406,51.2,114,22,0,4,1,8.256,5766.625,5646.558,5560.473,6520.7843125
2025-01-24 22:30:00,5343.796,46,False,False,7.890000000000001,2.818,56.86,114,22,30,4,1,7.609999999999999,5602.026,5540.916,5543.515,6519.856562500001
2025-01-24 23:00:00,5401.173,47,False,False,7.236,3.618,56.220000000000006,114,23,0,4,1,8.264,5343.796,5369.506,5456.864,6515.7498958333335
2025-01-24 23:30:00,5323.079,48,False,False,6.598000000000001,3.878,59.7,114,23,30,4,1,8.902,5401.173,5440.856,5311.568,6516.409625
2025-01-25 00:00:00,4089.581,1,True,False,7.6659999999999995,5.4479999999999995,57.08,114,0,0,5,1,7.8340000000000005,5323.079,5230.323,4201.413,6513.9559375
2025-01-25 00:30:00,4247.423,2,True,False,6.942,4.101999999999999,62.08,114,0,30,5,1,8.558,4089.581,5177.345,4255.439,6490.190479166667
2025-01-25 01:00:00,4189.176,3,True,False,7.026000000000001,3.5479999999999996,54.919999999999995,114,1,0,5,1,8.474,4247.423,5360.949,4189.731,6470.817104166667
2025-01-25 01:30:00,4274.847,4,True,False,6.204,4.75,54.8,114,1,30,5,1,9.296,4189.176,5298.1,4328.056,6446.405166666666
2025-01-25 02:00:00,4198.05,5,True,False,6.470000000000001,4.8,68.52000000000001,114,2,0,5,1,9.03,4274.847,5339.876,4226.329,6425.087395833333
2025-01-25 02:30:00,4256.585,6,True,False,6.918000000000001,4.0840000000000005,51.6,114,2,30,5,1,8.581999999999999,4198.05,5245.571,4376.931,6401.2993541666665
2025-01-25 03:00:00,4357.265,7,True,False,5.779999999999999,4.562,57.239999999999995,114,3,0,5,1,9.72,4256.585,5366.546,4338.137,6380.695479166666
2025-01-25 03:30:00,4371.348,8,True,False,5.33,5.504,70.5,114,3,30,5,1,10.17,4357.265,5397.644,4405.537,6359.668791666667
2025-01-25 04:00:00,4485.801,9,True,False,4.804,5.184,54.98,114,4,0,5,1,10.696,4371.348,5541.249,4489.484,6338.287625
2025-01-25 04:30:00,4520.179,10,True,False,5.298,2.856,65.1,114,4,30,5,1,10.202,4485.801,5668.18,4494.014,6316.2991250000005
2025-01-25 05:00:00,4756.922,11,True,False,4.054,3.842,43.260000000000005,114,5,0,5,1,11.446,4520.179,5842.981,4780.494,6292.3824374999995
2025-01-25 05:30:00,4839.839,12,True,False,5.41,4.486,59.580000000000005,114,5,30,5,1,10.09,4756.922,6198.91,4880.314,6269.756208333333
2025-01-25 06:00:00,5167.998,13,True,False,4.43,3.2980000000000005,58.14,114,6,0,5,1,11.07,4839.839,6391.698,5203.893,6241.442229166666
2025-01-25 06:30:00,5422.543,14,True,False,4.54,3.87,54.46,114,6,30,5,1,10.96,5167.998,6881.622,5393.454,6215.948479166666
2025-01-25 07:00:00,5789.6810000000005,15,True,False,3.7379999999999995,5.298,57.82000000000001,114,7,0,5,1,11.762,5422.543,7262.693,5791.1,6185.551
2025-01-25 07:30:00,6060.507,16,True,False,4.986,3.5879999999999996,67.3,114,7,30,5,1,10.514,5789.6810000000005,7517.975,6012.699,6154.863249999999
2025-01-25 08:00:00,6205.115,17,True,False,4.646,4.3020000000000005,61.52,114,8,0,5,1,10.854,6060.507,7913.454,6330.68,6124.499333333333
2025-01-25 08:30:00,6487.413,18,True,False,3.87,4.684,64.26,114,8,30,5,1,11.629999999999999,6205.115,8049.988,6486.992,6088.9089375
2025-01-25 09:00:00,6517.658,19,True,False,4.522,5.396,59.379999999999995,114,9,0,5,1,10.978,6487.413,8229.562,6433.954,6056.355291666667
2025-01-25 09:30:00,6446.226,20,True,False,4.054,4.436,52.2,114,9,30,5,1,11.446,6517.658,8033.471,6589.681,6020.690625
2025-01-25 10:00:00,6262.837,21,True,False,4.622,3.982,60.260000000000005,114,10,0,5,1,10.878,6446.226,7946.978,6319.856,5987.623020833333
2025-01-25 10:30:00,6061.801,22,True,False,4.79,4.736,73.14,114,10,30,5,1,10.71,6262.837,7703.618,6155.084,5952.536749999999
2025-01-25 11:00:00,5926.96,23,True,False,4.082,3.592,46.62,114,11,0,5,1,11.418,6061.801,7343.289,5923.633,5918.332229166667
2025-01-25 11:30:00,5605.854,24,True,False,4.404,4.796,63.08,114,11,30,5,1,11.096,5926.96,6984.578,5602.468,5888.825374999999
2025-01-25 12:00:00,5402.65,25,True,False,5.134,3.654,65.22,114,12,0,5,1,10.366,5605.854,6683.566,5410.644,5860.101958333333
2025-01-25 12:30:00,5275.711,26,True,False,5.13,3.758,59.44,114,12,30,5,1,10.370000000000001,5402.65,6581.477,5367.951,5833.416208333333
2025-01-25 13:00:00,5215.9800000000005,27,True,False,5.45,3.2560000000000002,54.4,114,13,0,5,1,10.05,5275.711,6438.113,5149.344,5806.21275
2025-01-25 13:30:00,5292.787,28,True,False,4.426,3.528,59.56,114,13,30,5,1,11.074,5215.9800000000005,6545.166,5306.855,5780.751645833333
2025-01-25 14:00:00,5439.143,29,True,False,5.646,3.412,66.88,114,14,0,5,1,9.854,5292.787,6643.945,5375.75,5754.660416666667
2025-01-25 14:30:00,5309.468,30,True,False,6.151999999999999,3.4219999999999997,47.220000000000006,114,14,30,5,1,9.348,5439.143,6823.071,5569.338,5729.560375
2025-01-25 15:00:00,5552.9619999999995,31,True,False,5.742,4.798,67.26,114,15,0,5,1,9.758,5309.468,6983.414,5665.975,5698.026979166666
2025-01-25 15:30:00,5647.986,32,True,False,5.808,3.154,69.53999999999999,114,15,30,5,1,9.692,5552.9619999999995,7247.8369999999995,5713.038,5668.225895833333
2025-01-25 16:00:00,5712.655,33,True,False,6.964,2.972,63.98,114,16,0,5,1,8.536,5647.986,7237.624,5811.47,5634.895666666667
2025-01-25 16:30:00,5858.264,34,True,False,6.4879999999999995,2.8880000000000003,73.8,114,16,30,5,1,9.012,5712.655,7399.658,5930.441,5603.125479166666
2025-01-25 17:00:00,5833.566,35,True,False,7.5680000000000005,3.874,59.5,114,17,0,5,1,7.9319999999999995,5858.264,7483.19,5846.319,5571.013104166667
2025-01-25 17:30:00,5809.437,36,True,False,7.258,3.694,65.91999999999999,114,17,30,5,1,8.242,5833.566,7375.635,5882.921,5536.6459375
2025-01-25 18:00:00,5710.463,37,True,False,7.5200000000000005,3.3560000000000003,70.42,114,18,0,5,1,7.9799999999999995,5809.437,7258.704,5687.682,5504.016812499999
2025-01-25 18:30:00,5628.501,38,True,False,8.05,3.136,59.4,114,18,30,5,1,7.449999999999999,5710.463,6952.55,5936.85489471065,5471.761791666667
2025-01-25 19:00:00,5419.866,39,True,False,7.756,4.744,53.260000000000005,114,19,0,5,1,7.744,5628.501,6854.529,5439.035,5444.1774375
2025-01-25 19:30:00,5194.029,40,True,False,7.99,5.0120000000000005,66.62,114,19,30,5,1,7.51,5419.866,6513.485,5265.267,5414.288625
2025-01-25 20:00:00,4977.937,41,True,False,8.032,3.6620000000000004,50.96,114,20,0,5,1,7.468,5194.029,6301.889,5087.083,5386.799958333333
2025-01-25 20:30:00,4831.953,42,True,False,7.57,4.938,65.32000000000001,114,20,30,5,1,7.93,4977.937,6057.869,4838.892,5359.217625
2025-01-25 21:00:00,4650.022,43,True,False,8.434000000000001,2.404,73.96000000000001,114,21,0,5,1,7.065999999999999,4831.953,5924.8640000000005,4811.746,5333.677708333334
2025-01-25 21:30:00,4510.275,44,True,False,8.72,4.006,54.48,114,21,30,5,1,6.779999999999999,4650.022,5766.625,4623.563,5307.1185000000005
2025-01-25 22:00:00,4401.37,45,True,False,8.34,2.348,72.06,114,22,0,5,1,7.16,4510.275,5602.026,4387.624,5280.944541666667
2025-01-25 22:30:00,4393.541,46,True,False,7.822,2.7800000000000002,46.86,114,22,30,5,1,7.678,4401.37,5343.796,4334.089,5255.930875
2025-01-25 23:00:00,4262.655,47,True,False,8.236,4.012,67.76,114,23,0,5,1,7.263999999999999,4393.541,5401.173,4339.609,5236.133895833334
2025-01-25 23:30:00,4192.816,48,True,False,7.954000000000001,4.872,67.62,114,23,30,5,1,7.545999999999999,4262.655,5323.079,4390.032,5212.414770833333
2025-01-26 00:00:00,4237.948,1,True,False,6.744,3.6719999999999997,77.14,114,0,0,6,1,8.756,4192.816,4089.581,4178.715,5188.867625
2025-01-26 00:30:00,4188.551,2,True,False,6.336,5.082,74.86,114,0,30,6,1,9.164,4237.948,4247.423,4227.26,5191.958604166667
2025-01-26 01:00:00,4152.053,3,True,False,7.272,3.184,64.14,114,1,0,6,1,8.228,4188.551,4189.176,4270.769,5190.732104166666
2025-01-26 01:30:00,4207.11,4,True,False,7.186,4.006,59.160000000000004,114,1,30,6,1,8.314,4152.053,4274.847,4196.177,5189.958708333334
2025-01-26 02:00:00,4325.492615698364,5,True,False,6.388,3.688,59.08,114,2,0,6,1,9.112,4207.11,4198.05,4278.588,5188.547520833333
2025-01-26 02:30:00,4246.136,6,True,False,6.702,5.56,62.15999999999999,114,2,30,6,1,8.798,4325.492615698364,4256.585,4250.626,5191.202575327049
2025-01-26 03:00:00,4377.785,7,True,False,5.151999999999999,3.07,71.96000000000001,114,3,0,6,1,10.348,4246.136,4357.265,4359.741,5190.9848878270495
2025-01-26 03:30:00,4460.723,8,True,False,5.13,3.8620000000000005,73.96000000000001,114,3,30,6,1,10.370000000000001,4377.785,4371.348,4399.202,5191.412387827049
2025-01-26 04:00:00,4471.446,9,True,False,4.186,3.162,46.96,114,4,0,6,1,11.314,4460.723,4485.801,4396.578,5193.274366993716
2025-01-26 04:30:00,4511.8,10,True,False,5.215999999999999,4.9399999999999995,69.2,114,4,30,6,1,10.284,4471.446,4520.179,4533.68,5192.975304493716
2025-01-26 05:00:00,4665.926,11,True,False,4.652,2.914,57.779999999999994,114,5,0,6,1,10.847999999999999,4511.8,4756.922,4738.213,5192.800741993716
2025-01-26 05:30:00,4925.296,12,True,False,4.154,3.1719999999999997,61.06,114,5,30,6,1,11.346,4665.926,4839.839,4859.732,5190.904991993716
2025-01-26 06:00:00,5209.839,13,True,False,3.2659999999999996,2.976,62.92,114,6,0,6,1,12.234,4925.296,5167.998,5180.014,5192.685346160382
2025-01-26 06:30:00,5354.321,14,True,False,5.23,2.778,78.62,114,6,30,6,1,10.27,5209.839,5422.543,5431.971,5193.557033660382
2025-01-26 07:00:00,5755.266,15,True,False,4.328,5.772,63.04,114,7,0,6,1,11.172,5354.321,5789.6810000000005,5734.239,5192.135741993716
2025-01-26 07:30:00,6102.698,16,True,False,3.772,2.742,74.52000000000001,114,7,30,6,1,11.728,5755.266,6060.507,5989.183,5191.418762827049
2025-01-26 08:00:00,6257.932,17,True,False,4.266,5.052,65.53999999999999,114,8,0,6,1,11.234,6102.698,6205.115,6310.557,5192.297741993716
2025-01-26 08:30:00,6529.658,18,True,False,3.246,4.958,52.64,114,8,30,6,1,12.254,6257.932,6487.413,6582.128,5193.398096160383
2025-01-26 09:00:00,6627.582,19,True,False,3.3340000000000005,3.822,38.28,114,9,0,6,1,12.166,6529.658,6517.658,6613.7,5194.2782003270495
2025-01-26 09:30:00,6349.018,20,True,False,5.13,4.056,54.279999999999994,114,9,30,6,1,10.370000000000001,6627.582,6446.226,6472.482,5196.568283660383
2025-01-26 10:00:00,6266.5,21,True,False,5.354,3.9659999999999997,61.52,114,10,0,6,1,10.146,6349.018,6262.837,6324.065,5194.5431169937165
2025-01-26 10:30:00,6104.49,22,True,False,3.778,4.9079999999999995,62.4,114,10,30,6,1,11.722,6266.5,6061.801,6176.605,5194.619429493717
2025-01-26 11:00:00,5823.392,23,True,False,5.0,3.7620000000000005,51.7,114,11,0,6,1,10.5,6104.49,5926.96,5849.647,5195.5087836603825
2025-01-26 11:30:00,5615.385,24,True,False,4.394,2.618,59.480000000000004,114,11,30,6,1,11.106,5823.392,5605.854,5661.2119999999995,5193.351116993716
2025-01-26 12:00:00,5502.947,25,True,False,3.748,5.254,61.1,114,12,0,6,1,11.751999999999999,5615.385,5402.65,5490.385,5193.549679493716
2025-01-26 12:30:00,5220.572,26,True,False,5.356,4.214,57.2,114,12,30,6,1,10.144,5502.947,5275.711,5311.9220000000005,5195.639200327049
2025-01-26 13:00:00,5253.29,27,True,False,5.368,4.648000000000001,74.9,114,13,0,6,1,10.132,5220.572,5215.9800000000005,5280.33,5194.490471160382
2025-01-26 13:30:00,5360.34,28,True,False,4.74,3.286,64.28,114,13,30,6,1,10.76,5253.29,5292.787,5240.741,5195.267762827049
2025-01-26 14:00:00,5327.7210000000005,29,True,False,5.296,4.052,59.5,114,14,0,6,1,10.204,5360.34,5439.143,5230.342,5196.675116993716
2025-01-26 14:30:00,5381.022,30,True,False,6.196,3.6079999999999997,50.6,114,14,30,6,1,9.304,5327.7210000000005,5309.468,5447.958,5194.353825327049
2025-01-26 15:00:00,5657.592,31,True,False,6.378,4.596,66.24,114,15,0,6,1,9.122,5381.022,5552.9619999999995,5653.252,5195.844533660383
2025-01-26 15:30:00,5594.008,32,True,False,7.4079999999999995,5.436,64.1,114,15,30,6,1,8.092,5657.592,5647.986,5754.427,5198.024325327049
2025-01-26 16:00:00,5805.179,33,True,False,7.004,4.994,53.3,114,16,0,6,1,8.496,5594.008,5712.655,5872.658,5196.899783660382
2025-01-26 16:30:00,5789.751,34,True,False,6.7700000000000005,2.07,58.58,114,16,30,6,1,8.73,5805.179,5858.264,5943.581,5198.827366993716
2025-01-26 17:00:00,5954.114,35,True,False,6.3260000000000005,4.372,56.75999999999999,114,17,0,6,1,9.174,5789.751,5833.566,5812.687,5197.400012827049
2025-01-26 17:30:00,5774.862,36,True,False,7.17,4.098000000000001,72.66,114,17,30,6,1,8.33,5954.114,5809.437,5785.224,5199.911429493716
2025-01-26 18:00:00,5761.134,37,True,False,7.903999999999999,3.9299999999999997,52.14,114,18,0,6,1,7.596000000000001,5774.862,5710.463,5792.487,5199.191116993716
2025-01-26 18:30:00,5635.408,38,True,False,7.414,3.816,55.779999999999994,114,18,30,6,1,8.086,5761.134,5628.501,5545.294,5200.24676282705
2025-01-26 19:00:00,5445.538,39,True,False,7.574000000000001,5.37,70.26,114,19,0,6,1,7.925999999999999,5635.408,5419.866,5378.757,5200.3906586603825
2025-01-26 19:30:00,5160.717,40,True,False,7.362,3.5420000000000003,66.26,114,19,30,6,1,8.138,5445.538,5194.029,5210.311,5200.925491993717
2025-01-26 20:00:00,5006.953,41,True,False,8.384,3.97,59.660000000000004,114,20,0,6,1,7.116,5160.717,4977.937,5052.614,5200.231491993716
2025-01-26 20:30:00,4806.143,42,True,False,8.208,3.722,59.379999999999995,114,20,30,6,1,7.292,5006.953,4831.953,4798.909,5200.835991993716
2025-01-26 21:00:00,4646.605,43,True,False,8.936,4.922,37.18,114,21,0,6,1,6.564,4806.143,4650.022,4711.078,5200.298283660382
2025-01-26 21:30:00,4593.061,44,True,False,7.851999999999999,3.3200000000000003,64.94,114,21,30,6,1,7.648000000000001,4646.605,4510.275,4642.238,5200.227096160383
2025-01-26 22:00:00,4380.0289999999995,45,True,False,7.906000000000001,2.9539999999999997,58.279999999999994,114,22,0,6,1,7.593999999999999,4593.061,4401.37,4579.228,5201.951804493716
2025-01-26 22:30:00,4319.609,46,True,False,8.309999999999999,4.032,59.54,114,22,30,6,1,7.190000000000001,4380.0289999999995,4393.541,4484.101,5201.50720032705
2025-01-26 23:00:00,4251.096,47,True,False,7.978,3.072,72.14,114,23,0,6,1,7.522,4319.609,4262.655,4342.57,5199.96695032705
2025-01-26 23:30:00,4267.373,48,True,False,6.868,3.03,62.56,114,23,30,6,1,8.632,4251.096,4192.816,4283.849,5199.72613782705
2025-01-27 00:00:00,5426.107,1,False,False,6.6739999999999995,3.37,68.28,115,0,0,0,1,8.826,4267.373,4237.948,5331.392,5201.279408660383
2025-01-27 00:30:00,5379.489,2,False,False,7.203999999999999,4.362,46.68,115,0,30,0,1,8.296000000000001,5426.107,4188.551,5276.288,5226.032721160383
2025-01-27 01:00:00,5410.486,3,False,False,5.7780000000000005,4.678,67.34,115,1,0,0,1,9.722,5379.489,4152.053,5310.946,5250.843929493716
2025-01-27 01:30:00,5365.394,4,False,False,6.56,4.69,53.86,115,1,30,0,1,8.940000000000001,5410.486,4207.11,5294.426,5277.061283660382
2025-01-27 02:00:00,5381.769,5,False,False,6.698,6.1,58.17999999999999,115,2,0,0,1,8.802,5365.394,4325.492615698364,5328.148,5301.192200327049
2025-01-27 02:30:00,5415.007,6,False,False,6.422,3.418,50.0,115,2,30,0,1,9.078,5381.769,4246.136,5391.615,5323.197958333333
2025-01-27 03:00:00,5410.888,7,False,False,5.826,3.6339999999999995,64.6,115,3,0,0,1,9.674,5415.007,4377.785,5351.974,5347.5494375
2025-01-27 03:30:00,5477.654,8,False,False,6.446000000000001,3.198,53.120000000000005,115,3,30,0,1,9.053999999999998,5410.888,4460.723,5497.429,5369.072416666667
2025-01-27 04:00:00,5678.658,9,False,False,5.184,5.358,68.82000000000001,115,4,0,0,1,10.315999999999999,5477.654,4471.446,5557.148,5390.258479166667
2025-01-27 04:30:00,5726.135,10,False,False,5.9719999999999995,3.806,58.25999999999999,115,4,30,0,1,9.528,5678.658,4511.8,5690.228,5415.4087291666665
2025-01-27 05:00:00,5989.668,11,False,False,4.382,3.694,58.36,115,5,0,0,1,11.118,5726.135,4665.926,5853.145,5440.707375
2025-01-27 05:30:00,6165.332,12,False,False,4.7219999999999995,4.1899999999999995,59.739999999999995,115,5,30,0,1,10.778,5989.668,4925.296,6106.301,5468.285333333333
2025-01-27 06:00:00,6561.43,13,False,False,3.2640000000000002,3.536,54.220000000000006,115,6,0,0,1,12.236,6165.332,5209.839,6353.321,5494.119416666667
2025-01-27 06:30:00,6981.198,14,False,False,3.786,4.4719999999999995,67.14,115,6,30,0,1,11.714,6561.43,5354.321,6747.381,5522.2775624999995
2025-01-27 07:00:00,7310.426,15,False,False,4.956,2.742,57.620000000000005,115,7,0,0,1,10.544,6981.198,5755.266,7257.254,5556.170833333334
2025-01-27 07:30:00,7700.847,16,False,False,4.422,5.798,64.52000000000001,115,7,30,0,1,11.078,7310.426,6102.698,7566.166,5588.57
2025-01-27 08:00:00,7963.833,17,False,False,4.512,2.192,64.97999999999999,115,8,0,0,1,10.988,7700.847,6257.932,7837.676,5621.864770833334
2025-01-27 08:30:00,8284.553,18,False,False,4.029999999999999,3.7739999999999996,36.519999999999996,115,8,30,0,1,11.47,7963.833,6529.658,8123.1900000000005,5657.404374999999
2025-01-27 09:00:00,8422.25374960951,19,False,False,4.806,5.0920000000000005,67.66,115,9,0,0,1,10.693999999999999,8284.553,6627.582,8188.0689999999995,5693.9646875
2025-01-27 09:30:00,8324.719,20,False,False,2.7020000000000004,3.016,58.58,115,9,30,0,1,12.798,8422.25374960951,6349.018,8218.802,5731.353682283531
2025-01-27 10:00:00,8057.192,21,False,False,4.6,2.504,65.82000000000001,115,10,0,0,1,10.9,8324.719,6266.5,7927.711,5772.514119783532
2025-01-27 10:30:00,7690.24,22,False,False,5.066,4.102,57.94,115,10,30,0,1,10.434000000000001,8057.192,6104.49,7641.656,5809.820203116865
2025-01-27 11:00:00,7522.044,23,False,False,4.3260000000000005,4.212000000000001,56.85999999999999,115,11,0,0,1,11.174,7690.24,5823.392,7484.623,5842.856661450199
2025-01-27 11:30:00,7187.644,24,False,False,4.038,4.5600000000000005,57.56,115,11,30,0,1,11.462,7522.044,5615.385,7040.301,5878.245244783531
2025-01-27 12:00:00,6818.332,25,False,False,4.7620000000000005,5.8420000000000005,66.1,115,12,0,0,1,10.738,7187.644,5502.947,6810.182,5911.000640616865
2025-01-27 12:30:00,6805.379,26,False,False,4.537999999999999,3.7700000000000005,54.660000000000004,115,12,30,0,1,10.962,6818.332,5220.572,6663.979,5938.404494783531
2025-01-27 13:00:00,6770.47,27,False,False,5.382,4.8260000000000005,64.34,115,13,0,0,1,10.118,6805.379,5253.29,6617.966,5971.421307283531
2025-01-27 13:30:00,6706.173,28,False,False,4.888,3.3200000000000003,65.03999999999999,115,13,30,0,1,10.612,6770.47,5360.34,6494.668,6003.029223950199
2025-01-27 14:00:00,6778.815,29,False,False,5.5600000000000005,3.3240000000000003,59.339999999999996,115,14,0,0,1,9.94,6706.173,5327.7210000000005,6685.17,6031.067411450197
2025-01-27 14:30:00,6815.047,30,False,False,7.052,5.072,52.720000000000006,115,14,30,0,1,8.448,6778.815,5381.022,6878.776,6061.298536450197
2025-01-27 15:00:00,7078.997,31,False,False,6.364,4.418,60.67999999999999,115,15,0,0,1,9.136,6815.047,5657.592,6980.811,6091.174057283531
2025-01-27 15:30:00,7297.252,32,False,False,6.5680000000000005,4.3100000000000005,40.16,115,15,30,0,1,8.931999999999999,7078.997,5594.008,7176.377,6120.786661450198
2025-01-27 16:00:00,7372.091,33,False,False,7.5120000000000005,3.6980000000000004,62.379999999999995,115,16,0,0,1,7.9879999999999995,7297.252,5805.179,7344.624,6156.270911450199
2025-01-27 16:30:00,7489.083,34,False,False,6.962000000000001,2.9939999999999998,61.5,115,16,30,0,1,8.538,7372.091,5789.751,7268.729,6188.914911450199
2025-01-27 17:00:00,7482.193,35,False,False,7.694,3.4539999999999997,55.06,115,17,0,0,1,7.806,7489.083,5954.114,7310.7,6224.317661450198
2025-01-27 17:30:00,7469.666,36,False,False,7.409999999999999,2.684,61.82000000000001,115,17,30,0,1,8.09,7482.193,5774.862,7309.229,6256.152640616864
2025-01-27 18:00:00,7448.325,37,False,False,6.92,3.8,56.2,115,18,0,0,1,8.58,7469.666,5761.134,7165.37,6291.461057283531
2025-01-27 18:30:00,7213.474,38,False,False,7.656000000000001,3.2039999999999997,51.779999999999994,115,18,30,0,1,7.843999999999999,7448.325,5635.408,7123.65,6326.6108697835325
2025-01-27 19:00:00,6924.761,39,False,False,7.4079999999999995,4.564,50.42,115,19,0,0,1,8.092,7213.474,5445.538,6888.347,6359.487244783532
2025-01-27 19:30:00,6632.19,40,False,False,8.78,4.872,68.64,115,19,30,0,1,6.720000000000001,6924.761,5160.717,6603.6720000000005,6390.304390616865
2025-01-27 20:00:00,6505.269,41,False,False,7.359999999999999,3.5740000000000003,63.92,115,20,0,0,1,8.14,6632.19,5006.953,6353.414,6420.960078116866
2025-01-27 20:30:00,6108.33,42,False,False,7.675999999999999,3.872,57.5,115,20,30,0,1,7.824000000000001,6505.269,4806.143,6146.775,6452.174994783531
2025-01-27 21:00:00,5965.238,43,False,False,8.09,5.804,48.839999999999996,115,21,0,0,1,7.41,6108.33,4646.605,5910.577,6479.303890616865
2025-01-27 21:30:00,5839.84,44,False,False,6.978,5.9079999999999995,67.0,115,21,30,0,1,8.522,5965.238,4593.061,5718.052,6506.775411450199
2025-01-27 22:00:00,5634.219,45,False,False,8.216,5.468,62.839999999999996,115,22,0,0,1,7.284000000000001,5839.84,4380.0289999999995,5568.814,6532.749973950197
2025-01-27 22:30:00,5446.569,46,False,False,8.636,4.75,65.62,115,22,30,0,1,6.864000000000001,5634.219,4319.609,5468.429,6558.878932283532
2025-01-27 23:00:00,5514.833,47,False,False,7.452,6.116,63.67999999999999,115,23,0,0,1,8.048,5446.569,4251.096,5379.633,6582.357265616864
2025-01-27 23:30:00,5514.902,48,False,False,6.7700000000000005,3.9880000000000004,50.08,115,23,30,0,1,8.73,5514.833,4267.373,5303.95,6608.685119783531
2025-01-28 00:00:00,5321.018,1,False,False,7.234,3.412,54.239999999999995,115,0,0,1,1,8.266,5514.902,5426.107,5223.9800000000005,6634.675307283532
2025-01-28 00:30:00,5124.999,2,False,False,7.44,4.518,54.48,115,0,30,1,1,8.059999999999999,5321.018,5379.489,5327.854,6632.485953116865
2025-01-28 01:00:00,5419.328,3,False,False,6.614,4.138,52.279999999999994,115,1,0,1,1,8.886,5124.999,5410.486,5323.002,6627.184078116865
2025-01-28 01:30:00,5370.862,4,False,False,6.712000000000001,4.266,57.54,115,1,30,1,1,8.788,5419.328,5365.394,5246.6630000000005,6627.368286450198
2025-01-28 02:00:00,5412.375,5,False,False,6.332,3.532,70.88,115,2,0,1,1,9.168,5370.862,5381.769,5247.893,6627.482203116865
2025-01-28 02:30:00,5441.352,6,False,False,6.298,4.85,46.660000000000004,115,2,30,1,1,9.202,5412.375,5415.007,5329.025,6628.119828116865
2025-01-28 03:00:00,5374.063,7,False,False,6.386,3.9200000000000004,70.47999999999999,115,3,0,1,1,9.114,5441.352,5410.888,5370.472,6628.668682283532
2025-01-28 03:30:00,5508.631,8,False,False,5.66,2.2299999999999995,46.32,115,3,30,1,1,9.84,5374.063,5477.654,5448.22,6627.901494783531
2025-01-28 04:00:00,5629.558,9,False,False,5.566,4.644,63.02,115,4,0,1,1,9.934000000000001,5508.631,5678.658,5576.759,6628.546848950198
2025-01-28 04:30:00,5778.765,10,False,False,4.562,2.214,55.419999999999995,115,4,30,1,1,10.937999999999999,5629.558,5726.135,5698.695,6627.523932283532
2025-01-28 05:00:00,6050.709,11,False,False,4.138,4.392,61.42,115,5,0,1,1,11.362,5778.765,5989.668,5851.147,6628.620390616866
2025-01-28 05:30:00,6230.161,12,False,False,4.536,4.926,76.32000000000001,115,5,30,1,1,10.964,6050.709,6165.332,6099.61,6629.8920781168645
2025-01-28 06:00:00,6534.404,13,False,False,4.324,4.894,61.3,115,6,0,1,1,11.176,6230.161,6561.43,6509.9310000000005,6631.242682283532
2025-01-28 06:30:00,6941.496,14,False,False,4.196,4.366,66.06,115,6,30,1,1,11.304,6534.404,6981.198,6843.2119999999995,6630.679640616865
2025-01-28 07:00:00,7192.657999999999,15,False,False,3.91,4.858,56.339999999999996,115,7,0,1,1,11.59,6941.496,7310.426,7187.1720000000005,6629.852515616864
2025-01-28 07:30:00,7630.0560000000005,16,False,False,4.556,3.412,66.24,115,7,30,1,1,10.943999999999999,7192.657999999999,7700.847,7647.218,6627.399015616865
2025-01-28 08:00:00,7907.828,17,False,False,4.906000000000001,3.692,61.1,115,8,0,1,1,10.594,7630.0560000000005,7963.833,7954.821,6625.924203116865
2025-01-28 08:30:00,8234.516,18,False,False,4.404,4.5600000000000005,64.58,115,8,30,1,1,11.096,7907.828,8284.553,8106.416,6624.757432283532
2025-01-28 09:00:00,8388.531,19,False,False,3.686,4.6,63.379999999999995,115,9,0,1,1,11.814,8234.516,8422.25374960951,8196.006,6623.714994783531
2025-01-28 09:30:00,8222.398,20,False,False,4.68,3.3560000000000003,63.02,115,9,30,1,1,10.82,8388.531,8324.719,8135.692,6623.0124375000005
2025-01-28 10:00:00,8018.966,21,False,False,4.632,3.5420000000000003,51.94,115,10,0,1,1,10.868,8222.398,8057.192,7987.903,6620.88075
2025-01-28 10:30:00,7807.271,22,False,False,4.314,3.3659999999999997,63.660000000000004,115,10,30,1,1,11.186,8018.966,7690.24,7648.176,6620.084375000001
2025-01-28 11:00:00,7498.709,23,False,False,4.386,3.304,59.04,115,11,0,1,1,11.114,7807.271,7522.044,7288.3099999999995,6622.522520833333
2025-01-28 11:30:00,7145.753,24,False,False,4.968,3.1719999999999997,71.84,115,11,30,1,1,10.532,7498.709,7187.644,7172.841,6622.036375
2025-01-28 12:00:00,6919.108,25,False,False,4.308,4.828,63.52,115,12,0,1,1,11.192,7145.753,6818.332,6769.509,6621.163645833334
2025-01-28 12:30:00,6712.401,26,False,False,5.236,4.522,62.64,115,12,30,1,1,10.264,6919.108,6805.379,6601.631,6623.2631458333335
2025-01-28 13:00:00,6628.868,27,False,False,6.226,3.718,49.0,115,13,0,1,1,9.274000000000001,6712.401,6770.47,6539.943,6621.3261041666665
2025-01-28 13:30:00,6583.771,28,False,False,5.736,4.822,63.46,115,13,30,1,1,9.764,6628.868,6706.173,6528.306,6618.3760624999995
2025-01-28 14:00:00,6720.129,29,False,False,5.86,4.628,58.6,115,14,0,1,1,9.64,6583.771,6778.815,6658.773,6615.826020833334
2025-01-28 14:30:00,6930.58,30,False,False,6.3759999999999994,4.8020000000000005,41.84,115,14,30,1,1,9.124,6720.129,6815.047,6889.0,6614.603395833335
2025-01-28 15:00:00,7114.426,31,False,False,6.7299999999999995,3.594,58.08,115,15,0,1,1,8.77,6930.58,7078.997,6982.964,6617.010333333333
2025-01-28 15:30:00,7302.56,32,False,False,6.442,5.254,51.98,115,15,30,1,1,9.058,7114.426,7297.252,7147.445,6617.748437500001
2025-01-28 16:00:00,7449.263,33,False,False,7.196,3.9739999999999993,61.54,115,16,0,1,1,8.304,7302.56,7372.091,7153.358,6617.8590208333335
2025-01-28 16:30:00,7351.511,34,False,False,8.206,4.183999999999999,61.08,115,16,30,1,1,7.2940000000000005,7449.263,7489.083,7306.693,6619.466770833333
2025-01-28 17:00:00,7438.387,35,False,False,7.226000000000001,2.758,49.480000000000004,115,17,0,1,1,8.274,7351.511,7482.193,7299.835,6616.600687499999
2025-01-28 17:30:00,7462.588,36,False,False,7.975999999999999,3.586,51.3,115,17,30,1,1,7.524000000000001,7438.387,7469.666,7319.087,6615.6880625
2025-01-28 18:00:00,7355.937,37,False,False,7.648000000000001,6.266,52.94,115,18,0,1,1,7.851999999999999,7462.588,7448.325,7155.196,6615.540604166667
2025-01-28 18:30:00,7160.958747210029,38,False,False,8.362,4.2,66.53999999999999,115,18,30,1,1,7.138,7355.937,7213.474,7091.8679999999995,6613.615854166666
2025-01-28 19:00:00,7057.179,39,False,False,7.616,2.398,44.339999999999996,115,19,0,1,1,7.884,7160.958747210029,6924.761,6732.526,6612.521786400209
2025-01-28 19:30:00,6697.202,40,False,False,8.49,4.351999999999999,51.739999999999995,115,19,30,1,1,7.01,7057.179,6632.19,6706.979,6615.280494733543
2025-01-28 20:00:00,6381.868,41,False,False,8.786,4.024,58.46,115,20,0,1,1,6.714,6697.202,6505.269,6270.024,6616.634911400209
2025-01-28 20:30:00,6205.7119999999995,42,False,False,7.888,5.1899999999999995,62.06,115,20,30,1,1,7.612,6381.868,6108.33,6201.994,6614.064057233543
2025-01-28 21:00:00,5970.5689999999995,43,False,False,8.052000000000001,4.182,56.17999999999999,115,21,0,1,1,7.447999999999999,6205.7119999999995,5965.238,5857.81,6616.09284890021
2025-01-28 21:30:00,5904.896,44,False,False,7.136,4.08,56.67999999999999,115,21,30,1,1,8.364,5970.5689999999995,5839.84,5681.269,6616.203911400208
2025-01-28 22:00:00,5679.929,45,False,False,7.434,3.6100000000000003,60.0,115,22,0,1,1,8.065999999999999,5904.896,5634.219,5563.007,6617.559244733543
2025-01-28 22:30:00,5564.693,46,False,False,7.964,3.6719999999999997,56.32000000000001,115,22,30,1,1,7.536,5679.929,5446.569,5509.792,6618.511536400209
2025-01-28 23:00:00,5440.613,47,False,False,7.962000000000001,4.088,65.44000000000001,115,23,0,1,1,7.537999999999999,5564.693,5514.833,5415.464,6620.972453066876
2025-01-28 23:30:00,5408.922,48,False,False,8.756,4.7620000000000005,58.67999999999999,115,23,30,1,1,6.744,5440.613,5514.902,5312.3099999999995,6619.426203066875
2025-01-29 00:00:00,5392.953,1,False,False,7.62,3.668,44.18,117,0,0,2,1,7.88,5408.922,5321.018,5193.977,6617.218286400209
2025-01-29 00:30:00,5486.908,2,False,False,6.653999999999999,5.164,57.58,117,0,30,2,1,8.846,5392.953,5124.999,5224.689,6618.716932233542
2025-01-29 01:00:00,5418.279,3,False,False,7.298,5.556,61.839999999999996,117,1,0,2,1,8.202,5486.908,5419.328,5265.953,6626.256703066875
2025-01-29 01:30:00,5472.068,4,False,False,7.258,5.156,56.239999999999995,117,1,30,2,1,8.242,5418.279,5370.862,5310.478,6626.23484890021
2025-01-29 02:00:00,5455.889,5,False,False,6.194,4.0600000000000005,68.78,117,2,0,2,1,9.306000000000001,5472.068,5412.375,5322.989,6628.343307233542
2025-01-29 02:30:00,5629.297,6,False,False,5.878,4.732,55.5,117,2,30,2,1,9.622,5455.889,5441.352,5323.788,6629.249848900209
2025-01-29 03:00:00,5463.037,7,False,False,6.88,3.478,75.2,117,3,0,2,1,8.620000000000001,5629.297,5374.063,5284.963,6633.165369733542
2025-01-29 03:30:00,5629.923,8,False,False,5.676,2.7960000000000003,70.88,117,3,30,2,1,9.824,5463.037,5508.631,5468.3460000000005,6635.018994733542
2025-01-29 04:00:00,5869.066867551406,9,False,False,5.840000000000001,3.786,67.64,117,4,0,2,1,9.66,5629.923,5629.558,5493.676,6637.545911400209
2025-01-29 04:30:00,5761.278,10,False,False,6.392,4.104,66.72,117,4,30,2,1,9.108,5869.066867551406,5778.765,5476.48,6642.5356794741965
2025-01-29 05:00:00,6054.069,11,False,False,5.712,3.04,57.120000000000005,117,5,0,2,1,9.788,5761.278,6050.709,5859.47,6642.171366974196
2025-01-29 05:30:00,6345.174,12,False,False,4.9399999999999995,3.376,63.9,117,5,30,2,1,10.56,6054.069,6230.161,6111.47,6642.241366974197
2025-01-29 06:00:00,6685.341,13,False,False,4.4719999999999995,3.928,47.480000000000004,117,6,0,2,1,11.028,6345.174,6534.404,6460.399,6644.637471140863
2025-01-29 06:30:00,7057.648,14,False,False,4.728,3.414,62.54,117,6,30,2,1,10.772,6685.341,6941.496,6854.0960000000005,6647.781991974197
2025-01-29 07:00:00,7527.197,15,False,False,2.992,3.896,78.44,117,7,0,2,1,12.508,7057.648,7192.657999999999,7165.16,6650.20182530753
2025-01-29 07:30:00,7821.406,16,False,False,4.892,4.306,55.52,117,7,30,2,1,10.608,7527.197,7630.0560000000005,7554.688,6657.171387807531
2025-01-29 08:00:00,8206.014,17,False,False,4.318,5.51,65.0,117,8,0,2,1,11.182,7821.406,7907.828,7873.964,6661.1578461408635
2025-01-29 08:30:00,8345.873,18,False,False,4.0600000000000005,5.132,77.94,117,8,30,2,1,11.44,8206.014,8234.516,8119.735,6667.370054474196
2025-01-29 09:00:00,8544.501,19,False,False,4.3340000000000005,4.918,54.64,117,9,0,2,1,11.166,8345.873,8388.531,8191.787,6669.689991974196
2025-01-29 09:30:00,8435.233,20,False,False,4.74,4.2700000000000005,61.6,117,9,30,2,1,10.76,8544.501,8222.398,8043.584,6672.939366974196
2025-01-29 10:00:00,8296.776,21,False,False,3.8739999999999997,2.908,43.58,117,10,0,2,1,11.626000000000001,8435.233,8018.966,7903.138,6677.373429474196
2025-01-29 10:30:00,7973.21,22,False,False,4.04,3.558,61.120000000000005,117,10,30,2,1,11.46,8296.776,7807.271,7539.709,6683.1611378075295
2025-01-29 11:00:00,7497.444,23,False,False,5.601999999999999,4.284000000000001,65.67999999999999,117,11,0,2,1,9.898,7973.21,7498.709,7382.444,6686.618200307529
2025-01-29 11:30:00,7243.731,24,False,False,6.023999999999999,4.326,45.56,117,11,30,2,1,9.476,7497.444,7145.753,7098.342,6686.591846140863
2025-01-29 12:00:00,7036.127,25,False,False,5.014,2.522,67.66,117,12,0,2,1,10.486,7243.731,6919.108,6929.481745425195,6688.633054474197
2025-01-29 12:30:00,6814.467,26,False,False,5.67,3.074,50.68,117,12,30,2,1,9.83,7036.127,6712.401,6637.107,6691.07095030753
2025-01-29 13:00:00,6696.856,27,False,False,6.3020000000000005,2.5759999999999996,62.8,117,13,0,2,1,9.198,6814.467,6628.868,6504.672,6693.19732530753
2025-01-29 13:30:00,6838.76,28,False,False,4.866,3.694,86.72,117,13,30,2,1,10.634,6696.856,6583.771,6567.582,6694.613741974196
2025-01-29 14:00:00,6902.535,29,False,False,6.366,3.742,53.739999999999995,117,14,0,2,1,9.134,6838.76,6720.129,6613.204,6699.926012807529
2025-01-29 14:30:00,6986.302,30,False,False,6.4799999999999995,4.684,52.32000000000001,117,14,30,2,1,9.02,6902.535,6930.58,6852.615,6703.72613780753
2025-01-29 15:00:00,7152.57,31,False,False,7.42,3.8619999999999997,58.64,117,15,0,2,1,8.08,6986.302,7114.426,7004.129,6704.88701280753
2025-01-29 15:30:00,7443.201,32,False,False,7.0120000000000005,3.346,61.65999999999999,117,15,30,2,1,8.488,7152.57,7302.56,6992.809,6705.681679474196
2025-01-29 16:00:00,7646.133,33,False,False,6.048,4.35,60.5,117,16,0,2,1,9.452,7443.201,7449.263,7223.983,6708.61170030753
2025-01-29 16:30:00,7646.471,34,False,False,6.734,6.002000000000001,66.74,117,16,30,2,1,8.766,7646.133,7351.511,7436.732,6712.713158640864
2025-01-29 17:00:00,7696.61,35,False,False,7.106,4.182,68.2,117,17,0,2,1,8.394,7646.471,7438.387,7334.002,6718.858158640863
2025-01-29 17:30:00,7658.672,36,False,False,7.958,4.964,61.879999999999995,117,17,30,2,1,7.542,7696.61,7462.588,7371.28,6724.237804474197
2025-01-29 18:00:00,7523.884,37,False,False,6.8,4.57,62.459999999999994,117,18,0,2,1,8.7,7658.672,7355.937,7225.927,6728.322887807529
2025-01-29 18:30:00,7353.811,38,False,False,7.062,4.456,53.86,117,18,30,2,1,8.437999999999999,7523.884,7160.958747210029,7023.485,6731.821783640863
2025-01-29 19:00:00,7110.689,39,False,False,8.01,3.2659999999999996,47.84,117,19,0,2,1,7.49,7353.811,7057.179,6785.462,6735.83953890732
2025-01-29 19:30:00,6922.313,40,False,False,7.836,4.43,58.779999999999994,117,19,30,2,1,7.664,7110.689,6697.202,6553.127,6736.954330573987
2025-01-29 20:00:00,6570.921,41,False,False,7.321,3.536,68.36,117,20,0,2,1,8.179,6922.313,6381.868,6389.874,6741.644143073987
2025-01-29 20:30:00,6306.42,42,False,False,8.724,4.686,69.58,117,20,30,2,1,6.776,6570.921,6205.7119999999995,6007.95,6745.582747240654
2025-01-29 21:00:00,6068.991,43,False,False,8.928,3.8980000000000006,56.17999999999999,117,21,0,2,1,6.571999999999999,6306.42,5970.5689999999995,5940.675,6747.680830573987
2025-01-29 21:30:00,5845.994,44,False,False,8.658,3.772,70.0,117,21,30,2,1,6.8420000000000005,6068.991,5904.896,5744.995,6749.731288907322
2025-01-29 22:00:00,5835.383,45,False,False,7.836,4.358,49.839999999999996,117,22,0,2,1,7.664,5845.994,5679.929,5566.836,6748.504163907321
2025-01-29 22:30:00,5597.398,46,False,False,8.266,5.5520000000000005,66.7,117,22,30,2,1,7.234,5835.383,5564.693,5436.805,6751.7427889073215
2025-01-29 23:00:00,5631.664,47,False,False,7.653999999999999,3.122,60.879999999999995,117,23,0,2,1,7.846000000000001,5597.398,5440.613,5347.441,6752.424143073987
2025-01-29 23:30:00,5499.079,48,False,False,7.254,5.076,62.120000000000005,117,23,30,2,1,8.246,5631.664,5408.922,5323.704,6756.404372240654
2025-01-30 00:00:00,5420.571,1,False,False,7.382,3.8619999999999997,60.9,117,0,0,3,1,8.118,5499.079,5392.953,5253.036,6758.282643073988
2025-01-30 00:30:00,5489.476,2,False,False,7.042,4.052,56.82000000000001,117,0,30,3,1,8.458,5420.571,5486.908,5251.046,6758.858018073988
2025-01-30 01:00:00,5505.505,3,False,False,6.640000000000001,4.67,71.0,117,1,0,3,1,8.86,5489.476,5418.279,5301.112,6758.911518073987
2025-01-30 01:30:00,5422.155,4,False,False,7.128,4.454,56.06,117,1,30,3,1,8.372,5505.505,5472.068,5291.447,6760.72872640732
2025-01-30 02:00:00,5630.773,5,False,False,6.294,3.6439999999999997,69.38000000000001,117,2,0,3,1,9.206,5422.155,5455.889,5313.42,6759.688872240655
2025-01-30 02:30:00,5509.369,6,False,False,6.640000000000001,2.8560000000000003,64.76,117,2,30,3,1,8.86,5630.773,5629.297,5312.335,6763.332288907321
2025-01-30 03:00:00,5618.072,7,False,False,5.962,4.2219999999999995,43.96,117,3,0,3,1,9.538,5509.369,5463.037,5321.458,6760.83378890732
2025-01-30 03:30:00,5641.486,8,False,False,5.544,2.838,66.92,117,3,30,3,1,9.956,5618.072,5629.923,5423.202,6764.063684740654
2025-01-30 04:00:00,5772.798,9,False,False,4.924,3.1919999999999997,59.339999999999996,117,4,0,3,1,10.576,5641.486,5869.066867551406,5537.838,6764.3045805739885
2025-01-30 04:30:00,5823.778,10,False,False,5.356,4.548,62.64,117,4,30,3,1,10.144,5772.798,5761.278,5690.162,6762.298979166667
2025-01-30 05:00:00,6112.906,11,False,False,4.884,2.402,75.4,117,5,0,3,1,10.616,5823.778,6054.069,5919.219,6763.601062500001
2025-01-30 05:30:00,6281.956,12,False,False,4.702,5.202,48.019999999999996,117,5,30,3,1,10.798,6112.906,6345.174,6154.701,6764.826833333333
2025-01-30 06:00:00,6508.96,13,False,False,6.13,4.878,66.1,117,6,0,3,1,9.370000000000001,6281.956,6685.341,6297.005,6763.509791666666
2025-01-30 06:30:00,7051.014,14,False,False,4.702,3.818,67.14,117,6,30,3,1,10.798,6508.96,7057.648,6741.277,6759.8351875
2025-01-30 07:00:00,7407.077,15,False,False,4.338,5.352,41.34,117,7,0,3,1,11.161999999999999,7051.014,7527.197,7180.383,6759.696979166667
2025-01-30 07:30:00,7854.431,16,False,False,4.642,4.044,58.65999999999999,117,7,30,3,1,10.858,7407.077,7821.406,7625.71,6757.194479166667
2025-01-30 08:00:00,8158.288,17,False,False,3.5759999999999996,4.878,51.4,117,8,0,3,1,11.924,7854.431,8206.014,7847.726,6757.8825
2025-01-30 08:30:00,8438.511,18,False,False,4.386,3.118,56.52,117,8,30,3,1,11.114,8158.288,8345.873,8070.385,6756.888208333334
2025-01-30 09:00:00,8460.561,19,False,False,4.448,3.4979999999999998,62.019999999999996,117,9,0,3,1,11.052,8438.511,8544.501,8161.833,6758.818166666667
2025-01-30 09:30:00,8261.428,20,False,False,4.756,4.486,57.339999999999996,117,9,30,3,1,10.744,8460.561,8435.233,8112.206,6757.069416666666
2025-01-30 10:00:00,8197.071,21,False,False,4.642,4.1240000000000006,67.5,117,10,0,3,1,10.858,8261.428,8296.776,7936.061,6753.448479166666
2025-01-30 10:30:00,7915.314,22,False,False,4.992,4.7379999999999995,65.28,117,10,30,3,1,10.508,8197.071,7973.21,7638.66,6751.371291666666
2025-01-30 11:00:00,7540.772,23,False,False,5.1160000000000005,3.6519999999999997,53.17999999999999,117,11,0,3,1,10.384,7915.314,7497.444,7333.952,6750.165125
2025-01-30 11:30:00,7301.374,24,False,False,4.662,4.91,63.279999999999994,117,11,30,3,1,10.838000000000001,7540.772,7243.731,6985.708,6751.067791666667
2025-01-30 12:00:00,7140.103,25,False,False,4.258,4.798,65.34,117,12,0,3,1,11.242,7301.374,7036.127,6785.634,6752.2686875
2025-01-30 12:30:00,6767.031,26,False,False,5.662000000000001,4.994,54.56,117,12,30,3,1,9.838,7140.103,6814.467,6500.275,6754.434854166667
2025-01-30 13:00:00,6739.162,27,False,False,5.646,4.7700000000000005,51.92,117,13,0,3,1,9.854,6767.031,6696.856,6547.546,6753.4466041666665
2025-01-30 13:30:00,6870.44,28,False,False,4.998,4.454,55.04,117,13,30,3,1,10.501999999999999,6739.162,6838.76,6760.067123286604,6754.327979166667
2025-01-30 14:00:00,6869.366,29,False,False,6.854000000000001,5.086,62.04,117,14,0,3,1,8.645999999999999,6870.44,6902.535,6690.156,6754.987979166667
2025-01-30 14:30:00,7036.755,30,False,False,5.948,4.0,58.96,117,14,30,3,1,9.552,6869.366,6986.302,6826.348,6754.296958333332
2025-01-30 15:00:00,7190.013,31,False,False,7.392,4.188,65.3,117,15,0,3,1,8.108,7036.755,7152.57,7017.69,6755.3480625
2025-01-30 15:30:00,7487.006,32,False,False,6.928,4.05,55.260000000000005,117,15,30,3,1,8.572,7190.013,7443.201,7088.003,6756.128125
2025-01-30 16:00:00,7447.975,33,False,False,8.086,1.4700000000000002,66.17999999999999,117,16,0,3,1,7.414,7487.006,7646.133,7292.097,6757.040729166667
2025-01-30 16:30:00,7572.6050000000005,34,False,False,7.906000000000001,4.132,56.46,117,16,30,3,1,7.593999999999999,7447.975,7646.471,7410.519,6752.912437499999
2025-01-30 17:00:00,7699.247,35,False,False,7.292,4.252,72.94,117,17,0,3,1,8.208,7572.6050000000005,7696.61,7445.115,6751.373562500001
2025-01-30 17:30:00,7712.986,36,False,False,7.390000000000001,3.174,66.32000000000001,117,17,30,3,1,8.11,7699.247,7658.672,7338.5419999999995,6751.428499999999
2025-01-30 18:00:00,7551.711,37,False,False,7.008,4.4799999999999995,67.08,117,18,0,3,1,8.492,7712.986,7523.884,7179.518,6752.560041666667
2025-01-30 18:30:00,7266.0419999999995,38,False,False,8.114,3.2840000000000003,51.7,117,18,30,3,1,7.385999999999999,7551.711,7353.811,7078.673,6753.1397708333325
2025-01-30 19:00:00,7156.416,39,False,False,8.02,3.102,44.160000000000004,117,19,0,3,1,7.48,7266.0419999999995,7110.689,6813.101,6751.31125
2025-01-30 19:30:00,6858.4929999999995,40,False,False,7.384,3.2660000000000005,49.260000000000005,117,19,30,3,1,8.116,7156.416,6922.313,6621.202,6752.263895833334
2025-01-30 20:00:00,6591.331,41,False,False,8.292,4.56,71.34,117,20,0,3,1,7.208,6858.4929999999995,6570.921,6419.347,6750.9343125000005
2025-01-30 20:30:00,6409.26,42,False,False,7.464,4.1899999999999995,53.56,117,20,30,3,1,8.036,6591.331,6306.42,6197.1,6751.359520833333
2025-01-30 21:00:00,6095.325,43,False,False,8.85,4.41,63.56,117,21,0,3,1,6.65,6409.26,6068.991,5851.929,6753.5020208333335
2025-01-30 21:30:00,6004.757,44,False,False,7.103999999999999,4.122,74.94000000000001,117,21,30,3,1,8.396,6095.325,5845.994,5746.68,6754.050645833333
2025-01-30 22:00:00,5701.126,45,False,False,8.51,4.0920000000000005,70.78,117,22,0,3,1,6.99,6004.757,5835.383,5646.558,6757.358208333334
2025-01-30 22:30:00,5804.367,46,False,False,6.906000000000001,4.122,54.04,117,22,30,3,1,8.594,5701.126,5597.398,5540.916,6754.5611874999995
2025-01-30 23:00:00,5541.915,47,False,False,8.142,3.776,56.7,117,23,0,3,1,7.3580000000000005,5804.367,5631.664,5369.506,6758.873041666667
2025-01-30 23:30:00,5450.927,48,False,False,7.953999999999999,3.064,61.58,117,23,30,3,1,7.546000000000001,5541.915,5499.079,5440.856,6757.003270833334
2025-01-31 00:00:00,5405.847,1,False,False,7.274000000000001,4.296,56.56,117,0,0,4,1,8.225999999999999,5450.927,5420.571,5230.323,6756.0001041666665
2025-01-31 00:30:00,5364.119,2,False,False,8.14,4.21,68.2,117,0,30,4,1,7.359999999999999,5405.847,5489.476,5177.345,6755.693354166667
2025-01-31 01:00:00,5407.062,3,False,False,6.93,4.254,62.019999999999996,117,1,0,4,1,8.57,5364.119,5505.505,5360.949,6753.08175
2025-01-31 01:30:00,5482.415,4,False,False,6.5200000000000005,2.748,50.64,117,1,30,4,1,8.98,5407.062,5422.155,5298.1,6751.030854166667
2025-01-31 02:00:00,5560.568,5,False,False,6.148000000000001,3.586,63.620000000000005,117,2,0,4,1,9.352,5482.415,5630.773,5339.876,6752.286270833333
2025-01-31 02:30:00,5574.313,6,False,False,5.66,3.502,51.7,117,2,30,4,1,9.84,5560.568,5509.369,5245.571,6750.823666666667
2025-01-31 03:00:00,5570.796,7,False,False,6.328,4.648000000000001,55.120000000000005,117,3,0,4,1,9.172,5574.313,5618.072,5366.546,6752.176666666666
2025-01-31 03:30:00,5591.468,8,False,False,6.236,3.876,74.32000000000001,117,3,30,4,1,9.264,5570.796,5641.486,5397.644,6751.191750000001
2025-01-31 04:00:00,5762.749,9,False,False,5.398,3.8840000000000003,58.67999999999999,117,4,0,4,1,10.102,5591.468,5772.798,5541.249,6750.149708333333
2025-01-31 04:30:00,5814.976,10,False,False,5.398000000000001,4.024,59.5,117,4,30,4,1,10.102,5762.749,5823.778,5668.18,6749.940354166666
2025-01-31 05:00:00,6050.612,11,False,False,4.89,4.184,57.36,117,5,0,4,1,10.61,5814.976,6112.906,5842.981,6749.756979166666
2025-01-31 05:30:00,6325.393,12,False,False,5.588,3.7120000000000006,59.5,117,5,30,4,1,9.911999999999999,6050.612,6281.956,6198.91,6748.459187500001
2025-01-31 06:00:00,6687.049,13,False,False,3.974,2.908,64.6,117,6,0,4,1,11.526,6325.393,6508.96,6391.698,6749.364125
2025-01-31 06:30:00,7006.555,14,False,False,5.048,3.5739999999999994,74.38,117,6,30,4,1,10.452,6687.049,7051.014,6881.622,6753.0743125
2025-01-31 07:00:00,7438.742,15,False,False,4.7379999999999995,5.26,62.06,117,7,0,4,1,10.762,7006.555,7407.077,7262.693,6752.148083333333
2025-01-31 07:30:00,7833.667,16,False,False,4.366,3.524,51.82000000000001,117,7,30,4,1,11.134,7438.742,7854.431,7517.975,6752.807770833333
2025-01-31 08:00:00,8059.116,17,False,False,4.054,4.346,60.52,117,8,0,4,1,11.446,7833.667,8158.288,7913.454,6752.375187500001
2025-01-31 08:30:00,8310.66,18,False,False,4.566000000000001,5.796,48.76,117,8,30,4,1,10.934,8059.116,8438.511,8049.988,6750.309104166667
2025-01-31 09:00:00,8468.408,19,False,False,4.348,5.014,59.220000000000006,117,9,0,4,1,11.152000000000001,8310.66,8460.561,8229.562,6747.645541666666
2025-01-31 09:30:00,8347.489,20,False,False,4.843999999999999,4.902,57.67999999999999,117,9,30,4,1,10.656,8468.408,8261.428,8033.471,6747.809020833333
2025-01-31 10:00:00,8250.131,21,False,False,4.802,5.182,50.2,117,10,0,4,1,10.698,8347.489,8197.071,7946.978,6749.601958333333
2025-01-31 10:30:00,7926.2210000000005,22,False,False,5.604,4.444,67.17999999999999,117,10,30,4,1,9.896,8250.131,7915.314,7703.618,6750.707375000001
2025-01-31 11:00:00,7514.675,23,False,False,5.08,5.082,59.8,117,11,0,4,1,10.42,7926.2210000000005,7540.772,7343.289,6750.934604166666
2025-01-31 11:30:00,7160.476,24,False,False,5.91,4.828,63.260000000000005,117,11,30,4,1,9.59,7514.675,7301.374,6984.578,6750.390916666666
2025-01-31 12:00:00,7012.448,25,False,False,4.63,3.9939999999999998,62.96,117,12,0,4,1,10.870000000000001,7160.476,7140.103,6683.566,6747.455541666666
2025-01-31 12:30:00,6870.171,26,False,False,4.773999999999999,5.554,54.54,117,12,30,4,1,10.726,7012.448,6767.031,6581.477,6744.796062499999
2025-01-31 13:00:00,6800.195,27,False,False,5.578,4.154,56.82000000000001,117,13,0,4,1,9.922,6870.171,6739.162,6438.113,6746.944812500001
2025-01-31 13:30:00,6752.249,28,False,False,6.05,3.322,55.02,117,13,30,4,1,9.45,6800.195,6870.44,6545.166,6748.216333333334
2025-01-31 14:00:00,6850.354,29,False,False,6.694,4.058,39.88,117,14,0,4,1,8.806000000000001,6752.249,6869.366,6643.945,6745.754020833334
2025-01-31 14:30:00,7267.205006230678,30,False,False,6.862,4.106,53.36,117,14,30,4,1,8.638,6850.354,7036.755,6823.071,6745.357937500001
2025-01-31 15:00:00,7301.716,31,False,False,6.938,3.1160000000000005,57.96,117,15,0,4,1,8.562000000000001,7267.205006230678,7190.013,6983.414,6750.158979296473
2025-01-31 15:30:00,7307.7,32,False,False,7.676,4.332,57.3,117,15,30,4,1,7.824,7301.716,7487.006,7247.8369999999995,6752.486125129805
2025-01-31 16:00:00,7508.845,33,False,False,7.954000000000001,4.409999999999999,58.0,117,16,0,4,1,7.545999999999999,7307.7,7447.975,7237.624,6748.750583463138
2025-01-31 16:30:00,7610.729,34,False,False,7.286,4.704,56.739999999999995,117,16,30,4,1,8.214,7508.845,7572.6050000000005,7399.658,6750.01870846314
2025-01-31 17:00:00,7580.738,35,False,False,8.251999999999999,4.792,60.7,117,17,0,4,1,7.248000000000001,7610.729,7699.247,7483.19,6750.812958463139
2025-01-31 17:30:00,7702.314,36,False,False,7.336,2.88,60.779999999999994,117,17,30,4,1,8.164,7580.738,7712.986,7375.635,6748.34402096314
2025-01-31 18:00:00,7481.719,37,False,False,8.3,3.336,50.56,117,18,0,4,1,7.199999999999999,7702.314,7551.711,7258.704,6748.121687629806
2025-01-31 18:30:00,7407.515,38,False,False,7.078,2.598,58.08,117,18,30,4,1,8.422,7481.719,7266.0419999999995,6952.55,6746.6635209631395
2025-01-31 19:00:00,7086.963,39,False,False,8.714,4.888,60.720000000000006,117,19,0,4,1,6.786,7407.515,7156.416,6854.529,6749.610875129806
2025-01-31 19:30:00,6708.895,40,False,False,8.943999999999999,3.336,64.22,117,19,30,4,1,6.556000000000001,7086.963,6858.4929999999995,6513.485,6748.163937629805
2025-01-31 20:00:00,6536.863,41,False,False,8.33,4.456,63.6,117,20,0,4,1,7.17,6708.895,6591.331,6301.889,6745.047312629806
2025-01-31 20:30:00,6316.722,42,False,False,8.652,4.3,51.620000000000005,117,20,30,4,1,6.848000000000001,6536.863,6409.26,6057.869,6743.9125626298055
2025-01-31 21:00:00,6103.765,43,False,False,8.2,4.852,63.660000000000004,117,21,0,4,1,7.300000000000001,6316.722,6095.325,5924.8640000000005,6741.984687629806
2025-01-31 21:30:00,6023.686,44,False,False,7.356,4.256,75.12,117,21,30,4,1,8.144,6103.765,6004.757,5766.625,6742.160520963139
2025-01-31 22:00:00,5676.436,45,False,False,9.374,5.358,69.44,117,22,0,4,1,6.1259999999999994,6023.686,5701.126,5602.026,6742.554875129806
2025-01-31 22:30:00,5873.591202195588,46,False,False,8.536,4.223999999999999,63.160000000000004,117,22,30,4,1,6.964,5676.436,5804.367,5343.796,6742.040500129806
2025-01-31 23:00:00,5554.42,47,False,False,7.556,2.62,72.16,117,23,0,4,1,7.944,5873.591202195588,5541.915,5401.173,6743.482671008881
2025-01-31 23:30:00,5525.359,48,False,False,7.4,4.4079999999999995,58.580000000000005,117,23,30,4,1,8.1,5554.42,5450.927,5323.079,6743.743191842214
2025-02-01 00:00:00,4340.222,1,True,False,6.4079999999999995,3.8099999999999996,46.519999999999996,117,0,0,5,2,9.092,5525.359,5405.847,4089.581,6745.2938585088805
2025-02-01 00:30:00,4393.537,2,True,False,7.3180000000000005,4.156000000000001,50.36,117,0,30,5,2,8.181999999999999,4340.222,5364.119,4247.423,6723.0933376755465
2025-02-01 01:00:00,4452.145,3,True,False,6.256,4.294,62.48,117,1,0,5,2,9.244,4393.537,5407.062,4189.176,6702.872879342215
2025-02-01 01:30:00,4423.655,4,True,False,6.294,3.5119999999999996,67.97999999999999,117,1,30,5,2,9.206,4452.145,5482.415,4274.847,6682.978775175547
2025-02-01 02:00:00,4438.825,5,True,False,6.184,5.684,56.739999999999995,117,2,0,5,2,9.315999999999999,4423.655,5560.568,4198.05,6660.921275175548
2025-02-01 02:30:00,4475.222,6,True,False,5.452,4.574,46.260000000000005,117,2,30,5,2,10.048,4438.825,5574.313,4256.585,6637.551629342214
2025-02-01 03:00:00,4426.188,7,True,False,6.422,3.8,55.46,117,3,0,5,2,9.078,4475.222,5570.796,4357.265,6614.653900175548
2025-02-01 03:30:00,4547.959,8,True,False,5.46,2.79,54.739999999999995,117,3,30,5,2,10.04,4426.188,5591.468,4371.348,6590.807900175547
2025-02-01 04:00:00,4525.1539999999995,9,True,False,6.144,3.8560000000000003,63.120000000000005,117,4,0,5,2,9.356,4547.959,5762.749,4485.801,6569.068129342214
2025-02-01 04:30:00,4621.671,10,True,False,5.958,3.978,58.120000000000005,117,4,30,5,2,9.542,4525.1539999999995,5814.976,4520.179,6543.284900175547
2025-02-01 05:00:00,4854.862,11,True,False,4.668,2.93,44.62,117,5,0,5,2,10.832,4621.671,6050.612,4756.922,6518.424379342214
2025-02-01 05:30:00,5095.614,12,True,False,4.922,5.066,65.62,117,5,30,5,2,10.578,4854.862,6325.393,4839.839,6493.512921008881
2025-02-01 06:00:00,5283.907,13,True,False,4.33,2.982,44.46,117,6,0,5,2,11.17,5095.614,6687.049,5167.998,6467.892525175547
2025-02-01 06:30:00,5628.343,14,True,False,4.03,4.456,50.44,117,6,30,5,2,11.469999999999999,5283.907,7006.555,5422.543,6438.660400175548
2025-02-01 07:00:00,6026.417,15,True,False,3.65,4.836,46.96,117,7,0,5,2,11.85,5628.343,7438.742,5789.6810000000005,6409.947650175548
2025-02-01 07:30:00,6162.145,16,True,False,4.45,4.444000000000001,50.339999999999996,117,7,30,5,2,11.05,6026.417,7833.667,6060.507,6380.5242126755475
2025-02-01 08:00:00,6417.343,17,True,False,4.8740000000000006,3.4659999999999997,54.92,117,8,0,5,2,10.626,6162.145,8059.116,6205.115,6345.700837675547
2025-02-01 08:30:00,6627.596,18,True,False,4.492,3.428,56.160000000000004,117,8,30,5,2,11.008,6417.343,8310.66,6487.413,6311.497233508881
2025-02-01 09:00:00,6634.787,19,True,False,5.192,4.508,60.67999999999999,117,9,0,5,2,10.308,6627.596,8468.408,6517.658,6276.433400175548
2025-02-01 09:30:00,6626.297,20,True,False,4.794,2.7119999999999997,67.14,117,9,30,5,2,10.706,6634.787,8347.489,6446.226,6238.232962675548
2025-02-01 10:00:00,6632.845,21,True,False,2.658,3.5060000000000002,61.02,117,10,0,5,2,12.842,6626.297,8250.131,6262.837,6202.374796008881
2025-02-01 10:30:00,6246.582,22,True,False,5.042,3.2700000000000005,55.1,117,10,30,5,2,10.458,6632.845,7926.2210000000005,6061.801,6168.681337675546
2025-02-01 11:00:00,6084.477,23,True,False,4.716,5.452,68.14,117,11,0,5,2,10.783999999999999,6246.582,7514.675,5926.96,6133.688858508881
2025-02-01 11:30:00,5825.622,24,True,False,5.576,3.344,57.67999999999999,117,11,30,5,2,9.924,6084.477,7160.476,5605.854,6103.8930668422145
2025-02-01 12:00:00,5544.241,25,True,False,5.523999999999999,5.304,47.92,117,12,0,5,2,9.976,5825.622,7012.448,5402.65,6076.08360850888
2025-02-01 12:30:00,5455.937,26,True,False,5.522,4.068,59.879999999999995,117,12,30,5,2,9.978,5544.241,6870.171,5275.711,6045.495962675548
2025-02-01 13:00:00,5309.97,27,True,False,6.68,5.066,57.04,117,13,0,5,2,8.82,5455.937,6800.195,5215.9800000000005,6016.032754342214
2025-02-01 13:30:00,5370.0650000000005,28,True,False,6.098000000000001,2.776,66.41999999999999,117,13,30,5,2,9.402,5309.97,6752.249,5292.787,5984.986400175548
2025-02-01 14:00:00,5478.875,29,True,False,6.465999999999999,3.382,60.660000000000004,117,14,0,5,2,9.034,5370.0650000000005,6850.354,5439.143,5956.1909001755475
2025-02-01 14:30:00,5719.289859155079,30,True,False,6.372,4.122,59.620000000000005,117,14,30,5,2,9.128,5478.875,7267.205006230678,5309.468,5927.61842100888
2025-02-01 15:00:00,5654.059,31,True,False,7.742,4.564,63.08,117,15,0,5,2,7.758,5719.289859155079,7301.716,5552.9619999999995,5895.370188778139
2025-02-01 15:30:00,5919.264,32,True,False,6.892,3.968,78.78,117,15,30,5,2,8.608,5654.059,7307.7,5647.986,5861.04400127814
2025-02-01 16:00:00,5917.429,33,True,False,7.403999999999999,4.656000000000001,55.379999999999995,117,16,0,5,2,8.096,5919.264,7508.845,5712.655,5832.118251278139
2025-02-01 16:30:00,6071.398,34,True,False,7.714,3.8880000000000003,63.4,117,16,30,5,2,7.786,5917.429,7610.729,5858.264,5798.963751278138
2025-02-01 17:00:00,6157.633,35,True,False,6.862,4.604,59.04,117,17,0,5,2,8.638,6071.398,7580.738,5833.566,5766.894355444805
2025-02-01 17:30:00,6021.521,36,True,False,8.08,2.6559999999999997,56.1,117,17,30,5,2,7.42,6157.633,7702.314,5809.437,5737.246334611472
2025-02-01 18:00:00,5902.047,37,True,False,8.559999999999999,4.6899999999999995,55.4,117,18,0,5,2,6.940000000000001,6021.521,7481.719,5710.463,5702.22981377814
2025-02-01 18:30:00,5722.282,38,True,False,8.516,4.156,61.02,117,18,30,5,2,6.984,5902.047,7407.515,5628.501,5669.319980444805
2025-02-01 19:00:00,5529.469,39,True,False,8.416,2.84,65.4,117,19,0,5,2,7.084,5722.282,7086.963,5419.866,5634.2109596114715
2025-02-01 19:30:00,5350.406,40,True,False,8.3,4.336,65.34,117,19,30,5,2,7.199999999999999,5529.469,6708.895,5194.029,5601.763167944805
2025-02-01 20:00:00,5182.824,41,True,False,8.706,6.428,65.1,117,20,0,5,2,6.7940000000000005,5350.406,6536.863,4977.937,5573.461313778139
2025-02-01 20:30:00,5056.542,42,True,False,9.040000000000001,3.714,59.98,117,20,30,5,2,6.459999999999999,5182.824,6316.722,4831.953,5545.252167944806
2025-02-01 21:00:00,4841.611,43,True,False,8.964,3.4479999999999995,54.67999999999999,117,21,0,5,2,6.536,5056.542,6103.765,4650.022,5518.998417944805
2025-02-01 21:30:00,4649.907,44,True,False,8.814,4.302,61.879999999999995,117,21,30,5,2,6.686,4841.611,6023.686,4510.275,5492.703542944805
2025-02-01 22:00:00,4664.717,45,True,False,7.3,3.636,69.1,117,22,0,5,2,8.2,4649.907,5676.436,4401.37,5464.0831471114725
2025-02-01 22:30:00,4545.532,46,True,False,7.456,4.55,66.94,117,22,30,5,2,8.044,4664.717,5873.591202195588,4393.541,5443.005667944805
2025-02-01 23:00:00,4526.704,47,True,False,7.438,3.8660000000000005,65.16,117,23,0,5,2,8.062000000000001,4545.532,5554.42,4262.655,5415.337767899065
2025-02-01 23:30:00,4364.211,48,True,False,8.196,2.798,60.54,117,23,30,5,2,7.304,4526.704,5525.359,4192.816,5393.927017899064
2025-02-02 00:00:00,4244.111,1,True,False,8.212,4.86,64.9,117,0,0,6,2,7.288,4364.211,4340.222,4237.948,5369.736434565731
2025-02-02 00:30:00,4273.686,2,True,False,7.936,2.834,56.9,117,0,30,6,2,7.564,4244.111,4393.537,4188.551,5367.734122065731
2025-02-02 01:00:00,4299.149,3,True,False,7.851999999999999,3.4240000000000004,64.74000000000001,117,1,0,6,2,7.648000000000001,4273.686,4452.145,4152.053,5365.237226232398
2025-02-02 01:30:00,4353.191,4,True,False,6.638,4.8100000000000005,53.02,117,1,30,6,2,8.862,4299.149,4423.655,4207.11,5362.04980956573
2025-02-02 02:00:00,4282.644,5,True,False,6.8,4.378,59.2,117,2,0,6,2,8.7,4353.191,4438.825,4325.492615698364,5360.5818095657305
2025-02-02 02:30:00,4314.663,6,True,False,7.223999999999999,3.376,66.44,117,2,30,6,2,8.276,4282.644,4475.222,4246.136,5357.3280387323975
2025-02-02 03:00:00,4404.201,7,True,False,6.048,5.642,62.779999999999994,117,3,0,6,2,9.452,4314.663,4426.188,4377.785,5353.98305956573
2025-02-02 03:30:00,4557.6449999999995,8,True,False,5.898000000000001,4.504,64.3,117,3,30,6,2,9.602,4404.201,4547.959,4460.723,5353.5249970657305
2025-02-02 04:00:00,4547.458,9,True,False,5.497999999999999,3.842,59.260000000000005,117,4,0,6,2,10.002,4557.6449999999995,4525.1539999999995,4471.446,5353.726788732398
2025-02-02 04:30:00,4666.42,10,True,False,5.859999999999999,2.6879999999999997,63.279999999999994,117,4,30,6,2,9.64,4547.458,4621.671,4511.8,5354.191455399064
2025-02-02 05:00:00,4855.749,11,True,False,5.254,4.351999999999999,59.239999999999995,117,5,0,6,2,10.246,4666.42,4854.862,4665.926,5355.1237262323975
2025-02-02 05:30:00,5011.198,12,True,False,5.546,3.214,57.67999999999999,117,5,30,6,2,9.954,4855.749,5095.614,4925.296,5355.142205399064
2025-02-02 06:00:00,5302.901,13,True,False,5.532,3.752,63.14,117,6,0,6,2,9.968,5011.198,5283.907,5209.839,5353.383538732397
2025-02-02 06:30:00,5596.124,14,True,False,4.454000000000001,3.718,60.879999999999995,117,6,30,6,2,11.046,5302.901,5628.343,5354.321,5353.7792470657305
2025-02-02 07:00:00,5899.726,15,True,False,4.108,2.1420000000000003,66.34,117,7,0,6,2,11.392,5596.124,6026.417,5755.266,5353.108017899064
2025-02-02 07:30:00,6242.19,16,True,False,4.422,4.241999999999999,53.779999999999994,117,7,30,6,2,11.078,5899.726,6162.145,6102.698,5350.468622065731
2025-02-02 08:00:00,6425.679,17,True,False,4.348000000000001,3.9659999999999997,57.5,117,8,0,6,2,11.152,6242.19,6417.343,6257.932,5352.136226232397
2025-02-02 08:30:00,6608.692,18,True,False,5.3,2.646,55.120000000000005,117,8,30,6,2,10.2,6425.679,6627.596,6529.658,5352.309892899064
2025-02-02 09:00:00,6727.427,19,True,False,3.85,3.1759999999999997,59.94,117,9,0,6,2,11.65,6608.692,6634.787,6627.582,5351.916059565731
2025-02-02 09:30:00,6680.54,20,True,False,4.33,3.186,64.96,117,9,30,6,2,11.17,6727.427,6626.297,6349.018,5353.846059565731
2025-02-02 10:00:00,6424.167,21,True,False,5.366,5.196,52.620000000000005,117,10,0,6,2,10.134,6680.54,6632.845,6266.5,5354.976122065731
2025-02-02 10:30:00,6309.793,22,True,False,4.858,3.9019999999999997,50.62,117,10,30,6,2,10.642,6424.167,6246.582,6104.49,5350.628663732397
2025-02-02 11:00:00,5947.882,23,True,False,4.394,3.4619999999999997,68.36,117,11,0,6,2,11.106,6309.793,6084.477,5823.392,5351.945559565731
2025-02-02 11:30:00,5734.068,24,True,False,5.462,5.256,57.220000000000006,117,11,30,6,2,10.038,5947.882,5825.622,5615.385,5349.099830399065
2025-02-02 12:00:00,5514.012,25,True,False,5.404,5.6899999999999995,63.54,117,12,0,6,2,10.096,5734.068,5544.241,5502.947,5347.192455399064
2025-02-02 12:30:00,5437.035,26,True,False,5.546,3.976,59.9,117,12,30,6,2,9.954,5514.012,5455.937,5220.572,5346.562684565731
2025-02-02 13:00:00,5354.371,27,True,False,6.422,3.0759999999999996,60.379999999999995,117,13,0,6,2,9.078,5437.035,5309.97,5253.29,5346.168892899064
2025-02-02 13:30:00,5418.467,28,True,False,5.32,3.7119999999999997,78.56,117,13,30,6,2,10.18,5354.371,5370.0650000000005,5360.34,5347.093913732398
2025-02-02 14:00:00,5543.815,29,True,False,6.082,3.186,60.2,117,14,0,6,2,9.418,5418.467,5478.875,5327.7210000000005,5348.102288732397
2025-02-02 14:30:00,5591.732,30,True,False,6.859999999999999,2.882,57.98,117,14,30,6,2,8.64,5543.815,5719.289859155079,5381.022,5349.455205399064
2025-02-02 15:00:00,5711.539,31,True,False,7.292,4.51,61.839999999999996,117,15,0,6,2,8.208,5591.732,5654.059,5657.592,5346.797750000001
2025-02-02 15:30:00,5821.774,32,True,False,6.8260000000000005,3.7560000000000002,54.36,117,15,30,6,2,8.674,5711.539,5919.264,5594.008,5347.99525
2025-02-02 16:00:00,5816.111,33,True,False,8.524,4.114,60.8,117,16,0,6,2,6.976000000000001,5821.774,5917.429,5805.179,5345.964208333334
2025-02-02 16:30:00,6057.712,34,True,False,7.286,3.4799999999999995,67.2,117,16,30,6,2,8.214,5816.111,6071.398,5789.751,5343.853416666667
2025-02-02 17:00:00,5994.591,35,True,False,7.924000000000001,5.226000000000001,62.9,117,17,0,6,2,7.575999999999999,6057.712,6157.633,5954.114,5343.5682916666665
2025-02-02 17:30:00,5910.177,36,True,False,8.3,4.734,61.839999999999996,117,17,30,6,2,7.199999999999999,5994.591,6021.521,5774.862,5340.171583333333
2025-02-02 18:00:00,5974.873,37,True,False,7.286,5.33,55.48,117,18,0,6,2,8.214,5910.177,5902.047,5761.134,5337.8519166666665
2025-02-02 18:30:00,5789.648,38,True,False,8.358,4.18,60.339999999999996,117,18,30,6,2,7.1419999999999995,5974.873,5722.282,5635.408,5339.369125
2025-02-02 19:00:00,5617.42,39,True,False,7.766,3.904,59.739999999999995,117,19,0,6,2,7.734,5789.648,5529.469,5445.538,5340.772583333333
2025-02-02 19:30:00,5507.939,40,True,False,7.056,3.6079999999999997,52.08,117,19,30,6,2,8.443999999999999,5617.42,5350.406,5160.717,5342.604895833333
2025-02-02 20:00:00,5219.527,41,True,False,7.8260000000000005,4.8,58.64000000000001,117,20,0,6,2,7.6739999999999995,5507.939,5182.824,5006.953,5345.886833333333
2025-02-02 20:30:00,4937.071,42,True,False,8.886,3.724,52.379999999999995,117,20,30,6,2,6.614000000000001,5219.527,5056.542,4806.143,5346.651479166666
2025-02-02 21:00:00,4801.113,43,True,False,8.262,3.87,59.239999999999995,117,21,0,6,2,7.2379999999999995,4937.071,4841.611,4646.605,5344.162499999999
2025-02-02 21:30:00,4674.273,44,True,False,9.15,2.698,64.58,117,21,30,6,2,6.35,4801.113,4649.907,4593.061,5343.318791666667
2025-02-02 22:00:00,4492.586,45,True,False,7.786,3.842,61.84000000000001,117,22,0,6,2,7.714,4674.273,4664.717,4380.0289999999995,5343.826416666666
2025-02-02 22:30:00,4508.038,46,True,False,7.82,3.31,54.44,117,22,30,6,2,7.68,4492.586,4545.532,4319.609,5340.240354166667
2025-02-02 23:00:00,4394.614,47,True,False,8.168000000000001,4.4719999999999995,49.48,117,23,0,6,2,7.331999999999999,4508.038,4526.704,4251.096,5339.459229166667
2025-02-02 23:30:00,4454.4800000000005,48,True,False,7.6579999999999995,3.754,69.16,117,23,30,6,2,7.8420000000000005,4394.614,4364.211,4267.373,5336.707354166667
2025-02-03 00:00:00,5405.851,1,False,False,7.6819999999999995,5.444,71.46000000000001,117,0,0,0,2,7.8180000000000005,4454.4800000000005,4244.111,5426.107,5338.5879583333335
2025-02-03 00:30:00,5460.289,2,False,False,6.99,3.4579999999999997,58.620000000000005,117,0,30,0,2,8.51,5405.851,4273.686,5379.489,5362.790875
2025-02-03 01:00:00,5444.226,3,False,False,7.156000000000001,3.808,65.34,117,1,0,0,2,8.344,5460.289,4299.149,5410.486,5387.511770833334
2025-02-03 01:30:00,5332.972,4,False,False,8.592,5.215999999999999,74.94,117,1,30,0,2,6.9079999999999995,5444.226,4353.191,5365.394,5411.3675416666665
2025-02-03 02:00:00,5408.186,5,False,False,6.601999999999999,4.698,65.94,117,2,0,0,2,8.898,5332.972,4282.644,5381.769,5431.779645833333
2025-02-03 02:30:00,5405.529,6,False,False,7.1,3.318,59.92,117,2,30,0,2,8.4,5408.186,4314.663,5415.007,5455.2284375
2025-02-03 03:00:00,5549.91,7,False,False,6.25,3.312,51.2,117,3,0,0,2,9.25,5405.529,4404.201,5410.888,5477.9548125
2025-02-03 03:30:00,5602.273,8,False,False,6.414,4.482,61.58,117,3,30,0,2,9.086,5549.91,4557.6449999999995,5477.654,5501.82375
2025-02-03 04:00:00,5762.101,9,False,False,5.236,4.622,58.14,117,4,0,0,2,10.264,5602.273,4547.458,5678.658,5523.586833333334
2025-02-03 04:30:00,5892.838,10,False,False,4.508,3.694,72.04,117,4,30,0,2,10.992,5762.101,4666.42,5726.135,5548.891895833333
2025-02-03 05:00:00,6043.513,11,False,False,5.712000000000001,5.492,68.02000000000001,117,5,0,0,2,9.788,5892.838,4855.749,5989.668,5574.442270833333
2025-02-03 05:30:00,6401.274,12,False,False,4.208,5.3420000000000005,70.84,117,5,30,0,2,11.292,6043.513,5011.198,6165.332,5599.1873541666655
2025-02-03 06:00:00,6680.942,13,False,False,4.95,4.396,47.660000000000004,117,6,0,0,2,10.55,6401.274,5302.901,6561.43,5628.147270833334
2025-02-03 06:30:00,7055.557,14,False,False,5.034000000000001,5.142,57.48,117,6,30,0,2,10.466,6680.942,5596.124,6981.198,5656.856458333333
2025-02-03 07:00:00,7419.525,15,False,False,4.556,3.8760000000000003,61.4,117,7,0,0,2,10.943999999999999,7055.557,5899.726,7310.426,5687.2613125
2025-02-03 07:30:00,7773.844,16,False,False,5.468,4.1,59.42,117,7,30,0,2,10.032,7419.525,6242.19,7700.847,5718.923791666667
2025-02-03 08:00:00,8229.049,17,False,False,3.936,2.298,66.53999999999999,117,8,0,0,2,11.564,7773.844,6425.679,7963.833,5750.83325
2025-02-03 08:30:00,8352.864,18,False,False,4.343999999999999,3.928,63.7,117,8,30,0,2,11.156,8229.049,6608.692,8284.553,5788.403458333334
2025-02-03 09:00:00,8488.015,19,False,False,4.787999999999999,3.434,53.739999999999995,117,9,0,0,2,10.712,8352.864,6727.427,8422.25374960951,5824.7403749999985
2025-02-03 09:30:00,8279.05,20,False,False,5.6160000000000005,4.738,49.160000000000004,117,9,30,0,2,9.884,8488.015,6680.54,8324.719,5861.419291666666
2025-02-03 10:00:00,8208.986,21,False,False,5.576,4.538,51.2,117,10,0,0,2,9.924,8279.05,6424.167,8057.192,5894.721583333333
2025-02-03 10:30:00,7908.42,22,False,False,5.314,3.12,54.7,117,10,30,0,2,10.186,8208.986,6309.793,7690.24,5931.9053125
2025-02-03 11:00:00,7581.147,23,False,False,5.596,2.88,59.17999999999999,117,11,0,0,2,9.904,7908.42,5947.882,7522.044,5965.210041666666
2025-02-03 11:30:00,7301.173,24,False,False,5.27,4.796,68.38,117,11,30,0,2,10.23,7581.147,5734.068,7187.644,5999.2363958333335
2025-02-03 12:00:00,7009.23,25,False,False,5.4079999999999995,4.952,65.17999999999999,117,12,0,0,2,10.092,7301.173,5514.012,6818.332,6031.884416666667
2025-02-03 12:30:00,6740.831,26,False,False,6.5920000000000005,4.526000000000001,58.720000000000006,117,12,30,0,2,8.908,7009.23,5437.035,6805.379,6063.034791666666
2025-02-03 13:00:00,6716.719,27,False,False,6.214,4.478,47.660000000000004,117,13,0,0,2,9.286,6740.831,5354.371,6770.47,6090.197208333332
2025-02-03 13:30:00,6663.028,28,False,False,6.642,4.988,65.32000000000001,117,13,30,0,2,8.858,6716.719,5418.467,6706.173,6118.579458333334
2025-02-03 14:00:00,6910.904,29,False,False,6.034000000000001,5.674,70.08,117,14,0,0,2,9.466,6663.028,5543.815,6778.815,6144.5078125
2025-02-03 14:30:00,7110.026,30,False,False,6.403999999999999,1.982,62.04,117,14,30,0,2,9.096,6910.904,5591.732,6815.047,6172.988833333333
2025-02-03 15:00:00,7181.914,31,False,False,7.3420000000000005,3.842,49.78,117,15,0,0,2,8.158,7110.026,5711.539,7078.997,6204.619958333334
2025-02-03 15:30:00,7464.999,32,False,False,6.6579999999999995,4.014,56.17999999999999,117,15,30,0,2,8.842,7181.914,5821.774,7297.252,6235.252770833333
2025-02-03 16:00:00,7432.812,33,False,False,8.612,3.85,58.56,117,16,0,0,2,6.888,7464.999,5816.111,7372.091,6269.4866250000005
2025-02-03 16:30:00,7613.162,34,False,False,6.814,3.5159999999999996,63.4,117,16,30,0,2,8.686,7432.812,6057.712,7489.083,6303.167895833333
2025-02-03 17:00:00,7524.8949999999995,35,False,False,8.114,5.465999999999999,47.5,117,17,0,0,2,7.385999999999999,7613.162,5994.591,7482.193,6335.573104166667
2025-02-03 17:30:00,7648.191,36,False,False,7.959999999999999,3.4560000000000004,50.88,117,17,30,0,2,7.540000000000001,7524.8949999999995,5910.177,7469.666,6367.4544375000005
2025-02-03 18:00:00,7473.606,37,False,False,8.448,3.3259999999999996,65.64,117,18,0,0,2,7.052,7648.191,5974.873,7448.325,6403.6630625
2025-02-03 18:30:00,7274.487,38,False,False,9.292,3.064,63.5,117,18,30,0,2,6.208,7473.606,5789.648,7213.474,6434.886666666666
2025-02-03 19:00:00,7056.342,39,False,False,8.464,4.076,59.32000000000001,117,19,0,0,2,7.036,7274.487,5617.42,6924.761,6465.820812499999
2025-02-03 19:30:00,6815.259,40,False,False,8.197999999999999,4.384,49.94,117,19,30,0,2,7.302000000000001,7056.342,5507.939,6632.19,6495.798354166666
2025-02-03 20:00:00,6570.989,41,False,False,8.158,2.7960000000000003,76.17999999999999,117,20,0,0,2,7.3420000000000005,6815.259,5219.527,6505.269,6523.034187499999
2025-02-03 20:30:00,6361.648,42,False,False,7.976000000000001,2.7399999999999998,62.2,117,20,30,0,2,7.523999999999999,6570.989,4937.071,6108.33,6551.189645833332
2025-02-03 21:00:00,6021.14,43,False,False,9.03,3.4019999999999997,55.160000000000004,117,21,0,0,2,6.470000000000001,6361.648,4801.113,5965.238,6580.868333333333
2025-02-03 21:30:00,5904.934,44,False,False,8.814,3.526,52.160000000000004,117,21,30,0,2,6.686,6021.14,4674.273,5839.84,6606.2855625
2025-02-03 22:00:00,5742.751,45,False,False,8.097999999999999,2.998,57.739999999999995,117,22,0,0,2,7.402000000000001,5904.934,4492.586,5634.219,6631.9243333333325
2025-02-03 22:30:00,5631.885,46,False,False,8.512,3.9760000000000004,61.31999999999999,117,22,30,0,2,6.9879999999999995,5742.751,4508.038,5446.569,6657.969437500001
2025-02-03 23:00:00,5498.179,47,False,False,8.994,5.12,72.12,117,23,0,0,2,6.506,5631.885,4394.614,5514.833,6681.3829166666665
2025-02-03 23:30:00,5483.2,48,False,False,7.703999999999999,3.148,41.739999999999995,117,23,30,0,2,7.796000000000001,5498.179,4454.4800000000005,5514.902,6704.373854166667
2025-02-04 00:00:00,5425.476,1,False,False,7.856,4.266,50.32,117,0,0,1,2,7.644,5483.2,5405.851,5321.018,6725.805520833333
2025-02-04 00:30:00,5465.119,2,False,False,6.63,3.3120000000000003,69.03999999999999,117,0,30,1,2,8.870000000000001,5425.476,5460.289,5124.999,6726.2143750000005
2025-02-04 01:00:00,5421.292,3,False,False,7.404000000000001,4.2,60.54,117,1,0,1,2,8.096,5465.119,5444.226,5419.328,6726.315
2025-02-04 01:30:00,5438.584,4,False,False,7.202,3.97,48.980000000000004,117,1,30,1,2,8.298,5421.292,5332.972,5370.862,6725.837208333333
2025-02-04 02:00:00,5476.468,5,False,False,6.938,3.21,79.7,117,2,0,1,2,8.562000000000001,5438.584,5408.186,5412.375,6728.037458333333
2025-02-04 02:30:00,5479.857,6,False,False,7.494,2.908,48.12,117,2,30,1,2,8.006,5476.468,5405.529,5441.352,6729.46
2025-02-04 03:00:00,5661.987,7,False,False,5.593999999999999,4.66,56.64,117,3,0,1,2,9.906,5479.857,5549.91,5374.063,6731.0085
2025-02-04 03:30:00,5523.509,8,False,False,6.715999999999999,2.936,56.17999999999999,117,3,30,1,2,8.784,5661.987,5602.273,5508.631,6733.3434375
2025-02-04 04:00:00,5679.852,9,False,False,5.816,3.0460000000000003,56.9,117,4,0,1,2,9.684000000000001,5523.509,5762.101,5629.558,6731.702520833333
2025-02-04 04:30:00,5863.354,10,False,False,5.764,3.35,58.120000000000005,117,4,30,1,2,9.736,5679.852,5892.838,5778.765,6729.9890000000005
2025-02-04 05:00:00,6016.503,11,False,False,5.398000000000001,5.3740000000000006,62.3,117,5,0,1,2,10.102,5863.354,6043.513,6050.709,6729.37475
2025-02-04 05:30:00,6288.185,12,False,False,4.8420000000000005,5.078,62.839999999999996,117,5,30,1,2,10.658,6016.503,6401.274,6230.161,6728.812041666667
2025-02-04 06:00:00,6613.424,13,False,False,4.57,3.8340000000000005,65.67999999999999,117,6,0,1,2,10.93,6288.185,6680.942,6534.404,6726.456020833332
2025-02-04 06:30:00,6955.851,14,False,False,5.486,4.286,65.46000000000001,117,6,30,1,2,10.014,6613.424,7055.557,6941.496,6725.049395833333
2025-02-04 07:00:00,7396.748,15,False,False,4.362,4.3100000000000005,46.1,117,7,0,1,2,11.138,6955.851,7419.525,7192.657999999999,6722.9721875
2025-02-04 07:30:00,7717.825,16,False,False,5.524,5.2700000000000005,63.779999999999994,117,7,30,1,2,9.975999999999999,7396.748,7773.844,7630.0560000000005,6722.497666666667
2025-02-04 08:00:00,8102.21,17,False,False,4.802,3.1,58.52,117,8,0,1,2,10.698,7717.825,8229.049,7907.828,6721.3306041666665
2025-02-04 08:30:00,8347.028,18,False,False,4.456,4.394,61.44,117,8,30,1,2,11.044,8102.21,8352.864,8234.516,6718.688125
2025-02-04 09:00:00,8478.497,19,False,False,4.484,1.948,59.4,117,9,0,1,2,11.016,8347.028,8488.015,8388.531,6718.566541666667
2025-02-04 09:30:00,8272.741,20,False,False,5.382,2.62,55.779999999999994,117,9,30,1,2,10.118,8478.497,8279.05,8222.398,6718.36825
2025-02-04 10:00:00,8185.713,21,False,False,5.104000000000001,3.052,67.6,117,10,0,1,2,10.395999999999999,8272.741,8208.986,8018.966,6718.2368125
2025-02-04 10:30:00,8002.925,22,False,False,4.264,2.2,62.3,117,10,30,1,2,11.236,8185.713,7908.42,7807.271,6717.751958333333
2025-02-04 11:00:00,7615.956,23,False,False,5.6,3.936,52.160000000000004,117,11,0,1,2,9.9,8002.925,7581.147,7498.709,6719.7208125
2025-02-04 11:30:00,7287.193,24,False,False,4.838,3.4200000000000004,63.86,117,11,30,1,2,10.661999999999999,7615.956,7301.173,7145.753,6720.446
2025-02-04 12:00:00,7080.338,25,False,False,4.964,5.337999999999999,53.17999999999999,117,12,0,1,2,10.536,7287.193,7009.23,6919.108,6720.154750000001
2025-02-04 12:30:00,6889.64,26,False,False,5.048,3.814,53.1,117,12,30,1,2,10.452,7080.338,6740.831,6712.401,6721.636166666667
2025-02-04 13:00:00,6725.135,27,False,False,6.992,3.6799999999999997,51.64,117,13,0,1,2,8.508,6889.64,6716.719,6628.868,6724.736354166667
2025-02-04 13:30:00,6866.137,28,False,False,5.986,3.0580000000000003,64.6,117,13,30,1,2,9.514,6725.135,6663.028,6583.771,6724.9116875
2025-02-04 14:00:00,6802.901,29,False,False,6.922,5.228,52.660000000000004,117,14,0,1,2,8.578,6866.137,6910.904,6720.129,6729.143125
2025-02-04 14:30:00,7076.249,30,False,False,5.994,4.308,70.26,117,14,30,1,2,9.506,6802.901,7110.026,6930.58,6726.893062499999
2025-02-04 15:00:00,7157.091,31,False,False,8.0,5.426,59.64,117,15,0,1,2,7.5,7076.249,7181.914,7114.426,6726.189374999999
2025-02-04 15:30:00,7351.887,32,False,False,6.9959999999999996,3.0620000000000003,61.92,117,15,30,1,2,8.504000000000001,7157.091,7464.999,7302.56,6725.6722291666665
2025-02-04 16:00:00,7515.596,33,False,False,8.187999999999999,4.13,57.2,117,16,0,1,2,7.312000000000001,7351.887,7432.812,7449.263,6723.315729166666
2025-02-04 16:30:00,7736.883,34,False,False,6.7299999999999995,4.38,51.7,117,16,30,1,2,8.77,7515.596,7613.162,7351.511,6725.040395833334
2025-02-04 17:00:00,7567.18,35,False,False,8.376,3.406,53.839999999999996,117,17,0,1,2,7.1240000000000006,7736.883,7524.8949999999995,7438.387,6727.617916666666
2025-02-04 17:30:00,7489.369,36,False,False,8.803999999999998,3.35,65.05999999999999,117,17,30,1,2,6.6960000000000015,7567.18,7648.191,7462.588,6728.498854166667
2025-02-04 18:00:00,7399.799,37,False,False,8.290000000000001,4.662,58.339999999999996,117,18,0,1,2,7.209999999999999,7489.369,7473.606,7355.937,6725.190062499999
2025-02-04 18:30:00,7319.0199999999995,38,False,False,8.024,4.038,54.2,117,18,30,1,2,7.476000000000001,7399.799,7274.487,7160.958747210029,6723.652416666667
2025-02-04 19:00:00,7043.07,39,False,False,8.476,2.43,48.660000000000004,117,19,0,1,2,7.023999999999999,7319.0199999999995,7056.342,7057.179,6724.5801875
2025-02-04 19:30:00,6837.169,40,False,False,8.846,3.604,64.8,117,19,30,1,2,6.654,7043.07,6815.259,6697.202,6724.3036875
2025-02-04 20:00:00,6584.505,41,False,False,8.128,4.654,58.6,117,20,0,1,2,7.372,6837.169,6570.989,6381.868,6724.760145833333
2025-02-04 20:30:00,6245.877,42,False,False,8.982,3.372,68.2,117,20,30,1,2,6.518000000000001,6584.505,6361.648,6205.7119999999995,6725.041729166667
2025-02-04 21:00:00,6118.998,43,False,False,8.75,5.9879999999999995,64.86,117,21,0,1,2,6.75,6245.877,6021.14,5970.5689999999995,6722.6298333333325
2025-02-04 21:30:00,5905.618,44,False,False,7.434,4.388,69.28,117,21,30,1,2,8.065999999999999,6118.998,5904.934,5904.896,6724.668541666667
2025-02-04 22:00:00,5805.689,45,False,False,8.414,4.172,49.54,117,22,0,1,2,7.086,5905.618,5742.751,5679.929,6724.682791666667
2025-02-04 22:30:00,5623.4890000000005,46,False,False,8.47,3.746,71.72,117,22,30,1,2,7.029999999999999,5805.689,5631.885,5564.693,6725.993999999999
2025-02-04 23:00:00,5451.057,47,False,False,8.812000000000001,4.145999999999999,52.58,117,23,0,1,2,6.687999999999999,5623.4890000000005,5498.179,5440.613,6725.819083333333
2025-02-04 23:30:00,5493.679,48,False,False,8.428,3.2299999999999995,58.48,117,23,30,1,2,7.071999999999999,5451.057,5483.2,5408.922,6724.837375
2025-02-05 00:00:00,5380.509,1,False,False,8.172,3.754,62.42,117,0,0,2,2,7.327999999999999,5493.679,5425.476,5392.953,6725.0556875
2025-02-05 00:30:00,5289.42,2,False,False,7.9799999999999995,4.216,60.279999999999994,117,0,30,2,2,7.5200000000000005,5380.509,5465.119,5486.908,6724.118875
2025-02-05 01:00:00,5360.785,3,False,False,7.242,3.636,58.1,117,1,0,2,2,8.258,5289.42,5421.292,5418.279,6720.458479166667
2025-02-05 01:30:00,5295.308,4,False,False,7.63,5.228,66.24,117,1,30,2,2,7.87,5360.785,5438.584,5472.068,6719.197916666667
2025-02-05 02:00:00,5350.482,5,False,False,7.186,3.128,64.64,117,2,0,2,2,8.314,5295.308,5476.468,5455.889,6716.213
2025-02-05 02:30:00,5410.498,6,False,False,6.808,3.16,64.6,117,2,30,2,2,8.692,5350.482,5479.857,5629.297,6713.588291666667
2025-02-05 03:00:00,5414.023,7,False,False,7.442,4.04,59.46,117,3,0,2,2,8.058,5410.498,5661.987,5463.037,6712.143312499999
2025-02-05 03:30:00,5484.239,8,False,False,6.566,4.204,60.02,117,3,30,2,2,8.934000000000001,5414.023,5523.509,5629.923,6706.977395833333
2025-02-05 04:00:00,5639.064,9,False,False,5.698,3.078,80.9,117,4,0,2,2,9.802,5484.239,5679.852,5869.066867551406,6706.159270833333
2025-02-05 04:30:00,5705.787,10,False,False,6.042,4.622,57.52,117,4,30,2,2,9.458,5639.064,5863.354,5761.278,6705.3095208333325
2025-02-05 05:00:00,5990.416,11,False,False,4.968,4.818,62.220000000000006,117,5,0,2,2,10.532,5705.787,6016.503,6054.069,6702.026875
2025-02-05 05:30:00,6227.46,12,False,False,5.142,3.842,70.12,117,5,30,2,2,10.358,5990.416,6288.185,6345.174,6701.483395833334
2025-02-05 06:00:00,6582.592,13,False,False,4.356,4.144,59.160000000000004,117,6,0,2,2,11.144,6227.46,6613.424,6685.341,6700.218291666667
2025-02-05 06:30:00,6751.405,14,False,False,5.946,3.348,54.82000000000001,117,6,30,2,2,9.554,6582.592,6955.851,7057.648,6699.575958333334
2025-02-05 07:00:00,7352.107,15,False,False,5.328,5.554,43.5,117,7,0,2,2,10.172,6751.405,7396.748,7527.197,6695.316666666667
2025-02-05 07:30:00,7784.81,16,False,False,3.774,4.744,77.1,117,7,30,2,2,11.725999999999999,7352.107,7717.825,7821.406,6694.386645833332
2025-02-05 08:00:00,8057.347,17,False,False,4.684,4.601999999999999,49.620000000000005,117,8,0,2,2,10.815999999999999,7784.81,8102.21,8206.014,6695.782166666667
2025-02-05 08:30:00,8269.124,18,False,False,4.582,4.215999999999999,49.86,117,8,30,2,2,10.918,8057.347,8347.028,8345.873,6694.847520833333
2025-02-05 09:00:00,8276.282,19,False,False,5.49,4.072,52.06,117,9,0,2,2,10.01,8269.124,8478.497,8544.501,6693.224520833333
2025-02-05 09:30:00,8187.8150000000005,20,False,False,5.4879999999999995,4.692,59.32000000000001,117,9,30,2,2,10.012,8276.282,8272.741,8435.233,6689.0117083333325
2025-02-05 10:00:00,7978.93,21,False,False,5.774,6.042,69.38,117,10,0,2,2,9.725999999999999,8187.8150000000005,8185.713,8296.776,6687.242416666667
2025-02-05 10:30:00,7820.403,22,False,False,5.246,4.0600000000000005,55.92,117,10,30,2,2,10.254,7978.93,8002.925,7973.21,6682.9344375
2025-02-05 11:00:00,7474.504,23,False,False,4.946,4.982,58.96,117,11,0,2,2,10.554,7820.403,7615.956,7497.444,6679.131895833333
2025-02-05 11:30:00,7282.003,24,False,False,4.568,4.644,64.36,117,11,30,2,2,10.932,7474.504,7287.193,7243.731,6676.184979166667
2025-02-05 12:00:00,6864.48,25,False,False,5.488,4.832,68.7,117,12,0,2,2,10.012,7282.003,7080.338,7036.127,6676.076854166666
2025-02-05 12:30:00,6717.746,26,False,False,5.552,4.5280000000000005,55.78000000000001,117,12,30,2,2,9.948,6864.48,6889.64,6814.467,6671.5798125
2025-02-05 13:00:00,6625.224,27,False,False,6.228,4.738,56.82000000000001,117,13,0,2,2,9.272,6717.746,6725.135,6696.856,6667.9986874999995
2025-02-05 13:30:00,6577.612,28,False,False,6.9319999999999995,3.864,58.85999999999999,117,13,30,2,2,8.568000000000001,6625.224,6866.137,6838.76,6665.917208333332
2025-02-05 14:00:00,6697.496,29,False,False,6.878,4.116,58.86,117,14,0,2,2,8.622,6577.612,6802.901,6902.535,6659.906270833333
2025-02-05 14:30:00,6940.964,30,False,False,6.595999999999999,2.566,61.56,117,14,30,2,2,8.904,6697.496,7076.249,6986.302,6657.7103333333325
2025-02-05 15:00:00,7082.572,31,False,False,7.634,3.5200000000000005,65.72,117,15,0,2,2,7.866,6940.964,7157.091,7152.57,6654.891895833334
2025-02-05 15:30:00,7238.85,32,False,False,6.92,3.002,66.72,117,15,30,2,2,8.58,7082.572,7351.887,7443.201,6653.339416666667
2025-02-05 16:00:00,7440.759,33,False,False,8.209999999999999,3.4480000000000004,44.839999999999996,117,16,0,2,2,7.290000000000001,7238.85,7515.596,7646.133,6650.9844791666665
2025-02-05 16:30:00,7475.898,34,False,False,8.168,3.2039999999999997,59.36,117,16,30,2,2,7.332000000000001,7440.759,7736.883,7646.471,6649.425375
2025-02-05 17:00:00,7579.79,35,False,False,7.268000000000001,3.5020000000000002,53.14,117,17,0,2,2,8.232,7475.898,7567.18,7696.61,6643.9881875
2025-02-05 17:30:00,7428.097,36,False,False,9.178,2.942,65.17999999999999,117,17,30,2,2,6.321999999999999,7579.79,7489.369,7658.672,6644.250895833332
2025-02-05 18:00:00,7273.32,37,False,False,9.038,2.9619999999999997,58.7,117,18,0,2,2,6.462,7428.097,7399.799,7523.884,6642.974395833334
2025-02-05 18:30:00,7211.415,38,False,False,8.408,4.57,65.97999999999999,117,18,30,2,2,7.0920000000000005,7273.32,7319.0199999999995,7353.811,6640.339416666667
2025-02-05 19:00:00,6948.147,39,False,False,8.384,3.428,64.92,117,19,0,2,2,7.116,7211.415,7043.07,7110.689,6638.097645833334
2025-02-05 19:30:00,6742.069,40,False,False,8.716,2.904,71.25999999999999,117,19,30,2,2,6.784000000000001,6948.147,6837.169,6922.313,6636.120083333334
2025-02-05 20:00:00,6449.365,41,False,False,8.888,3.9579999999999997,56.620000000000005,117,20,0,2,2,6.612,6742.069,6584.505,6570.921,6634.138833333333
2025-02-05 20:30:00,6167.039,42,False,False,9.472,4.002000000000001,61.3,117,20,30,2,2,6.0280000000000005,6449.365,6245.877,6306.42,6631.323416666666
2025-02-05 21:00:00,6001.814,43,False,False,9.188,2.878,58.3,117,21,0,2,2,6.311999999999999,6167.039,6118.998,6068.991,6629.680958333334
2025-02-05 21:30:00,5890.976,44,False,False,7.356,4.196,63.760000000000005,117,21,30,2,2,8.144,6001.814,5905.618,5845.994,6627.239624999999
2025-02-05 22:00:00,5780.41,45,False,False,7.6,3.2379999999999995,61.879999999999995,117,22,0,2,2,7.9,5890.976,5805.689,5835.383,6626.934583333333
2025-02-05 22:30:00,5521.401,46,False,False,8.703999999999999,3.682,68.76,117,22,30,2,2,6.796000000000001,5780.41,5623.4890000000005,5597.398,6626.4079375
2025-02-05 23:00:00,5423.164,47,False,False,8.703999999999999,3.1759999999999997,59.6,117,23,0,2,2,6.796000000000001,5521.401,5451.057,5631.664,6624.281104166667
2025-02-05 23:30:00,5241.06,48,False,False,9.256,4.0280000000000005,62.239999999999995,117,23,30,2,2,6.244,5423.164,5493.679,5499.079,6623.7
2025-02-06 00:00:00,5351.494,1,False,False,6.934,4.274,69.38,116,0,0,3,2,8.565999999999999,5241.06,5380.509,5420.571,6618.437104166666
2025-02-06 00:30:00,5326.07,2,False,False,7.746,1.8559999999999999,63.279999999999994,116,0,30,3,2,7.754,5351.494,5289.42,5489.476,6617.832624999999
2025-02-06 01:00:00,5310.215,3,False,False,8.39,3.618,66.14,116,1,0,3,2,7.109999999999999,5326.07,5360.785,5505.505,6618.596166666666
2025-02-06 01:30:00,5343.675,4,False,False,7.110000000000001,3.122,59.1,116,1,30,3,2,8.389999999999999,5310.215,5295.308,5422.155,6617.542625000001
2025-02-06 02:00:00,5442.208,5,False,False,6.351999999999999,4.66,65.66,116,2,0,3,2,9.148,5343.675,5350.482,5630.773,6618.550270833333
2025-02-06 02:30:00,5341.352,6,False,False,7.394,4.014,76.1,116,2,30,3,2,8.106,5442.208,5410.498,5509.369,6620.461229166666
2025-02-06 03:00:00,5442.679,7,False,False,7.108,2.8579999999999997,44.18,116,3,0,3,2,8.392,5341.352,5414.023,5618.072,6619.0206875
2025-02-06 03:30:00,5578.237,8,False,False,6.31,4.122,56.279999999999994,116,3,30,3,2,9.190000000000001,5442.679,5484.239,5641.486,6619.617687500001
2025-02-06 04:00:00,5661.533,9,False,False,5.776,4.5040000000000004,70.28,116,4,0,3,2,9.724,5578.237,5639.064,5772.798,6621.575979166667
2025-02-06 04:30:00,5737.226,10,False,False,6.068,2.682,51.1,116,4,30,3,2,9.432,5661.533,5705.787,5823.778,6622.044083333334
2025-02-06 05:00:00,5982.575,11,False,False,5.380000000000001,2.7760000000000002,69.44,116,5,0,3,2,10.12,5737.226,5990.416,6112.906,6622.6990625
2025-02-06 05:30:00,6333.0380000000005,12,False,False,4.324,4.811999999999999,57.160000000000004,116,5,30,3,2,11.176,5982.575,6227.46,6281.956,6622.535708333333
2025-02-06 06:00:00,6645.772,13,False,False,3.7159999999999997,3.2600000000000002,50.32,116,6,0,3,2,11.784,6333.0380000000005,6582.592,6508.96,6624.735250000001
2025-02-06 06:30:00,6910.544,14,False,False,4.926,3.12,59.739999999999995,116,6,30,3,2,10.574,6645.772,6751.405,7051.014,6626.0515000000005
2025-02-06 07:00:00,7325.127,15,False,False,4.5120000000000005,3.8959999999999995,72.36,116,7,0,3,2,10.988,6910.544,7352.107,7407.077,6629.366895833333
2025-02-06 07:30:00,7578.237,16,False,False,5.601999999999999,4.154,60.32000000000001,116,7,30,3,2,9.898,7325.127,7784.81,7854.431,6628.8048125
2025-02-06 08:00:00,8013.329,17,False,False,4.709999999999999,3.886,62.279999999999994,116,8,0,3,2,10.790000000000001,7578.237,8057.347,8158.288,6624.501208333334
2025-02-06 08:30:00,8159.236,18,False,False,5.348000000000001,5.284000000000001,61.36,116,8,30,3,2,10.152,8013.329,8269.124,8438.511,6623.584166666667
2025-02-06 09:00:00,8339.289999999999,19,False,False,5.012,2.992,53.48,116,9,0,3,2,10.488,8159.236,8276.282,8460.561,6621.294833333333
2025-02-06 09:30:00,8266.046,20,False,False,4.552,4.078,76.24,116,9,30,3,2,10.948,8339.289999999999,8187.8150000000005,8261.428,6622.607499999999
2025-02-06 10:00:00,8069.334,21,False,False,5.484,2.566,52.6,116,10,0,3,2,10.016,8266.046,7978.93,8197.071,6624.2373125
2025-02-06 10:30:00,7747.811,22,False,False,5.358,4.114,56.04,116,10,30,3,2,10.142,8069.334,7820.403,7915.314,6626.120729166666
2025-02-06 11:00:00,7469.728,23,False,False,5.056,3.682,57.5,116,11,0,3,2,10.443999999999999,7747.811,7474.504,7540.772,6624.608395833334
2025-02-06 11:30:00,7186.936,24,False,False,4.948,4.796,64.1,116,11,30,3,2,10.552,7469.728,7282.003,7301.374,6624.508895833333
2025-02-06 12:00:00,6964.841,25,False,False,4.4719999999999995,5.354,70.08,116,12,0,3,2,11.028,7186.936,6864.48,7140.103,6622.528333333335
2025-02-06 12:30:00,6768.818,26,False,False,5.634,3.4120000000000004,54.96,116,12,30,3,2,9.866,6964.841,6717.746,6767.031,6624.6191874999995
2025-02-06 13:00:00,6613.7339999999995,27,False,False,6.024,4.646,67.44,116,13,0,3,2,9.475999999999999,6768.818,6625.224,6739.162,6625.6831875
2025-02-06 13:30:00,6681.154,28,False,False,6.294,3.8019999999999996,41.68,116,13,30,3,2,9.206,6613.7339999999995,6577.612,6870.44,6625.443812500001
2025-02-06 14:00:00,6802.872,29,False,False,6.67,3.998,65.0,116,14,0,3,2,8.83,6681.154,6697.496,6869.366,6627.600937499999
2025-02-06 14:30:00,6863.497,30,False,False,7.558,4.473999999999999,77.44,116,14,30,3,2,7.942,6802.872,6940.964,7036.755,6629.796270833333
2025-02-06 15:00:00,7048.263,31,False,False,7.374,2.518,60.46,116,15,0,3,2,8.126000000000001,6863.497,7082.572,7190.013,6628.182374999999
2025-02-06 15:30:00,7243.074,32,False,False,8.022,3.098,57.02,116,15,30,3,2,7.478,7048.263,7238.85,7487.006,6627.467604166667
2025-02-06 16:00:00,7356.04,33,False,False,7.442,2.8419999999999996,43.839999999999996,116,16,0,3,2,8.058,7243.074,7440.759,7447.975,6627.555604166667
2025-02-06 16:30:00,7461.977,34,False,False,8.334,4.162,60.120000000000005,116,16,30,3,2,7.166,7356.04,7475.898,7572.6050000000005,6625.790625000001
2025-02-06 17:00:00,7534.874,35,False,False,8.276,3.54,49.260000000000005,116,17,0,3,2,7.224,7461.977,7579.79,7699.247,6625.500604166667
2025-02-06 17:30:00,7553.602,36,False,False,7.1579999999999995,3.1700000000000004,60.02,116,17,30,3,2,8.342,7534.874,7428.097,7712.986,6624.564854166667
2025-02-06 18:00:00,7375.3,37,False,False,8.184000000000001,2.624,57.64,116,18,0,3,2,7.315999999999999,7553.602,7273.32,7551.711,6627.179541666667
2025-02-06 18:30:00,7163.184,38,False,False,8.218,4.274,62.46,116,18,30,3,2,7.282,7375.3,7211.415,7266.0419999999995,6629.304125
2025-02-06 19:00:00,7035.954,39,False,False,7.653999999999999,2.8120000000000003,59.56,116,19,0,3,2,7.846000000000001,7163.184,6948.147,7156.416,6628.299312499999
2025-02-06 19:30:00,6745.903,40,False,False,8.418000000000001,4.488,52.98,116,19,30,3,2,7.081999999999999,7035.954,6742.069,6858.4929999999995,6630.128625
2025-02-06 20:00:00,6512.073,41,False,False,8.254000000000001,5.5200000000000005,76.7,116,20,0,3,2,7.245999999999999,6745.903,6449.365,6591.331,6630.208500000001
2025-02-06 20:30:00,6215.241,42,False,False,8.988,4.33,70.42,116,20,30,3,2,6.5120000000000005,6512.073,6167.039,6409.26,6631.514916666667
2025-02-06 21:00:00,6050.505,43,False,False,9.228,2.9,52.7,116,21,0,3,2,6.272,6215.241,6001.814,6095.325,6632.519124999999
2025-02-06 21:30:00,5810.585,44,False,False,8.228,4.1899999999999995,60.02,116,21,30,3,2,7.272,6050.505,5890.976,6004.757,6633.533520833334
2025-02-06 22:00:00,5748.345,45,False,False,7.9879999999999995,4.696,81.9,116,22,0,3,2,7.5120000000000005,5810.585,5780.41,5701.126,6631.858708333333
2025-02-06 22:30:00,5504.001,46,False,False,9.052000000000001,4.114,54.94,116,22,30,3,2,6.447999999999999,5748.345,5521.401,5804.367,6631.190687500001
2025-02-06 23:00:00,5484.165,47,False,False,8.104000000000001,3.318,69.58,116,23,0,3,2,7.395999999999999,5504.001,5423.164,5541.915,6630.8281875
2025-02-06 23:30:00,5433.208,48,False,False,8.224,5.1259999999999994,64.53999999999999,116,23,30,3,2,7.276,5484.165,5241.06,5450.927,6632.099041666667
2025-02-07 00:00:00,5425.181,1,False,False,6.978999999999999,5.298,67.72,116,0,0,4,2,8.521,5433.208,5351.494,5405.847,6636.102125
2025-02-07 00:30:00,5314.088,2,False,False,7.706,3.7600000000000002,59.0,116,0,30,4,2,7.794,5425.181,5326.07,5364.119,6637.637270833334
2025-02-07 01:00:00,5436.76,3,False,False,6.626,4.192,70.26,116,1,0,4,2,8.873999999999999,5314.088,5310.215,5407.062,6637.387645833333
2025-02-07 01:30:00,5295.713,4,False,False,8.396,4.792,60.279999999999994,116,1,30,4,2,7.103999999999999,5436.76,5343.675,5482.415,6640.024
2025-02-07 02:00:00,5454.194,5,False,False,6.962000000000001,3.9299999999999997,65.88,116,2,0,4,2,8.538,5295.713,5442.208,5560.568,6639.024791666667
2025-02-07 02:30:00,5332.73,6,False,False,8.172,3.026,69.08,116,2,30,4,2,7.327999999999999,5454.194,5341.352,5574.313,6639.2745
2025-02-07 03:00:00,5454.938,7,False,False,6.194,3.4219999999999997,58.660000000000004,116,3,0,4,2,9.306000000000001,5332.73,5442.679,5570.796,6639.094875
2025-02-07 03:30:00,5535.924,8,False,False,7.6,3.5480000000000005,78.34,116,3,30,4,2,7.9,5454.938,5578.237,5591.468,6639.350270833333
2025-02-07 04:00:00,5692.641,9,False,False,5.422,3.3120000000000003,57.760000000000005,116,4,0,4,2,10.078,5535.924,5661.533,5762.749,6638.46875
2025-02-07 04:30:00,5699.481,10,False,False,5.824,4.716,77.44,116,4,30,4,2,9.676,5692.641,5737.226,5814.976,6639.116833333333
2025-02-07 05:00:00,5945.213,11,False,False,4.964,3.406,50.92,116,5,0,4,2,10.536,5699.481,5982.575,6050.612,6638.330479166667
2025-02-07 05:30:00,6303.454,12,False,False,4.55,5.366,57.0,116,5,30,4,2,10.95,5945.213,6333.0380000000005,6325.393,6637.552104166666
2025-02-07 06:00:00,6555.268,13,False,False,5.478,2.3440000000000003,49.239999999999995,116,6,0,4,2,10.022,6303.454,6645.772,6687.049,6636.935770833334
2025-02-07 06:30:00,6951.765,14,False,False,5.061999999999999,4.37,58.36,116,6,30,4,2,10.438,6555.268,6910.544,7006.555,6635.050270833333
2025-02-07 07:00:00,7345.419,15,False,False,3.5980000000000003,3.6519999999999997,73.16,116,7,0,4,2,11.902,6951.765,7325.127,7438.742,6635.909041666667
2025-02-07 07:30:00,7719.084,16,False,False,5.072,4.384,56.64,116,7,30,4,2,10.428,7345.419,7578.237,7833.667,6636.331791666667
2025-02-07 08:00:00,8094.96,17,False,False,4.114,3.8280000000000003,49.46,116,8,0,4,2,11.386,7719.084,8013.329,8059.116,6639.266104166666
2025-02-07 08:30:00,8188.841,18,False,False,4.3839999999999995,5.016,61.48,116,8,30,4,2,11.116,8094.96,8159.236,8310.66,6640.96675
2025-02-07 09:00:00,9179.651258524356,19,False,False,4.974,3.2120000000000006,64.36,116,9,0,4,2,10.526,8188.841,8339.289999999999,8468.408,6641.583520833334
2025-02-07 09:30:00,8199.772,20,False,False,5.014,4.766,53.54,116,9,30,4,2,10.486,9179.651258524356,8266.046,8347.489,6659.091047052591
2025-02-07 10:00:00,8036.556,21,False,False,5.704,3.5780000000000003,68.12,116,10,0,4,2,9.796,8199.772,8069.334,8250.131,6657.710338719257
2025-02-07 10:30:00,7797.149,22,False,False,5.054,2.636,58.44,116,10,30,4,2,10.446,8036.556,7747.811,7926.2210000000005,6657.027463719257
2025-02-07 11:00:00,7377.225,23,False,False,5.622,4.188000000000001,49.739999999999995,116,11,0,4,2,9.878,7797.149,7469.728,7514.675,6658.055338719257
2025-02-07 11:30:00,7169.903,24,False,False,5.25,5.656000000000001,51.98,116,11,30,4,2,10.25,7377.225,7186.936,7160.476,6656.128192885924
2025-02-07 12:00:00,6849.684,25,False,False,5.994,3.726,66.12,116,12,0,4,2,9.506,7169.903,6964.841,7012.448,6655.773338719257
2025-02-07 12:30:00,6797.859,26,False,False,5.568,5.17,51.42,116,12,30,4,2,9.932,6849.684,6768.818,6870.171,6653.374234552591
2025-02-07 13:00:00,6594.948,27,False,False,7.153999999999999,4.220000000000001,56.44,116,13,0,4,2,8.346,6797.859,6613.7339999999995,6800.195,6653.979255385923
2025-02-07 13:30:00,6708.88,28,False,False,5.882,3.2299999999999995,62.9,116,13,30,4,2,9.618,6594.948,6681.154,6752.249,6653.587880385924
2025-02-07 14:00:00,6733.902,29,False,False,7.540000000000001,3.3899999999999997,72.88,116,14,0,4,2,7.959999999999999,6708.88,6802.872,6850.354,6654.165505385925
2025-02-07 14:30:00,6847.271,30,False,False,7.636,3.6739999999999995,53.4,116,14,30,4,2,7.864,6733.902,6863.497,7267.205006230678,6652.728630385925
2025-02-07 15:00:00,7118.054,31,False,False,7.708,2.356,61.620000000000005,116,15,0,4,2,7.792,6847.271,7048.263,7301.716,6652.390588719259
2025-02-07 15:30:00,7261.937,32,False,False,7.581999999999999,4.61,69.24,116,15,30,4,2,7.918000000000001,7118.054,7243.074,7307.7,6653.844567885923
2025-02-07 16:00:00,7480.072,33,False,False,7.470000000000001,3.492,64.28,116,16,0,4,2,8.03,7261.937,7356.04,7508.845,6654.237547052591
2025-02-07 16:30:00,7450.492,34,False,False,8.644,4.044,63.0,116,16,30,4,2,6.856,7480.072,7461.977,7610.729,6656.82154705259
2025-02-07 17:00:00,7525.137,35,False,False,7.851999999999999,4.886,78.12,116,17,0,4,2,7.648000000000001,7450.492,7534.874,7580.738,6656.582276219258
2025-02-07 17:30:00,7444.726,36,False,False,8.959999999999999,5.148,49.88,116,17,30,4,2,6.540000000000001,7525.137,7553.602,7702.314,6656.3794220525915
2025-02-07 18:00:00,7387.314,37,False,False,8.437999999999999,2.542,67.97999999999999,116,18,0,4,2,7.062000000000001,7444.726,7375.3,7481.719,6654.1111720525905
2025-02-07 18:30:00,6991.264,38,False,False,8.828,4.596,62.36,116,18,30,4,2,6.672000000000001,7387.314,7163.184,7407.515,6654.361463719258
2025-02-07 19:00:00,6986.036,39,False,False,9.232,4.3420000000000005,55.14,116,19,0,4,2,6.268000000000001,6991.264,7035.954,7086.963,6650.779797052591
2025-02-07 19:30:00,6808.377,40,False,False,8.472,3.91,53.64,116,19,30,4,2,7.0280000000000005,6986.036,6745.903,6708.895,6649.739838719256
2025-02-07 20:00:00,6377.551,41,False,False,9.032,3.2659999999999996,62.8,116,20,0,4,2,6.468,6808.377,6512.073,6536.863,6651.041380385924
2025-02-07 20:30:00,6284.03,42,False,False,7.308,4.093999999999999,63.96,116,20,30,4,2,8.192,6377.551,6215.241,6316.722,6648.238838719258
2025-02-07 21:00:00,5976.334,43,False,False,9.376000000000001,6.024,67.86,116,21,0,4,2,6.123999999999999,6284.03,6050.505,6103.765,6649.671942885925
2025-02-07 21:30:00,5840.918,44,False,False,8.532,3.7479999999999998,56.120000000000005,116,21,30,4,2,6.968,5976.334,5810.585,6023.686,6648.126713719258
2025-02-07 22:00:00,5752.933,45,False,False,9.279,6.042,38.14,116,22,0,4,2,6.221,5840.918,5748.345,5676.436,6648.758651219257
2025-02-07 22:30:00,5552.747,46,False,False,9.116,5.43,51.67999999999999,116,22,30,4,2,6.384,5752.933,5504.001,5873.591202195588,6648.85423455259
2025-02-07 23:00:00,5461.722,47,False,False,8.681999999999999,4.65,36.58,116,23,0,4,2,6.818000000000001,5552.747,5484.165,5554.42,6649.869776219257
2025-02-07 23:30:00,5285.475,48,False,False,9.124,4.396,62.32000000000001,116,23,30,4,2,6.3759999999999994,5461.722,5433.208,5525.359,6649.402213719258
2025-02-08 00:00:00,4182.333,1,True,False,7.642,3.5340000000000003,71.44,116,0,0,5,2,7.858,5285.475,5425.181,4340.222,6646.324442885924
2025-02-08 00:30:00,4219.354,2,True,False,7.8260000000000005,5.264,70.9,116,0,30,5,2,7.6739999999999995,4182.333,5314.088,4393.537,6620.431776219258
2025-02-08 01:00:00,4280.158,3,True,False,7.138,3.34,42.519999999999996,116,1,0,5,2,8.362,4219.354,5436.76,4452.145,6597.624817885924
2025-02-08 01:30:00,4161.86,4,True,False,8.175999999999998,3.376,54.379999999999995,116,1,30,5,2,7.324000000000002,4280.158,5295.713,4423.655,6573.528942885924
2025-02-08 02:00:00,4267.7970000000005,5,True,False,7.12,3.138,71.6,116,2,0,5,2,8.379999999999999,4161.86,5454.194,4438.825,6549.907005385924
2025-02-08 02:30:00,4432.488,6,True,False,5.922,4.66,60.779999999999994,116,2,30,5,2,9.578,4267.7970000000005,5332.73,4475.222,6525.190401219257
2025-02-08 03:00:00,4273.336,7,True,False,7.0280000000000005,5.236,55.4,116,3,0,5,2,8.472,4432.488,5454.938,4426.188,6506.435359552591
2025-02-08 03:30:00,4419.8859999999995,8,True,False,6.182,3.974,70.78,116,3,30,5,2,9.318,4273.336,5535.924,4547.959,6481.818651219258
2025-02-08 04:00:00,4637.865,9,True,False,4.59,4.0920000000000005,83.64000000000001,116,4,0,5,2,10.91,4419.8859999999995,5692.641,4525.1539999999995,6458.567859552591
2025-02-08 04:30:00,4608.333,10,True,False,5.683999999999999,3.6719999999999997,54.08,116,4,30,5,2,9.816,4637.865,5699.481,4621.671,6436.593359552592
2025-02-08 05:00:00,4755.955,11,True,False,5.5600000000000005,3.148,71.44,116,5,0,5,2,9.94,4608.333,5945.213,4854.862,6413.861109552591
2025-02-08 05:30:00,4895.49,12,True,False,5.422,3.6439999999999997,65.12,116,5,30,5,2,10.078,4755.955,6303.454,5095.614,6389.084901219258
2025-02-08 06:00:00,5249.217,13,True,False,5.172,5.44,61.58,116,6,0,5,2,10.328,4895.49,6555.268,5283.907,6359.752317885924
2025-02-08 06:30:00,5425.072,14,True,False,6.678,3.492,45.519999999999996,116,6,30,5,2,8.822,5249.217,6951.765,5628.343,6332.542922052591
2025-02-08 07:00:00,5807.012,15,True,False,4.348000000000001,3.13,61.94,116,7,0,5,2,11.152,5425.072,7345.419,6026.417,6300.736817885924
2025-02-08 07:30:00,5974.711,16,True,False,6.162000000000001,2.46,47.1,116,7,30,5,2,9.338,5807.012,7719.084,6162.145,6268.68667205259
2025-02-08 08:00:00,6365.609,17,True,False,4.4879999999999995,4.598,61.67999999999999,116,8,0,5,2,11.012,5974.711,8094.96,6417.343,6232.3455678859245
2025-02-08 08:30:00,6465.551,18,True,False,5.068,5.342,57.68000000000001,116,8,30,5,2,10.432,6365.609,8188.841,6627.596,6196.317422052591
2025-02-08 09:00:00,6551.698,19,True,False,5.348000000000001,4.282,55.58,116,9,0,5,2,10.152,6465.551,9179.651258524356,6634.787,6160.41554705259
2025-02-08 09:30:00,6539.5,20,True,False,4.6240000000000006,3.6879999999999997,59.06,116,9,30,5,2,10.876,6551.698,8199.772,6626.297,6105.666520833333
2025-02-08 10:00:00,6439.6,21,True,False,5.3100000000000005,3.6480000000000006,74.5,116,10,0,5,2,10.19,6539.5,8036.556,6632.845,6071.077520833333
2025-02-08 10:30:00,6198.171,22,True,False,5.214,4.35,49.9,116,10,30,5,2,10.286,6439.6,7797.149,6246.582,6037.807604166667
2025-02-08 11:00:00,5976.075,23,True,False,5.537999999999999,4.26,65.36,116,11,0,5,2,9.962,6198.171,7377.225,6084.477,6004.4955625
2025-02-08 11:30:00,5714.879,24,True,False,5.864,1.906,58.58,116,11,30,5,2,9.636,5976.075,7169.903,5825.622,5975.3049375
2025-02-08 12:00:00,5416.542,25,True,False,5.964,5.4879999999999995,63.06,116,12,0,5,2,9.536,5714.879,6849.684,5544.241,5944.9919375
2025-02-08 12:30:00,5325.593,26,True,False,6.914,3.908,60.14,116,12,30,5,2,8.586,5416.542,6797.859,5455.937,5915.1348125
2025-02-08 13:00:00,5357.293,27,True,False,6.0920000000000005,1.9100000000000001,67.72,116,13,0,5,2,9.408,5325.593,6594.948,5309.97,5884.462604166667
2025-02-08 13:30:00,5267.367,28,True,False,6.608,4.95,58.879999999999995,116,13,30,5,2,8.892,5357.293,6708.88,5370.0650000000005,5858.678124999999
2025-02-08 14:00:00,5300.961,29,True,False,7.422,4.832,42.12,116,14,0,5,2,8.078,5267.367,6733.902,5478.875,5828.646604166667
2025-02-08 14:30:00,5602.382,30,True,False,6.279999999999999,3.55,68.28,116,14,30,5,2,9.22,5300.961,6847.271,5719.289859155079,5798.793666666666
2025-02-08 15:00:00,5600.205,31,True,False,7.24,3.2479999999999998,80.28,116,15,0,5,2,8.26,5602.382,7118.054,5654.059,5772.858479166666
2025-02-08 15:30:00,5717.742,32,True,False,8.118,4.76,59.6,116,15,30,5,2,7.382,5600.205,7261.937,5919.264,5741.2366250000005
2025-02-08 16:00:00,5824.734,33,True,False,7.462000000000001,3.9659999999999997,52.54,116,16,0,5,2,8.038,5717.742,7480.072,5917.429,5709.065895833333
2025-02-08 16:30:00,5955.152,34,True,False,8.286000000000001,4.9079999999999995,78.96000000000001,116,16,30,5,2,7.213999999999999,5824.734,7450.492,6071.398,5674.579687500001
2025-02-08 17:00:00,5961.733,35,True,False,7.94,3.62,55.760000000000005,116,17,0,5,2,7.56,5955.152,7525.137,6157.633,5643.426770833333
2025-02-08 17:30:00,5923.361,36,True,False,7.686,5.494,57.7,116,17,30,5,2,7.814,5961.733,7444.726,6021.521,5610.855854166667
2025-02-08 18:00:00,5684.68,37,True,False,8.940000000000001,4.522,62.64,116,18,0,5,2,6.559999999999999,5923.361,7387.314,5902.047,5579.16075
2025-02-08 18:30:00,5742.171,38,True,False,7.986,4.168,69.36,116,18,30,5,2,7.514,5684.68,6991.264,5722.282,5543.689208333333
2025-02-08 19:00:00,5386.423,39,True,False,8.892,4.022,46.2,116,19,0,5,2,6.6080000000000005,5742.171,6986.036,5529.469,5517.6664375
2025-02-08 19:30:00,5239.178,40,True,False,8.878,4.672,58.660000000000004,116,19,30,5,2,6.622,5386.423,6808.377,5350.406,5484.341166666666
2025-02-08 20:00:00,5089.689,41,True,False,9.108,3.622,47.980000000000004,116,20,0,5,2,6.3919999999999995,5239.178,6377.551,5182.824,5451.649520833334
2025-02-08 20:30:00,4942.109,42,True,False,8.154,4.07,74.82000000000001,116,20,30,5,2,7.346,5089.689,6284.03,5056.542,5424.8190625
2025-02-08 21:00:00,4686.504,43,True,False,9.556000000000001,4.358,71.88,116,21,0,5,2,5.943999999999999,4942.109,5976.334,4841.611,5396.862375
2025-02-08 21:30:00,4521.176,44,True,False,9.318,4.544,51.17999999999999,116,21,30,5,2,6.182,4686.504,5840.918,4649.907,5369.990916666667
2025-02-08 22:00:00,4619.47,45,True,False,7.453999999999999,4.052,46.120000000000005,116,22,0,5,2,8.046000000000001,4521.176,5752.933,4664.717,5342.496291666667
2025-02-08 22:30:00,4322.758,46,True,False,9.464,3.198,52.9,116,22,30,5,2,6.036,4619.47,5552.747,4545.532,5318.8824791666675
2025-02-08 23:00:00,4350.811,47,True,False,8.106,4.356,69.2,116,23,0,5,2,7.394,4322.758,5461.722,4526.704,5293.2577083333335
2025-02-08 23:30:00,4291.788,48,True,False,8.608,3.164,49.82000000000001,116,23,30,5,2,6.8919999999999995,4350.811,5285.475,4364.211,5270.113729166666
2025-02-09 00:00:00,4228.946,1,True,False,7.918000000000001,3.654,59.86,116,0,0,6,2,7.581999999999999,4291.788,4182.333,4244.111,5249.411916666667
2025-02-09 00:30:00,4278.735,2,True,False,7.2379999999999995,4.352,56.239999999999995,116,0,30,6,2,8.262,4228.946,4219.354,4273.686,5250.383020833334
2025-02-09 01:00:00,4220.959,3,True,False,7.082000000000001,5.851999999999999,50.58,116,1,0,6,2,8.418,4278.735,4280.158,4299.149,5251.620125
2025-02-09 01:30:00,4224.79,4,True,False,7.506,3.9619999999999997,75.28,116,1,30,6,2,7.994,4220.959,4161.86,4353.191,5250.3868125
2025-02-09 02:00:00,4275.812,5,True,False,6.3919999999999995,3.614,56.379999999999995,116,2,0,6,2,9.108,4224.79,4267.7970000000005,4282.644,5251.697854166667
2025-02-09 02:30:00,4352.794,6,True,False,7.3740000000000006,5.606,70.24,116,2,30,6,2,8.126,4275.812,4432.488,4314.663,5251.864833333333
2025-02-09 03:00:00,4321.853,7,True,False,5.766,5.164,43.3,116,3,0,6,2,9.734,4352.794,4273.336,4404.201,5250.204541666667
2025-02-09 03:30:00,4387.15,8,True,False,6.646000000000001,5.17,60.779999999999994,116,3,30,6,2,8.854,4321.853,4419.8859999999995,4557.6449999999995,5251.2153124999995
2025-02-09 04:00:00,4572.197,9,True,False,5.305999999999999,3.3600000000000003,68.26,116,4,0,6,2,10.194,4387.15,4637.865,4547.458,5250.5333125
2025-02-09 04:30:00,4492.211,10,True,False,6.204,3.344,66.46000000000001,116,4,30,6,2,9.296,4572.197,4608.333,4666.42,5249.165229166667
2025-02-09 05:00:00,4717.978,11,True,False,4.946,5.088,50.519999999999996,116,5,0,6,2,10.554,4492.211,4755.955,4855.749,5246.746020833333
2025-02-09 05:30:00,4857.659,12,True,False,6.206,3.6079999999999997,50.059999999999995,116,5,30,6,2,9.294,4717.978,4895.49,5011.198,5245.954833333333
2025-02-09 06:00:00,5245.355,13,True,False,3.996,5.082,69.52000000000001,116,6,0,6,2,11.504,4857.659,5249.217,5302.901,5245.1666875
2025-02-09 06:30:00,5581.058,14,True,False,5.25,4.5,67.14,116,6,30,6,2,10.25,5245.355,5425.072,5596.124,5245.086229166667
2025-02-09 07:00:00,5759.9039999999995,15,True,False,5.287999999999999,3.908,68.66,116,7,0,6,2,10.212,5581.058,5807.012,5899.726,5248.3359375
2025-02-09 07:30:00,6054.861,16,True,False,5.83,3.6120000000000005,57.2,116,7,30,6,2,9.67,5759.9039999999995,5974.711,6242.19,5247.3545208333335
2025-02-09 08:00:00,6243.767,17,True,False,6.15,4.646,58.220000000000006,116,8,0,6,2,9.35,6054.861,6365.609,6425.679,5249.0243125
2025-02-09 08:30:00,6603.532,18,True,False,3.3659999999999997,2.66,69.42,116,8,30,6,2,12.134,6243.767,6465.551,6608.692,5246.485937500001
2025-02-09 09:00:00,6484.218,19,True,False,5.098000000000001,3.7700000000000005,57.739999999999995,116,9,0,6,2,10.402,6603.532,6551.698,6727.427,5249.360541666666
2025-02-09 09:30:00,6551.25,20,True,False,4.372,4.178,57.879999999999995,116,9,30,6,2,11.128,6484.218,6539.5,6680.54,5247.954708333334
2025-02-09 10:00:00,6302.835,21,True,False,5.772,3.726,65.88,116,10,0,6,2,9.728,6551.25,6439.6,6424.167,5248.1995
2025-02-09 10:30:00,6119.961,22,True,False,5.368,5.106,45.18,116,10,30,6,2,10.132,6302.835,6198.171,6309.793,5245.350229166667
2025-02-09 11:00:00,5941.861,23,True,False,5.74,2.926,59.81999999999999,116,11,0,6,2,9.76,6119.961,5976.075,5947.882,5243.720854166667
2025-02-09 11:30:00,5743.808,24,True,False,4.5840000000000005,4.4719999999999995,66.12,116,11,30,6,2,10.916,5941.861,5714.879,5734.068,5243.0080625
2025-02-09 12:00:00,5222.766,25,True,False,6.5120000000000005,4.386,67.58,116,12,0,6,2,8.988,5743.808,5416.542,5514.012,5243.610750000001
2025-02-09 12:30:00,5339.938,26,True,False,5.768,4.446,58.7,116,12,30,6,2,9.732,5222.766,5325.593,5437.035,5239.5737500000005
2025-02-09 13:00:00,5288.143,27,True,False,5.8340000000000005,2.794,69.84,116,13,0,6,2,9.666,5339.938,5357.293,5354.371,5239.872604166667
2025-02-09 13:30:00,5355.963,28,True,False,5.6240000000000006,4.441999999999999,57.38000000000001,116,13,30,6,2,9.876,5288.143,5267.367,5418.467,5238.431979166667
2025-02-09 14:00:00,5314.798,29,True,False,6.332,2.602,71.86,116,14,0,6,2,9.168,5355.963,5300.961,5543.815,5240.277729166667
2025-02-09 14:30:00,5462.379,30,True,False,6.3260000000000005,3.0759999999999996,58.4,116,14,30,6,2,9.174,5314.798,5602.382,5591.732,5240.566
2025-02-09 15:00:00,5610.333,31,True,False,7.969999999999999,4.378,51.040000000000006,116,15,0,6,2,7.530000000000001,5462.379,5600.205,5711.539,5237.6492708333335
2025-02-09 15:30:00,5696.193,32,True,False,7.618,4.882,63.96,116,15,30,6,2,7.882,5610.333,5717.742,5821.774,5237.860270833333
2025-02-09 16:00:00,5795.027,33,True,False,8.758,4.098,48.36,116,16,0,6,2,6.742000000000001,5696.193,5824.734,5816.111,5237.411333333333
2025-02-09 16:30:00,5870.201,34,True,False,7.63,2.182,45.82,116,16,30,6,2,7.87,5795.027,5955.152,6057.712,5236.792437499999
2025-02-09 17:00:00,5867.693,35,True,False,7.948,3.2,60.48,116,17,0,6,2,7.552,5870.201,5961.733,5994.591,5235.022625
2025-02-09 17:30:00,5894.623,36,True,False,8.501999999999999,2.5780000000000003,46.96,116,17,30,6,2,6.998000000000001,5867.693,5923.361,5910.177,5233.063458333333
2025-02-09 18:00:00,5763.552,37,True,False,9.238,4.032,62.9,116,18,0,6,2,6.2620000000000005,5894.623,5684.68,5974.873,5232.46475
2025-02-09 18:30:00,5614.108,38,True,False,9.25,4.01,46.660000000000004,116,18,30,6,2,6.25,5763.552,5742.171,5789.648,5234.107916666667
2025-02-09 19:00:00,5431.497,39,True,False,9.214,5.6659999999999995,54.160000000000004,116,19,0,6,2,6.286,5614.108,5386.423,5617.42,5231.4399375
2025-02-09 19:30:00,5216.774,40,True,False,8.940000000000001,5.206,63.42,116,19,30,6,2,6.559999999999999,5431.497,5239.178,5507.939,5232.378979166667
2025-02-09 20:00:00,5155.769,41,True,False,8.75,3.718,55.92,116,20,0,6,2,6.75,5216.774,5089.689,5219.527,5231.912229166666
2025-02-09 20:30:00,4724.931,42,True,False,10.11,3.1740000000000004,60.279999999999994,116,20,30,6,2,5.390000000000001,5155.769,4942.109,4937.071,5233.288895833333
2025-02-09 21:00:00,4675.508,43,True,False,9.158,3.306,62.839999999999996,116,21,0,6,2,6.3420000000000005,4724.931,4686.504,4801.113,5228.764354166667
2025-02-09 21:30:00,4660.622,44,True,False,8.368,4.372,50.72,116,21,30,6,2,7.132,4675.508,4521.176,4674.273,5228.535270833333
2025-02-09 22:00:00,4590.45,45,True,False,7.9079999999999995,4.956,51.14,116,22,0,6,2,7.5920000000000005,4660.622,4619.47,4492.586,5231.440395833333
2025-02-09 22:30:00,4345.733,46,True,False,9.422,3.108,44.38,116,22,30,6,2,6.077999999999999,4590.45,4322.758,4508.038,5230.8358124999995
2025-02-09 23:00:00,4276.879,47,True,False,7.7299999999999995,3.668,80.72,116,23,0,6,2,7.7700000000000005,4345.733,4350.811,4394.614,5231.314458333333
2025-02-09 23:30:00,4286.605,48,True,False,8.126000000000001,5.256,52.67999999999999,116,23,30,6,2,7.373999999999999,4276.879,4291.788,4454.4800000000005,5229.774208333333
2025-02-10 00:00:00,5018.833,1,False,False,8.687999999999999,2.118,76.1,115,0,0,0,2,6.812000000000001,4286.605,4228.946,5405.851,5229.666229166666
2025-02-10 00:30:00,4950.329,2,False,False,8.748,2.7600000000000002,63.2,115,0,30,0,2,6.752000000000001,5018.833,4278.735,5460.289,5246.122208333333
2025-02-10 01:00:00,4977.662,3,False,False,8.806000000000001,2.276,45.58,115,1,0,0,2,6.693999999999999,4950.329,4220.959,5444.226,5260.1137499999995
2025-02-10 01:30:00,5088.158,4,False,False,8.048,4.022,67.72,115,1,30,0,2,7.452,4977.662,4224.79,5332.972,5275.878395833332
2025-02-10 02:00:00,5103.052,5,False,False,7.636,5.1899999999999995,61.06,115,2,0,0,2,7.864,5088.158,4275.812,5408.186,5293.865229166667
2025-02-10 02:30:00,5087.969,6,False,False,7.5920000000000005,5.43,59.17999999999999,115,2,30,0,2,7.9079999999999995,5103.052,4352.794,5405.529,5311.099395833334
2025-02-10 03:00:00,5250.38,7,False,False,6.428,5.08,41.1,115,3,0,0,2,9.072,5087.969,4321.853,5549.91,5326.415541666666
2025-02-10 03:30:00,5248.348,8,False,False,6.4,4.422,77.46000000000001,115,3,30,0,2,9.1,5250.38,4387.15,5602.273,5345.759854166667
2025-02-10 04:00:00,5318.0109999999995,9,False,False,6.489999999999999,4.01,62.839999999999996,115,4,0,0,2,9.010000000000002,5248.348,4572.197,5762.101,5363.701479166667
2025-02-10 04:30:00,5449.389,10,False,False,6.598000000000001,3.218,60.08,115,4,30,0,2,8.902,5318.0109999999995,4492.211,5892.838,5379.239270833333
2025-02-10 05:00:00,5679.095,11,False,False,5.118,2.844,58.36,115,5,0,0,2,10.382,5449.389,4717.978,6043.513,5399.180479166666
2025-02-10 05:30:00,5888.362,12,False,False,5.206,2.82,57.779999999999994,115,5,30,0,2,10.294,5679.095,4857.659,6401.274,5419.20375
2025-02-10 06:00:00,6253.401,13,False,False,5.928,4.096,58.46,115,6,0,0,2,9.572,5888.362,5245.355,6680.942,5440.6767291666665
2025-02-10 06:30:00,6643.493,14,False,False,5.148000000000001,4.128,71.02000000000001,115,6,30,0,2,10.352,6253.401,5581.058,7055.557,5461.6776875000005
2025-02-10 07:00:00,6979.307,15,False,False,4.938,3.7119999999999997,77.42,115,7,0,0,2,10.562000000000001,6643.493,5759.9039999999995,7419.525,5483.81175
2025-02-10 07:30:00,7317.567,16,False,False,5.4079999999999995,4.322,68.28,115,7,30,0,2,10.092,6979.307,6054.861,7773.844,5509.215979166667
2025-02-10 08:00:00,7564.582,17,False,False,5.57,4.69,72.44,115,8,0,0,2,9.93,7317.567,6243.767,8229.049,5535.522354166667
2025-02-10 08:30:00,7745.45,18,False,False,5.122,4.756,77.66,115,8,30,0,2,10.378,7564.582,6603.532,8352.864,5563.039333333333
2025-02-10 09:00:00,7936.4130000000005,19,False,False,5.008,4.224,63.879999999999995,115,9,0,0,2,10.492,7745.45,6484.218,8488.015,5586.829291666666
2025-02-10 09:30:00,7907.921,20,False,False,4.956,3.6079999999999997,65.47999999999999,115,9,30,0,2,10.544,7936.4130000000005,6551.25,8279.05,5617.083354166666
2025-02-10 10:00:00,7743.492,21,False,False,4.706,4.996,48.78,115,10,0,0,2,10.794,7907.921,6302.835,8208.986,5645.347333333332
2025-02-10 10:30:00,7494.134,22,False,False,4.42,4.13,48.96,115,10,30,0,2,11.08,7743.492,6119.961,7908.42,5675.361020833334
2025-02-10 11:00:00,7108.681,23,False,False,5.432,3.9879999999999995,66.94,115,11,0,0,2,10.068,7494.134,5941.861,7581.147,5703.989625000001
2025-02-10 11:30:00,6814.014,24,False,False,6.2299999999999995,4.2299999999999995,72.0,115,11,30,0,2,9.27,7108.681,5743.808,7301.173,5728.298374999999
2025-02-10 12:00:00,6552.909,25,False,False,5.682,5.72,58.82000000000001,115,12,0,0,2,9.818,6814.014,5222.766,7009.23,5750.594333333334
2025-02-10 12:30:00,6268.0960000000005,26,False,False,7.144,3.276,65.3,115,12,30,0,2,8.356,6552.909,5339.938,6740.831,5778.305645833334
2025-02-10 13:00:00,6326.134,27,False,False,6.228,1.984,67.67999999999999,115,13,0,0,2,9.272,6268.0960000000005,5288.143,6716.719,5797.642270833333
2025-02-10 13:30:00,6300.736,28,False,False,6.851999999999999,5.206,69.2,115,13,30,0,2,8.648,6326.134,5355.963,6663.028,5819.267083333333
2025-02-10 14:00:00,6429.265,29,False,False,7.374,2.314,56.58,115,14,0,0,2,8.126000000000001,6300.736,5314.798,6910.904,5838.949854166666
2025-02-10 14:30:00,6562.118,30,False,False,7.322,3.468,56.839999999999996,115,14,30,0,2,8.178,6429.265,5462.379,7110.026,5862.167916666666
2025-02-10 15:00:00,6706.661,31,False,False,8.548,4.0840000000000005,64.72,115,15,0,0,2,6.952,6562.118,5610.333,7181.914,5885.079145833333
2025-02-10 15:30:00,6914.137,32,False,False,7.768000000000001,4.884,48.6,115,15,30,0,2,7.731999999999999,6706.661,5696.193,7464.999,5907.919312500001
2025-02-10 16:00:00,7156.785,33,False,False,7.644,4.884,59.78000000000001,115,16,0,0,2,7.856,6914.137,5795.027,7432.812,5933.293145833333
2025-02-10 16:30:00,7124.205,34,False,False,8.034,3.5799999999999996,43.36,115,16,30,0,2,7.465999999999999,7156.785,5870.201,7613.162,5961.663104166666
2025-02-10 17:00:00,7199.693,35,False,False,7.828,3.8299999999999996,46.660000000000004,115,17,0,0,2,7.672,7124.205,5867.693,7524.8949999999995,5987.788187499999
2025-02-10 17:30:00,7144.305,36,False,False,8.376000000000001,3.41,70.62,115,17,30,0,2,7.123999999999999,7199.693,5894.623,7648.191,6015.538187499999
2025-02-10 18:00:00,6940.359,37,False,False,9.116,3.656,60.46,115,18,0,0,2,6.384,7144.305,5763.552,7473.606,6041.573229166667
2025-02-10 18:30:00,6850.233,38,False,False,8.234,3.604,69.46000000000001,115,18,30,0,2,7.266,6940.359,5614.108,7274.487,6066.090041666667
2025-02-10 19:00:00,6479.026,39,False,False,9.154,3.936,71.97999999999999,115,19,0,0,2,6.346,6850.233,5431.497,7056.342,6091.842645833334
2025-02-10 19:30:00,6378.837,40,False,False,8.358,4.132,57.32000000000001,115,19,30,0,2,7.1419999999999995,6479.026,5216.774,6815.259,6113.666166666666
2025-02-10 20:00:00,6189.296,41,False,False,8.616,4.564,54.64,115,20,0,0,2,6.884,6378.837,5155.769,6570.989,6137.8758124999995
2025-02-10 20:30:00,5824.888,42,False,False,9.334,4.638,55.67999999999999,115,20,30,0,2,6.166,6189.296,4724.931,6361.648,6159.407625
2025-02-10 21:00:00,5653.951,43,False,False,9.232,3.882,63.160000000000004,115,21,0,0,2,6.268000000000001,5824.888,4675.508,6021.14,6182.323395833333
2025-02-10 21:30:00,5573.907,44,False,False,8.058,4.508,70.36,115,21,30,0,2,7.442,5653.951,4660.622,5904.934,6202.707625
2025-02-10 22:00:00,5383.589,45,False,False,8.6,4.0520000000000005,65.8,115,22,0,0,2,6.9,5573.907,4590.45,5742.751,6221.734395833333
2025-02-10 22:30:00,5301.438,46,False,False,9.226,2.838,68.14,115,22,30,0,2,6.273999999999999,5383.589,4345.733,5631.885,6238.258124999999
2025-02-10 23:00:00,5188.07,47,False,False,9.14,2.87,58.220000000000006,115,23,0,0,2,6.359999999999999,5301.438,4276.879,5498.179,6258.168645833332
2025-02-10 23:30:00,5136.197,48,False,False,8.504,2.636,58.67999999999999,115,23,30,0,2,6.996,5188.07,4286.605,5483.2,6277.151791666667
2025-02-11 00:00:00,5075.198,1,False,False,8.058,5.46,64.08,115,0,0,1,2,7.442,5136.197,5018.833,5425.476,6294.851624999999
2025-02-11 00:30:00,5032.677,2,False,False,8.468,4.8759999999999994,54.839999999999996,115,0,30,1,2,7.032,5075.198,4950.329,5465.119,6296.025895833333
2025-02-11 01:00:00,5053.693,3,False,False,8.134,4.056,63.56,115,1,0,1,2,7.366,5032.677,4977.662,5421.292,6297.741479166667
2025-02-11 01:30:00,5126.36,4,False,False,7.652000000000001,3.004,56.56,115,1,30,1,2,7.847999999999999,5053.693,5088.158,5438.584,6299.325458333334
2025-02-11 02:00:00,5047.892,5,False,False,7.814,4.67,68.2,115,2,0,1,2,7.686,5126.36,5103.052,5476.468,6300.1213333333335
2025-02-11 02:30:00,5135.93,6,False,False,7.444,4.43,48.519999999999996,115,2,30,1,2,8.056000000000001,5047.892,5087.969,5479.857,6298.972166666666
2025-02-11 03:00:00,5133.207,7,False,False,8.129999999999999,4.3420000000000005,55.31999999999999,115,3,0,1,2,7.370000000000001,5135.93,5250.38,5661.987,6299.971354166667
2025-02-11 03:30:00,5258.368,8,False,False,6.398000000000001,4.322,63.160000000000004,115,3,30,1,2,9.102,5133.207,5248.348,5523.509,6297.53025
2025-02-11 04:00:00,5284.604,9,False,False,6.876,3.656,72.12,115,4,0,1,2,8.623999999999999,5258.368,5318.0109999999995,5679.852,6297.7390000000005
2025-02-11 04:30:00,5498.39,10,False,False,6.469999999999999,4.42,55.61999999999999,115,4,30,1,2,9.030000000000001,5284.604,5449.389,5863.354,6297.043020833334
2025-02-11 05:00:00,5684.881,11,False,False,4.864,3.07,70.47999999999999,115,5,0,1,2,10.636,5498.39,5679.095,6016.503,6298.063875
2025-02-11 05:30:00,5898.614,12,False,False,5.523999999999999,3.7380000000000004,62.96,115,5,30,1,2,9.976,5684.881,5888.362,6288.185,6298.184416666667
2025-02-11 06:00:00,6210.542,13,False,False,5.366,5.688000000000001,65.0,115,6,0,1,2,10.134,5898.614,6253.401,6613.424,6298.398
2025-02-11 06:30:00,6682.183,14,False,False,4.442,4.976,54.4,115,6,30,1,2,11.058,6210.542,6643.493,6955.851,6297.505104166667
2025-02-11 07:00:00,6915.615,15,False,False,5.706,3.9979999999999998,63.44000000000001,115,7,0,1,2,9.794,6682.183,6979.307,7396.748,6298.311145833333
2025-02-11 07:30:00,7359.594,16,False,False,4.386,3.628,54.760000000000005,115,7,30,1,2,11.114,6915.615,7317.567,7717.825,6296.984229166667
2025-02-11 08:00:00,7683.02,17,False,False,4.612,3.5120000000000005,57.52,115,8,0,1,2,10.888,7359.594,7564.582,8102.21,6297.859791666667
2025-02-11 08:30:00,7675.774,18,False,False,5.512,6.358,75.12,115,8,30,1,2,9.988,7683.02,7745.45,8347.028,6300.327250000001
2025-02-11 09:00:00,7878.042,19,False,False,5.64,4.534000000000001,64.14000000000001,115,9,0,1,2,9.86,7675.774,7936.4130000000005,8478.497,6298.875666666667
2025-02-11 09:30:00,7827.681,20,False,False,5.744,4.4479999999999995,60.14,115,9,30,1,2,9.756,7878.042,7907.921,8272.741,6297.659604166667
2025-02-11 10:00:00,7671.64,21,False,False,5.81,4.286,47.96,115,10,0,1,2,9.690000000000001,7827.681,7743.492,8185.713,6295.987937500001
2025-02-11 10:30:00,7373.885,22,False,False,5.648000000000001,3.654,47.44,115,10,30,1,2,9.852,7671.64,7494.134,8002.925,6294.491020833334
2025-02-11 11:00:00,7073.141,23,False,False,5.814,4.442,53.760000000000005,115,11,0,1,2,9.686,7373.885,7108.681,7615.956,6291.985833333333
2025-02-11 11:30:00,6847.641,24,False,False,5.704,2.388,59.08,115,11,30,1,2,9.796,7073.141,6814.014,7287.193,6291.245416666668
2025-02-11 12:00:00,6516.921,25,False,False,5.578,4.704,56.9,115,12,0,1,2,9.922,6847.641,6552.909,7080.338,6291.945979166667
2025-02-11 12:30:00,6423.178,26,False,False,5.634,5.42,64.9,115,12,30,1,2,9.866,6516.921,6268.0960000000005,6889.64,6291.196229166667
2025-02-11 13:00:00,6358.31,27,False,False,6.396,4.68,68.9,115,13,0,1,2,9.104,6423.178,6326.134,6725.135,6294.427104166668
2025-02-11 13:30:00,6318.174,28,False,False,7.448,5.386,50.519999999999996,115,13,30,1,2,8.052,6358.31,6300.736,6866.137,6295.0974375000005
2025-02-11 14:00:00,6385.497,29,False,False,6.9799999999999995,4.216,65.08000000000001,115,14,0,1,2,8.52,6318.174,6429.265,6802.901,6295.460729166666
2025-02-11 14:30:00,6592.968,30,False,False,7.142,3.7119999999999997,58.3,115,14,30,1,2,8.358,6385.497,6562.118,7076.249,6294.5488958333335
2025-02-11 15:00:00,7082.46060297825,31,False,False,8.128,3.896,64.86,115,15,0,1,2,7.372,6592.968,6706.661,7157.091,6295.191604166666
2025-02-11 15:30:00,6990.729,32,False,False,7.806,3.31,54.96,115,15,30,1,2,7.694,7082.46060297825,6914.137,7351.887,6303.020762562046
2025-02-11 16:00:00,6943.576,33,False,False,8.645999999999999,2.6420000000000003,62.67999999999999,115,16,0,1,2,6.854000000000001,6990.729,7156.785,7515.596,6304.616429228714
2025-02-11 16:30:00,7117.37,34,False,False,8.824,3.2659999999999996,65.1,115,16,30,1,2,6.676,6943.576,7124.205,7736.883,6300.174575062048
2025-02-11 17:00:00,7285.596,35,False,False,7.906000000000001,4.524,57.9,115,17,0,1,2,7.593999999999999,7117.37,7199.693,7567.18,6300.032179228714
2025-02-11 17:30:00,7060.689,36,False,False,9.286,4.006,76.56,115,17,30,1,2,6.214,7285.596,7144.305,7489.369,6301.8218250620475
2025-02-11 18:00:00,7050.129,37,False,False,8.738,4.726,54.32000000000001,115,18,0,1,2,6.7620000000000005,7060.689,6940.359,7399.799,6300.079825062046
2025-02-11 18:30:00,6802.012,38,False,False,9.292,2.268,60.64,115,18,30,1,2,6.208,7050.129,6850.233,7319.0199999999995,6302.366700062047
2025-02-11 19:00:00,6629.076,39,False,False,9.034,2.268,66.47999999999999,115,19,0,1,2,6.465999999999999,6802.012,6479.026,7043.07,6301.36209589538
2025-02-11 19:30:00,6274.3,40,False,False,8.6,4.442,63.339999999999996,115,19,30,1,2,6.9,6629.076,6378.837,6837.169,6304.488137562047
2025-02-11 20:00:00,6140.625,41,False,False,9.332,4.196,66.97999999999999,115,20,0,1,2,6.167999999999999,6274.3,6189.296,6584.505,6302.310283395381
2025-02-11 20:30:00,5946.254,42,False,False,8.42,4.236,67.58,115,20,30,1,2,7.08,6140.625,5824.888,6245.877,6301.296304228713
2025-02-11 21:00:00,5637.106,43,False,False,9.666,2.5740000000000003,66.14,115,21,0,1,2,5.834,5946.254,5653.951,6118.998,6303.824762562047
2025-02-11 21:30:00,5428.751,44,False,False,9.84,4.018,51.56,115,21,30,1,2,5.66,5637.106,5573.907,5905.618,6303.473825062047
2025-02-11 22:00:00,5425.057,45,False,False,8.086,3.518,42.839999999999996,115,22,0,1,2,7.414,5428.751,5383.589,5805.689,6300.449741728714
2025-02-11 22:30:00,5304.395,46,False,False,7.828,3.854,68.0,115,22,30,1,2,7.672,5425.057,5301.438,5623.4890000000005,6301.313658395381
2025-02-11 23:00:00,5216.485,47,False,False,8.336,5.712,67.12,115,23,0,1,2,7.164,5304.395,5188.07,5451.057,6301.375262562047
2025-02-11 23:30:00,5061.773,48,False,False,9.687999999999999,2.734,61.64,115,23,30,1,2,5.812000000000001,5216.485,5136.197,5493.679,6301.967241728714
2025-02-12 00:00:00,5360.352,1,False,False,8.134,4.294,67.36,116,0,0,2,2,7.366,5061.773,5075.198,5380.509,6300.4167417287135
2025-02-12 00:30:00,5266.496,2,False,False,9.152,3.714,46.019999999999996,116,0,30,2,2,6.348000000000001,5360.352,5032.677,5289.42,6306.357450062046
2025-02-12 01:00:00,5457.441,3,False,False,7.562,3.0780000000000003,51.739999999999995,116,1,0,2,2,7.938,5266.496,5053.693,5360.785,6311.228679228713
2025-02-12 01:30:00,5345.879,4,False,False,7.312,4.523999999999999,45.08,116,1,30,2,2,8.187999999999999,5457.441,5126.36,5295.308,6319.640095895379
2025-02-12 02:00:00,5408.606,5,False,False,8.588,3.6839999999999997,65.56,116,2,0,2,2,6.912000000000001,5345.879,5047.892,5350.482,6324.21340839538
2025-02-12 02:30:00,5463.55,6,False,False,7.458,4.946,72.24,116,2,30,2,2,8.042,5408.606,5135.93,5410.498,6331.7282833953805
2025-02-12 03:00:00,5485.947,7,False,False,7.601999999999999,2.928,50.72,116,3,0,2,2,7.898000000000001,5463.55,5133.207,5414.023,6338.553700062047
2025-02-12 03:30:00,5595.521,8,False,False,6.434,3.8839999999999995,48.5,116,3,30,2,2,9.065999999999999,5485.947,5258.368,5484.239,6345.902450062047
2025-02-12 04:00:00,5594.227,9,False,False,6.204,3.778,50.3,116,4,0,2,2,9.296,5595.521,5284.604,5639.064,6352.926470895381
2025-02-12 04:30:00,5739.928,10,False,False,6.5,5.64,49.68,116,4,30,2,2,9.0,5594.227,5498.39,5705.787,6359.376950062047
2025-02-12 05:00:00,6039.761,11,False,False,6.252000000000001,4.036,77.22,116,5,0,2,2,9.248,5739.928,5684.881,5990.416,6364.408991728713
2025-02-12 05:30:00,6301.449,12,False,False,6.076,3.404,68.67999999999999,116,5,30,2,2,9.424,6039.761,5898.614,6227.46,6371.802325062046
2025-02-12 06:00:00,6592.036,13,False,False,5.128,4.544,58.52,116,6,0,2,2,10.372,6301.449,6210.542,6582.592,6380.19472089538
2025-02-12 06:30:00,6957.832,14,False,False,5.318,4.146,58.1,116,6,30,2,2,10.182,6592.036,6682.183,6751.405,6388.142512562047
2025-02-12 07:00:00,7397.148,15,False,False,4.418,1.9940000000000002,64.64,116,7,0,2,2,11.082,6957.832,6915.615,7352.107,6393.885200062047
2025-02-12 07:30:00,7768.485,16,False,False,4.138,2.586,58.279999999999994,116,7,30,2,2,11.362,7397.148,7359.594,7784.81,6403.917137562046
2025-02-12 08:00:00,8104.369,17,False,False,5.5200000000000005,4.434,63.0,116,8,0,2,2,9.98,7768.485,7683.02,8057.347,6412.435700062047
2025-02-12 08:30:00,8328.062,18,False,False,5.24,3.3980000000000006,52.260000000000005,116,8,30,2,2,10.26,8104.369,7675.774,8269.124,6421.213804228712
2025-02-12 09:00:00,8416.17,19,False,False,4.314,4.692,58.44,116,9,0,2,2,11.186,8328.062,7878.042,8276.282,6434.803137562048
2025-02-12 09:30:00,8361.405,20,False,False,5.568,3.37,60.620000000000005,116,9,30,2,2,9.932,8416.17,7827.681,8187.8150000000005,6446.014137562047
2025-02-12 10:00:00,8081.991,21,False,False,5.88,4.724,69.03999999999999,116,10,0,2,2,9.620000000000001,8361.405,7671.64,7978.93,6457.133387562047
2025-02-12 10:30:00,7831.878,22,False,False,5.26,3.9219999999999997,77.03999999999999,116,10,30,2,2,10.24,8081.991,7373.885,7820.403,6465.6823667287135
2025-02-12 11:00:00,7525.32,23,False,False,4.922,2.3280000000000003,59.92,116,11,0,2,2,10.578,7831.878,7073.141,7474.504,6475.223887562046
2025-02-12 11:30:00,7276.343,24,False,False,5.274,3.97,58.480000000000004,116,11,30,2,2,10.225999999999999,7525.32,6847.641,7282.003,6484.64428339538
2025-02-12 12:00:00,6891.81,25,False,False,5.978,3.968,48.8,116,12,0,2,2,9.522,7276.343,6516.921,6864.48,6493.575575062047
2025-02-12 12:30:00,6637.495,26,False,False,6.378,4.228,64.6,116,12,30,2,2,9.122,6891.81,6423.178,6717.746,6501.385762562047
2025-02-12 13:00:00,6766.88,27,False,False,5.96,3.7600000000000002,55.98,116,13,0,2,2,9.54,6637.495,6358.31,6625.224,6505.850700062046
2025-02-12 13:30:00,6848.5199999999995,28,False,False,5.814,2.2560000000000002,49.42,116,13,30,2,2,9.686,6766.88,6318.174,6577.612,6514.362575062046
2025-02-12 14:00:00,6788.14,29,False,False,7.898000000000001,4.544,76.84,116,14,0,2,2,7.601999999999999,6848.5199999999995,6385.497,6697.496,6525.411450062046
2025-02-12 14:30:00,6976.375,30,False,False,6.992,5.712,76.44,116,14,30,2,2,8.508,6788.14,6592.968,6940.964,6533.799845895381
2025-02-12 15:00:00,7092.947,31,False,False,8.228,3.982,57.14,116,15,0,2,2,7.272,6976.375,7082.46060297825,7082.572,6541.7874917287145
2025-02-12 15:30:00,7365.524,32,False,False,7.340000000000001,5.798,55.85999999999999,116,15,30,2,2,8.16,7092.947,6990.729,7238.85,6542.005958333334
2025-02-12 16:00:00,7465.972,33,False,False,8.026,2.4379999999999997,62.86,116,16,0,2,2,7.474,7365.524,6943.576,7440.759,6549.814187499999
2025-02-12 16:30:00,7434.781,34,False,False,9.286,4.152,59.839999999999996,116,16,30,2,2,6.214,7465.972,7117.37,7475.898,6560.697437499999
2025-02-12 17:00:00,7519.185,35,False,False,8.354,2.916,58.58,116,17,0,2,2,7.146000000000001,7434.781,7285.596,7579.79,6567.310166666666
2025-02-12 17:30:00,7543.669,36,False,False,8.303999999999998,3.6160000000000005,60.42,116,17,30,2,2,7.1960000000000015,7519.185,7060.689,7428.097,6572.176604166667
2025-02-12 18:00:00,7422.235,37,False,False,9.48,3.3480000000000003,49.2,116,18,0,2,2,6.02,7543.669,7050.129,7273.32,6582.2386875
2025-02-12 18:30:00,7221.579,38,False,False,9.053999999999998,4.964,60.54,116,18,30,2,2,6.4460000000000015,7422.235,6802.012,7211.415,6589.990895833333
2025-02-12 19:00:00,6933.814,39,False,False,8.943999999999999,3.652,55.14,116,19,0,2,2,6.556000000000001,7221.579,6629.076,6948.147,6598.731875
2025-02-12 19:30:00,6728.401,40,False,False,9.152,4.082,66.62,116,19,30,2,2,6.348000000000001,6933.814,6274.3,6742.069,6605.080583333333
2025-02-12 20:00:00,6505.9220000000005,41,False,False,8.928,4.314,69.92,116,20,0,2,2,6.571999999999999,6728.401,6140.625,6449.365,6614.541020833333
2025-02-12 20:30:00,6203.02,42,False,False,9.004,3.682,67.32000000000001,116,20,30,2,2,6.496,6505.9220000000005,5946.254,6167.039,6622.151375
2025-02-12 21:00:00,6070.897,43,False,False,8.562000000000001,4.262,53.06,116,21,0,2,2,6.937999999999999,6203.02,5637.106,6001.814,6627.500666666667
2025-02-12 21:30:00,5869.209,44,False,False,9.324000000000002,4.468,62.17999999999999,116,21,30,2,2,6.175999999999998,6070.897,5428.751,5890.976,6636.537979166667
2025-02-12 22:00:00,5773.048,45,False,False,8.036,4.196,76.64,116,22,0,2,2,7.464,5869.209,5425.057,5780.41,6645.714187499999
2025-02-12 22:30:00,5651.862,46,False,False,8.358,4.136,68.84,116,22,30,2,2,7.1419999999999995,5773.048,5304.395,5521.401,6652.964
2025-02-12 23:00:00,5530.589,47,False,False,8.648,2.7819999999999996,53.339999999999996,116,23,0,2,2,6.852,5651.862,5216.485,5423.164,6660.202895833333
2025-02-12 23:30:00,5551.1539999999995,48,False,False,7.608,4.156000000000001,45.88,116,23,30,2,2,7.892,5530.589,5061.773,5241.06,6666.746729166666
2025-02-13 00:00:00,5343.402,1,False,False,8.392,3.946,67.53999999999999,116,0,0,3,2,7.1080000000000005,5551.1539999999995,5360.352,5351.494,6676.942166666667
2025-02-13 00:30:00,5387.39,2,False,False,8.102,4.212000000000001,45.14,116,0,30,3,2,7.398,5343.402,5266.496,5326.07,6676.589041666666
2025-02-13 01:00:00,5438.355,3,False,False,7.234,4.698,57.239999999999995,116,1,0,3,2,8.266,5387.39,5457.441,5310.215,6679.107666666667
2025-02-13 01:30:00,5382.209,4,False,False,7.962000000000001,4.92,59.34000000000001,116,1,30,3,2,7.537999999999999,5438.355,5345.879,5343.675,6678.710041666666
2025-02-13 02:00:00,5416.278,5,False,False,7.636,4.368,68.26,116,2,0,3,2,7.864,5382.209,5408.606,5442.208,6679.466916666667
2025-02-13 02:30:00,5351.9,6,False,False,7.418000000000001,2.6559999999999997,59.28000000000001,116,2,30,3,2,8.081999999999999,5416.278,5463.55,5341.352,6679.626749999999
2025-02-13 03:00:00,5625.515,7,False,False,6.206,3.87,64.6,116,3,0,3,2,9.294,5351.9,5485.947,5442.679,6677.300708333333
2025-02-13 03:30:00,5627.676,8,False,False,6.662000000000001,2.628,60.82000000000001,116,3,30,3,2,8.838,5625.515,5595.521,5578.237,6680.208374999999
2025-02-13 04:00:00,5562.671,9,False,False,6.837999999999999,5.13,63.56,116,4,0,3,2,8.662,5627.676,5594.227,5661.533,6680.878270833334
2025-02-13 04:30:00,5736.158,10,False,False,6.454000000000001,4.093999999999999,70.66,116,4,30,3,2,9.046,5562.671,5739.928,5737.226,6680.220854166666
2025-02-13 05:00:00,6005.963,11,False,False,6.247999999999999,5.55,79.94,116,5,0,3,2,9.252,5736.158,6039.761,5982.575,6680.1423125
2025-02-13 05:30:00,6260.058,12,False,False,6.034000000000001,4.428,49.26,116,5,30,3,2,9.466,6005.963,6301.449,6333.0380000000005,6679.438187500001
2025-02-13 06:00:00,6529.604,13,False,False,5.104,4.790000000000001,68.17999999999999,116,6,0,3,2,10.396,6260.058,6592.036,6645.772,6678.5758749999995
2025-02-13 06:30:00,7002.417,14,False,False,4.9479999999999995,3.3379999999999996,59.239999999999995,116,6,30,3,2,10.552,6529.604,6957.832,6910.544,6677.275208333333
2025-02-13 07:00:00,7320.187,15,False,False,5.484,4.764,64.62,116,7,0,3,2,10.016,7002.417,7397.148,7325.127,6678.2040625
2025-02-13 07:30:00,7669.479,16,False,False,6.188000000000001,4.864,46.239999999999995,116,7,30,3,2,9.312,7320.187,7768.485,7578.237,6676.600708333334
2025-02-13 08:00:00,8143.793,17,False,False,4.806,3.864,54.120000000000005,116,8,0,3,2,10.693999999999999,7669.479,8104.369,8013.329,6674.538083333334
2025-02-13 08:30:00,8368.924,18,False,False,4.324,2.234,58.54,116,8,30,3,2,11.176,8143.793,8328.062,8159.236,6675.359416666667
2025-02-13 09:00:00,8382.388,19,False,False,4.898,2.886,58.260000000000005,116,9,0,3,2,10.602,8368.924,8416.17,8339.289999999999,6676.210708333333
2025-02-13 09:30:00,8332.06,20,False,False,5.569999999999999,4.596,70.96000000000001,116,9,30,3,2,9.93,8382.388,8361.405,8266.046,6675.506916666666
2025-02-13 10:00:00,8113.093,21,False,False,5.794,5.87,67.16,116,10,0,3,2,9.706,8332.06,8081.991,8069.334,6674.895562500001
2025-02-13 10:30:00,7903.775,22,False,False,5.784000000000001,2.63,65.04,116,10,30,3,2,9.716,8113.093,7831.878,7747.811,6675.543520833333
2025-02-13 11:00:00,7542.394,23,False,False,5.286,5.343999999999999,54.7,116,11,0,3,2,10.214,7903.775,7525.32,7469.728,6677.041375000001
2025-02-13 11:30:00,7198.596,24,False,False,5.526,4.412,52.7,116,11,30,3,2,9.974,7542.394,7276.343,7186.936,6677.397083333333
2025-02-13 12:00:00,6935.278,25,False,False,6.5280000000000005,3.718,66.06,116,12,0,3,2,8.972,7198.596,6891.81,6964.841,6675.7773541666675
2025-02-13 12:30:00,6745.745,26,False,False,6.214,3.968,55.1,116,12,30,3,2,9.286,6935.278,6637.495,6768.818,6676.682937500001
2025-02-13 13:00:00,6621.723,27,False,False,7.126,3.91,66.12,116,13,0,3,2,8.373999999999999,6745.745,6766.88,6613.7339999999995,6678.938145833334
2025-02-13 13:30:00,7136.785129785098,28,False,False,7.6,4.436,53.52,116,13,30,3,2,7.9,6621.723,6848.5199999999995,6681.154,6675.914041666667
2025-02-13 14:00:00,6839.697,29,False,False,7.215999999999999,3.628,73.47999999999999,116,14,0,3,2,8.284,7136.785129785098,6788.14,6802.872,6681.919565203857
2025-02-13 14:30:00,6947.387,30,False,False,7.436,5.936,68.92,116,14,30,3,2,8.064,6839.697,6976.375,6863.497,6682.993669370523
2025-02-13 15:00:00,7133.85,31,False,False,7.942,4.061999999999999,52.839999999999996,116,15,0,3,2,7.558,6947.387,7092.947,7048.263,6682.389752703856
2025-02-13 15:30:00,7330.979,32,False,False,7.209999999999999,3.656,50.94,116,15,30,3,2,8.290000000000001,7133.85,7365.524,7243.074,6683.241898537189
2025-02-13 16:00:00,7450.736,33,False,False,8.53,4.62,61.52,116,16,0,3,2,6.970000000000001,7330.979,7465.972,7356.04,6682.522211037191
2025-02-13 16:30:00,7566.593,34,False,False,7.497999999999999,4.728,59.14,116,16,30,3,2,8.002,7450.736,7434.781,7461.977,6682.204794370523
2025-02-13 17:00:00,7517.727,35,False,False,9.017999999999999,3.054,63.42,116,17,0,3,2,6.482000000000001,7566.593,7519.185,7534.874,6684.950877703856
2025-02-13 17:30:00,7620.32,36,False,False,8.040000000000001,4.7700000000000005,62.279999999999994,116,17,30,3,2,7.459999999999999,7517.727,7543.669,7553.602,6684.920502703856
2025-02-13 18:00:00,7326.307,37,False,False,9.656,4.944,65.08,116,18,0,3,2,5.843999999999999,7620.32,7422.235,7375.3,6686.51739853719
2025-02-13 18:30:00,7258.811,38,False,False,8.712,4.996,49.36,116,18,30,3,2,6.788,7326.307,7221.579,7163.184,6684.51889853719
2025-02-13 19:00:00,7008.87,39,False,False,8.906,4.3420000000000005,59.260000000000005,116,19,0,3,2,6.593999999999999,7258.811,6933.814,7035.954,6685.294565203855
2025-02-13 19:30:00,6685.202,40,False,False,9.344,4.608,56.04,116,19,30,3,2,6.156000000000001,7008.87,6728.401,6745.903,6686.858231870523
2025-02-13 20:00:00,6471.257,41,False,False,9.672,3.598,49.9,116,20,0,3,2,5.827999999999999,6685.202,6505.9220000000005,6512.073,6685.958252703857
2025-02-13 20:30:00,6266.743,42,False,False,8.766,5.544,52.339999999999996,116,20,30,3,2,6.734,6471.257,6203.02,6215.241,6685.236065203856
2025-02-13 21:00:00,6102.452,43,False,False,8.364,4.272,66.66,116,21,0,3,2,7.135999999999999,6266.743,6070.897,6050.505,6686.563627703857
2025-02-13 21:30:00,5790.56,44,False,False,9.63,3.7099999999999995,63.98,116,21,30,3,2,5.869999999999999,6102.452,5869.209,5810.585,6687.2210235371895
2025-02-13 22:00:00,5628.68,45,False,False,9.372,4.05,66.22,116,22,0,3,2,6.128,5790.56,5773.048,5748.345,6685.582502703856
2025-02-13 22:30:00,5560.861,46,False,False,8.576,3.282,68.22,116,22,30,3,2,6.9239999999999995,5628.68,5651.862,5504.001,6682.57483603719
2025-02-13 23:00:00,5359.671,47,False,False,9.272,4.014,55.82000000000001,116,23,0,3,2,6.228,5560.861,5530.589,5484.165,6680.678981870522
2025-02-13 23:30:00,5399.938,48,False,False,8.662,3.502,58.17999999999999,116,23,30,3,2,6.837999999999999,5359.671,5551.1539999999995,5433.208,6677.118190203856
2025-02-14 00:00:00,5324.6,1,False,False,9.234,4.524,49.72,116,0,0,4,2,6.266,5399.938,5343.402,5425.181,6673.967856870524
2025-02-14 00:30:00,5387.006,2,False,False,8.098,4.836,61.6,116,0,30,4,2,7.401999999999999,5324.6,5387.39,5314.088,6673.57614853719
2025-02-14 01:00:00,5316.028,3,False,False,8.306000000000001,2.992,59.14,116,1,0,4,2,7.193999999999999,5387.006,5438.355,5436.76,6673.56814853719
2025-02-14 01:30:00,5321.425,4,False,False,8.158,3.338,55.8,116,1,30,4,2,7.3420000000000005,5316.028,5382.209,5295.713,6671.019669370523
2025-02-14 02:00:00,5430.684,5,False,False,6.779999999999999,3.972,60.4,116,2,0,4,2,8.72,5321.425,5416.278,5454.194,6669.753336037189
2025-02-14 02:30:00,5427.675,6,False,False,7.49,2.7359999999999998,49.660000000000004,116,2,30,4,2,8.01,5430.684,5351.9,5332.73,6670.05346103719
2025-02-14 03:00:00,5585.306,7,False,False,6.2219999999999995,4.654,65.72,116,3,0,4,2,9.278,5427.675,5625.515,5454.938,6671.632106870522
2025-02-14 03:30:00,5586.103,8,False,False,6.668000000000001,3.7039999999999997,64.24000000000001,116,3,30,4,2,8.831999999999999,5585.306,5627.676,5535.924,6670.794419370523
2025-02-14 04:00:00,5682.388,9,False,False,6.006,5.37,58.06,116,4,0,4,2,9.494,5586.103,5562.671,5692.641,6669.928315203856
2025-02-14 04:30:00,5738.452,10,False,False,7.258,4.504,50.019999999999996,116,4,30,4,2,8.242,5682.388,5736.158,5699.481,6672.422419370523
2025-02-14 05:00:00,6020.886,11,False,False,5.484,4.788,57.58,116,5,0,4,2,10.016,5738.452,6005.963,5945.213,6672.47021103719
2025-02-14 05:30:00,6199.501,12,False,False,5.884,4.18,77.72,116,5,30,4,2,9.616,6020.886,6260.058,6303.454,6672.781106870522
2025-02-14 06:00:00,6655.399,13,False,False,4.7219999999999995,3.526,55.7,116,6,0,4,2,10.778,6199.501,6529.604,6555.268,6671.519502703857
2025-02-14 06:30:00,6938.287,14,False,False,5.69,3.336,57.86,116,6,30,4,2,9.809999999999999,6655.399,7002.417,6951.765,6674.140231870523
2025-02-14 07:00:00,7438.38,15,False,False,5.144,4.05,52.64,116,7,0,4,2,10.356,6938.287,7320.187,7345.419,6672.804190203857
2025-02-14 07:30:00,7757.379,16,False,False,5.156000000000001,5.226,57.86,116,7,30,4,2,10.344,7438.38,7669.479,7719.084,6675.266544370524
2025-02-14 08:00:00,8100.106,17,False,False,5.456,3.5460000000000003,56.4,116,8,0,4,2,10.044,7757.379,8143.793,8094.96,6677.097794370522
2025-02-14 08:30:00,8314.742,18,False,False,5.692,3.528,47.76,116,8,30,4,2,9.808,8100.106,8368.924,8188.841,6676.1876485371895
2025-02-14 09:00:00,8399.784,19,False,False,5.654,3.968,58.739999999999995,116,9,0,4,2,9.846,8314.742,8382.388,9179.651258524356,6675.058856870522
2025-02-14 09:30:00,8325.786,20,False,False,5.62,4.532,46.88,116,9,30,4,2,9.879999999999999,8399.784,8332.06,8199.772,6675.42127353719
2025-02-14 10:00:00,8233.753,21,False,False,5.066,5.76,53.94,116,10,0,4,2,10.434000000000001,8325.786,8113.093,8036.556,6675.290565203856
2025-02-14 10:30:00,7757.602,22,False,False,5.928,4.837999999999999,63.779999999999994,116,10,30,4,2,9.572,8233.753,7903.775,7797.149,6677.804315203856
2025-02-14 11:00:00,7561.338,23,False,False,5.3740000000000006,4.42,69.62,116,11,0,4,2,10.126,7757.602,7542.394,7377.225,6674.759044370523
2025-02-14 11:30:00,7182.302,24,False,False,5.8740000000000006,5.7299999999999995,53.779999999999994,116,11,30,4,2,9.626,7561.338,7198.596,7169.903,6675.15371103719
2025-02-14 12:00:00,6862.283,25,False,False,6.812,4.9079999999999995,70.8,116,12,0,4,2,8.687999999999999,7182.302,6935.278,6849.684,6674.814252703855
2025-02-14 12:30:00,6720.347,26,False,False,6.298,3.582,57.339999999999996,116,12,30,4,2,9.202,6862.283,6745.745,6797.859,6673.293523537189
2025-02-14 13:00:00,6658.341,27,False,False,6.1160000000000005,4.772,50.8,116,13,0,4,2,9.384,6720.347,6621.723,6594.948,6672.76439853719
2025-02-14 13:30:00,6703.717,28,False,False,7.1819999999999995,2.482,61.120000000000005,116,13,30,4,2,8.318000000000001,6658.341,7136.785129785098,6708.88,6673.52727353719
2025-02-14 14:00:00,6810.7789999999995,29,False,False,7.446000000000001,3.842,45.86,116,14,0,4,2,8.053999999999998,6703.717,6839.697,6733.902,6664.505020833333
2025-02-14 14:30:00,6935.845,30,False,False,7.506,5.004,62.8,116,14,30,4,2,7.994,6810.7789999999995,6947.387,6847.271,6663.9025624999995
2025-02-14 15:00:00,7087.318,31,False,False,8.440000000000001,3.5,57.82000000000001,116,15,0,4,2,7.059999999999999,6935.845,7133.85,7118.054,6663.662104166667
2025-02-14 15:30:00,7356.378,32,False,False,8.358,3.412,56.160000000000004,116,15,30,4,2,7.1419999999999995,7087.318,7330.979,7261.937,6662.6926875
2025-02-14 16:00:00,7343.863,33,False,False,9.648,2.964,70.7,116,16,0,4,2,5.852,7356.378,7450.736,7480.072,6663.221833333333
2025-02-14 16:30:00,7521.342,34,False,False,8.014,4.718,72.5,116,16,30,4,2,7.486000000000001,7343.863,7566.593,7450.492,6660.9953125
2025-02-14 17:00:00,7573.896,35,False,False,8.854,2.978,53.6,116,17,0,4,2,6.646000000000001,7521.342,7517.727,7525.137,6660.052583333334
2025-02-14 17:30:00,7532.324,36,False,False,7.858,2.852,51.04,116,17,30,4,2,7.642,7573.896,7620.32,7444.726,6661.222770833333
2025-02-14 18:00:00,7529.06,37,False,False,7.526000000000001,4.029999999999999,62.06,116,18,0,4,2,7.973999999999999,7532.324,7326.307,7387.314,6659.389520833333
2025-02-14 18:30:00,7255.628,38,False,False,8.492,4.502,62.739999999999995,116,18,30,4,2,7.007999999999999,7529.06,7258.811,6991.264,6663.613541666667
2025-02-14 19:00:00,6960.7,39,False,False,10.07,4.904000000000001,69.62,116,19,0,4,2,5.43,7255.628,7008.87,6986.036,6663.547229166667
2025-02-14 19:30:00,6694.833,40,False,False,9.412,4.828,49.04,116,19,30,4,2,6.087999999999999,6960.7,6685.202,6808.377,6662.543687499999
2025-02-14 20:00:00,6502.641,41,False,False,8.952,5.478,56.86,116,20,0,4,2,6.548,6694.833,6471.257,6377.551,6662.744333333333
2025-02-14 20:30:00,6240.194,42,False,False,9.8,3.842,49.760000000000005,116,20,30,4,2,5.699999999999999,6502.641,6266.743,6284.03,6663.398166666667
2025-02-14 21:00:00,5942.377,43,False,False,9.44,4.49,42.68,116,21,0,4,2,6.0600000000000005,6240.194,6102.452,5976.334,6662.8450625
2025-02-14 21:30:00,5878.22,44,False,False,9.134,4.43,53.58,116,21,30,4,2,6.366,5942.377,5790.56,5840.918,6659.510166666667
2025-02-14 22:00:00,5716.9130000000005,45,False,False,9.036,2.412,40.82,116,22,0,4,2,6.464,5878.22,5628.68,5752.933,6661.336416666666
2025-02-14 22:30:00,5708.515,46,False,False,8.386,5.302,62.2,116,22,30,4,2,7.114000000000001,5716.9130000000005,5560.861,5552.747,6663.1746041666665
2025-02-14 23:00:00,5502.317,47,False,False,9.516,4.534000000000001,55.8,116,23,0,4,2,5.984,5708.515,5359.671,5461.722,6666.250729166667
2025-02-14 23:30:00,5460.838,48,False,False,9.192,5.318,50.160000000000004,116,23,30,4,2,6.308,5502.317,5399.938,5285.475,6669.222520833333
2025-02-15 00:00:00,4223.85,1,True,False,8.762,3.636,61.720000000000006,116,0,0,5,2,6.7379999999999995,5460.838,5324.6,4182.333,6670.491270833332
2025-02-15 00:30:00,4208.967,2,True,False,8.206,4.5120000000000005,63.660000000000004,116,0,30,5,2,7.2940000000000005,4223.85,5387.006,4219.354,6647.558979166667
2025-02-15 01:00:00,4294.734,3,True,False,7.628,4.343999999999999,74.6,116,1,0,5,2,7.872,4208.967,5316.028,4280.158,6623.016500000001
2025-02-15 01:30:00,4236.026,4,True,False,8.366,6.282,53.1,116,1,30,5,2,7.134,4294.734,5321.425,4161.86,6601.739541666667
2025-02-15 02:00:00,4389.082,5,True,False,6.324,3.902,55.94,116,2,0,5,2,9.176,4236.026,5430.684,4267.7970000000005,6579.127062500001
2025-02-15 02:30:00,4250.495,6,True,False,7.453999999999999,5.612,56.720000000000006,116,2,30,5,2,8.046000000000001,4389.082,5427.675,4432.488,6557.427020833334
2025-02-15 03:00:00,4406.865,7,True,False,6.076,4.55,51.94,116,3,0,5,2,9.424,4250.495,5585.306,4273.336,6532.902437500001
2025-02-15 03:30:00,4536.1453300339335,8,True,False,6.942,3.16,59.1,116,3,30,5,2,8.558,4406.865,5586.103,4419.8859999999995,6508.351583333333
2025-02-15 04:00:00,4484.722,9,True,False,6.723999999999999,4.228,51.660000000000004,116,4,0,5,2,8.776,4536.1453300339335,5682.388,4637.865,6486.477465209039
2025-02-15 04:30:00,4594.492,10,True,False,5.9239999999999995,3.9619999999999997,61.14,116,4,30,5,2,9.576,4484.722,5738.452,4608.333,6461.52609020904
2025-02-15 05:00:00,4700.97,11,True,False,5.478,6.851999999999999,73.56,116,5,0,5,2,10.022,4594.492,6020.886,4755.955,6437.693590209041
2025-02-15 05:30:00,4935.552,12,True,False,5.936,5.236,37.5,116,5,30,5,2,9.564,4700.97,6199.501,4895.49,6410.19534020904
2025-02-15 06:00:00,5151.862,13,True,False,6.18,4.676,65.94,116,6,0,5,2,9.32,4935.552,6655.399,5249.217,6383.863069375708
2025-02-15 06:30:00,5526.327,14,True,False,5.614,5.762,63.160000000000004,116,6,30,5,2,9.886,5151.862,6938.287,5425.072,6352.5393818757075
2025-02-15 07:00:00,5759.947,15,True,False,6.672,4.446,74.94,116,7,0,5,2,8.828,5526.327,7438.38,5807.012,6323.123548542374
2025-02-15 07:30:00,6138.014,16,True,False,4.529999999999999,4.108,50.36,116,7,30,5,2,10.97,5759.947,7757.379,5974.711,6288.156194375707
2025-02-15 08:00:00,6385.043,17,True,False,5.016,4.74,50.72,116,8,0,5,2,10.484,6138.014,8100.106,6365.609,6254.419423542374
2025-02-15 08:30:00,6580.391,18,True,False,5.218,5.132,45.58,116,8,30,5,2,10.282,6385.043,8314.742,6465.551,6218.688944375706
2025-02-15 09:00:00,6541.534,19,True,False,5.956,2.9859999999999998,49.58,116,9,0,5,2,9.544,6580.391,8399.784,6551.698,6182.556631875707
2025-02-15 09:30:00,6564.2789999999995,20,True,False,5.470000000000001,4.3759999999999994,68.66,116,9,30,5,2,10.03,6541.534,8325.786,6539.5,6143.84309020904
2025-02-15 10:00:00,6384.771,21,True,False,6.3740000000000006,3.854,65.72,116,10,0,5,2,9.126,6564.2789999999995,8233.753,6439.6,6107.145027709041
2025-02-15 10:30:00,6151.798,22,True,False,5.465999999999999,3.9620000000000006,59.32000000000001,116,10,30,5,2,10.034,6384.771,7757.602,6198.171,6068.624569375707
2025-02-15 11:00:00,5913.665,23,True,False,6.476000000000001,4.888,57.239999999999995,116,11,0,5,2,9.024,6151.798,7561.338,5976.075,6035.170319375707
2025-02-15 11:30:00,5807.803,24,True,False,4.706,6.1240000000000006,67.36,116,11,30,5,2,10.794,5913.665,7182.302,5714.879,6000.843798542373
2025-02-15 12:00:00,5448.894,25,True,False,6.534000000000001,4.238,62.52,116,12,0,5,2,8.966,5807.803,6862.283,5416.542,5972.208402709041
2025-02-15 12:30:00,5403.657,26,True,False,5.99,3.718,62.160000000000004,116,12,30,5,2,9.51,5448.894,6720.347,5325.593,5942.762798542374
2025-02-15 13:00:00,5190.379,27,True,False,7.303999999999999,1.5859999999999999,54.56,116,13,0,5,2,8.196000000000002,5403.657,6658.341,5357.293,5915.3317568757075
2025-02-15 13:30:00,5327.134,28,True,False,7.4879999999999995,3.6079999999999997,63.3,116,13,30,5,2,8.012,5190.379,6703.717,5267.367,5884.749215209041
2025-02-15 14:00:00,5369.334,29,True,False,7.953999999999999,4.024,57.0,116,14,0,5,2,7.546000000000001,5327.134,6810.7789999999995,5300.961,5856.07040270904
2025-02-15 14:30:00,5502.714,30,True,False,7.374,4.812,61.04,116,14,30,5,2,8.126000000000001,5369.334,6935.845,5602.382,5826.040298542374
2025-02-15 15:00:00,5581.534,31,True,False,8.942,5.1899999999999995,45.82,116,15,0,5,2,6.558,5502.714,7087.318,5600.205,5796.18340270904
2025-02-15 15:30:00,5794.232,32,True,False,7.942,3.844,49.839999999999996,116,15,30,5,2,7.558,5581.534,7356.378,5717.742,5764.812902709041
2025-02-15 16:00:00,5968.391,33,True,False,7.362,2.6420000000000003,55.660000000000004,116,16,0,5,2,8.138,5794.232,7343.863,5824.734,5732.268194375706
2025-02-15 16:30:00,6025.986,34,True,False,8.614,3.622,65.9,116,16,30,5,2,6.885999999999999,5968.391,7521.342,5955.152,5703.61252770904
2025-02-15 17:00:00,5945.1140000000005,35,True,False,8.540000000000001,5.158,62.92,116,17,0,5,2,6.959999999999999,6025.986,7573.896,5961.733,5672.45927770904
2025-02-15 17:30:00,5864.062,36,True,False,8.806000000000001,2.664,51.08,116,17,30,5,2,6.693999999999999,5945.1140000000005,7532.324,5923.361,5638.526319375708
2025-02-15 18:00:00,5885.768,37,True,False,8.248000000000001,4.514,57.52,116,18,0,5,2,7.251999999999999,5864.062,7529.06,5684.68,5603.770861042373
2025-02-15 18:30:00,5648.597,38,True,False,9.298,3.312,61.32000000000001,116,18,30,5,2,6.202,5885.768,7255.628,5742.171,5569.535611042374
2025-02-15 19:00:00,5560.566,39,True,False,8.528,3.934,72.16,116,19,0,5,2,6.9719999999999995,5648.597,6960.7,5386.423,5536.055798542374
2025-02-15 19:30:00,5240.286,40,True,False,9.696000000000002,2.97,60.120000000000005,116,19,30,5,2,5.8039999999999985,5560.566,6694.833,5239.178,5506.88634020904
2025-02-15 20:00:00,5083.937,41,True,False,9.416,3.928,62.6,116,20,0,5,2,6.084,5240.286,6502.641,5089.689,5476.58327770904
2025-02-15 20:30:00,4872.598,42,True,False,9.572,4.6,59.14,116,20,30,5,2,5.928000000000001,5083.937,6240.194,4942.109,5447.026944375707
2025-02-15 21:00:00,4712.387,43,True,False,9.26,4.232,64.74,116,21,0,5,2,6.24,4872.598,5942.377,4686.504,5418.535361042374
2025-02-15 21:30:00,4681.243,44,True,False,9.462,6.052,58.480000000000004,116,21,30,5,2,6.038,4712.387,5878.22,4521.176,5392.910569375707
2025-02-15 22:00:00,4473.607,45,True,False,9.858,4.654,64.76,116,22,0,5,2,5.6419999999999995,4681.243,5716.9130000000005,4619.47,5367.973548542374
2025-02-15 22:30:00,4373.855,46,True,False,8.768,3.038,40.839999999999996,116,22,30,5,2,6.731999999999999,4473.607,5708.515,4322.758,5342.0713402090405
2025-02-15 23:00:00,4355.718,47,True,False,8.501999999999999,4.164,48.28,116,23,0,5,2,6.998000000000001,4373.855,5502.317,4350.811,5314.2659235423735
2025-02-15 23:30:00,4442.991,48,True,False,8.152000000000001,6.220000000000001,60.94,116,23,30,5,2,7.347999999999999,4355.718,5460.838,4291.788,5290.378444375707
2025-02-16 00:00:00,4230.194,1,True,False,9.42,5.438000000000001,57.92,117,0,0,6,2,6.08,4442.991,4223.85,4228.946,5269.173298542373
2025-02-16 00:30:00,4227.275,2,True,False,9.53,2.81,57.67999999999999,117,0,30,6,2,5.970000000000001,4230.194,4208.967,4278.735,5269.30546520904
2025-02-16 01:00:00,4350.432,3,True,False,7.9719999999999995,2.892,73.97999999999999,117,1,0,6,2,7.5280000000000005,4227.275,4294.734,4220.959,5269.686881875707
2025-02-16 01:30:00,4304.68,4,True,False,7.343999999999999,5.008,57.56,117,1,30,6,2,8.156,4350.432,4236.026,4224.79,5270.847256875707
2025-02-16 02:00:00,4275.924,5,True,False,7.889999999999999,4.018,60.660000000000004,117,2,0,6,2,7.610000000000001,4304.68,4389.082,4275.812,5272.277548542374
2025-02-16 02:30:00,4367.834,6,True,False,7.436,4.776000000000001,59.02,117,2,30,6,2,8.064,4275.924,4250.495,4352.794,5269.920090209041
2025-02-16 03:00:00,4400.609,7,True,False,6.818,4.295999999999999,46.36,117,3,0,6,2,8.682,4367.834,4406.865,4321.853,5272.36465270904
2025-02-16 03:30:00,4480.724,8,True,False,6.306,2.292,62.46,117,3,30,6,2,9.193999999999999,4400.609,4536.1453300339335,4387.15,5272.234319375707
2025-02-16 04:00:00,4441.235,9,True,False,6.858,3.936,49.339999999999996,117,4,0,6,2,8.642,4480.724,4484.722,4572.197,5271.079708333334
2025-02-16 04:30:00,4630.999,10,True,False,6.8420000000000005,4.004,56.58,117,4,30,6,2,8.658,4441.235,4594.492,4492.211,5270.173729166666
2025-02-16 05:00:00,4757.919,11,True,False,6.314,5.18,42.88,117,5,0,6,2,9.186,4630.999,4700.97,4717.978,5270.9342916666665
2025-02-16 05:30:00,4945.282,12,True,False,6.174,4.744000000000001,68.2,117,5,30,6,2,9.326,4757.919,4935.552,4857.659,5272.120729166666
2025-02-16 06:00:00,5213.962,13,True,False,6.290000000000001,3.346,62.92,117,6,0,6,2,9.209999999999999,4945.282,5151.862,5245.355,5272.3234375
2025-02-16 06:30:00,5538.893,14,True,False,6.098000000000001,4.856,49.68,117,6,30,6,2,9.402,5213.962,5526.327,5581.058,5273.6171875
2025-02-16 07:00:00,5906.915,15,True,False,5.018,4.218,66.64,117,7,0,6,2,10.482,5538.893,5759.947,5759.9039999999995,5273.878979166667
2025-02-16 07:30:00,6176.213,16,True,False,5.337,3.726,70.67999999999999,117,7,30,6,2,10.163,5906.915,6138.014,6054.861,5276.9408125
2025-02-16 08:00:00,6412.788,17,True,False,6.140000000000001,4.122,49.94,117,8,0,6,2,9.36,6176.213,6385.043,6243.767,5277.7366250000005
2025-02-16 08:30:00,6558.138,18,True,False,5.65,5.314,66.03999999999999,117,8,30,6,2,9.85,6412.788,6580.391,6603.532,5278.314645833333
2025-02-16 09:00:00,6528.3550000000005,19,True,False,5.85,3.816,62.720000000000006,117,9,0,6,2,9.65,6558.138,6541.534,6484.218,5277.851041666666
2025-02-16 09:30:00,6567.687,20,True,False,5.414,3.8620000000000005,51.6,117,9,30,6,2,10.086,6528.3550000000005,6564.2789999999995,6551.25,5277.576479166667
2025-02-16 10:00:00,6474.454,21,True,False,5.312,2.65,54.3,117,10,0,6,2,10.187999999999999,6567.687,6384.771,6302.835,5277.647479166667
2025-02-16 10:30:00,6273.072,22,True,False,5.0120000000000005,4.428,73.94,117,10,30,6,2,10.488,6474.454,6151.798,6119.961,5279.515875
2025-02-16 11:00:00,5982.993,23,True,False,5.612,2.81,58.58,117,11,0,6,2,9.888,6273.072,5913.665,5941.861,5282.042416666666
2025-02-16 11:30:00,5708.956,24,True,False,5.792,4.108,65.08,117,11,30,6,2,9.708,5982.993,5807.803,5743.808,5283.48675
2025-02-16 12:00:00,5532.992,25,True,False,6.148000000000001,5.9079999999999995,61.0,117,12,0,6,2,9.352,5708.956,5448.894,5222.766,5281.4274375
2025-02-16 12:30:00,5329.345,26,True,False,7.4079999999999995,4.534000000000001,52.8,117,12,30,6,2,8.092,5532.992,5403.657,5339.938,5283.179479166667
2025-02-16 13:00:00,5318.062,27,True,False,7.0920000000000005,3.9480000000000004,56.82000000000001,117,13,0,6,2,8.408,5329.345,5190.379,5288.143,5281.631312500001
2025-02-16 13:30:00,5357.894,28,True,False,7.15,3.5100000000000002,68.0,117,13,30,6,2,8.35,5318.062,5327.134,5355.963,5284.291375
2025-02-16 14:00:00,5403.709,29,True,False,7.014,4.446,49.239999999999995,117,14,0,6,2,8.486,5357.894,5369.334,5314.798,5284.932208333333
2025-02-16 14:30:00,5544.733,30,True,False,7.202,5.11,77.64,117,14,30,6,2,8.298,5403.709,5502.714,5462.379,5285.648354166667
2025-02-16 15:00:00,5505.623,31,True,False,8.354,3.498,61.379999999999995,117,15,0,6,2,7.146000000000001,5544.733,5581.534,5610.333,5286.523749999999
2025-02-16 15:30:00,5878.22,32,True,False,7.382000000000001,5.172,66.26,117,15,30,6,2,8.117999999999999,5505.623,5794.232,5696.193,5284.942270833333
2025-02-16 16:00:00,5934.189,33,True,False,8.674000000000001,5.356,58.260000000000005,117,16,0,6,2,6.825999999999999,5878.22,5968.391,5795.027,5286.692020833333
2025-02-16 16:30:00,5955.75,34,True,False,8.894,3.054,58.220000000000006,117,16,30,6,2,6.606,5934.189,6025.986,5870.201,5285.979479166667
2025-02-16 17:00:00,5893.787,35,True,False,9.826,3.594,59.4,117,17,0,6,2,5.6739999999999995,5955.75,5945.1140000000005,5867.693,5284.516229166667
2025-02-16 17:30:00,5969.525,36,True,False,8.826,2.622,52.379999999999995,117,17,30,6,2,6.6739999999999995,5893.787,5864.062,5894.623,5283.446916666667
2025-02-16 18:00:00,5878.141,37,True,False,9.202,3.2880000000000003,74.26,117,18,0,6,2,6.298,5969.525,5885.768,5763.552,5285.6440625000005
2025-02-16 18:30:00,5715.271,38,True,False,9.53,2.4419999999999997,57.8,117,18,30,6,2,5.970000000000001,5878.141,5648.597,5614.108,5285.485166666666
2025-02-16 19:00:00,5516.465,39,True,False,9.193999999999999,3.806,75.17999999999999,117,19,0,6,2,6.306000000000001,5715.271,5560.566,5431.497,5286.874208333334
2025-02-16 19:30:00,5396.364,40,True,False,9.35,3.4239999999999995,79.96000000000001,117,19,30,6,2,6.15,5516.465,5240.286,5216.774,5285.9554375
2025-02-16 20:00:00,5122.16,41,True,False,9.168000000000001,3.914,51.5,117,20,0,6,2,6.331999999999999,5396.364,5083.937,5155.769,5289.2070625
2025-02-16 20:30:00,4888.573,42,True,False,9.788,3.4979999999999998,62.779999999999994,117,20,30,6,2,5.712,5122.16,4872.598,4724.931,5290.003374999999
2025-02-16 21:00:00,4763.671,43,True,False,9.553999999999998,5.046,48.260000000000005,117,21,0,6,2,5.9460000000000015,4888.573,4712.387,4675.508,5290.3361875
2025-02-16 21:30:00,4726.661,44,True,False,8.926,2.936,66.8,117,21,30,6,2,6.574,4763.671,4681.243,4660.622,5291.404604166667
2025-02-16 22:00:00,4406.625,45,True,False,8.858,4.3420000000000005,59.58,117,22,0,6,2,6.6419999999999995,4726.661,4473.607,4590.45,5292.3508125
2025-02-16 22:30:00,4694.38445912443,46,True,False,9.074000000000002,2.346,72.4,117,22,30,6,2,6.425999999999998,4406.625,4373.855,4345.733,5290.955354166666
2025-02-16 23:00:00,4386.637,47,True,False,8.12,3.184,66.42,117,23,0,6,2,7.380000000000001,4694.38445912443,4355.718,4276.879,5297.633051231759
2025-02-16 23:30:00,4312.524,48,True,False,8.45,4.328,62.379999999999995,117,23,30,6,2,7.050000000000001,4386.637,4442.991,4286.605,5298.277197065092
2025-02-17 00:00:00,5301.974,1,False,False,8.868,4.8,59.48,117,0,0,0,2,6.632,4312.524,4230.194,5018.833,5295.559134565092
2025-02-17 00:30:00,5234.807,2,False,False,8.696,3.152,58.92,117,0,30,0,2,6.804,5301.974,4227.275,4950.329,5317.8878845650925
2025-02-17 01:00:00,5342.68,3,False,False,8.376,3.25,50.260000000000005,117,1,0,0,2,7.1240000000000006,5234.807,4350.432,4977.662,5338.878134565092
2025-02-17 01:30:00,5431.631,4,False,False,8.046,3.978,47.94,117,1,30,0,2,7.454000000000001,5342.68,4304.68,5088.158,5359.549967898426
2025-02-17 02:00:00,5815.261881139255,5,False,False,7.2299999999999995,4.362,55.339999999999996,117,2,0,0,2,8.27,5431.631,4275.924,5103.052,5383.028113731759
2025-02-17 02:30:00,5472.237,6,False,False,7.622,3.4,67.96,117,2,30,0,2,7.878,5815.261881139255,4367.834,5087.969,5415.09765292216
2025-02-17 03:00:00,5506.607,7,False,False,6.5200000000000005,4.546,66.16,117,3,0,0,2,8.98,5472.237,4400.609,5250.38,5438.106048755494
2025-02-17 03:30:00,5497.269,8,False,False,7.484,4.484,61.8,117,3,30,0,2,8.016,5506.607,4480.724,5248.348,5461.147673755494
2025-02-17 04:00:00,5715.187,9,False,False,5.956,5.294,70.7,117,4,0,0,2,9.544,5497.269,4441.235,5318.0109999999995,5482.325694588827
2025-02-17 04:30:00,5800.053,10,False,False,6.279999999999999,4.384,59.67999999999999,117,4,30,0,2,9.22,5715.187,4630.999,5449.389,5508.866361255493
2025-02-17 05:00:00,6017.595,11,False,False,5.26,3.476,59.52,117,5,0,0,2,10.24,5800.053,4757.919,5679.095,5533.22165292216
2025-02-17 05:30:00,6169.256,12,False,False,5.311999999999999,4.3100000000000005,53.2,117,5,30,0,2,10.188,6017.595,4945.282,5888.362,5559.464902922161
2025-02-17 06:00:00,6640.809,13,False,False,5.572,3.812,65.06,117,6,0,0,2,9.928,6169.256,5213.962,6253.401,5584.964361255494
2025-02-17 06:30:00,6895.338,14,False,False,6.266,4.248,56.44,117,6,30,0,2,9.234,6640.809,5538.893,6643.493,5614.69034042216
2025-02-17 07:00:00,7305.175,15,False,False,5.16,4.608,55.96,117,7,0,0,2,10.34,6895.338,5906.915,6979.307,5642.949611255494
2025-02-17 07:30:00,7743.494,16,False,False,4.676,3.836,54.760000000000005,117,7,30,0,2,10.824,7305.175,6176.213,7317.567,5672.080027922159
2025-02-17 08:00:00,8068.147,17,False,False,4.970000000000001,4.372,57.94,117,8,0,0,2,10.53,7743.494,6412.788,7564.582,5704.73171542216
2025-02-17 08:30:00,8288.137,18,False,False,5.4079999999999995,4.554,49.68,117,8,30,0,2,10.092,8068.147,6558.138,7745.45,5739.218361255494
2025-02-17 09:00:00,8403.929,19,False,False,5.344,3.9879999999999995,66.6,117,9,0,0,2,10.155999999999999,8288.137,6528.3550000000005,7936.4130000000005,5775.260007088827
2025-02-17 09:30:00,8287.633,20,False,False,5.0760000000000005,3.4200000000000004,62.98,117,9,30,0,2,10.424,8403.929,6567.687,7907.921,5814.334465422159
2025-02-17 10:00:00,8051.119,21,False,False,6.216,4.812,65.08,117,10,0,0,2,9.283999999999999,8287.633,6474.454,7743.492,5850.166673755494
2025-02-17 10:30:00,7811.808,22,False,False,5.838,4.986,64.2,117,10,30,0,2,9.661999999999999,8051.119,6273.072,7494.134,5883.013861255494
2025-02-17 11:00:00,7539.571,23,False,False,5.67,3.8560000000000003,53.46,117,11,0,0,2,9.83,7811.808,5982.993,7108.681,5915.070861255493
2025-02-17 11:30:00,7156.665,24,False,False,5.81,3.044,58.239999999999995,117,11,30,0,2,9.690000000000001,7539.571,5708.956,6814.014,5947.499569588827
2025-02-17 12:00:00,6840.758,25,False,False,6.628,4.178,55.31999999999999,117,12,0,0,2,8.872,7156.665,5532.992,6552.909,5977.660173755495
2025-02-17 12:30:00,6782.118,26,False,False,5.968,3.082,60.120000000000005,117,12,30,0,2,9.532,6840.758,5329.345,6268.0960000000005,6004.905298755493
2025-02-17 13:00:00,6686.749,27,False,False,5.992,4.396,59.2,117,13,0,0,2,9.508,6782.118,5318.062,6326.134,6035.171402922161
2025-02-17 13:30:00,6661.578,28,False,False,6.790000000000001,4.574,59.260000000000005,117,13,30,0,2,8.709999999999999,6686.749,5357.894,6300.736,6063.685715422161
2025-02-17 14:00:00,6809.376,29,False,False,6.58,3.654,64.44,117,14,0,0,2,8.92,6661.578,5403.709,6429.265,6090.845798755494
2025-02-17 14:30:00,6936.071,30,False,False,7.936,4.03,51.14,117,14,30,0,2,7.564,6809.376,5544.733,6562.118,6120.13052792216
2025-02-17 15:00:00,7069.564,31,False,False,8.422,4.336,59.160000000000004,117,15,0,0,2,7.077999999999999,6936.071,5505.623,6706.661,6149.1167362554925
2025-02-17 15:30:00,7378.345,32,False,False,7.593999999999999,5.098,61.17999999999999,117,15,30,0,2,7.906000000000001,7069.564,5878.22,6914.137,6181.69884042216
2025-02-17 16:00:00,7452.825,33,False,False,8.440000000000001,5.38,46.4,117,16,0,0,2,7.059999999999999,7378.345,5934.189,7156.785,6212.951444588826
2025-02-17 16:30:00,7579.218,34,False,False,8.084,3.408,52.339999999999996,117,16,30,0,2,7.416,7452.825,5955.75,7124.205,6244.589694588827
2025-02-17 17:00:00,7571.637,35,False,False,8.562000000000001,4.136,67.1,117,17,0,0,2,6.937999999999999,7579.218,5893.787,7199.693,6278.411944588827
2025-02-17 17:30:00,7629.337,36,False,False,8.008,4.109999999999999,58.239999999999995,117,17,30,0,2,7.492000000000001,7571.637,5969.525,7144.305,6313.367152922161
2025-02-17 18:00:00,7395.776,37,False,False,9.256,4.026,78.8,117,18,0,0,2,6.244,7629.337,5878.141,6940.359,6347.9465695888275
2025-02-17 18:30:00,7165.233,38,False,False,9.678,3.7560000000000002,49.1,117,18,30,0,2,5.821999999999999,7395.776,5715.271,6850.233,6379.5639654221595
2025-02-17 19:00:00,6933.092,39,False,False,9.51,5.108,52.720000000000006,117,19,0,0,2,5.99,7165.233,5516.465,6479.026,6409.771507088826
2025-02-17 19:30:00,6716.641,40,False,False,9.11,3.3579999999999997,59.779999999999994,117,19,30,0,2,6.390000000000001,6933.092,5396.364,6378.837,6439.284569588827
2025-02-17 20:00:00,6490.259,41,False,False,9.803999999999998,4.928,70.2,117,20,0,0,2,5.6960000000000015,6716.641,5122.16,6189.296,6466.790340422161
2025-02-17 20:30:00,6156.793,42,False,False,10.272,2.912,51.32000000000001,117,20,30,0,2,5.228,6490.259,4888.573,5824.888,6495.29240292216
2025-02-17 21:00:00,6028.516,43,False,False,9.414,3.968,48.06,117,21,0,0,2,6.086,6156.793,4763.671,5653.951,6521.713652922161
2025-02-17 21:30:00,5904.427,44,False,False,9.324,5.093999999999999,58.44,117,21,30,0,2,6.176,6028.516,4726.661,5573.907,6548.06459042216
2025-02-17 22:00:00,5620.354,45,False,False,9.144,4.266,52.06,117,22,0,0,2,6.356,5904.427,4406.625,5383.589,6572.6013820888265
2025-02-17 22:30:00,5560.323,46,False,False,9.042,4.212000000000001,55.120000000000005,117,22,30,0,2,6.458,5620.354,4694.38445912443,5301.438,6597.88740292216
2025-02-17 23:00:00,5473.777,47,False,False,8.672,3.3739999999999997,65.38,117,23,0,0,2,6.827999999999999,5560.323,4386.637,5188.07,6615.927789190402
2025-02-17 23:30:00,5445.214,48,False,False,8.553999999999998,5.42,46.260000000000005,117,23,30,0,2,6.9460000000000015,5473.777,4312.524,5136.197,6638.5765391904015
2025-02-18 00:00:00,5339.427,1,False,False,8.568000000000001,4.118,59.42,116,0,0,1,2,6.931999999999999,5445.214,5301.974,5075.198,6662.174247523734
2025-02-18 00:30:00,5253.964,2,False,False,8.370000000000001,3.8259999999999996,63.08,116,0,30,1,2,7.129999999999999,5339.427,5234.807,5032.677,6662.954518357069
2025-02-18 01:00:00,5303.006,3,False,False,7.9319999999999995,4.794,68.44000000000001,116,1,0,1,2,7.5680000000000005,5253.964,5342.68,5053.693,6663.353622523734
2025-02-18 01:30:00,5293.751,4,False,False,7.795999999999999,3.1740000000000004,60.1,116,1,30,1,2,7.704000000000001,5303.006,5431.631,5126.36,6662.527080857068
2025-02-18 02:00:00,5356.607,5,False,False,7.575999999999999,5.294,52.839999999999996,116,2,0,1,2,7.924000000000001,5293.751,5815.261881139255,5047.892,6659.654580857067
2025-02-18 02:30:00,5369.917,6,False,False,7.992,3.678,63.42,116,2,30,1,2,7.508,5356.607,5472.237,5135.93,6650.099270833333
2025-02-18 03:00:00,5346.13,7,False,False,7.324000000000001,2.044,59.1,116,3,0,1,2,8.175999999999998,5369.917,5506.607,5133.207,6647.967604166667
2025-02-18 03:30:00,5463.442,8,False,False,6.688,3.5200000000000005,56.98,116,3,30,1,2,8.812000000000001,5346.13,5497.269,5258.368,6644.624333333334
2025-02-18 04:00:00,5578.894,9,False,False,6.553999999999999,5.132,58.94,116,4,0,1,2,8.946000000000002,5463.442,5715.187,5284.604,6643.919604166666
2025-02-18 04:30:00,5697.04,10,False,False,5.88,3.886,51.5,116,4,30,1,2,9.620000000000001,5578.894,5800.053,5498.39,6641.080166666667
2025-02-18 05:00:00,5904.254,11,False,False,6.7620000000000005,4.89,56.120000000000005,116,5,0,1,2,8.738,5697.04,6017.595,5684.881,6638.9340625
2025-02-18 05:30:00,6058.068,12,False,False,6.540000000000001,4.946,51.839999999999996,116,5,30,1,2,8.959999999999999,5904.254,6169.256,5898.614,6636.5727916666665
2025-02-18 06:00:00,6493.193,13,False,False,5.652,2.718,54.96,116,6,0,1,2,9.847999999999999,6058.068,6640.809,6210.542,6634.256375
2025-02-18 06:30:00,6912.665,14,False,False,5.276000000000001,2.58,72.16,116,6,30,1,2,10.224,6493.193,6895.338,6682.183,6631.181041666667
2025-02-18 07:00:00,7172.173,15,False,False,5.566,3.886,53.32000000000001,116,7,0,1,2,9.934000000000001,6912.665,7305.175,6915.615,6631.5420208333335
2025-02-18 07:30:00,7696.681,16,False,False,4.792,4.0,50.519999999999996,116,7,30,1,2,10.708,7172.173,7743.494,7359.594,6628.771145833333
2025-02-18 08:00:00,7978.566,17,False,False,4.768,4.922,65.53999999999999,116,8,0,1,2,10.732,7696.681,8068.147,7683.02,6627.795875
2025-02-18 08:30:00,8144.7570000000005,18,False,False,5.284000000000001,3.092,54.04,116,8,30,1,2,10.216,7978.566,8288.137,7675.774,6625.929604166667
2025-02-18 09:00:00,8287.461,19,False,False,5.46,3.668,61.339999999999996,116,9,0,1,2,10.04,8144.7570000000005,8403.929,7878.042,6622.942520833333
2025-02-18 09:30:00,8185.381,20,False,False,6.5760000000000005,4.1899999999999995,62.48,116,9,30,1,2,8.924,8287.461,8287.633,7827.681,6620.516104166666
2025-02-18 10:00:00,7973.434,21,False,False,5.7700000000000005,3.06,66.76,116,10,0,1,2,9.73,8185.381,8051.119,7671.64,6618.385854166666
2025-02-18 10:30:00,7738.625,22,False,False,5.618,4.2700000000000005,62.44,116,10,30,1,2,9.882,7973.434,7811.808,7373.885,6616.767416666667
2025-02-18 11:00:00,7494.7119999999995,23,False,False,4.91,3.04,62.279999999999994,116,11,0,1,2,10.59,7738.625,7539.571,7073.141,6615.242770833333
2025-02-18 11:30:00,7072.49,24,False,False,6.0520000000000005,3.25,83.88,116,11,30,1,2,9.448,7494.7119999999995,7156.665,6847.641,6614.308208333333
2025-02-18 12:00:00,6796.407,25,False,False,6.354,4.682,81.34,116,12,0,1,2,9.146,7072.49,6840.758,6516.921,6612.554562499999
2025-02-18 12:30:00,6504.338,26,False,False,7.996,4.4159999999999995,50.760000000000005,116,12,30,1,2,7.504,6796.407,6782.118,6423.178,6611.630583333333
2025-02-18 13:00:00,6522.664,27,False,False,6.973999999999999,4.314,70.7,116,13,0,1,2,8.526,6504.338,6686.749,6358.31,6605.843499999999
2025-02-18 13:30:00,6613.852,28,False,False,6.944,5.054,68.34,116,13,30,1,2,8.556000000000001,6522.664,6661.578,6318.174,6602.4250624999995
2025-02-18 14:00:00,6697.132,29,False,False,8.018,3.098,58.339999999999996,116,14,0,1,2,7.481999999999999,6613.852,6809.376,6385.497,6601.430770833333
2025-02-18 14:30:00,6942.164,30,False,False,7.014,3.2960000000000003,72.44000000000001,116,14,30,1,2,8.486,6697.132,6936.071,6592.968,6599.092354166667
2025-02-18 15:00:00,7096.966,31,False,False,7.228,4.454,59.14,116,15,0,1,2,8.272,6942.164,7069.564,7082.46060297825,6599.219291666667
2025-02-18 15:30:00,7268.996,32,False,False,8.187999999999999,4.2379999999999995,72.9,116,15,30,1,2,7.312000000000001,7096.966,7378.345,6990.729,6599.790166666667
2025-02-18 16:00:00,7352.079,33,False,False,7.728,4.212000000000001,69.67999999999999,116,16,0,1,2,7.772,7268.996,7452.825,6943.576,6597.512062500001
2025-02-18 16:30:00,7430.753,34,False,False,8.692,4.676,60.339999999999996,116,16,30,1,2,6.808,7352.079,7579.218,7117.37,6595.413187499999
2025-02-18 17:00:00,7498.184,35,False,False,8.964,4.1259999999999994,58.9,116,17,0,1,2,6.536,7430.753,7571.637,7285.596,6592.320166666667
2025-02-18 17:30:00,7461.217,36,False,False,8.43,3.714,70.14,116,17,30,1,2,7.07,7498.184,7629.337,7060.689,6590.789895833334
2025-02-18 18:00:00,7316.13,37,False,False,8.870000000000001,3.5760000000000005,57.92,116,18,0,1,2,6.629999999999999,7461.217,7395.776,7050.129,6587.287395833333
2025-02-18 18:30:00,7206.054,38,False,False,8.506,3.718,55.8,116,18,30,1,2,6.994,7316.13,7165.233,6802.012,6585.628104166667
2025-02-18 19:00:00,6868.621,39,False,False,8.762,5.17,52.82000000000001,116,19,0,1,2,6.7379999999999995,7206.054,6933.092,6629.076,6586.478541666667
2025-02-18 19:30:00,6574.038,40,False,False,10.042,4.478,58.14,116,19,30,1,2,5.458,6868.621,6716.641,6274.3,6585.135395833334
2025-02-18 20:00:00,6347.063,41,False,False,9.86,2.83,67.6,116,20,0,1,2,5.640000000000001,6574.038,6490.259,6140.625,6582.1645
2025-02-18 20:30:00,6128.549,42,False,False,9.78,4.338,76.03999999999999,116,20,30,1,2,5.720000000000001,6347.063,6156.793,5946.254,6579.181249999999
2025-02-18 21:00:00,5962.595,43,False,False,9.406,4.134,62.0,116,21,0,1,2,6.093999999999999,6128.549,6028.516,5637.106,6578.592833333332
2025-02-18 21:30:00,5785.786,44,False,False,9.314,4.772,56.220000000000006,116,21,30,1,2,6.186,5962.595,5904.427,5428.751,6577.219479166666
2025-02-18 22:00:00,5643.726,45,False,False,9.394,4.824,51.98,116,22,0,1,2,6.106,5785.786,5620.354,5425.057,6574.747791666668
2025-02-18 22:30:00,5470.569,46,False,False,9.406,3.13,59.519999999999996,116,22,30,1,2,6.093999999999999,5643.726,5560.323,5304.395,6575.234708333333
2025-02-18 23:00:00,5390.174,47,False,False,8.842,3.688,56.94,116,23,0,1,2,6.6579999999999995,5470.569,5473.777,5216.485,6573.364833333333
2025-02-18 23:30:00,5384.586,48,False,False,8.912,4.116,56.279999999999994,116,23,30,1,2,6.587999999999999,5390.174,5445.214,5061.773,6571.623104166666
2025-02-19 00:00:00,5247.882,1,False,False,8.782,3.6079999999999997,52.3,115,0,0,2,2,6.718,5384.586,5339.427,5360.352,6570.360020833334
2025-02-19 00:30:00,5290.24,2,False,False,8.424,4.25,63.44,115,0,30,2,2,7.0760000000000005,5247.882,5253.964,5266.496,6568.452833333333
2025-02-19 01:00:00,5339.2,3,False,False,7.664,3.9520000000000004,56.58,115,1,0,2,2,7.836,5290.24,5303.006,5457.441,6569.208583333333
2025-02-19 01:30:00,5323.9980000000005,4,False,False,7.918000000000001,3.662,59.92,115,1,30,2,2,7.581999999999999,5339.2,5293.751,5345.879,6569.962625
2025-02-19 02:00:00,5380.349,5,False,False,7.486,3.1399999999999997,64.4,115,2,0,2,2,8.014,5323.9980000000005,5356.607,5408.606,6570.592770833334
2025-02-19 02:30:00,5367.452,6,False,False,7.328,2.272,56.48,115,2,30,2,2,8.172,5380.349,5369.917,5463.55,6571.087395833333
2025-02-19 03:00:00,5463.208,7,False,False,6.6,3.504,56.44,115,3,0,2,2,8.9,5367.452,5346.13,5485.947,6571.036041666666
2025-02-19 03:30:00,5463.655,8,False,False,7.343999999999999,3.6700000000000004,76.97999999999999,115,3,30,2,2,8.156,5463.208,5463.442,5595.521,6573.475166666666
2025-02-19 04:00:00,5587.246,9,False,False,6.154,3.128,61.760000000000005,115,4,0,2,2,9.346,5463.655,5578.894,5594.227,6573.479604166667
2025-02-19 04:30:00,5733.276,10,False,False,6.69,4.798,48.54,115,4,30,2,2,8.809999999999999,5587.246,5697.04,5739.928,6573.653604166667
2025-02-19 05:00:00,5813.547,11,False,False,6.790000000000001,3.174,73.42,115,5,0,2,2,8.709999999999999,5733.276,5904.254,6039.761,6574.408520833334
2025-02-19 05:30:00,6234.29,12,False,False,5.17,2.472,51.2,115,5,30,2,2,10.33,5813.547,6058.068,6301.449,6572.5187916666655
2025-02-19 06:00:00,6430.041,13,False,False,6.29,2.928,66.7,115,6,0,2,2,9.21,6234.29,6493.193,6592.036,6576.190083333334
2025-02-19 06:30:00,6753.2699999999995,14,False,False,6.04,3.032,69.86,115,6,30,2,2,9.46,6430.041,6912.665,6957.832,6574.874416666666
2025-02-19 07:00:00,7287.232,15,False,False,5.74,4.811999999999999,50.519999999999996,115,7,0,2,2,9.76,6753.2699999999995,7172.173,7397.148,6571.5536875
2025-02-19 07:30:00,7659.32,16,False,False,5.296,4.974,55.260000000000005,115,7,30,2,2,10.204,7287.232,7696.681,7768.485,6573.95075
2025-02-19 08:00:00,7914.077,17,False,False,5.446,4.484,45.96,115,8,0,2,2,10.054,7659.32,7978.566,8104.369,6573.172395833334
2025-02-19 08:30:00,8154.481,18,False,False,5.364,2.9739999999999998,52.44000000000001,115,8,30,2,2,10.136,7914.077,8144.7570000000005,8328.062,6571.828875
2025-02-19 09:00:00,8116.822,19,False,False,6.794,3.396,52.720000000000006,115,9,0,2,2,8.706,8154.481,8287.461,8416.17,6572.031458333334
2025-02-19 09:30:00,8107.804,20,False,False,5.8340000000000005,4.266,74.17999999999999,115,9,30,2,2,9.666,8116.822,8185.381,8361.405,6568.476479166668
2025-02-19 10:00:00,7971.172,21,False,False,5.586,3.752,50.42,115,10,0,2,2,9.914,8107.804,7973.434,8081.991,6566.860291666667
2025-02-19 10:30:00,7736.531,22,False,False,5.846,2.912,51.0,115,10,30,2,2,9.654,7971.172,7738.625,7831.878,6566.813166666667
2025-02-19 11:00:00,7436.44,23,False,False,5.7700000000000005,3.8519999999999994,63.92,115,11,0,2,2,9.73,7736.531,7494.7119999999995,7525.32,6566.7695416666675
2025-02-19 11:30:00,7055.844,24,False,False,6.24,4.506,70.96000000000001,115,11,30,2,2,9.26,7436.44,7072.49,7276.343,6565.5555416666675
2025-02-19 12:00:00,6966.69,25,False,False,5.608,5.468,82.46000000000001,115,12,0,2,2,9.892,7055.844,6796.407,6891.81,6565.208750000001
2025-02-19 12:30:00,6595.181,26,False,False,6.401999999999999,3.3939999999999997,54.1,115,12,30,2,2,9.098,6966.69,6504.338,6637.495,6568.756312500001
2025-02-19 13:00:00,6526.18,27,False,False,7.694,3.4560000000000004,58.120000000000005,115,13,0,2,2,7.806,6595.181,6522.664,6766.88,6570.648875
2025-02-19 13:30:00,6572.007,28,False,False,7.639999999999999,5.182,55.64,115,13,30,2,2,7.860000000000001,6526.18,6613.852,6848.5199999999995,6570.722124999999
2025-02-19 14:00:00,6690.085,29,False,False,7.452,3.184,55.9,115,14,0,2,2,8.048,6572.007,6697.132,6788.14,6569.850354166668
2025-02-19 14:30:00,6947.079,30,False,False,6.396,4.628,57.48,115,14,30,2,2,9.104,6690.085,6942.164,6976.375,6569.703541666666
2025-02-19 15:00:00,7042.093,31,False,False,8.096,3.21,46.9,115,15,0,2,2,7.404,6947.079,7096.966,7092.947,6569.8059375
2025-02-19 15:30:00,7286.935,32,False,False,7.536,4.032,69.2,115,15,30,2,2,7.964,7042.093,7268.996,7365.524,6568.6627499999995
2025-02-19 16:00:00,7338.571,33,False,False,9.426,5.688000000000001,57.760000000000005,115,16,0,2,2,6.074,7286.935,7352.079,7465.972,6569.036479166666
2025-02-19 16:30:00,7345.583,34,False,False,8.824000000000002,4.544,66.2,115,16,30,2,2,6.675999999999998,7338.571,7430.753,7434.781,6568.7550625
2025-02-19 17:00:00,7440.803,35,False,False,8.604,3.5119999999999996,48.9,115,17,0,2,2,6.896000000000001,7345.583,7498.184,7519.185,6566.9806874999995
2025-02-19 17:30:00,7440.097,36,False,False,8.372,3.6740000000000004,56.8,115,17,30,2,2,7.128,7440.803,7461.217,7543.669,6565.78525
2025-02-19 18:00:00,7191.503,37,False,False,9.46,5.114,65.38,115,18,0,2,2,6.039999999999999,7440.097,7316.13,7422.235,6565.345249999999
2025-02-19 18:30:00,7152.244,38,False,False,9.001999999999999,3.85,59.52,115,18,30,2,2,6.498000000000001,7191.503,7206.054,7221.579,6562.748854166665
2025-02-19 19:00:00,6751.444,39,False,False,9.719999999999999,3.162,52.959999999999994,115,19,0,2,2,5.780000000000001,7152.244,6868.621,6933.814,6561.627812499999
2025-02-19 19:30:00,6686.28,40,False,False,9.296000000000001,3.972,65.2,115,19,30,2,2,6.203999999999999,6751.444,6574.038,6728.401,6559.186624999999
2025-02-19 20:00:00,6455.152,41,False,False,9.602,2.572,48.239999999999995,115,20,0,2,2,5.898,6686.28,6347.063,6505.9220000000005,6561.525000000001
2025-02-19 20:30:00,6109.329,42,False,False,10.475999999999999,4.394,52.44,115,20,30,2,2,5.024000000000001,6455.152,6128.549,6203.02,6563.776854166667
2025-02-19 21:00:00,6039.326,43,False,False,9.482,3.976,50.9,115,21,0,2,2,6.018000000000001,6109.329,5962.595,6070.897,6563.3764375
2025-02-19 21:30:00,5709.889,44,False,False,10.288,3.902,44.480000000000004,115,21,30,2,2,5.212,6039.326,5785.786,5869.209,6564.974999999999
2025-02-19 22:00:00,5663.797,45,False,False,9.062000000000001,4.012,49.18,115,22,0,2,2,6.437999999999999,5709.889,5643.726,5773.048,6563.3938124999995
2025-02-19 22:30:00,5483.543,46,False,False,9.252,5.314,61.660000000000004,115,22,30,2,2,6.247999999999999,5663.797,5470.569,5651.862,6563.811958333333
2025-02-19 23:00:00,5311.286,47,False,False,9.867999999999999,3.7920000000000003,62.839999999999996,115,23,0,2,2,5.6320000000000014,5483.543,5390.174,5530.589,6564.0822499999995
2025-02-19 23:30:00,5365.862,48,False,False,9.508000000000001,3.7020000000000004,71.42,115,23,30,2,2,5.991999999999999,5311.286,5384.586,5551.1539999999995,6562.43875
2025-02-20 00:00:00,5399.087,1,False,False,7.884,3.968,49.660000000000004,116,0,0,3,2,7.616,5365.862,5247.882,5343.402,6562.048666666666
2025-02-20 00:30:00,5304.347,2,False,False,9.238,4.708,50.92,116,0,30,3,2,6.2620000000000005,5399.087,5290.24,5387.39,6565.198770833333
2025-02-20 01:00:00,5393.259,3,False,False,7.156000000000001,3.7600000000000002,62.0,116,1,0,3,2,8.344,5304.347,5339.2,5438.355,6565.492666666666
2025-02-20 01:30:00,5442.489,4,False,False,7.862,3.476,57.339999999999996,116,1,30,3,2,7.638,5393.259,5323.9980000000005,5382.209,6566.618895833333
2025-02-20 02:00:00,5416.22,5,False,False,7.537999999999999,4.994,59.839999999999996,116,2,0,3,2,7.962000000000001,5442.489,5380.349,5416.278,6569.0874583333325
2025-02-20 02:30:00,5439.175,6,False,False,7.066,3.226,58.42,116,2,30,3,2,8.434000000000001,5416.22,5367.452,5351.9,6569.834770833332
2025-02-20 03:00:00,5425.38,7,False,False,6.99,4.558,60.56,116,3,0,3,2,8.51,5439.175,5463.208,5625.515,6571.329000000001
2025-02-20 03:30:00,5424.617,8,False,False,7.1,4.198,53.32000000000001,116,3,30,3,2,8.4,5425.38,5463.655,5627.676,6570.540916666668
2025-02-20 04:00:00,5682.005,9,False,False,6.368,3.374,58.36,116,4,0,3,2,9.132,5424.617,5587.246,5562.671,6569.7276249999995
2025-02-20 04:30:00,5831.332,10,False,False,5.718,5.558000000000001,57.98,116,4,30,3,2,9.782,5682.005,5733.276,5736.158,6571.701770833333
2025-02-20 05:00:00,5980.546,11,False,False,6.256,3.5420000000000003,62.720000000000006,116,5,0,3,2,9.244,5831.332,5813.547,6005.963,6573.744604166666
2025-02-20 05:30:00,6259.397,12,False,False,5.932,5.054,47.9,116,5,30,3,2,9.568,5980.546,6234.29,6260.058,6577.223750000001
2025-02-20 06:00:00,6580.767,13,False,False,5.936,4.542,67.72,116,6,0,3,2,9.564,6259.397,6430.041,6529.604,6577.7468125000005
2025-02-20 06:30:00,6970.87,14,False,False,5.640000000000001,2.496,51.36,116,6,30,3,2,9.86,6580.767,6753.2699999999995,7002.417,6580.8869375
2025-02-20 07:00:00,7400.5289999999995,15,False,False,5.1579999999999995,4.656000000000001,59.17999999999999,116,7,0,3,2,10.342,6970.87,7287.232,7320.187,6585.420270833333
2025-02-20 07:30:00,7733.069,16,False,False,6.1850000000000005,4.17,46.52,116,7,30,3,2,9.315,7400.5289999999995,7659.32,7669.479,6587.780624999999
2025-02-20 08:00:00,8053.43,17,False,False,5.442,2.532,58.48,116,8,0,3,2,10.058,7733.069,7914.077,8143.793,6589.317062499999
2025-02-20 08:30:00,8180.76,18,False,False,6.25,2.936,62.220000000000006,116,8,30,3,2,9.25,8053.43,8154.481,8368.924,6592.220249999999
2025-02-20 09:00:00,8256.211,19,False,False,5.524,3.2700000000000005,65.03999999999999,116,9,0,3,2,9.975999999999999,8180.76,8116.822,8382.388,6592.767729166667
2025-02-20 09:30:00,8271.975,20,False,False,6.048,4.462,56.54,116,9,30,3,2,9.452,8256.211,8107.804,8332.06,6595.671666666666
2025-02-20 10:00:00,7966.363,21,False,False,6.095999999999999,2.3739999999999997,47.1,116,10,0,3,2,9.404,8271.975,7971.172,8113.093,6599.091895833334
2025-02-20 10:30:00,7702.164,22,False,False,6.642,2.812,61.86,116,10,30,3,2,8.858,7966.363,7736.531,7903.775,6598.991708333334
2025-02-20 11:00:00,7488.648,23,False,False,6.436,4.34,71.28,116,11,0,3,2,9.064,7702.164,7436.44,7542.394,6598.275729166667
2025-02-20 11:30:00,7216.297,24,False,False,5.901999999999999,3.248,65.36,116,11,30,3,2,9.598,7488.648,7055.844,7198.596,6599.363395833333
2025-02-20 12:00:00,6862.034,25,False,False,6.846000000000001,2.598,54.660000000000004,116,12,0,3,2,8.654,7216.297,6966.69,6935.278,6602.706166666667
2025-02-20 12:30:00,6717.0289999999995,26,False,False,6.414,5.596,49.019999999999996,116,12,30,3,2,9.086,6862.034,6595.181,6745.745,6600.525833333333
2025-02-20 13:00:00,6710.973,27,False,False,6.81,3.44,53.620000000000005,116,13,0,3,2,8.690000000000001,6717.0289999999995,6526.18,6621.723,6603.064333333333
2025-02-20 13:30:00,6603.918,28,False,False,7.709999999999999,3.628,51.36,116,13,30,3,2,7.790000000000001,6710.973,6572.007,7136.785129785098,6606.9141875
2025-02-20 14:00:00,6737.4439999999995,29,False,False,7.8759999999999994,3.582,60.0,116,14,0,3,2,7.6240000000000006,6603.918,6690.085,6839.697,6607.578999999999
2025-02-20 14:30:00,6975.259,30,False,False,7.244,4.824,71.34,116,14,30,3,2,8.256,6737.4439999999995,6947.079,6947.387,6608.565645833333
2025-02-20 15:00:00,7063.487,31,False,False,8.522,3.944,65.34,116,15,0,3,2,6.978,6975.259,7042.093,7133.85,6609.152729166667
2025-02-20 15:30:00,7185.595,32,False,False,7.62,2.496,56.54,116,15,30,3,2,7.88,7063.487,7286.935,7330.979,6609.5984375
2025-02-20 16:00:00,7438.874,33,False,False,8.812,2.7399999999999998,59.58,116,16,0,3,2,6.688000000000001,7185.595,7338.571,7450.736,6607.4871875
2025-02-20 16:30:00,7491.275,34,False,False,8.512,3.804,51.160000000000004,116,16,30,3,2,6.9879999999999995,7438.874,7345.583,7566.593,6609.5768333333335
2025-02-20 17:00:00,7591.6,35,False,False,8.574,5.404,67.78,116,17,0,3,2,6.926,7491.275,7440.803,7517.727,6612.612083333333
2025-02-20 17:30:00,7518.169,36,False,False,9.27,3.5239999999999996,56.52,116,17,30,3,2,6.23,7591.6,7440.097,7620.32,6615.7536875000005
2025-02-20 18:00:00,7328.779,37,False,False,10.308,4.148,71.22,116,18,0,3,2,5.192,7518.169,7191.503,7326.307,6617.3801875
2025-02-20 18:30:00,7253.861,38,False,False,9.076,3.15,58.36,116,18,30,3,2,6.4239999999999995,7328.779,7152.244,7258.811,6620.240104166667
2025-02-20 19:00:00,6993.62,39,False,False,9.152000000000001,4.26,58.379999999999995,116,19,0,3,2,6.347999999999999,7253.861,6751.444,7008.87,6622.3571249999995
2025-02-20 19:30:00,6679.138,40,False,False,9.51,4.36,62.7,116,19,30,3,2,5.99,6993.62,6686.28,6685.202,6627.402458333334
2025-02-20 20:00:00,6404.781,41,False,False,10.22,4.654,50.2,116,20,0,3,2,5.279999999999999,6679.138,6455.152,6471.257,6627.2536666666665
2025-02-20 20:30:00,6253.751,42,False,False,9.504000000000001,3.914,57.839999999999996,116,20,30,3,2,5.995999999999999,6404.781,6109.329,6266.743,6626.204270833333
2025-02-20 21:00:00,6008.052,43,False,False,9.34,3.098,56.839999999999996,116,21,0,3,2,6.16,6253.751,6039.326,6102.452,6629.2130625
2025-02-20 21:30:00,5855.925,44,False,False,9.038,4.518,56.56,116,21,30,3,2,6.462,6008.052,5709.889,5790.56,6628.561520833333
2025-02-20 22:00:00,5702.199,45,False,False,9.056000000000001,3.122,58.98,116,22,0,3,2,6.443999999999999,5855.925,5663.797,5628.68,6631.6039375
2025-02-20 22:30:00,5508.26,46,False,False,10.34,4.082,61.68000000000001,116,22,30,3,2,5.16,5702.199,5483.543,5560.861,6632.403979166666
2025-02-20 23:00:00,5480.596,47,False,False,9.73,6.837999999999999,65.0,116,23,0,3,2,5.77,5508.26,5311.286,5359.671,6632.9189166666665
2025-02-20 23:30:00,5260.407,48,False,False,9.784,3.6399999999999997,62.739999999999995,116,23,30,3,2,5.715999999999999,5480.596,5365.862,5399.938,6636.446208333334
2025-02-21 00:00:00,5339.443,1,False,False,9.326,3.066,49.06,116,0,0,4,2,6.1739999999999995,5260.407,5399.087,5324.6,6634.249229166668
2025-02-21 00:30:00,5324.387,2,False,False,9.09,4.228,64.62,116,0,30,4,2,6.41,5339.443,5304.347,5387.006,6633.006645833334
2025-02-21 01:00:00,5336.43,3,False,False,8.108,3.604,68.62,116,1,0,4,2,7.3919999999999995,5324.387,5393.259,5316.028,6633.424145833334
2025-02-21 01:30:00,5394.55,4,False,False,8.02,3.0540000000000003,63.379999999999995,116,1,30,4,2,7.48,5336.43,5442.489,5321.425,6632.240208333333
2025-02-21 02:00:00,5420.488,5,False,False,7.554,5.74,59.160000000000004,116,2,0,4,2,7.946,5394.55,5416.22,5430.684,6631.241479166667
2025-02-21 02:30:00,5397.678,6,False,False,7.63,3.874,52.44,116,2,30,4,2,7.87,5420.488,5439.175,5427.675,6631.330395833334
2025-02-21 03:00:00,5496.283,7,False,False,7.244,4.494,63.339999999999996,116,3,0,4,2,8.256,5397.678,5425.38,5585.306,6630.465874999999
2025-02-21 03:30:00,5514.65,8,False,False,6.714,4.646,41.72,116,3,30,4,2,8.786,5496.283,5424.617,5586.103,6631.943020833332
2025-02-21 04:00:00,5654.8,9,False,False,7.228,4.648000000000001,66.7,116,4,0,4,2,8.272,5514.65,5682.005,5682.388,6633.818708333333
2025-02-21 04:30:00,5826.911,10,False,False,6.453999999999999,2.378,65.74,116,4,30,4,2,9.046000000000001,5654.8,5831.332,5738.452,6633.2519375
2025-02-21 05:00:00,6025.758,11,False,False,6.467999999999999,4.514,64.8,116,5,0,4,2,9.032,5826.911,5980.546,6020.886,6633.159833333334
2025-02-21 05:30:00,6104.908,12,False,False,7.465999999999999,2.946,66.91999999999999,116,5,30,4,2,8.034,6025.758,6259.397,6199.501,6634.101749999999
2025-02-21 06:00:00,6530.534,13,False,False,6.220000000000001,1.97,51.6,116,6,0,4,2,9.28,6104.908,6580.767,6655.399,6630.883229166666
2025-02-21 06:30:00,6918.452,14,False,False,6.004,3.694,55.3,116,6,30,4,2,9.496,6530.534,6970.87,6938.287,6629.836708333333
2025-02-21 07:00:00,7411.532,15,False,False,4.196,4.786,59.739999999999995,116,7,0,4,2,11.304,6918.452,7400.5289999999995,7438.38,6628.7446666666665
2025-02-21 07:30:00,7764.8009999999995,16,False,False,4.958,4.386,58.56,116,7,30,4,2,10.542,7411.532,7733.069,7757.379,6628.973895833334
2025-02-21 08:00:00,8142.661,17,False,False,5.664,3.25,55.82000000000001,116,8,0,4,2,9.836,7764.8009999999995,8053.43,8100.106,6629.634979166666
2025-02-21 08:30:00,8245.21,18,False,False,5.872,3.6160000000000005,60.06,116,8,30,4,2,9.628,8142.661,8180.76,8314.742,6631.4939583333335
2025-02-21 09:00:00,8274.652,19,False,False,5.76,4.296,57.8,116,9,0,4,2,9.74,8245.21,8256.211,8399.784,6632.836666666666
2025-02-21 09:30:00,8287.360999999999,20,False,False,5.316,4.1899999999999995,53.7,116,9,30,4,2,10.184000000000001,8274.652,8271.975,8325.786,6633.220854166666
2025-02-21 10:00:00,8068.356,21,False,False,5.862,4.244,64.32000000000001,116,10,0,4,2,9.638,8287.360999999999,7966.363,8233.753,6633.541395833334
2025-02-21 10:30:00,7821.178,22,False,False,6.255999999999999,5.296,61.67999999999999,116,10,30,4,2,9.244,8068.356,7702.164,7757.602,6635.666249999999
2025-02-21 11:00:00,7423.435,23,False,False,6.1259999999999994,5.324,68.0,116,11,0,4,2,9.374,7821.178,7488.648,7561.338,6638.1457083333335
2025-02-21 11:30:00,7159.424,24,False,False,6.348,2.852,57.6,116,11,30,4,2,9.152000000000001,7423.435,7216.297,7182.302,6636.787104166667
2025-02-21 12:00:00,6759.273,25,False,False,7.708,3.4,46.120000000000005,116,12,0,4,2,7.792,7159.424,6862.034,6862.283,6635.60225
2025-02-21 12:30:00,6777.603,26,False,False,6.226000000000001,3.6719999999999997,50.56,116,12,30,4,2,9.274,6759.273,6717.0289999999995,6720.347,6633.461395833333
2025-02-21 13:00:00,6630.237,27,False,False,7.248,1.736,65.76,116,13,0,4,2,8.251999999999999,6777.603,6710.973,6658.341,6634.723354166667
2025-02-21 13:30:00,6677.505,28,False,False,6.694,4.172,68.0,116,13,30,4,2,8.806000000000001,6630.237,6603.918,6703.717,6633.041354166668
2025-02-21 14:00:00,6774.968,29,False,False,7.692,2.636,61.32000000000001,116,14,0,4,2,7.808,6677.505,6737.4439999999995,6810.7789999999995,6634.574416666667
2025-02-21 14:30:00,6968.911,30,False,False,7.476000000000001,6.05,62.05999999999999,116,14,30,4,2,8.024,6774.968,6975.259,6935.845,6635.356166666667
2025-02-21 15:00:00,7098.24,31,False,False,8.756,4.106,65.02000000000001,116,15,0,4,2,6.744,6968.911,7063.487,7087.318,6635.223916666666
2025-02-21 15:30:00,7270.165,32,False,False,8.288,3.3880000000000003,74.58,116,15,30,4,2,7.212,7098.24,7185.595,7356.378,6635.9479375
2025-02-21 16:00:00,7471.122,33,False,False,7.866,4.736,55.7,116,16,0,4,2,7.634,7270.165,7438.874,7343.863,6637.7098125
2025-02-21 16:30:00,8013.413945621276,34,False,False,8.782,3.572,76.28,116,16,30,4,2,6.718,7471.122,7491.275,7521.342,6638.381645833332
2025-02-21 17:00:00,7495.39,35,False,False,9.540000000000001,4.664,65.5,116,17,0,4,2,5.959999999999999,8013.413945621276,7591.6,7573.896,6649.259540533777
2025-02-21 17:30:00,7587.55,36,False,False,8.174,5.5600000000000005,56.4,116,17,30,4,2,7.3260000000000005,7495.39,7518.169,7532.324,6647.255165533777
2025-02-21 18:00:00,7346.895,37,False,False,8.91,5.082,57.17999999999999,116,18,0,4,2,6.59,7587.55,7328.779,7529.06,6648.700603033776
2025-02-21 18:30:00,7254.881,38,False,False,8.331999999999999,4.676,59.98,116,18,30,4,2,7.168000000000001,7346.895,7253.861,7255.628,6649.078019700443
2025-02-21 19:00:00,7004.626,39,False,False,9.532,4.0920000000000005,60.5,116,19,0,4,2,5.968,7254.881,6993.62,6960.7,6649.099269700444
2025-02-21 19:30:00,6696.936,40,False,False,9.772,4.5920000000000005,46.480000000000004,116,19,30,4,2,5.728,7004.626,6679.138,6694.833,6649.32856136711
2025-02-21 20:00:00,6510.246,41,False,False,9.322,4.974,55.82000000000001,116,20,0,4,2,6.178000000000001,6696.936,6404.781,6502.641,6649.699353033776
2025-02-21 20:30:00,6182.899,42,False,False,9.818000000000001,3.344,52.52,116,20,30,4,2,5.681999999999999,6510.246,6253.751,6240.194,6651.896540533777
2025-02-21 21:00:00,6028.0289999999995,43,False,False,9.73,4.023999999999999,59.5,116,21,0,4,2,5.77,6182.899,6008.052,5942.377,6650.420457200443
2025-02-21 21:30:00,5756.688,44,False,False,10.268,4.04,62.52,116,21,30,4,2,5.231999999999999,6028.0289999999995,5855.925,5878.22,6650.836644700444
2025-02-21 22:00:00,5605.28,45,False,False,9.572,4.758,73.36,116,22,0,4,2,5.928000000000001,5756.688,5702.199,5716.9130000000005,6648.769207200443
2025-02-21 22:30:00,5528.098,46,False,False,9.59,3.982,53.160000000000004,116,22,30,4,2,5.91,5605.28,5508.26,5708.515,6646.75006136711
2025-02-21 23:00:00,5525.167,47,False,False,8.868,4.082,61.7,116,23,0,4,2,6.632,5528.098,5480.596,5502.317,6647.163353033776
2025-02-21 23:30:00,5435.187,48,False,False,8.874,3.5520000000000005,46.519999999999996,116,23,30,4,2,6.6259999999999994,5525.167,5260.407,5460.838,6648.091915533776
2025-02-22 00:00:00,4229.816,1,True,False,8.709999999999999,2.462,53.660000000000004,116,0,0,5,2,6.790000000000001,5435.187,5339.443,4223.85,6651.733165533777
2025-02-22 00:30:00,4166.108,2,True,False,9.418,3.806,45.22,116,0,30,5,2,6.082000000000001,4229.816,5324.387,4208.967,6628.61593636711
2025-02-22 01:00:00,4195.605,3,True,False,7.8180000000000005,3.152,54.54,116,1,0,5,2,7.6819999999999995,4166.108,5336.43,4294.734,6604.485123867111
2025-02-22 01:30:00,4143.387,4,True,False,8.995999999999999,4.082,67.88,116,1,30,5,2,6.504000000000001,4195.605,5394.55,4236.026,6580.71793636711
2025-02-22 02:00:00,4286.55,5,True,False,7.646000000000001,3.3879999999999995,55.82000000000001,116,2,0,5,2,7.853999999999999,4143.387,5420.488,4389.082,6554.652040533776
2025-02-22 02:30:00,4187.275,6,True,False,8.876,2.9579999999999997,48.22,116,2,30,5,2,6.6240000000000006,4286.55,5397.678,4250.495,6531.028332200443
2025-02-22 03:00:00,4359.957,7,True,False,7.780000000000001,3.9019999999999997,59.779999999999994,116,3,0,5,2,7.719999999999999,4187.275,5496.283,4406.865,6505.811603033777
2025-02-22 03:30:00,4299.96,8,True,False,7.848000000000001,3.3519999999999994,52.3,116,3,30,5,2,7.651999999999999,4359.957,5514.65,4536.1453300339335,6482.138144700443
2025-02-22 04:00:00,4416.512,9,True,False,7.536,3.842,50.559999999999995,116,4,0,5,2,7.964,4299.96,5654.8,4484.722,6456.832103033777
2025-02-22 04:30:00,4503.74,10,True,False,7.223999999999999,4.0200000000000005,54.4,116,4,30,5,2,8.276,4416.512,5826.911,4594.492,6431.03443636711
2025-02-22 05:00:00,4769.139,11,True,False,5.688,4.042,57.04,116,5,0,5,2,9.812000000000001,4503.74,6025.758,4700.97,6403.468373867109
2025-02-22 05:30:00,4865.179,12,True,False,6.574,3.176,55.379999999999995,116,5,30,5,2,8.926,4769.139,6104.908,4935.552,6377.288811367111
2025-02-22 06:00:00,5175.06,13,True,False,6.632,2.808,71.92,116,6,0,5,2,8.868,4865.179,6530.534,5151.862,6351.4611238671105
2025-02-22 06:30:00,5456.6810000000005,14,True,False,6.232,2.682,53.5,116,6,30,5,2,9.268,5175.06,6918.452,5526.327,6323.222082200443
2025-02-22 07:00:00,5855.619,15,True,False,5.014,5.55,71.38,116,7,0,5,2,10.486,5456.6810000000005,7411.532,5759.947,6292.768519700443
2025-02-22 07:30:00,6061.204,16,True,False,5.91,2.9400000000000004,64.88,116,7,30,5,2,9.59,5855.619,7764.8009999999995,6138.014,6260.353665533777
2025-02-22 08:00:00,6419.573,17,True,False,5.664,4.694000000000001,55.8,116,8,0,5,2,9.836,6061.204,8142.661,6385.043,6224.862061367109
2025-02-22 08:30:00,6511.651,18,True,False,5.54,4.542,48.86,116,8,30,5,2,9.96,6419.573,8245.21,6580.391,6188.964394700443
2025-02-22 09:00:00,6538.508,19,True,False,5.532000000000001,4.96,63.54,116,9,0,5,2,9.968,6511.651,8274.652,6541.534,6152.848582200444
2025-02-22 09:30:00,6512.058,20,True,False,6.8,5.6259999999999994,58.6,116,9,30,5,2,8.7,6538.508,8287.360999999999,6564.2789999999995,6116.6789155337765
2025-02-22 10:00:00,6375.165,21,True,False,6.252,4.464,59.760000000000005,116,10,0,5,2,9.248000000000001,6512.058,8068.356,6384.771,6079.69343636711
2025-02-22 10:30:00,6216.061,22,True,False,5.65,2.414,65.76,116,10,30,5,2,9.85,6375.165,7821.178,6151.798,6044.41862386711
2025-02-22 11:00:00,5921.425,23,True,False,5.982,2.772,75.8,116,11,0,5,2,9.518,6216.061,7423.435,5913.665,6010.97868636711
2025-02-22 11:30:00,5646.011,24,True,False,6.651999999999999,3.2880000000000003,56.58,116,11,30,5,2,8.848,5921.425,7159.424,5807.803,5979.686811367109
2025-02-22 12:00:00,5412.567,25,True,False,6.516,5.1579999999999995,49.36,116,12,0,5,2,8.984,5646.011,6759.273,5448.894,5948.1573738671095
2025-02-22 12:30:00,5374.463,26,True,False,6.465999999999999,3.7340000000000004,70.52000000000001,116,12,30,5,2,9.034,5412.567,6777.603,5403.657,5920.10099886711
2025-02-22 13:00:00,5343.332,27,True,False,7.064,3.822,61.5,116,13,0,5,2,8.436,5374.463,6630.237,5190.379,5890.868915533777
2025-02-22 13:30:00,5129.498,28,True,False,7.959999999999999,2.1060000000000003,56.260000000000005,116,13,30,5,2,7.540000000000001,5343.332,6677.505,5327.134,5864.0583947004425
2025-02-22 14:00:00,5265.978,29,True,False,7.864,3.6420000000000003,65.4,116,14,0,5,2,7.636,5129.498,6774.968,5369.334,5831.80824886711
2025-02-22 14:30:00,5475.06,30,True,False,7.372,3.4939999999999998,52.36,116,14,30,5,2,8.128,5265.978,6968.911,5502.714,5800.370957200444
2025-02-22 15:00:00,5594.086,31,True,False,7.85,4.938000000000001,52.7,116,15,0,5,2,7.65,5475.06,7098.24,5581.534,5769.249061367111
2025-02-22 15:30:00,5661.557,32,True,False,8.538,5.458,59.46,116,15,30,5,2,6.962,5594.086,7270.165,5794.232,5737.912519700444
2025-02-22 16:00:00,5807.121,33,True,False,9.062000000000001,5.396,57.760000000000005,116,16,0,5,2,6.437999999999999,5661.557,7471.122,5968.391,5704.399853033777
2025-02-22 16:30:00,5910.204,34,True,False,9.308,3.214,57.6,116,16,30,5,2,6.192,5807.121,8013.413945621276,6025.986,5669.733165533777
2025-02-22 17:00:00,5896.298,35,True,False,9.152,3.088,60.260000000000005,116,17,0,5,2,6.348000000000001,5910.204,7495.39,5945.1140000000005,5625.916291666667
2025-02-22 17:30:00,5884.604,36,True,False,9.718,3.2560000000000002,61.839999999999996,116,17,30,5,2,5.782,5896.298,7587.55,5864.062,5592.601875
2025-02-22 18:00:00,5693.149,37,True,False,9.168000000000001,4.052,56.720000000000006,116,18,0,5,2,6.331999999999999,5884.604,7346.895,5885.768,5557.123833333334
2025-02-22 18:30:00,5638.903,38,True,False,9.638,4.256,62.46,116,18,30,5,2,5.862,5693.149,7254.881,5648.597,5522.670791666666
2025-02-22 19:00:00,5495.854,39,True,False,9.068000000000001,4.572,66.4,116,19,0,5,2,6.431999999999999,5638.903,7004.626,5560.566,5489.004583333332
2025-02-22 19:30:00,5267.291,40,True,False,9.592,3.2939999999999996,70.06,116,19,30,5,2,5.9079999999999995,5495.854,6696.936,5240.286,5457.571833333333
2025-02-22 20:00:00,5041.318,41,True,False,10.022,3.0200000000000005,60.1,116,20,0,5,2,5.478,5267.291,6510.246,5083.937,5427.7875625
2025-02-22 20:30:00,4893.64,42,True,False,10.203999999999999,4.784000000000001,56.4,116,20,30,5,2,5.296000000000001,5041.318,6182.899,4872.598,5397.184895833333
2025-02-22 21:00:00,4705.44,43,True,False,9.914,4.506,50.0,116,21,0,5,2,5.586,4893.64,6028.0289999999995,4712.387,5370.325333333333
2025-02-22 21:30:00,4490.824,44,True,False,10.14,4.074,76.16,116,21,30,5,2,5.359999999999999,4705.44,5756.688,4681.243,5342.771395833333
2025-02-22 22:00:00,4450.281,45,True,False,9.52,3.5840000000000005,64.1,116,22,0,5,2,5.98,4490.824,5605.28,4473.607,5316.399229166666
2025-02-22 22:30:00,4377.563,46,True,False,9.184000000000001,4.956,49.92,116,22,30,5,2,6.315999999999999,4450.281,5528.098,4373.855,5292.3367499999995
2025-02-22 23:00:00,4398.014,47,True,False,8.842,5.878,71.6,116,23,0,5,2,6.6579999999999995,4377.563,5525.167,4355.718,5268.367270833333
2025-02-22 23:30:00,4361.235,48,True,False,8.744,4.904,52.86,116,23,30,5,2,6.756,4398.014,5435.187,4442.991,5244.884916666667
2025-02-23 00:00:00,4215.8460000000005,1,True,False,8.632,3.0460000000000003,58.620000000000005,116,0,0,6,2,6.868,4361.235,4229.816,4230.194,5222.510916666667
2025-02-23 00:30:00,4226.086,2,True,False,8.53,2.806,73.74,116,0,30,6,2,6.970000000000001,4215.8460000000005,4166.108,4227.275,5222.219875
2025-02-23 01:00:00,4195.036,3,True,False,8.744,3.5799999999999996,60.46,116,1,0,6,2,6.756,4226.086,4195.605,4350.432,5223.469416666667
2025-02-23 01:30:00,4230.348,4,True,False,7.732000000000001,5.638,52.220000000000006,116,1,30,6,2,7.767999999999999,4195.036,4143.387,4304.68,5223.4575625
2025-02-23 02:00:00,4198.242,5,True,False,8.222,2.98,65.82000000000001,116,2,0,6,2,7.2780000000000005,4230.348,4286.55,4275.924,5225.26925
2025-02-23 02:30:00,4291.156,6,True,False,7.837999999999999,3.992,57.86,116,2,30,6,2,7.662000000000001,4198.242,4187.275,4367.834,5223.429499999999
2025-02-23 03:00:00,4367.339,7,True,False,7.454000000000001,4.002,65.5,116,3,0,6,2,8.046,4291.156,4359.957,4400.609,5225.5936875
2025-02-23 03:30:00,4404.291,8,True,False,6.51,2.646,76.56,116,3,30,6,2,8.99,4367.339,4299.96,4480.724,5225.747479166667
2025-02-23 04:00:00,4513.576,9,True,False,6.978,4.826,66.92,116,4,0,6,2,8.522,4404.291,4416.512,4441.235,5227.921041666667
2025-02-23 04:30:00,4602.552,10,True,False,6.038,4.236,56.98,116,4,30,6,2,9.462,4513.576,4503.74,4630.999,5229.943208333333
2025-02-23 05:00:00,4694.899,11,True,False,6.909999999999999,3.22,51.06,116,5,0,6,2,8.59,4602.552,4769.139,4757.919,5232.001791666667
2025-02-23 05:30:00,4858.129,12,True,False,7.064,3.6759999999999997,57.54,116,5,30,6,2,8.436,4694.899,4865.179,4945.282,5230.455125
2025-02-23 06:00:00,5194.167,13,True,False,5.922,2.946,67.2,116,6,0,6,2,9.578,4858.129,5175.06,5213.962,5230.30825
2025-02-23 06:30:00,5559.929,14,True,False,5.46,2.2800000000000002,56.44000000000001,116,6,30,6,2,10.04,5194.167,5456.6810000000005,5538.893,5230.7063124999995
2025-02-23 07:00:00,5755.986,15,True,False,6.236,2.702,77.6,116,7,0,6,2,9.264,5559.929,5855.619,5906.915,5232.857312499999
2025-02-23 07:30:00,6081.856,16,True,False,5.682,3.442,45.56,116,7,30,6,2,9.818,5755.986,6061.204,6176.213,5230.781625
2025-02-23 08:00:00,6422.713,17,True,False,5.186,5.26,63.58,116,8,0,6,2,10.314,6081.856,6419.573,6412.788,5231.211875
2025-02-23 08:30:00,6498.571,18,True,False,5.792,4.0840000000000005,54.44,116,8,30,6,2,9.708,6422.713,6511.651,6558.138,5231.277291666667
2025-02-23 09:00:00,6485.845,19,True,False,6.054,3.7980000000000005,51.14,116,9,0,6,2,9.446,6498.571,6538.508,6528.3550000000005,5231.004791666667
2025-02-23 09:30:00,6578.68,20,True,False,5.4159999999999995,4.766,56.32000000000001,116,9,30,6,2,10.084,6485.845,6512.058,6567.687,5229.907645833334
2025-02-23 10:00:00,6454.421,21,True,False,5.21,4.482,48.32,116,10,0,6,2,10.29,6578.68,6375.165,6474.454,5231.295604166667
2025-02-23 10:30:00,6160.407,22,True,False,6.401999999999999,5.894,53.4,116,10,30,6,2,9.098,6454.421,6216.061,6273.072,5232.946770833333
2025-02-23 11:00:00,5930.079,23,True,False,6.452000000000001,4.832,59.04,116,11,0,6,2,9.047999999999998,6160.407,5921.425,5982.993,5231.787312500001
2025-02-23 11:30:00,5624.928,24,True,False,6.831999999999999,2.968,61.85999999999999,116,11,30,6,2,8.668000000000001,5930.079,5646.011,5708.956,5231.967604166667
2025-02-23 12:00:00,5385.333,25,True,False,7.51,3.72,69.05999999999999,116,12,0,6,2,7.99,5624.928,5412.567,5532.992,5231.528375
2025-02-23 12:30:00,5323.415,26,True,False,7.218000000000001,4.093999999999999,70.44,116,12,30,6,2,8.282,5385.333,5374.463,5329.345,5230.961
2025-02-23 13:00:00,5258.281,27,True,False,6.822,4.524,59.02,116,13,0,6,2,8.678,5323.415,5343.332,5318.062,5229.8975
2025-02-23 13:30:00,5281.748,28,True,False,7.456,5.188,59.18000000000001,116,13,30,6,2,8.044,5258.281,5129.498,5357.894,5228.125604166667
2025-02-23 14:00:00,5277.871,29,True,False,8.540000000000001,4.938,63.78000000000001,116,14,0,6,2,6.959999999999999,5281.748,5265.978,5403.709,5231.297479166667
2025-02-23 14:30:00,5450.108,30,True,False,7.9719999999999995,3.9619999999999997,58.6,116,14,30,6,2,7.5280000000000005,5277.871,5475.06,5544.733,5231.54525
2025-02-23 15:00:00,5619.799,31,True,False,7.653999999999999,4.314,74.92,116,15,0,6,2,7.846000000000001,5450.108,5594.086,5505.623,5231.025416666666
2025-02-23 15:30:00,5751.912,32,True,False,7.956,2.768,54.260000000000005,116,15,30,6,2,7.544,5619.799,5661.557,5878.22,5231.561104166666
2025-02-23 16:00:00,5740.817,33,True,False,9.874,3.684,69.17999999999999,116,16,0,6,2,5.6259999999999994,5751.912,5807.121,5934.189,5233.4435
2025-02-23 16:30:00,5979.289,34,True,False,8.596,3.106,55.239999999999995,116,16,30,6,2,6.904,5740.817,5910.204,5955.75,5232.062166666667
2025-02-23 17:00:00,5863.634,35,True,False,9.396,4.148000000000001,53.08,116,17,0,6,2,6.103999999999999,5979.289,5896.298,5893.787,5233.5014375
2025-02-23 17:30:00,5826.3640000000005,36,True,False,9.006,4.612,53.279999999999994,116,17,30,6,2,6.494,5863.634,5884.604,5969.525,5232.8209375
2025-02-23 18:00:00,5639.3460000000005,37,True,False,8.906,3.478,60.42,116,18,0,6,2,6.593999999999999,5826.3640000000005,5693.149,5878.141,5231.6076041666665
2025-02-23 18:30:00,5700.679,38,True,False,9.662,2.888,73.92,116,18,30,6,2,5.837999999999999,5639.3460000000005,5638.903,5715.271,5230.486708333334
2025-02-23 19:00:00,5507.501,39,True,False,9.672,4.284000000000001,47.260000000000005,116,19,0,6,2,5.827999999999999,5700.679,5495.854,5516.465,5231.773708333333
2025-02-23 19:30:00,5074.287,40,True,False,10.764,3.034,64.17999999999999,116,19,30,6,2,4.736000000000001,5507.501,5267.291,5396.364,5232.016354166667
2025-02-23 20:00:00,5132.015,41,True,False,8.690000000000001,5.132,61.6,116,20,0,6,2,6.809999999999999,5074.287,5041.318,5122.16,5227.995437500001
2025-02-23 20:30:00,4848.607,42,True,False,9.681999999999999,5.42,62.44,116,20,30,6,2,5.818000000000001,5132.015,4893.64,4888.573,5229.884958333333
2025-02-23 21:00:00,4672.076,43,True,False,10.254000000000001,2.7239999999999998,56.94000000000001,116,21,0,6,2,5.245999999999999,4848.607,4705.44,4763.671,5228.946770833333
2025-02-23 21:30:00,4554.322,44,True,False,10.158,4.246,61.9,116,21,30,6,2,5.3420000000000005,4672.076,4490.824,4726.661,5228.251687499999
2025-02-23 22:00:00,4506.069,45,True,False,9.376,4.973999999999999,58.17999999999999,116,22,0,6,2,6.1240000000000006,4554.322,4450.281,4406.625,5229.5745625
2025-02-23 22:30:00,4353.642,46,True,False,9.106,3.3280000000000003,63.1,116,22,30,6,2,6.394,4506.069,4377.563,4694.38445912443,5230.7368125
2025-02-23 23:00:00,4273.081,47,True,False,9.172,4.33,54.779999999999994,116,23,0,6,2,6.327999999999999,4353.642,4398.014,4386.637,5230.238458333334
2025-02-23 23:30:00,4309.319,48,True,False,9.544,3.748,40.14,116,23,30,6,2,5.9559999999999995,4273.081,4361.235,4312.524,5227.635687499999
2025-02-24 00:00:00,5250.257,1,False,False,9.591,2.7479999999999998,54.1,116,0,0,0,2,5.909000000000001,4309.319,4215.8460000000005,5301.974,5226.554104166667
2025-02-24 00:30:00,5281.535,2,False,False,8.629999999999999,2.96,62.1,116,0,30,0,2,6.870000000000001,5250.257,4226.086,5234.807,5248.104333333334
2025-02-24 01:00:00,5304.4439999999995,3,False,False,8.712,3.7939999999999996,56.339999999999996,116,1,0,0,2,6.788,5281.535,4195.036,5342.68,5270.092854166666
2025-02-24 01:30:00,5310.196,4,False,False,7.346000000000001,3.226,59.260000000000005,116,1,30,0,2,8.154,5304.4439999999995,4230.348,5431.631,5293.205520833334
2025-02-24 02:00:00,5427.469,5,False,False,7.294,5.968,58.4,116,2,0,0,2,8.206,5310.196,4198.242,5815.261881139255,5315.702354166667
2025-02-24 02:30:00,5361.01,6,False,False,8.024,5.1579999999999995,67.1,116,2,30,0,2,7.476000000000001,5427.469,4291.156,5472.237,5341.31125
2025-02-24 03:00:00,5332.867,7,False,False,8.084,2.834,61.879999999999995,116,3,0,0,2,7.416,5361.01,4367.339,5506.607,5363.599875
2025-02-24 03:30:00,5460.6539999999995,8,False,False,7.418000000000001,3.272,50.9,116,3,30,0,2,8.081999999999999,5332.867,4404.291,5497.269,5383.715041666666
2025-02-24 04:00:00,5670.662,9,False,False,6.372,3.652,43.18,116,4,0,0,2,9.128,5460.6539999999995,4513.576,5715.187,5405.722604166666
2025-02-24 04:30:00,5735.013,10,False,False,7.708,2.864,61.94,116,4,30,0,2,7.792,5670.662,4602.552,5800.053,5429.8285625
2025-02-24 05:00:00,5968.32,11,False,False,6.566,4.706,67.53999999999999,116,5,0,0,2,8.934000000000001,5735.013,4694.899,6017.595,5453.4214999999995
2025-02-24 05:30:00,6204.767,12,False,False,6.6,3.5780000000000003,57.660000000000004,116,5,30,0,2,8.9,5968.32,4858.129,6169.256,5479.9511041666665
2025-02-24 06:00:00,6568.217,13,False,False,6.118,4.782,50.38,116,6,0,0,2,9.382,6204.767,5194.167,6640.809,5508.006062500001
2025-02-24 06:30:00,6912.56,14,False,False,6.575999999999999,6.752000000000001,75.08,116,6,30,0,2,8.924000000000001,6568.217,5559.929,6895.338,5536.632104166667
2025-02-24 07:00:00,7374.89,15,False,False,6.228,5.542,70.24,116,7,0,0,2,9.272,6912.56,5755.986,7305.175,5564.811916666667
2025-02-24 07:30:00,7737.053,16,False,False,6.312,4.392,55.32000000000001,116,7,30,0,2,9.187999999999999,7374.89,6081.856,7743.494,5598.539083333333
2025-02-24 08:00:00,8043.264,17,False,False,5.936,4.314,74.34,116,8,0,0,2,9.564,7737.053,6422.713,8068.147,5633.022354166666
2025-02-24 08:30:00,8303.704,18,False,False,5.16,3.3400000000000007,58.260000000000005,116,8,30,0,2,10.34,8043.264,6498.571,8288.137,5666.783833333334
2025-02-24 09:00:00,8247.976,19,False,False,6.55,4.311999999999999,61.379999999999995,116,9,0,0,2,8.95,8303.704,6485.845,8403.929,5704.390770833333
2025-02-24 09:30:00,8290.838,20,False,False,6.082,3.468,64.88,116,9,30,0,2,9.418,8247.976,6578.68,8287.633,5741.101833333334
2025-02-24 10:00:00,8144.903,21,False,False,5.674,4.508,48.54,116,10,0,0,2,9.826,8290.838,6454.421,8051.119,5776.771791666667
2025-02-24 10:30:00,7782.395,22,False,False,6.659999999999999,5.49,48.46,116,10,30,0,2,8.84,8144.903,6160.407,7811.808,5811.9901666666665
2025-02-24 11:00:00,7545.921,23,False,False,6.098,4.584,70.0,116,11,0,0,2,9.402000000000001,7782.395,5930.079,7539.571,5845.781583333333
2025-02-24 11:30:00,7097.85,24,False,False,7.0,3.7840000000000003,67.52000000000001,116,11,30,0,2,8.5,7545.921,5624.928,7156.665,5879.4449583333335
2025-02-24 12:00:00,6838.754,25,False,False,6.898000000000001,4.456,63.1,116,12,0,0,2,8.602,7097.85,5385.333,6840.758,5910.130833333334
2025-02-24 12:30:00,6762.705,26,False,False,7.209999999999999,3.918,67.53999999999999,116,12,30,0,2,8.290000000000001,6838.754,5323.415,6782.118,5940.4104375
2025-02-24 13:00:00,6625.9710000000005,27,False,False,7.5280000000000005,4.074,61.92,116,13,0,0,2,7.9719999999999995,6762.705,5258.281,6686.749,5970.395645833333
2025-02-24 13:30:00,6719.496,28,False,False,6.970000000000001,3.668,71.8,116,13,30,0,2,8.53,6625.9710000000005,5281.748,6661.578,5998.889187500001
2025-02-24 14:00:00,6835.058,29,False,False,7.438,4.7379999999999995,68.03999999999999,116,14,0,0,2,8.062000000000001,6719.496,5277.871,6809.376,6028.842270833334
2025-02-24 14:30:00,6839.117,30,False,False,8.501999999999999,2.798,59.82000000000001,116,14,30,0,2,6.998000000000001,6835.058,5450.108,6936.071,6061.283666666667
2025-02-24 15:00:00,7088.235,31,False,False,8.412,3.758,72.47999999999999,116,15,0,0,2,7.087999999999999,6839.117,5619.799,7069.564,6090.221354166667
2025-02-24 15:30:00,7274.969,32,False,False,8.047999999999998,3.59,65.03999999999999,116,15,30,0,2,7.452000000000002,7088.235,5751.912,7378.345,6120.813770833334
2025-02-24 16:00:00,7385.353,33,False,False,9.868,2.304,57.839999999999996,116,16,0,0,2,5.632,7274.969,5740.817,7452.825,6152.544125
2025-02-24 16:30:00,7464.543,34,False,False,9.262,5.2219999999999995,63.879999999999995,116,16,30,0,2,6.2379999999999995,7385.353,5979.289,7579.218,6186.8052916666675
2025-02-24 17:00:00,7505.252,35,False,False,9.431999999999999,2.722,61.4,116,17,0,0,2,6.068000000000001,7464.543,5863.634,7571.637,6217.748083333333
2025-02-24 17:30:00,7496.884,36,False,False,8.776,4.414,54.98,116,17,30,0,2,6.724,7505.252,5826.3640000000005,7629.337,6251.948458333333
2025-02-24 18:00:00,7304.852,37,False,False,9.796000000000001,4.74,70.42,116,18,0,0,2,5.703999999999999,7496.884,5639.3460000000005,7395.776,6286.750958333334
2025-02-24 18:30:00,7199.59,38,False,False,9.462,3.8900000000000006,55.9,116,18,30,0,2,6.038,7304.852,5700.679,7165.233,6321.449
2025-02-24 19:00:00,6928.18,39,False,False,9.504,4.182,62.08,116,19,0,0,2,5.996,7199.59,5507.501,6933.092,6352.6763125
2025-02-24 19:30:00,6805.294,40,False,False,9.562000000000001,4.45,60.48,116,19,30,0,2,5.937999999999999,6928.18,5074.287,6716.641,6382.2737916666665
2025-02-24 20:00:00,6518.1630000000005,41,False,False,9.126000000000001,5.136,53.86,116,20,0,0,2,6.373999999999999,6805.294,5132.015,6490.259,6418.336437499999
2025-02-24 20:30:00,6231.345,42,False,False,8.937999999999999,5.279999999999999,58.239999999999995,116,20,30,0,2,6.562000000000001,6518.1630000000005,4848.607,6156.793,6447.214520833332
2025-02-24 21:00:00,5975.272,43,False,False,10.122,3.618,68.64,116,21,0,0,2,5.378,6231.345,4672.076,6028.516,6476.021562500001
2025-02-24 21:30:00,5840.492,44,False,False,9.366,4.5200000000000005,63.720000000000006,116,21,30,0,2,6.134,5975.272,4554.322,5904.427,6503.171479166667
2025-02-24 22:00:00,5695.689,45,False,False,9.024,4.529999999999999,58.239999999999995,116,22,0,0,2,6.476000000000001,5840.492,4506.069,5620.354,6529.9666875
2025-02-24 22:30:00,5551.894,46,False,False,9.72,5.23,51.88000000000001,116,22,30,0,2,5.779999999999999,5695.689,4353.642,5560.323,6554.7504375
2025-02-24 23:00:00,5449.668,47,False,False,9.086,3.196,51.8,116,23,0,0,2,6.414,5551.894,4273.081,5473.777,6579.714020833334
2025-02-24 23:30:00,5366.637,48,False,False,9.476,3.198,67.26,116,23,30,0,2,6.023999999999999,5449.668,4309.319,5445.214,6604.22625
2025-02-25 00:00:00,5376.492,1,False,False,8.120000000000001,2.302,53.54,116,0,0,1,2,7.379999999999999,5366.637,5250.257,5339.427,6626.253708333334
2025-02-25 00:30:00,5255.338,2,False,False,9.181999999999999,3.408,49.339999999999996,116,0,30,1,2,6.318000000000001,5376.492,5281.535,5253.964,6628.883604166666
2025-02-25 01:00:00,5407.532,3,False,False,7.674000000000001,3.972,52.98,116,1,0,1,2,7.825999999999999,5255.338,5304.4439999999995,5303.006,6628.337833333332
2025-02-25 01:30:00,5354.901,4,False,False,8.436,2.562,59.64,116,1,30,1,2,7.064,5407.532,5310.196,5293.751,6630.4855
2025-02-25 02:00:00,5400.447,5,False,False,7.714,1.6780000000000002,58.06,116,2,0,1,2,7.786,5354.901,5427.469,5356.607,6631.416854166667
2025-02-25 02:30:00,5472.005,6,False,False,7.984,3.378,51.48,116,2,30,1,2,7.516,5400.447,5361.01,5369.917,6630.853895833333
2025-02-25 03:00:00,5457.4619999999995,7,False,False,7.376,4.026,59.82000000000001,116,3,0,1,2,8.123999999999999,5472.005,5332.867,5346.13,6633.1662916666655
2025-02-25 03:30:00,5451.318,8,False,False,7.853999999999999,4.578,70.67999999999999,116,3,30,1,2,7.646000000000001,5457.4619999999995,5460.6539999999995,5463.442,6635.762020833333
2025-02-25 04:00:00,5691.107,9,False,False,6.866,2.632,64.48,116,4,0,1,2,8.634,5451.318,5670.662,5578.894,6635.567520833334
2025-02-25 04:30:00,5695.723,10,False,False,6.5,3.3,66.76,116,4,30,1,2,9.0,5691.107,5735.013,5697.04,6635.993458333333
2025-02-25 05:00:00,5893.659,11,False,False,7.034000000000001,5.194,52.0,116,5,0,1,2,8.466,5695.723,5968.32,5904.254,6635.174916666666
2025-02-25 05:30:00,6128.049,12,False,False,6.639999999999999,3.768,70.44000000000001,116,5,30,1,2,8.860000000000001,5893.659,6204.767,6058.068,6633.619479166668
2025-02-25 06:00:00,6474.655,13,False,False,6.598000000000001,4.3100000000000005,59.339999999999996,116,6,0,1,2,8.902,6128.049,6568.217,6493.193,6632.0211874999995
2025-02-25 06:30:00,6881.407,14,False,False,6.384,4.38,57.739999999999995,116,6,30,1,2,9.116,6474.655,6912.56,6912.665,6630.071979166667
2025-02-25 07:00:00,7378.213,15,False,False,5.268000000000001,4.0520000000000005,51.64,116,7,0,1,2,10.232,6881.407,7374.89,7172.173,6629.422958333333
2025-02-25 07:30:00,7774.707,16,False,False,5.392,4.593999999999999,64.62,116,7,30,1,2,10.108,7378.213,7737.053,7696.681,6629.4921875
2025-02-25 08:00:00,8141.308,17,False,False,5.654,3.7260000000000004,68.08,116,8,0,1,2,9.846,7774.707,8043.264,7978.566,6630.276645833333
2025-02-25 08:30:00,8295.685,18,False,False,5.593999999999999,4.378,66.22,116,8,30,1,2,9.906,8141.308,8303.704,8144.7570000000005,6632.319229166666
2025-02-25 09:00:00,8398.232,19,False,False,4.13,4.7780000000000005,65.0,116,9,0,1,2,11.370000000000001,8295.685,8247.976,8287.461,6632.152166666667
2025-02-25 09:30:00,8163.325,20,False,False,7.142,3.194,54.1,116,9,30,1,2,8.358,8398.232,8290.838,8185.381,6635.2825
2025-02-25 10:00:00,8140.456,21,False,False,5.856,3.246,64.96000000000001,116,10,0,1,2,9.644,8163.325,8144.903,7973.434,6632.625979166667
2025-02-25 10:30:00,7837.606,22,False,False,5.824,3.56,76.72,116,10,30,1,2,9.676,8140.456,7782.395,7738.625,6632.533333333334
2025-02-25 11:00:00,7488.697,23,False,False,6.174,4.462,76.84,116,11,0,1,2,9.326,7837.606,7545.921,7494.7119999999995,6633.683562499999
2025-02-25 11:30:00,7122.2970000000005,24,False,False,6.792,4.412,57.4,116,11,30,1,2,8.708,7488.697,7097.85,7072.49,6632.491395833334
2025-02-25 12:00:00,6792.135,25,False,False,7.464,2.884,66.2,116,12,0,1,2,8.036,7122.2970000000005,6838.754,6796.407,6633.000708333333
2025-02-25 12:30:00,6685.87,26,False,False,6.917999999999999,5.2299999999999995,70.26,116,12,30,1,2,8.582,6792.135,6762.705,6504.338,6632.029479166667
2025-02-25 13:00:00,6622.062,27,False,False,7.604000000000001,4.982,48.6,116,13,0,1,2,7.895999999999999,6685.87,6625.9710000000005,6522.664,6630.42875
2025-02-25 13:30:00,6619.408,28,False,False,7.970000000000001,4.29,60.879999999999995,116,13,30,1,2,7.529999999999999,6622.062,6719.496,6613.852,6630.347312499999
2025-02-25 14:00:00,6852.9529999999995,29,False,False,7.452,5.918,65.78,116,14,0,1,2,8.048,6619.408,6835.058,6697.132,6628.262145833333
2025-02-25 14:30:00,6877.571,30,False,False,8.74,3.618,64.06,116,14,30,1,2,6.76,6852.9529999999995,6839.117,6942.164,6628.634958333333
2025-02-25 15:00:00,7006.314,31,False,False,9.118,4.14,69.84,116,15,0,1,2,6.382,6877.571,7088.235,7096.966,6629.436083333334
2025-02-25 15:30:00,7252.133,32,False,False,8.124,3.2700000000000005,69.16,116,15,30,1,2,7.3759999999999994,7006.314,7274.969,7268.996,6627.729395833333
2025-02-25 16:00:00,7412.115,33,False,False,8.746,2.916,59.220000000000006,116,16,0,1,2,6.754,7252.133,7385.353,7352.079,6627.253645833333
2025-02-25 16:30:00,7520.939,34,False,False,9.069999999999999,2.744,48.56,116,16,30,1,2,6.4300000000000015,7412.115,7464.543,7430.753,6627.8111874999995
2025-02-25 17:00:00,7477.992,35,False,False,8.681999999999999,2.718,54.339999999999996,116,17,0,1,2,6.818000000000001,7520.939,7505.252,7498.184,6628.986104166666
2025-02-25 17:30:00,7419.929,36,False,False,10.334,4.16,48.62,116,17,30,1,2,5.166,7477.992,7496.884,7461.217,6628.4181874999995
2025-02-25 18:00:00,7476.26,37,False,False,8.336,3.31,48.739999999999995,116,18,0,1,2,7.164,7419.929,7304.852,7316.13,6626.8149583333325
2025-02-25 18:30:00,7166.549,38,False,False,9.512,3.8020000000000005,50.67999999999999,116,18,30,1,2,5.9879999999999995,7476.26,7199.59,7206.054,6630.385958333333
2025-02-25 19:00:00,6992.769,39,False,False,9.818000000000001,5.85,57.36,116,19,0,1,2,5.681999999999999,7166.549,6928.18,6868.621,6629.697604166667
2025-02-25 19:30:00,6579.458,40,False,False,10.690000000000001,3.7039999999999997,64.47999999999999,116,19,30,1,2,4.809999999999999,6992.769,6805.294,6574.038,6631.0432083333335
2025-02-25 20:00:00,6419.321,41,False,False,9.478,2.7600000000000002,58.3,116,20,0,1,2,6.022,6579.458,6518.1630000000005,6347.063,6626.338291666667
2025-02-25 20:30:00,6091.745,42,False,False,10.608,4.9079999999999995,51.32000000000001,116,20,30,1,2,4.8919999999999995,6419.321,6231.345,6128.549,6624.279083333334
2025-02-25 21:00:00,5917.815,43,False,False,10.208,3.104,50.059999999999995,116,21,0,1,2,5.292,6091.745,5975.272,5962.595,6621.370749999999
2025-02-25 21:30:00,5768.239,44,False,False,9.854,2.51,63.67999999999999,116,21,30,1,2,5.646000000000001,5917.815,5840.492,5785.786,6620.173729166666
2025-02-25 22:00:00,5715.582,45,False,False,9.404,4.8,48.28,116,22,0,1,2,6.096,5768.239,5695.689,5643.726,6618.668458333334
2025-02-25 22:30:00,5498.236,46,False,False,9.568000000000001,3.232,66.0,116,22,30,1,2,5.931999999999999,5715.582,5551.894,5470.569,6619.082895833333
2025-02-25 23:00:00,5446.8,47,False,False,9.206,2.748,60.239999999999995,116,23,0,1,2,6.2940000000000005,5498.236,5449.668,5390.174,6617.965020833333
2025-02-25 23:30:00,5351.833,48,False,False,9.556000000000001,4.1240000000000006,59.760000000000005,116,23,30,1,2,5.943999999999999,5446.8,5366.637,5384.586,6617.905270833334
2025-02-26 00:00:00,5296.67,1,False,False,8.303999999999998,3.4480000000000004,57.879999999999995,116,0,0,2,2,7.1960000000000015,5351.833,5376.492,5247.882,6617.596854166666
2025-02-26 00:30:00,5342.72,2,False,False,8.708,5.36,52.67999999999999,116,0,30,2,2,6.792,5296.67,5255.338,5290.24,6615.933895833333
2025-02-26 01:00:00,5346.954,3,False,False,9.1,4.14,63.98,116,1,0,2,2,6.4,5342.72,5407.532,5339.2,6617.754354166667
2025-02-26 01:30:00,5380.41,4,False,False,8.347999999999999,3.8980000000000006,52.5,116,1,30,2,2,7.152000000000001,5346.954,5354.901,5323.9980000000005,6616.4923125
2025-02-26 02:00:00,5315.214,5,False,False,7.744,3.318,48.2,116,2,0,2,2,7.756,5380.41,5400.447,5380.349,6617.02375
2025-02-26 02:30:00,5366.4,6,False,False,9.034,3.882,61.42,116,2,30,2,2,6.465999999999999,5315.214,5472.005,5367.452,6615.2480625
2025-02-26 03:00:00,5481.427,7,False,False,6.88,2.518,64.28,116,3,0,2,2,8.620000000000001,5366.4,5457.4619999999995,5463.208,6613.047958333334
2025-02-26 03:30:00,5527.192,8,False,False,7.006,4.145999999999999,67.38,116,3,30,2,2,8.494,5481.427,5451.318,5463.655,6613.5472291666665
2025-02-26 04:00:00,5655.418,9,False,False,7.172,5.965999999999999,56.1,116,4,0,2,2,8.328,5527.192,5691.107,5587.246,6615.1279375
2025-02-26 04:30:00,5749.011,10,False,False,7.140000000000001,3.6480000000000006,65.03999999999999,116,4,30,2,2,8.36,5655.418,5695.723,5733.276,6614.384416666668
2025-02-26 05:00:00,5964.046,11,False,False,6.048,5.054,68.52000000000001,116,5,0,2,2,9.452,5749.011,5893.659,5813.547,6615.494583333334
2025-02-26 05:30:00,6204.513,12,False,False,6.0,4.904,72.24,116,5,30,2,2,9.5,5964.046,6128.049,6234.29,6616.960979166666
2025-02-26 06:00:00,6454.594,13,False,False,5.973999999999999,3.34,53.779999999999994,116,6,0,2,2,9.526,6204.513,6474.655,6430.041,6618.553979166666
2025-02-26 06:30:00,6893.232,14,False,False,6.546000000000001,3.768,68.6,116,6,30,2,2,8.953999999999999,6454.594,6881.407,6753.2699999999995,6618.136041666668
2025-02-26 07:00:00,7307.952,15,False,False,6.422,4.562,56.0,116,7,0,2,2,9.078,6893.232,7378.213,7287.232,6618.382395833333
2025-02-26 07:30:00,7662.347,16,False,False,5.804,4.6579999999999995,55.08,116,7,30,2,2,9.696,7307.952,7774.707,7659.32,6616.918625000001
2025-02-26 08:00:00,8054.547,17,False,False,5.462,3.594,62.36,116,8,0,2,2,10.038,7662.347,8141.308,7914.077,6614.577791666667
2025-02-26 08:30:00,8319.115,18,False,False,4.644,5.7,64.32000000000001,116,8,30,2,2,10.856,8054.547,8295.685,8154.481,6612.770270833334
2025-02-26 09:00:00,8326.112,19,False,False,5.762,3.6519999999999997,73.38,116,9,0,2,2,9.738,8319.115,8398.232,8116.822,6613.258395833333
2025-02-26 09:30:00,8123.707,20,False,False,6.866,4.914,56.96,116,9,30,2,2,8.634,8326.112,8163.325,8107.804,6611.755895833333
2025-02-26 10:00:00,8050.064,21,False,False,6.802,2.662,61.92,116,10,0,2,2,8.698,8123.707,8140.456,7971.172,6610.930520833333
2025-02-26 10:30:00,7751.9619999999995,22,False,False,6.525999999999999,3.78,62.82000000000001,116,10,30,2,2,8.974,8050.064,7837.606,7736.531,6609.047354166666
2025-02-26 11:00:00,7333.436,23,False,False,7.023999999999999,3.96,52.42,116,11,0,2,2,8.476,7751.9619999999995,7488.697,7436.44,6607.263104166667
2025-02-26 11:30:00,7129.157,24,False,False,7.034000000000001,4.922,64.16,116,11,30,2,2,8.466,7333.436,7122.2970000000005,7055.844,6604.0285
2025-02-26 12:00:00,6882.092,25,False,False,6.7780000000000005,4.7620000000000005,63.120000000000005,116,12,0,2,2,8.722,7129.157,6792.135,6966.69,6604.171416666667
2025-02-26 12:30:00,6745.25,26,False,False,6.518000000000001,4.4719999999999995,56.42,116,12,30,2,2,8.982,6882.092,6685.87,6595.181,6606.045520833333
2025-02-26 13:00:00,6559.512,27,False,False,7.925999999999999,4.21,54.94,116,13,0,2,2,7.574000000000001,6745.25,6622.062,6526.18,6607.282604166667
2025-02-26 13:30:00,6671.926,28,False,False,7.364,3.418,69.08,116,13,30,2,2,8.136,6559.512,6619.408,6572.007,6605.979479166667
2025-02-26 14:00:00,6815.247,29,False,False,8.012,3.2439999999999998,51.98,116,14,0,2,2,7.4879999999999995,6671.926,6852.9529999999995,6690.085,6607.073604166667
2025-02-26 14:30:00,6937.018,30,False,False,8.266,3.7,53.6,116,14,30,2,2,7.234,6815.247,6877.571,6947.079,6606.2880625
2025-02-26 15:00:00,7153.474,31,False,False,7.81,2.804,64.06,116,15,0,2,2,7.69,6937.018,7006.314,7042.093,6607.526541666666
2025-02-26 15:30:00,7378.775,32,False,False,7.896000000000001,3.6959999999999993,58.32000000000001,116,15,30,2,2,7.603999999999999,7153.474,7252.133,7286.935,6610.592374999999
2025-02-26 16:00:00,7336.113,33,False,False,8.953999999999999,3.2620000000000005,61.120000000000005,116,16,0,2,2,6.546000000000001,7378.775,7412.115,7338.571,6613.23075
2025-02-26 16:30:00,7556.172,34,False,False,8.97,5.428,66.88,116,16,30,2,2,6.529999999999999,7336.113,7520.939,7345.583,6611.6473750000005
2025-02-26 17:00:00,7416.711,35,False,False,8.790000000000001,2.21,47.62,116,17,0,2,2,6.709999999999999,7556.172,7477.992,7440.803,6612.381395833333
2025-02-26 17:30:00,7540.803,36,False,False,8.926,4.2059999999999995,60.1,116,17,30,2,2,6.574,7416.711,7419.929,7440.097,6611.104708333333
2025-02-26 18:00:00,7385.98,37,False,False,9.356,5.684,58.44,116,18,0,2,2,6.144,7540.803,7476.26,7191.503,6613.622916666667
2025-02-26 18:30:00,7136.949,38,False,False,10.453999999999999,4.224,52.48,116,18,30,2,2,5.046000000000001,7385.98,7166.549,7152.244,6611.7420833333335
2025-02-26 19:00:00,6900.963,39,False,False,10.145999999999999,3.978,69.14,116,19,0,2,2,5.354000000000001,7136.949,6992.769,6751.444,6611.125416666667
2025-02-26 19:30:00,6657.622,40,False,False,9.402,3.7340000000000004,65.24,116,19,30,2,2,6.098000000000001,6900.963,6579.458,6686.28,6609.212791666666
2025-02-26 20:00:00,6376.011,41,False,False,9.825999999999999,3.4859999999999998,56.67999999999999,116,20,0,2,2,5.674000000000001,6657.622,6419.321,6455.152,6610.841208333334
2025-02-26 20:30:00,6301.428,42,False,False,9.148,5.384,60.02,116,20,30,2,2,6.352,6376.011,6091.745,6109.329,6609.938916666667
2025-02-26 21:00:00,5928.253,43,False,False,10.268,3.418,57.5,116,21,0,2,2,5.231999999999999,6301.428,5917.815,6039.326,6614.3073125
2025-02-26 21:30:00,5728.401,44,False,False,10.022,6.018,54.46,116,21,30,2,2,5.478,5928.253,5768.239,5709.889,6614.524770833334
2025-02-26 22:00:00,5696.267,45,False,False,9.219999999999999,2.752,54.4,116,22,0,2,2,6.280000000000001,5728.401,5715.582,5663.797,6613.694812500001
2025-02-26 22:30:00,5498.767,46,False,False,10.334,3.364,52.14,116,22,30,2,2,5.166,5696.267,5498.236,5483.543,6613.292416666667
2025-02-26 23:00:00,5461.285,47,False,False,9.526,2.8899999999999997,61.8,116,23,0,2,2,5.974,5498.767,5446.8,5311.286,6613.303479166666
2025-02-26 23:30:00,5338.782,48,False,False,9.856,3.654,51.54,116,23,30,2,2,5.644,5461.285,5351.833,5365.862,6613.60525
2025-02-27 00:00:00,5375.1630000000005,1,False,False,8.32,3.7840000000000003,61.48,116,0,0,3,2,7.18,5338.782,5296.67,5399.087,6613.333354166666
2025-02-27 00:30:00,5342.132,2,False,False,8.538,3.446,56.839999999999996,116,0,30,3,2,6.962,5375.1630000000005,5342.72,5304.347,6614.968625
2025-02-27 01:00:00,5343.274,3,False,False,8.556000000000001,4.618,59.9,116,1,0,3,2,6.943999999999999,5342.132,5346.954,5393.259,6614.956374999999
2025-02-27 01:30:00,5350.487,4,False,False,8.692,4.038,51.1,116,1,30,3,2,6.808,5343.274,5380.41,5442.489,6614.879708333334
2025-02-27 02:00:00,5230.479,5,False,False,9.190000000000001,3.3939999999999997,65.72,116,2,0,3,2,6.309999999999999,5350.487,5315.214,5416.22,6614.256312500001
2025-02-27 02:30:00,5419.044,6,False,False,7.374,3.218,57.260000000000005,116,2,30,3,2,8.126000000000001,5230.479,5366.4,5439.175,6612.491000000001
2025-02-27 03:00:00,5476.783,7,False,False,7.632,3.8480000000000003,70.44,116,3,0,3,2,7.868,5419.044,5481.427,5425.38,6613.58775
2025-02-27 03:30:00,5518.601,8,False,False,7.562,4.746,53.959999999999994,116,3,30,3,2,7.938,5476.783,5527.192,5424.617,6613.491000000001
2025-02-27 04:00:00,5733.811,9,False,False,5.924,4.238,51.220000000000006,116,4,0,3,2,9.576,5518.601,5655.418,5682.005,6613.312020833332
2025-02-27 04:30:00,5877.75,10,False,False,6.124,5.086,60.239999999999995,116,4,30,3,2,9.376000000000001,5733.811,5749.011,5831.332,6614.9452083333335
2025-02-27 05:00:00,5985.57,11,False,False,7.0680000000000005,4.382,51.65999999999999,116,5,0,3,2,8.431999999999999,5877.75,5964.046,5980.546,6617.627270833334
2025-02-27 05:30:00,6237.157,12,False,False,6.694,3.522,56.720000000000006,116,5,30,3,2,8.806000000000001,5985.57,6204.513,6259.397,6618.075687500001
2025-02-27 06:00:00,6509.965,13,False,False,6.901999999999999,4.138,58.38000000000001,116,6,0,3,2,8.598,6237.157,6454.594,6580.767,6618.755770833333
2025-02-27 06:30:00,6885.228,14,False,False,6.206,4.08,81.47999999999999,116,6,30,3,2,9.294,6509.965,6893.232,6970.87,6619.909333333333
2025-02-27 07:00:00,7238.611,15,False,False,6.888,3.636,53.96,116,7,0,3,2,8.612,6885.228,7307.952,7400.5289999999995,6619.742583333334
2025-02-27 07:30:00,7507.933,16,False,False,7.702,3.668,65.28,116,7,30,3,2,7.798,7238.611,7662.347,7733.069,6618.297979166666
2025-02-27 08:00:00,8039.711,17,False,False,5.869999999999999,3.3340000000000005,60.94,116,8,0,3,2,9.63,7507.933,8054.547,8053.43,6615.081020833334
2025-02-27 08:30:00,8221.685,18,False,False,5.7219999999999995,3.8980000000000006,58.82000000000001,116,8,30,3,2,9.778,8039.711,8319.115,8180.76,6614.771937500001
2025-02-27 09:00:00,8261.448,19,False,False,7.044,4.796,52.839999999999996,116,9,0,3,2,8.456,8221.685,8326.112,8256.211,6612.742145833334
2025-02-27 09:30:00,8343.5399144937,20,False,False,6.756,4.279999999999999,51.1,116,9,30,3,2,8.744,8261.448,8123.707,8271.975,6611.394979166666
2025-02-27 10:00:00,8044.765,21,False,False,6.2379999999999995,5.14,59.17999999999999,116,10,0,3,2,9.262,8343.5399144937,8050.064,7966.363,6615.974831551953
2025-02-27 10:30:00,7789.616,22,False,False,6.4719999999999995,7.026000000000001,61.779999999999994,116,10,30,3,2,9.028,8044.765,7751.9619999999995,7702.164,6615.864435718618
2025-02-27 11:00:00,7405.339,23,False,False,6.244,3.694,56.86,116,11,0,3,2,9.256,7789.616,7333.436,7488.648,6616.648894051952
2025-02-27 11:30:00,7166.0960000000005,24,False,False,5.896,3.2079999999999997,62.5,116,11,30,3,2,9.604,7405.339,7129.157,7216.297,6618.146873218619
2025-02-27 12:00:00,6876.51,25,False,False,6.142,4.116,72.2,116,12,0,3,2,9.358,7166.0960000000005,6882.092,6862.034,6618.916435718619
2025-02-27 12:30:00,6777.841,26,False,False,6.215999999999999,4.286,69.0,116,12,30,3,2,9.284,6876.51,6745.25,6717.0289999999995,6618.800144051952
2025-02-27 13:00:00,6619.639,27,False,False,6.622,5.952,67.03999999999999,116,13,0,3,2,8.878,6777.841,6559.512,6710.973,6619.479123218618
2025-02-27 13:30:00,6585.97,28,False,False,7.558,4.0600000000000005,67.7,116,13,30,3,2,7.942,6619.639,6671.926,6603.918,6620.731769051952
2025-02-27 14:00:00,6836.629,29,False,False,6.646000000000001,2.016,67.2,116,14,0,3,2,8.854,6585.97,6815.247,6737.4439999999995,6618.941019051952
2025-02-27 14:30:00,6877.4439999999995,30,False,False,8.248000000000001,1.9920000000000002,57.3,116,14,30,3,2,7.251999999999999,6836.629,6937.018,6975.259,6619.386477385285
2025-02-27 15:00:00,7162.509,31,False,False,7.894,3.6799999999999997,56.379999999999995,116,15,0,3,2,7.606,6877.4439999999995,7153.474,7063.487,6618.145352385286
2025-02-27 15:30:00,7236.937,32,False,False,9.331999999999999,3.81,60.660000000000004,116,15,30,3,2,6.168000000000001,7162.509,7378.775,7185.595,6618.333581551953
2025-02-27 16:00:00,7408.693,33,False,False,8.9,3.504,61.339999999999996,116,16,0,3,2,6.6,7236.937,7336.113,7438.874,6615.3786232186185
2025-02-27 16:30:00,7426.25,34,False,False,9.648,4.2379999999999995,51.17999999999999,116,16,30,3,2,5.852,7408.693,7556.172,7491.275,6616.890706551952
2025-02-27 17:00:00,7524.738,35,False,False,9.538,3.028,66.25999999999999,116,17,0,3,2,5.962,7426.25,7416.711,7591.6,6614.183998218618
2025-02-27 17:30:00,7522.851,36,False,False,9.514,2.5439999999999996,68.24,116,17,30,3,2,5.986000000000001,7524.738,7540.803,7518.169,6616.434560718619
2025-02-27 18:00:00,7349.283,37,False,False,10.312000000000001,2.85,79.9,116,18,0,3,2,5.187999999999999,7522.851,7385.98,7328.779,6616.060560718619
2025-02-27 18:30:00,7153.129,38,False,False,10.116,4.715999999999999,56.94,116,18,30,3,2,5.384,7349.283,7136.949,7253.861,6615.296039885286
2025-02-27 19:00:00,6901.334,39,False,False,10.368,4.678,70.3,116,19,0,3,2,5.132,7153.129,6900.963,6993.62,6615.633123218619
2025-02-27 19:30:00,6636.633,40,False,False,9.91,4.214,67.36,116,19,30,3,2,5.59,6901.334,6657.622,6679.138,6615.640852385285
2025-02-27 20:00:00,6380.046,41,False,False,10.1,3.274,50.78,116,20,0,3,2,5.4,6636.633,6376.011,6404.781,6615.203581551952
2025-02-27 20:30:00,6177.2570000000005,42,False,False,9.996,3.7840000000000003,55.32000000000001,116,20,30,3,2,5.504,6380.046,6301.428,6253.751,6615.287644051951
2025-02-27 21:00:00,5970.845,43,False,False,9.998000000000001,3.722,50.480000000000004,116,21,0,3,2,5.501999999999999,6177.2570000000005,5928.253,6008.052,6612.700748218619
2025-02-27 21:30:00,5853.944,44,False,False,9.68,3.6439999999999997,53.279999999999994,116,21,30,3,2,5.82,5970.845,5728.401,5855.925,6613.588081551952
2025-02-27 22:00:00,5716.178,45,False,False,8.724,3.9200000000000004,54.0,116,22,0,3,2,6.776,5853.944,5696.267,5702.199,6616.203560718619
2025-02-27 22:30:00,5452.84,46,False,False,9.693999999999999,3.7700000000000005,55.08,116,22,30,3,2,5.806000000000001,5716.178,5498.767,5508.26,6616.618373218618
2025-02-27 23:00:00,5444.394,47,False,False,9.91,3.0460000000000003,72.03999999999999,116,23,0,3,2,5.59,5452.84,5461.285,5480.596,6615.661560718619
2025-02-27 23:30:00,5406.659,48,False,False,9.864,3.374,64.92,116,23,30,3,2,5.635999999999999,5444.394,5338.782,5260.407,6615.309664885285
2025-02-28 00:00:00,5307.361,1,False,False,9.176,3.154,62.6,116,0,0,4,2,6.324,5406.659,5375.1630000000005,5339.443,6616.723769051953
2025-02-28 00:30:00,5276.778,2,False,False,9.482,4.06,59.42,116,0,30,4,2,6.018000000000001,5307.361,5342.132,5324.387,6615.311227385286
2025-02-28 01:00:00,5257.379,3,False,False,9.114,2.916,55.14,116,1,0,4,2,6.385999999999999,5276.778,5343.274,5336.43,6613.949685718618
2025-02-28 01:30:00,5280.489,4,False,False,8.708,3.918,61.8,116,1,30,4,2,6.792,5257.379,5350.487,5394.55,6612.160206551952
2025-02-28 02:00:00,5374.147,5,False,False,8.064,3.172,49.980000000000004,116,2,0,4,2,7.436,5280.489,5230.479,5420.488,6610.701914885285
2025-02-28 02:30:00,5430.871,6,False,False,7.4799999999999995,4.32,62.220000000000006,116,2,30,4,2,8.02,5374.147,5419.044,5397.678,6613.694998218619
2025-02-28 03:00:00,5366.545,7,False,False,7.802,4.0200000000000005,69.4,116,3,0,4,2,7.698,5430.871,5476.783,5496.283,6613.941394051952
2025-02-28 03:30:00,5490.918,8,False,False,7.562,4.723999999999999,52.48,116,3,30,4,2,7.938,5366.545,5518.601,5514.65,6611.644769051952
2025-02-28 04:00:00,5608.848,9,False,False,6.92,3.498,56.82000000000001,116,4,0,4,2,8.58,5490.918,5733.811,5654.8,6611.0680398852855
2025-02-28 04:30:00,5782.044,10,False,False,6.978,5.024,52.220000000000006,116,4,30,4,2,8.522,5608.848,5877.75,5826.911,6608.464644051951
2025-02-28 05:00:00,5852.662,11,False,False,6.9239999999999995,3.5799999999999996,53.35999999999999,116,5,0,4,2,8.576,5782.044,5985.57,6025.758,6606.470769051951
2025-02-28 05:30:00,6133.99,12,False,False,6.396,5.65,61.5,116,5,30,4,2,9.104,5852.662,6237.157,6104.908,6603.701852385285
2025-02-28 06:00:00,6495.923,13,False,False,6.264,2.0460000000000003,47.6,116,6,0,4,2,9.236,6133.99,6509.965,6530.534,6601.552539885285
2025-02-28 06:30:00,6843.956,14,False,False,6.3340000000000005,5.716,66.52000000000001,116,6,30,4,2,9.166,6495.923,6885.228,6918.452,6601.259998218618
2025-02-28 07:00:00,7377.074,15,False,False,5.374,4.5,80.16,116,7,0,4,2,10.126000000000001,6843.956,7238.611,7411.532,6600.400164885285
2025-02-28 07:30:00,7752.91,16,False,False,5.118,2.786,57.720000000000006,116,7,30,4,2,10.382,7377.074,7507.933,7764.8009999999995,6603.284810718619
2025-02-28 08:00:00,8045.119,17,False,False,6.023999999999999,4.311999999999999,63.260000000000005,116,8,0,4,2,9.476,7752.91,8039.711,8142.661,6608.388498218618
2025-02-28 08:30:00,8203.595,18,False,False,6.236,3.8840000000000003,68.38,116,8,30,4,2,9.264,8045.119,8221.685,8245.21,6608.501164885285
2025-02-28 09:00:00,8289.377,19,False,False,5.566,4.33,54.220000000000006,116,9,0,4,2,9.934000000000001,8203.595,8261.448,8274.652,6608.124289885286
2025-02-28 09:30:00,8157.305,20,False,False,6.698,3.532,57.0,116,9,30,4,2,8.802,8289.377,8343.5399144937,8287.360999999999,6608.706144051953
2025-02-28 10:00:00,8011.088,21,False,False,6.523999999999999,3.964,50.34,116,10,0,4,2,8.976,8157.305,8044.765,8068.356,6604.826249999999
2025-02-28 10:30:00,7800.736,22,False,False,7.023999999999999,3.6759999999999997,50.739999999999995,116,10,30,4,2,8.476,8011.088,7789.616,7821.178,6604.1246458333335
2025-02-28 11:00:00,7417.659,23,False,False,6.564,3.136,63.379999999999995,116,11,0,4,2,8.936,7800.736,7405.339,7423.435,6604.3563125
2025-02-28 11:30:00,7072.7119999999995,24,False,False,7.014,5.304,69.14,116,11,30,4,2,8.486,7417.659,7166.0960000000005,7159.424,6604.612979166667
2025-02-28 12:00:00,6876.13,25,False,False,6.686,3.2299999999999995,64.58,116,12,0,4,2,8.814,7072.7119999999995,6876.51,6759.273,6602.667479166666
2025-02-28 12:30:00,6779.928,26,False,False,6.144,3.842,46.96,116,12,30,4,2,9.356,6876.13,6777.841,6777.603,6602.6595625
2025-02-28 13:00:00,6564.65,27,False,False,7.92,4.601999999999999,55.94,116,13,0,4,2,7.58,6779.928,6619.639,6630.237,6602.703041666668
2025-02-28 13:30:00,6586.286,28,False,False,8.239999999999998,5.462000000000001,68.12,116,13,30,4,2,7.260000000000002,6564.65,6585.97,6677.505,6601.5574375
2025-02-28 14:00:00,6758.366,29,False,False,7.3740000000000006,4.626,66.06,116,14,0,4,2,8.126,6586.286,6836.629,6774.968,6601.564020833334
2025-02-28 14:30:00,6848.546,30,False,False,8.768,2.75,69.47999999999999,116,14,30,4,2,6.731999999999999,6758.366,6877.4439999999995,6968.911,6599.933541666666
2025-02-28 15:00:00,7107.892,31,False,False,8.022,5.279999999999999,51.06,116,15,0,4,2,7.478,6848.546,7162.509,7098.24,6599.3315
2025-02-28 15:30:00,7250.019,32,False,False,8.098,4.0840000000000005,60.1,116,15,30,4,2,7.401999999999999,7107.892,7236.937,7270.165,6598.193645833333
2025-02-28 16:00:00,7468.875,33,False,False,8.406,2.858,55.82000000000001,116,16,0,4,2,7.093999999999999,7250.019,7408.693,7471.122,6598.466187499999
2025-02-28 16:30:00,7531.109,34,False,False,8.334,4.064,74.4,116,16,30,4,2,7.166,7468.875,7426.25,8013.413945621276,6599.719979166667
2025-02-28 17:00:00,7506.066,35,False,False,9.162,3.646,63.56,116,17,0,4,2,6.337999999999999,7531.109,7524.738,7495.39,6601.904541666667
2025-02-28 17:30:00,7444.617,36,False,False,9.324,4.048,64.26,116,17,30,4,2,6.176,7506.066,7522.851,7587.55,6601.515541666667
2025-02-28 18:00:00,7345.055,37,False,False,9.012,3.778,64.66,116,18,0,4,2,6.4879999999999995,7444.617,7349.283,7346.895,6599.885666666666
2025-02-28 18:30:00,7113.538,38,False,False,10.416,4.43,40.980000000000004,116,18,30,4,2,5.084,7345.055,7153.129,7254.881,6599.797583333333
2025-02-28 19:00:00,7062.854,39,False,False,8.9,2.716,69.52000000000001,116,19,0,4,2,6.6,7113.538,6901.334,7004.626,6598.972770833333
2025-02-28 19:30:00,6708.324,40,False,False,10.234,2.3579999999999997,57.67999999999999,116,19,30,4,2,5.266,7062.854,6636.633,6696.936,6602.337770833333
2025-02-28 20:00:00,6438.888,41,False,False,10.158,3.3840000000000003,63.08,116,20,0,4,2,5.3420000000000005,6708.324,6380.046,6510.246,6603.831333333333
2025-02-28 20:30:00,6249.39,42,False,False,9.934000000000001,3.9560000000000004,64.4,116,20,30,4,2,5.565999999999999,6438.888,6177.2570000000005,6182.899,6605.057208333333
2025-02-28 21:00:00,5902.132,43,False,False,10.754000000000001,4.148,72.53999999999999,116,21,0,4,2,4.745999999999999,6249.39,5970.845,6028.0289999999995,6606.559979166667
2025-02-28 21:30:00,5800.831,44,False,False,10.248000000000001,3.4219999999999997,59.160000000000004,116,21,30,4,2,5.251999999999999,5902.132,5853.944,5756.688,6605.128458333333
2025-02-28 22:00:00,5658.246,45,False,False,9.542,4.07,59.82000000000001,116,22,0,4,2,5.958,5800.831,5716.178,5605.28,6604.021937499999
2025-02-28 22:30:00,5459.661,46,False,False,10.93,3.904,66.0,116,22,30,4,2,4.57,5658.246,5452.84,5528.098,6602.815020833333
2025-02-28 23:00:00,5397.0109999999995,47,False,False,10.306000000000001,4.24,65.06,116,23,0,4,2,5.193999999999999,5459.661,5444.394,5525.167,6602.957125
2025-02-28 23:30:00,5281.47,48,False,False,11.08,2.5100000000000002,67.97999999999999,116,23,30,4,2,4.42,5397.0109999999995,5406.659,5435.187,6601.969979166667
2025-03-01 00:00:00,4176.008,1,True,False,8.847999999999999,3.6620000000000004,63.4,116,0,0,5,3,6.652000000000001,5281.47,5307.361,4229.816,6599.361875
2025-03-01 00:30:00,4099.635,2,True,False,9.292,4.248,67.44,116,0,30,5,3,6.208,4176.008,5276.778,4166.108,6575.7920208333335
2025-03-01 01:00:00,4067.235,3,True,False,9.192,4.764,69.24,116,1,0,5,3,6.308,4099.635,5257.379,4195.605,6551.268208333334
2025-03-01 01:30:00,4098.591,4,True,False,9.322,4.318,65.5,116,1,30,5,3,6.178000000000001,4067.235,5280.489,4143.387,6526.473541666666
2025-03-01 02:00:00,4237.222,5,True,False,8.288,2.932,52.839999999999996,116,2,0,5,3,7.212,4098.591,5374.147,4286.55,6501.850666666666
2025-03-01 02:30:00,4202.153,6,True,False,7.886,5.496,48.660000000000004,116,2,30,5,3,7.614,4237.222,5430.871,4187.275,6478.164729166667
2025-03-01 03:00:00,4200.453,7,True,False,8.598,3.9459999999999993,52.36,116,3,0,5,3,6.901999999999999,4202.153,5366.545,4359.957,6452.566437500001
2025-03-01 03:30:00,4323.37,8,True,False,7.938,5.21,56.94,116,3,30,5,3,7.562,4200.453,5490.918,4299.96,6428.272854166667
2025-03-01 04:00:00,4467.295,9,True,False,7.542,3.304,66.5,116,4,0,5,3,7.958,4323.37,5608.848,4416.512,6403.9489375
2025-03-01 04:30:00,4542.179,10,True,False,7.0200000000000005,4.118,58.98,116,4,30,5,3,8.48,4467.295,5782.044,4503.74,6380.1665833333345
2025-03-01 05:00:00,4627.714,11,True,False,6.748,3.7840000000000003,54.82000000000001,116,5,0,5,3,8.751999999999999,4542.179,5852.662,4769.139,6354.336062500001
2025-03-01 05:30:00,4888.5509999999995,12,True,False,6.436,5.052,47.9,116,5,30,5,3,9.064,4627.714,6133.99,4865.179,6328.8163125
2025-03-01 06:00:00,5214.444,13,True,False,5.7940000000000005,4.606,62.54,116,6,0,5,3,9.706,4888.5509999999995,6495.923,5175.06,6302.8696666666665
2025-03-01 06:30:00,5451.439,14,True,False,5.704,1.716,55.08,116,6,30,5,3,9.796,5214.444,6843.956,5456.6810000000005,6276.1721875
2025-03-01 07:00:00,5786.049,15,True,False,5.836,2.824,58.96,116,7,0,5,3,9.664,5451.439,7377.074,5855.619,6247.161416666667
2025-03-01 07:30:00,5989.135,16,True,False,6.814,4.366,49.459999999999994,116,7,30,5,3,8.686,5786.049,7752.91,6061.204,6214.0150625
2025-03-01 08:00:00,6247.478,17,True,False,7.068,3.3839999999999995,55.56,116,8,0,5,3,8.432,5989.135,8045.119,6419.573,6177.26975
2025-03-01 08:30:00,6522.981,18,True,False,5.33,1.8539999999999999,65.17999999999999,116,8,30,5,3,10.17,6247.478,8203.595,6511.651,6139.818895833334
2025-03-01 09:00:00,6512.478,19,True,False,6.6,3.0460000000000003,50.94,116,9,0,5,3,8.9,6522.981,8289.377,6538.508,6104.806104166666
2025-03-01 09:30:00,6496.491,20,True,False,5.242,4.172,55.82000000000001,116,9,30,5,3,10.258,6512.478,8157.305,6512.058,6067.787375
2025-03-01 10:00:00,6381.118,21,True,False,5.782,4.7,65.9,116,10,0,5,3,9.718,6496.491,8011.088,6375.165,6033.187083333333
2025-03-01 10:30:00,6063.356,22,True,False,6.628,3.71,60.82000000000001,116,10,30,5,3,8.872,6381.118,7800.736,6216.061,5999.229375
2025-03-01 11:00:00,5901.519,23,True,False,6.7299999999999995,4.284000000000001,51.739999999999995,116,11,0,5,3,8.77,6063.356,7417.659,5921.425,5963.033958333333
2025-03-01 11:30:00,5708.674,24,True,False,6.036,4.029999999999999,50.92,116,11,30,5,3,9.464,5901.519,7072.7119999999995,5646.011,5931.447708333333
2025-03-01 12:00:00,5370.016,25,True,False,6.901999999999999,4.072,68.02,116,12,0,5,3,8.598,5708.674,6876.13,5412.567,5903.03025
2025-03-01 12:30:00,5293.508,26,True,False,6.952,4.998,48.08,116,12,30,5,3,8.548,5370.016,6779.928,5374.463,5871.652875
2025-03-01 13:00:00,5151.205,27,True,False,7.986,3.098,47.58,116,13,0,5,3,7.514,5293.508,6564.65,5343.332,5840.685791666667
2025-03-01 13:30:00,5290.63,28,True,False,7.651999999999999,4.168,61.620000000000005,116,13,30,5,3,7.848000000000001,5151.205,6586.286,5129.498,5811.239020833334
2025-03-01 14:00:00,5274.83,29,True,False,8.064,4.022,52.08,116,14,0,5,3,7.436,5290.63,6758.366,5265.978,5784.2461875
2025-03-01 14:30:00,5466.597,30,True,False,8.052,4.704000000000001,64.86,116,14,30,5,3,7.448,5274.83,6848.546,5475.06,5753.339187500001
2025-03-01 15:00:00,5501.4619999999995,31,True,False,8.532,4.41,57.58,116,15,0,5,3,6.968,5466.597,7107.892,5594.086,5724.548583333333
2025-03-01 15:30:00,5666.519,32,True,False,8.575999999999999,3.1239999999999997,65.02000000000001,116,15,30,5,3,6.924000000000001,5501.4619999999995,7250.019,5661.557,5691.081291666666
2025-03-01 16:00:00,5724.826,33,True,False,9.748000000000001,4.232,50.56,116,16,0,5,3,5.751999999999999,5666.519,7468.875,5807.121,5658.091708333333
2025-03-01 16:30:00,5811.352,34,True,False,9.572,4.346,64.47999999999999,116,16,30,5,3,5.928000000000001,5724.826,7531.109,5910.204,5621.757354166667
2025-03-01 17:00:00,5915.417,35,True,False,8.431999999999999,3.9200000000000004,55.1,116,17,0,5,3,7.068000000000001,5811.352,7506.066,5896.298,5585.929083333333
2025-03-01 17:30:00,5768.492,36,True,False,9.99,5.0280000000000005,61.879999999999995,116,17,30,5,3,5.51,5915.417,7444.617,5884.604,5552.790562499999
2025-03-01 18:00:00,5795.402,37,True,False,9.138,4.076,59.46,116,18,0,5,3,6.362,5768.492,7345.055,5693.149,5517.871291666666
2025-03-01 18:30:00,5571.175,38,True,False,9.672,3.8400000000000007,41.660000000000004,116,18,30,5,3,5.827999999999999,5795.402,7113.538,5638.903,5485.586854166667
2025-03-01 19:00:00,5462.739,39,True,False,9.838,3.59,61.52,116,19,0,5,3,5.662000000000001,5571.175,7062.854,5495.854,5453.454291666667
2025-03-01 19:30:00,5314.003,40,True,False,10.022,1.7279999999999998,77.5,116,19,30,5,3,5.478,5462.739,6708.324,5267.291,5420.118562500001
2025-03-01 20:00:00,5008.174,41,True,False,10.586,3.3259999999999996,59.279999999999994,116,20,0,5,3,4.914,5314.003,6438.888,5041.318,5391.0702083333335
2025-03-01 20:30:00,4795.675,42,True,False,10.226,4.112,62.46,116,20,30,5,3,5.273999999999999,5008.174,6249.39,4893.64,5361.263666666667
2025-03-01 21:00:00,4644.034,43,True,False,10.534,5.1579999999999995,46.760000000000005,116,21,0,5,3,4.965999999999999,4795.675,5902.132,4705.44,5330.9779375
2025-03-01 21:30:00,4489.098,44,True,False,10.286,3.226,63.839999999999996,116,21,30,5,3,5.214,4644.034,5800.831,4490.824,5304.7675625
2025-03-01 22:00:00,4449.727,45,True,False,9.306000000000001,5.402,62.120000000000005,116,22,0,5,3,6.193999999999999,4489.098,5658.246,4450.281,5277.439791666667
2025-03-01 22:30:00,4354.185,46,True,False,8.914,5.26,57.96,116,22,30,5,3,6.586,4449.727,5459.661,4377.563,5252.2623125
2025-03-01 23:00:00,4197.15,47,True,False,9.406,4.351999999999999,46.44,116,23,0,5,3,6.093999999999999,4354.185,5397.0109999999995,4398.014,5229.2315625
2025-03-01 23:30:00,4233.903,48,True,False,9.718,4.0,69.5,116,23,30,5,3,5.782,4197.15,5281.47,4361.235,5204.234458333333
2025-03-02 00:00:00,4179.304,1,True,False,8.758,3.34,66.64,115,0,0,6,3,6.742000000000001,4233.903,4176.008,4215.8460000000005,5182.410145833333
2025-03-02 00:30:00,4219.867,2,True,False,8.728,4.206,61.08,115,0,30,6,3,6.772,4179.304,4099.635,4226.086,5182.4788125000005
2025-03-02 01:00:00,4197.143,3,True,False,8.806000000000001,3.9899999999999998,74.72,115,1,0,6,3,6.693999999999999,4219.867,4067.235,4195.036,5184.983645833333
2025-03-02 01:30:00,4230.61,4,True,False,8.886,2.33,57.58,115,1,30,6,3,6.614000000000001,4197.143,4098.591,4230.348,5187.690062500001
2025-03-02 02:00:00,4375.178,5,True,False,6.494,5.202,55.36,115,2,0,6,3,9.006,4230.61,4237.222,4198.242,5190.4404583333335
2025-03-02 02:30:00,4239.57,6,True,False,8.506,6.351999999999999,54.04,115,2,30,6,3,6.994,4375.178,4202.153,4291.156,5193.314541666667
2025-03-02 03:00:00,4280.906,7,True,False,7.524000000000001,3.6379999999999995,54.779999999999994,115,3,0,6,3,7.975999999999999,4239.57,4200.453,4367.339,5194.094062499999
2025-03-02 03:30:00,4213.407,8,True,False,8.406,3.0740000000000003,53.94,115,3,30,6,3,7.093999999999999,4280.906,4323.37,4404.291,5195.770166666667
2025-03-02 04:00:00,4398.935,9,True,False,7.168000000000001,5.388,56.720000000000006,115,4,0,6,3,8.331999999999999,4213.407,4467.295,4513.576,5193.4792708333325
2025-03-02 04:30:00,4554.658,10,True,False,6.7780000000000005,5.038,58.760000000000005,115,4,30,6,3,8.722,4398.935,4542.179,4602.552,5192.055104166667
2025-03-02 05:00:00,4634.902,11,True,False,7.384,2.816,68.22,115,5,0,6,3,8.116,4554.658,4627.714,4694.899,5192.315083333334
2025-03-02 05:30:00,4864.498,12,True,False,7.3340000000000005,4.214,56.779999999999994,115,5,30,6,3,8.166,4634.902,4888.5509999999995,4858.129,5192.464833333333
2025-03-02 06:00:00,5101.256,13,True,False,7.453999999999999,3.7019999999999995,62.620000000000005,115,6,0,6,3,8.046000000000001,4864.498,5214.444,5194.167,5191.963729166667
2025-03-02 06:30:00,5498.515,14,True,False,5.948,4.974,44.72,115,6,30,6,3,9.552,5101.256,5451.439,5559.929,5189.605645833333
2025-03-02 07:00:00,5731.875,15,True,False,6.390000000000001,3.29,40.160000000000004,115,7,0,6,3,9.11,5498.515,5786.049,5755.986,5190.586395833333
2025-03-02 07:30:00,6030.1,16,True,False,6.438,3.482,49.32,115,7,30,6,3,9.062000000000001,5731.875,5989.135,6081.856,5189.457770833334
2025-03-02 08:00:00,6363.738,17,True,False,5.928,3.594,67.08,115,8,0,6,3,9.572,6030.1,6247.478,6422.713,5190.3112083333335
2025-03-02 08:30:00,6511.32,18,True,False,5.0840000000000005,4.496,56.04,115,8,30,6,3,10.416,6363.738,6522.981,6498.571,5192.733291666666
2025-03-02 09:00:00,6588.751,19,True,False,5.7219999999999995,4.8100000000000005,66.67999999999999,115,9,0,6,3,9.778,6511.32,6512.478,6485.845,5192.490354166667
2025-03-02 09:30:00,6507.745,20,True,False,5.944000000000001,2.634,60.760000000000005,115,9,30,6,3,9.556,6588.751,6496.491,6578.68,5194.079375
2025-03-02 10:00:00,6876.169586121899,21,True,False,5.71,3.896,52.7,115,10,0,6,3,9.79,6507.745,6381.118,6454.421,5194.313833333333
2025-03-02 10:30:00,6133.908,22,True,False,6.598000000000001,5.294,58.92,115,10,30,6,3,8.902,6876.169586121899,6063.356,6160.407,5204.627408044206
2025-03-02 11:00:00,5766.158,23,True,False,7.63,4.854,69.03999999999999,115,11,0,6,3,7.87,6133.908,5901.519,5930.079,5206.09724137754
2025-03-02 11:30:00,5691.006,24,True,False,5.744,4.254,57.260000000000005,115,11,30,6,3,9.756,5766.158,5708.674,5624.928,5203.277220544206
2025-03-02 12:00:00,5393.982,25,True,False,7.056,3.686,45.480000000000004,115,12,0,6,3,8.443999999999999,5691.006,5370.016,5385.333,5202.909137210873
2025-03-02 12:30:00,5320.164,26,True,False,7.3260000000000005,2.918,47.839999999999996,115,12,30,6,3,8.174,5393.982,5293.508,5323.415,5203.40842887754
2025-03-02 13:00:00,5210.02,27,True,False,7.536,4.396,56.08,115,13,0,6,3,7.964,5320.164,5151.205,5258.281,5203.963762210873
2025-03-02 13:30:00,5330.382,28,True,False,7.140000000000001,4.792,54.06,115,13,30,6,3,8.36,5210.02,5290.63,5281.748,5205.189074710873
2025-03-02 14:00:00,5433.767,29,True,False,7.156000000000001,4.526,60.0,115,14,0,6,3,8.344,5330.382,5274.83,5277.871,5206.01724137754
2025-03-02 14:30:00,5482.8369999999995,30,True,False,8.22,3.9480000000000004,55.06,115,14,30,6,3,7.279999999999999,5433.767,5466.597,5450.108,5209.328428877539
2025-03-02 15:00:00,5572.428,31,True,False,8.224,5.266,55.58,115,15,0,6,3,7.276,5482.8369999999995,5501.4619999999995,5619.799,5209.6667622108735
2025-03-02 15:30:00,5622.185,32,True,False,9.553999999999998,4.054,52.54,115,15,30,6,3,5.9460000000000015,5572.428,5666.519,5751.912,5211.1452205442065
2025-03-02 16:00:00,5750.939,33,True,False,9.436,4.142,59.1,115,16,0,6,3,6.064,5622.185,5724.826,5740.817,5210.221595544207
2025-03-02 16:30:00,5890.884,34,True,False,9.072,5.454000000000001,60.220000000000006,115,16,30,6,3,6.428000000000001,5750.939,5811.352,5979.289,5210.76561637754
2025-03-02 17:00:00,5875.458,35,True,False,9.075999999999999,2.632,73.16,115,17,0,6,3,6.424000000000001,5890.884,5915.417,5863.634,5212.422533044206
2025-03-02 17:30:00,5822.224,36,True,False,9.536,4.212,58.17999999999999,115,17,30,6,3,5.964,5875.458,5768.492,5826.3640000000005,5211.5900538775395
2025-03-02 18:00:00,5802.412,37,True,False,9.102,2.9,48.220000000000006,115,18,0,6,3,6.398,5822.224,5795.402,5639.3460000000005,5212.709470544206
2025-03-02 18:30:00,5594.098,38,True,False,8.98,3.108,66.38,115,18,30,6,3,6.52,5802.412,5571.175,5700.679,5212.855512210873
2025-03-02 19:00:00,5391.253,39,True,False,10.164,2.852,61.779999999999994,115,19,0,6,3,5.336,5594.098,5462.739,5507.501,5213.333074710873
2025-03-02 19:30:00,5298.759,40,True,False,9.462,2.804,58.7,115,19,30,6,3,6.038,5391.253,5314.003,5074.287,5211.843783044206
2025-03-02 20:00:00,5040.039,41,True,False,10.506,3.2880000000000003,56.260000000000005,115,20,0,6,3,4.994,5298.759,5008.174,5132.015,5211.526199710873
2025-03-02 20:30:00,4902.948,42,True,False,10.022,3.7960000000000003,50.56,115,20,30,6,3,5.478,5040.039,4795.675,4848.607,5212.19005387754
2025-03-02 21:00:00,4712.815,43,True,False,9.216,3.6719999999999997,66.84,115,21,0,6,3,6.284000000000001,4902.948,4644.034,4672.076,5214.424908044207
2025-03-02 21:30:00,4534.62,44,True,False,10.344,3.8619999999999997,64.36,115,21,30,6,3,5.156000000000001,4712.815,4489.098,4554.322,5215.857845544207
2025-03-02 22:00:00,4412.366,45,True,False,9.168000000000001,3.8340000000000005,52.04,115,22,0,6,3,6.331999999999999,4534.62,4449.727,4506.069,5216.806220544207
2025-03-02 22:30:00,4244.661,46,True,False,10.634,6.098,58.160000000000004,115,22,30,6,3,4.866,4412.366,4354.185,4353.642,5216.02786637754
2025-03-02 23:00:00,4278.253,47,True,False,9.558,3.6659999999999995,63.8,115,23,0,6,3,5.942,4244.661,4197.15,4273.081,5213.74611637754
2025-03-02 23:30:00,4238.325,48,True,False,9.528,4.918,64.96000000000001,115,23,30,6,3,5.9719999999999995,4278.253,4233.903,4309.319,5215.435762210873
2025-03-03 00:00:00,5319.311,1,False,False,9.022,4.114,53.58,115,0,0,0,3,6.478,4238.325,4179.304,5250.257,5215.527887210873
2025-03-03 00:30:00,5281.861,2,False,False,9.33,3.7920000000000003,68.17999999999999,115,0,30,0,3,6.17,5319.311,4219.867,5281.535,5239.2780330442065
2025-03-03 01:00:00,5371.488,3,False,False,8.542,3.376,69.47999999999999,115,1,0,0,3,6.958,5281.861,4197.143,5304.4439999999995,5261.402908044206
2025-03-03 01:30:00,5288.5289999999995,4,False,False,8.73,3.7960000000000003,56.220000000000006,115,1,30,0,3,6.77,5371.488,4230.61,5310.196,5285.868428877539
2025-03-03 02:00:00,5279.828,5,False,False,8.288,3.4200000000000004,61.739999999999995,115,2,0,0,3,7.212,5288.5289999999995,4375.178,5427.469,5307.908408044206
2025-03-03 02:30:00,5357.093,6,False,False,8.006,3.8519999999999994,35.2,115,2,30,0,3,7.494,5279.828,4239.57,5361.01,5326.755283044206
2025-03-03 03:00:00,5440.132,7,False,False,7.836,4.918,60.239999999999995,115,3,0,0,3,7.664,5357.093,4280.906,5332.867,5350.037012210873
2025-03-03 03:30:00,5463.433,8,False,False,7.388,5.93,56.42,115,3,30,0,3,8.112,5440.132,4213.407,5460.6539999999995,5374.187553877539
2025-03-03 04:00:00,5526.575,9,False,False,7.174000000000001,3.94,59.08,115,4,0,0,3,8.325999999999999,5463.433,4398.935,5670.662,5400.229762210874
2025-03-03 04:30:00,5584.031,10,False,False,7.846000000000001,3.804,60.660000000000004,115,4,30,0,3,7.653999999999999,5526.575,4554.658,5735.013,5423.722262210872
2025-03-03 05:00:00,5952.038,11,False,False,6.2459999999999996,3.312,61.1,115,5,0,0,3,9.254000000000001,5584.031,4634.902,5968.32,5445.167533044206
2025-03-03 05:30:00,6114.982,12,False,False,7.114,4.151999999999999,61.67999999999999,115,5,30,0,3,8.386,5952.038,4864.498,6204.767,5472.60786637754
2025-03-03 06:00:00,6352.726,13,False,False,6.648000000000001,3.444,70.14,115,6,0,0,3,8.852,6114.982,5101.256,6568.217,5498.659616377539
2025-03-03 06:30:00,6895.217,14,False,False,5.788,3.3280000000000003,73.16,115,6,30,0,3,9.712,6352.726,5498.515,6912.56,5524.731908044207
2025-03-03 07:00:00,7285.585,15,False,False,5.788,3.87,51.06,115,7,0,0,3,9.712,6895.217,5731.875,7374.89,5553.8298663775395
2025-03-03 07:30:00,7578.609,16,False,False,7.008,2.9080000000000004,61.3,115,7,30,0,3,8.492,7285.585,6030.1,7737.053,5586.198824710872
2025-03-03 08:00:00,7991.78,17,False,False,7.122,3.8880000000000003,69.1,115,8,0,0,3,8.378,7578.609,6363.738,8043.264,5618.45942887754
2025-03-03 08:30:00,8308.867,18,False,False,5.672,3.3200000000000003,46.68,115,8,30,0,3,9.828,7991.78,6511.32,8303.704,5652.376970544206
2025-03-03 09:00:00,8203.862,19,False,False,6.6819999999999995,4.358,71.42,115,9,0,0,3,8.818000000000001,8308.867,6588.751,8247.976,5689.825866377539
2025-03-03 09:30:00,8110.212,20,False,False,7.159999999999999,3.5020000000000002,51.1,115,9,30,0,3,8.34,8203.862,6507.745,8290.838,5723.474012210873
2025-03-03 10:00:00,8059.972,21,False,False,6.2620000000000005,4.404,71.52000000000001,115,10,0,0,3,9.238,8110.212,6876.169586121899,8144.903,5756.858741377539
2025-03-03 10:30:00,7742.098,22,False,False,6.5120000000000005,3.972,72.9,115,10,30,0,3,8.988,8059.972,6133.908,7782.395,5781.521291666667
2025-03-03 11:00:00,7416.231,23,False,False,6.962000000000001,3.4839999999999995,62.32000000000001,115,11,0,0,3,8.538,7742.098,5766.158,7545.921,5815.02525
2025-03-03 11:30:00,7099.792,24,False,False,7.178,4.496,65.28,115,11,30,0,3,8.322,7416.231,5691.006,7097.85,5849.401770833333
2025-03-03 12:00:00,6949.331,25,False,False,6.688,5.298,53.86,115,12,0,0,3,8.812000000000001,7099.792,5393.982,6838.754,5878.751479166666
2025-03-03 12:30:00,6667.995,26,False,False,7.494,4.012,71.24,115,12,30,0,3,8.006,6949.331,5320.164,6762.705,5911.154583333333
2025-03-03 13:00:00,6605.898,27,False,False,7.556,2.816,54.260000000000005,115,13,0,0,3,7.944,6667.995,5210.02,6625.9710000000005,5939.234395833333
2025-03-03 13:30:00,6645.768,28,False,False,7.5280000000000005,4.7700000000000005,51.239999999999995,115,13,30,0,3,7.9719999999999995,6605.898,5330.382,6719.496,5968.315187499999
2025-03-03 14:00:00,6721.567,29,False,False,8.982,4.11,55.279999999999994,115,14,0,0,3,6.518000000000001,6645.768,5433.767,6835.058,5995.7190625
2025-03-03 14:30:00,6931.955,30,False,False,7.808,3.586,50.260000000000005,115,14,30,0,3,7.692,6721.567,5482.8369999999995,6839.117,6022.548229166667
2025-03-03 15:00:00,7002.54,31,False,False,9.7,4.49,54.660000000000004,115,15,0,0,3,5.800000000000001,6931.955,5572.428,7088.235,6052.7381875
2025-03-03 15:30:00,7138.559,32,False,False,9.623999999999999,4.548,52.02,115,15,30,0,3,5.876000000000001,7002.54,5622.185,7274.969,6082.5321875
2025-03-03 16:00:00,7424.406,33,False,False,8.994,3.75,46.879999999999995,115,16,0,0,3,6.506,7138.559,5750.939,7385.353,6114.1233125
2025-03-03 16:30:00,7424.767,34,False,False,9.578,4.838,55.4,115,16,30,0,3,5.922000000000001,7424.406,5890.884,7464.543,6148.987208333333
2025-03-03 17:00:00,7488.772,35,False,False,9.614,5.164,53.04,115,17,0,0,3,5.885999999999999,7424.767,5875.458,7505.252,6180.943104166668
2025-03-03 17:30:00,7362.775,36,False,False,8.988,3.3519999999999994,67.64,115,17,30,0,3,6.5120000000000005,7488.772,5822.224,7496.884,6214.553812499999
2025-03-03 18:00:00,7344.451,37,False,False,9.681999999999999,3.8520000000000003,67.0,115,18,0,0,3,5.818000000000001,7362.775,5802.412,7304.852,6246.648624999999
2025-03-03 18:30:00,7156.1179999999995,38,False,False,11.086,2.66,64.52000000000001,115,18,30,0,3,4.414,7344.451,5594.098,7199.59,6278.774437499999
2025-03-03 19:00:00,6951.832,39,False,False,9.568000000000001,3.3980000000000006,61.5,115,19,0,0,3,5.931999999999999,7156.1179999999995,5391.253,6928.18,6311.316520833333
2025-03-03 19:30:00,6764.724,40,False,False,9.178,4.312,52.64,115,19,30,0,3,6.321999999999999,6951.832,5298.759,6805.294,6343.828583333333
2025-03-03 20:00:00,6422.131,41,False,False,9.788,3.6,69.86,115,20,0,0,3,5.712,6764.724,5040.039,6518.1630000000005,6374.369520833333
2025-03-03 20:30:00,6206.145,42,False,False,9.754,2.1239999999999997,63.04,115,20,30,0,3,5.746,6422.131,4902.948,6231.345,6403.163104166666
2025-03-03 21:00:00,5934.88,43,False,False,9.803999999999998,3.678,71.58,115,21,0,0,3,5.6960000000000015,6206.145,4712.815,5975.272,6430.313041666667
2025-03-03 21:30:00,5808.579,44,False,False,9.132,3.5020000000000002,59.160000000000004,115,21,30,0,3,6.368,5934.88,4534.62,5840.492,6455.772729166667
2025-03-03 22:00:00,5654.025,45,False,False,9.064,3.974,67.67999999999999,115,22,0,0,3,6.436,5808.579,4412.366,5695.689,6482.313541666667
2025-03-03 22:30:00,5483.285,46,False,False,9.52,3.5200000000000005,70.52000000000001,115,22,30,0,3,5.98,5654.025,4244.661,5551.894,6508.181437499999
2025-03-03 23:00:00,5387.401,47,False,False,9.788,5.15,54.339999999999996,115,23,0,0,3,5.712,5483.285,4278.253,5449.668,6533.986104166667
2025-03-03 23:30:00,5372.934,48,False,False,9.309999999999999,3.338,60.660000000000004,115,23,30,0,3,6.190000000000001,5387.401,4238.325,5366.637,6557.093354166666
2025-03-04 00:00:00,5294.306,1,False,False,8.864,4.614,59.239999999999995,115,0,0,1,3,6.635999999999999,5372.934,5319.311,5376.492,6580.731041666666
2025-03-04 00:30:00,5250.054,2,False,False,9.690000000000001,3.526,56.52,115,0,30,1,3,5.809999999999999,5294.306,5281.861,5255.338,6580.210104166667
2025-03-04 01:00:00,5351.881,3,False,False,8.097999999999999,4.538,70.96000000000001,115,1,0,1,3,7.402000000000001,5250.054,5371.488,5407.532,6579.547458333333
2025-03-04 01:30:00,5271.426,4,False,False,9.032,3.966,59.120000000000005,115,1,30,1,3,6.468,5351.881,5288.5289999999995,5354.901,6579.138979166667
2025-03-04 02:00:00,5329.145,5,False,False,8.879999999999999,3.622,59.3,115,2,0,1,3,6.620000000000001,5271.426,5279.828,5400.447,6578.782666666666
2025-03-04 02:30:00,5368.922,6,False,False,8.3,4.08,57.46,115,2,30,1,3,7.199999999999999,5329.145,5357.093,5472.005,6579.810104166667
2025-03-04 03:00:00,5439.885,7,False,False,7.882,3.364,63.019999999999996,115,3,0,1,3,7.618,5368.922,5440.132,5457.4619999999995,6580.056541666666
2025-03-04 03:30:00,5545.201,8,False,False,7.616,2.4,59.279999999999994,115,3,30,1,3,7.884,5439.885,5463.433,5451.318,6580.051395833333
2025-03-04 04:00:00,5543.011,9,False,False,7.5680000000000005,4.242,53.739999999999995,115,4,0,1,3,7.9319999999999995,5545.201,5526.575,5691.107,6581.754895833333
2025-03-04 04:30:00,5623.14,10,False,False,7.876,4.366,47.739999999999995,115,4,30,1,3,7.624,5543.011,5584.031,5695.723,6582.097312499999
2025-03-04 05:00:00,5868.4220000000005,11,False,False,6.752000000000001,3.6020000000000003,63.92,115,5,0,1,3,8.748,5623.14,5952.038,5893.659,6582.912083333334
2025-03-04 05:30:00,6119.628,12,False,False,6.459999999999999,3.2900000000000005,65.94,115,5,30,1,3,9.040000000000001,5868.4220000000005,6114.982,6128.049,6581.170083333334
2025-03-04 06:00:00,6467.081,13,False,False,7.314,2.756,67.66,115,6,0,1,3,8.186,6119.628,6352.726,6474.655,6581.266875
2025-03-04 06:30:00,6788.173,14,False,False,7.0680000000000005,4.46,59.04,115,6,30,1,3,8.431999999999999,6467.081,6895.217,6881.407,6583.649270833333
2025-03-04 07:00:00,7262.93,15,False,False,5.9719999999999995,4.8740000000000006,55.379999999999995,115,7,0,1,3,9.528,6788.173,7285.585,7378.213,6581.4191875
2025-03-04 07:30:00,7718.135,16,False,False,5.586,3.4219999999999997,51.5,115,7,30,1,3,9.914,7262.93,7578.609,7774.707,6580.947208333334
2025-03-04 08:00:00,7932.282,17,False,False,6.294,3.8160000000000003,58.14,115,8,0,1,3,9.206,7718.135,7991.78,8141.308,6583.854
2025-03-04 08:30:00,8270.457,18,False,False,6.13,4.004,58.17999999999999,115,8,30,1,3,9.370000000000001,7932.282,8308.867,8295.685,6582.6144583333335
2025-03-04 09:00:00,8259.138,19,False,False,5.236,3.37,53.720000000000006,115,9,0,1,3,10.264,8270.457,8203.862,8398.232,6581.81425
2025-03-04 09:30:00,8299.295,20,False,False,5.724,3.688,55.279999999999994,115,9,30,1,3,9.776,8259.138,8110.212,8163.325,6582.965833333333
2025-03-04 10:00:00,8001.7880000000005,21,False,False,6.9,4.465999999999999,55.56,115,10,0,1,3,8.6,8299.295,8059.972,8140.456,6586.905062499999
2025-03-04 10:30:00,7742.99,22,False,False,6.5,4.322,61.42,115,10,30,1,3,9.0,8001.7880000000005,7742.098,7837.606,6585.692895833333
2025-03-04 11:00:00,7398.834,23,False,False,7.934,5.768,78.74,115,11,0,1,3,7.566,7742.99,7416.231,7488.697,6585.711479166667
2025-03-04 11:30:00,7128.411,24,False,False,6.684,4.656000000000001,63.0,115,11,30,1,3,8.815999999999999,7398.834,7099.792,7122.2970000000005,6585.349041666667
2025-03-04 12:00:00,6758.774,25,False,False,8.056000000000001,2.702,72.92,115,12,0,1,3,7.443999999999999,7128.411,6949.331,6792.135,6585.945270833334
2025-03-04 12:30:00,6609.991,26,False,False,7.794,3.6019999999999994,48.06,115,12,30,1,3,7.706,6758.774,6667.995,6685.87,6581.975333333333
2025-03-04 13:00:00,6677.073,27,False,False,6.634,3.5620000000000003,76.92,115,13,0,1,3,8.866,6609.991,6605.898,6622.062,6580.766916666667
2025-03-04 13:30:00,6622.576,28,False,False,8.142,4.284000000000001,74.38,115,13,30,1,3,7.3580000000000005,6677.073,6645.768,6619.408,6582.249729166667
2025-03-04 14:00:00,6675.307,29,False,False,8.654,4.978,54.42,115,14,0,1,3,6.846,6622.576,6721.567,6852.9529999999995,6581.7665625
2025-03-04 14:30:00,6869.284,30,False,False,8.796000000000001,5.122,42.7,115,14,30,1,3,6.703999999999999,6675.307,6931.955,6877.571,6580.802812499999
2025-03-04 15:00:00,7005.294,31,False,False,9.792,4.3,69.44000000000001,115,15,0,1,3,5.708,6869.284,7002.54,7006.314,6579.497166666667
2025-03-04 15:30:00,7215.379,32,False,False,8.792,3.588,73.02000000000001,115,15,30,1,3,6.708,7005.294,7138.559,7252.133,6579.554541666667
2025-03-04 16:00:00,7302.018,33,False,False,8.774000000000001,3.1599999999999997,68.38,115,16,0,1,3,6.725999999999999,7215.379,7424.406,7412.115,6581.154958333333
2025-03-04 16:30:00,7381.38,34,False,False,9.556000000000001,4.776,56.620000000000005,115,16,30,1,3,5.943999999999999,7302.018,7424.767,7520.939,6578.605208333333
2025-03-04 17:00:00,7309.524,35,False,False,11.308,3.114,72.08,115,17,0,1,3,4.192,7381.38,7488.772,7477.992,6577.7013125
2025-03-04 17:30:00,7390.717,36,False,False,10.098,2.88,66.96000000000001,115,17,30,1,3,5.401999999999999,7309.524,7362.775,7419.929,6573.9669791666665
2025-03-04 18:00:00,7294.244,37,False,False,10.138,3.2800000000000002,56.44,115,18,0,1,3,5.362,7390.717,7344.451,7476.26,6574.549104166667
2025-03-04 18:30:00,7158.573,38,False,False,9.928,4.182,49.56,115,18,30,1,3,5.571999999999999,7294.244,7156.1179999999995,7166.549,6573.503125
2025-03-04 19:00:00,6877.237,39,False,False,9.906,3.162,60.3,115,19,0,1,3,5.593999999999999,7158.573,6951.832,6992.769,6573.554270833333
2025-03-04 19:30:00,6688.068,40,False,False,10.225999999999999,4.684,57.94,115,19,30,1,3,5.274000000000001,6877.237,6764.724,6579.458,6572.000208333334
2025-03-04 20:00:00,6461.984,41,False,False,9.468,2.358,63.5,115,20,0,1,3,6.032,6688.068,6422.131,6419.321,6570.403208333334
2025-03-04 20:30:00,6204.003,42,False,False,10.24,3.22,62.56,115,20,30,1,3,5.26,6461.984,6206.145,6091.745,6571.233479166668
2025-03-04 21:00:00,6015.313,43,False,False,9.892,4.023999999999999,68.84,115,21,0,1,3,5.6080000000000005,6204.003,5934.88,5917.815,6571.188854166667
2025-03-04 21:30:00,5744.236,44,False,False,10.142,3.37,69.86,115,21,30,1,3,5.3580000000000005,6015.313,5808.579,5768.239,6572.864541666667
2025-03-04 22:00:00,5542.903,45,False,False,9.982,3.2299999999999995,54.2,115,22,0,1,3,5.518000000000001,5744.236,5654.025,5715.582,6571.5240625
2025-03-04 22:30:00,5500.983,46,False,False,9.676,4.194,67.64000000000001,115,22,30,1,3,5.824,5542.903,5483.285,5498.236,6569.209020833333
2025-03-04 23:00:00,5407.35,47,False,False,9.129999999999999,4.470000000000001,57.0,115,23,0,1,3,6.370000000000001,5500.983,5387.401,5446.8,6569.577729166666
2025-03-04 23:30:00,5268.747,48,False,False,10.431999999999999,4.76,66.82000000000001,115,23,30,1,3,5.068000000000001,5407.35,5372.934,5351.833,6569.993333333335
2025-03-05 00:00:00,5295.022,1,False,False,9.228,4.46,72.52000000000001,115,0,0,2,3,6.272,5268.747,5294.306,5296.67,6567.822770833333
2025-03-05 00:30:00,5298.717,2,False,False,9.724,3.186,59.52,115,0,30,2,3,5.776,5295.022,5250.054,5342.72,6567.837687499999
2025-03-05 01:00:00,5340.675,3,False,False,8.678,3.586,63.92,115,1,0,2,3,6.821999999999999,5298.717,5351.881,5346.954,6568.851500000001
2025-03-05 01:30:00,5376.937,4,False,False,7.964,4.294,54.739999999999995,115,1,30,2,3,7.536,5340.675,5271.426,5380.41,6568.618041666666
2025-03-05 02:00:00,5407.03,5,False,False,7.566,4.688,59.760000000000005,115,2,0,2,3,7.934,5376.937,5329.145,5315.214,6570.8161875000005
2025-03-05 02:30:00,5195.988,6,False,False,9.788,4.488,60.06,115,2,30,2,3,5.712,5407.03,5368.922,5366.4,6572.4387916666665
2025-03-05 03:00:00,5304.301,7,False,False,9.108,4.128,56.160000000000004,115,3,0,2,3,6.3919999999999995,5195.988,5439.885,5481.427,6568.836
2025-03-05 03:30:00,5375.428,8,False,False,8.22,3.374,57.2,115,3,30,2,3,7.279999999999999,5304.301,5545.201,5527.192,6566.011333333333
2025-03-05 04:00:00,5621.778,9,False,False,6.684,3.8259999999999996,60.739999999999995,115,4,0,2,3,8.815999999999999,5375.428,5543.011,5655.418,6562.474395833334
2025-03-05 04:30:00,5665.117,10,False,False,7.054,2.616,60.04,115,4,30,2,3,8.446,5621.778,5623.14,5749.011,6564.115375
2025-03-05 05:00:00,5870.045,11,False,False,7.275999999999999,3.4259999999999997,53.54,115,5,0,2,3,8.224,5665.117,5868.4220000000005,5964.046,6564.989895833333
2025-03-05 05:30:00,6029.794,12,False,False,7.603999999999999,3.4200000000000004,61.08,115,5,30,2,3,7.896000000000001,5870.045,6119.628,6204.513,6565.023708333333
2025-03-05 06:00:00,6476.12,13,False,False,6.602000000000001,4.354,56.239999999999995,115,6,0,2,3,8.898,6029.794,6467.081,6454.594,6563.152166666667
2025-03-05 06:30:00,6871.684,14,False,False,6.912000000000001,4.986,53.44,115,6,30,2,3,8.588,6476.12,6788.173,6893.232,6563.340479166666
2025-03-05 07:00:00,7282.533,15,False,False,5.970000000000001,4.772,48.04,115,7,0,2,3,9.53,6871.684,7262.93,7307.952,6565.080291666666
2025-03-05 07:30:00,7626.085,16,False,False,6.606,3.91,67.06,115,7,30,2,3,8.894,7282.533,7718.135,7662.347,6565.4886875
2025-03-05 08:00:00,7979.199,17,False,False,6.162000000000001,4.712000000000001,50.8,115,8,0,2,3,9.338,7626.085,7932.282,8054.547,6563.570979166667
2025-03-05 08:30:00,8232.057,18,False,False,6.1659999999999995,5.43,61.4,115,8,30,2,3,9.334,7979.199,8270.457,8319.115,6564.548416666666
2025-03-05 09:00:00,8217.092,19,False,False,6.795999999999999,2.602,53.220000000000006,115,9,0,2,3,8.704,8232.057,8259.138,8326.112,6563.748416666666
2025-03-05 09:30:00,8234.136,20,False,False,6.26,3.822,71.0,115,9,30,2,3,9.24,8217.092,8299.295,8123.707,6562.872458333334
2025-03-05 10:00:00,8006.809,21,False,False,6.112,4.238,64.78,115,10,0,2,3,9.388,8234.136,8001.7880000000005,8050.064,6561.514979166666
2025-03-05 10:30:00,7635.394,22,False,False,7.072,2.414,61.02,115,10,30,2,3,8.428,8006.809,7742.99,7751.9619999999995,6561.619583333333
2025-03-05 11:00:00,7420.282,23,False,False,7.306,3.5759999999999996,59.5,115,11,0,2,3,8.193999999999999,7635.394,7398.834,7333.436,6559.378
2025-03-05 11:30:00,7035.494,24,False,False,7.046000000000001,4.046,61.739999999999995,115,11,30,2,3,8.453999999999999,7420.282,7128.411,7129.157,6559.824833333333
2025-03-05 12:00:00,6889.605,25,False,False,7.553999999999999,4.238,49.0,115,12,0,2,3,7.946000000000001,7035.494,6758.774,6882.092,6557.889062499999
2025-03-05 12:30:00,6644.027,26,False,False,7.794,5.247999999999999,59.620000000000005,115,12,30,2,3,7.706,6889.605,6609.991,6745.25,6560.6147083333335
2025-03-05 13:00:00,6636.467,27,False,False,7.316,4.49,49.86,115,13,0,2,3,8.184000000000001,6644.027,6677.073,6559.512,6561.323791666667
2025-03-05 13:30:00,6622.383,28,False,False,8.348,4.082,65.7,115,13,30,2,3,7.151999999999999,6636.467,6622.576,6671.926,6560.477833333333
2025-03-05 14:00:00,6709.299,29,False,False,7.847999999999999,5.706,59.86,115,14,0,2,3,7.652000000000001,6622.383,6675.307,6815.247,6560.4738125
2025-03-05 14:30:00,6846.5289999999995,30,False,False,8.006,3.7120000000000006,47.739999999999995,115,14,30,2,3,7.494,6709.299,6869.284,6937.018,6561.181979166668
2025-03-05 15:00:00,7020.264,31,False,False,9.114,4.534,65.9,115,15,0,2,3,6.385999999999999,6846.5289999999995,7005.294,7153.474,6560.707916666666
2025-03-05 15:30:00,7248.246,32,False,False,8.836,4.104,65.34,115,15,30,2,3,6.664,7020.264,7215.379,7378.775,6561.019791666667
2025-03-05 16:00:00,7371.418,33,False,False,9.276,3.8240000000000003,53.67999999999999,115,16,0,2,3,6.224,7248.246,7302.018,7336.113,6561.704520833334
2025-03-05 16:30:00,7448.441,34,False,False,8.58,3.572,57.739999999999995,115,16,30,2,3,6.92,7371.418,7381.38,7556.172,6563.150354166667
2025-03-05 17:00:00,7481.813,35,False,False,9.318000000000001,3.6060000000000003,54.48,115,17,0,2,3,6.181999999999999,7448.441,7309.524,7416.711,6564.547458333333
2025-03-05 17:30:00,7367.354,36,False,False,10.08,5.220000000000001,57.98,115,17,30,2,3,5.42,7481.813,7390.717,7540.803,6568.1368125
2025-03-05 18:00:00,7362.674,37,False,False,9.472,4.212000000000001,54.220000000000006,115,18,0,2,3,6.0280000000000005,7367.354,7294.244,7385.98,6567.650083333334
2025-03-05 18:30:00,7205.966,38,False,False,8.956,3.7659999999999996,63.580000000000005,115,18,30,2,3,6.5440000000000005,7362.674,7158.573,7136.949,6569.075708333334
2025-03-05 19:00:00,6846.978,39,False,False,10.092,5.238,51.98,115,19,0,2,3,5.4079999999999995,7205.966,6877.237,6900.963,6570.0630625
2025-03-05 19:30:00,6646.1269999999995,40,False,False,10.645999999999999,4.484,62.96,115,19,30,2,3,4.854000000000001,6846.978,6688.068,6657.622,6569.432666666667
2025-03-05 20:00:00,6462.675,41,False,False,9.778,2.062,61.28000000000001,115,20,0,2,3,5.7219999999999995,6646.1269999999995,6461.984,6376.011,6568.558895833333
2025-03-05 20:30:00,6104.897,42,False,False,10.184000000000001,2.1119999999999997,51.36,115,20,30,2,3,5.315999999999999,6462.675,6204.003,6301.428,6568.573291666667
2025-03-05 21:00:00,5979.468,43,False,False,9.629999999999999,3.432,52.660000000000004,115,21,0,2,3,5.870000000000001,6104.897,6015.313,5928.253,6566.508583333333
2025-03-05 21:30:00,5623.225,44,False,False,11.014,3.72,57.720000000000006,115,21,30,2,3,4.486000000000001,5979.468,5744.236,5728.401,6565.7618125
2025-03-05 22:00:00,5669.39,45,False,False,9.266,5.204,37.760000000000005,115,22,0,2,3,6.234,5623.225,5542.903,5696.267,6563.24075
2025-03-05 22:30:00,5409.833,46,False,False,11.059999999999999,5.422,84.17999999999999,115,22,30,2,3,4.440000000000001,5669.39,5500.983,5498.767,6565.875895833334
2025-03-05 23:00:00,5417.43,47,False,False,9.968,4.366,45.160000000000004,115,23,0,2,3,5.532,5409.833,5407.35,5461.285,6563.9769375000005
2025-03-05 23:30:00,5251.85,48,False,False,9.872,3.8760000000000003,61.42,115,23,30,2,3,5.628,5417.43,5268.747,5338.782,6564.1869375
2025-03-06 00:00:00,5182.961,1,False,False,9.986,3.6659999999999995,59.15999999999999,115,0,0,3,3,5.513999999999999,5251.85,5295.022,5375.1630000000005,6563.834916666667
2025-03-06 00:30:00,5274.255,2,False,False,8.628,3.136,71.4,115,0,30,3,3,6.872,5182.961,5298.717,5342.132,6561.5003125
2025-03-06 01:00:00,5237.576,3,False,False,9.553999999999998,4.944,62.06,115,1,0,3,3,5.9460000000000015,5274.255,5340.675,5343.274,6560.990687500001
2025-03-06 01:30:00,5390.476,4,False,False,7.858,5.414,59.160000000000004,115,1,30,3,3,7.642,5237.576,5376.937,5350.487,6558.842791666667
2025-03-06 02:00:00,5401.825,5,False,False,8.31,4.901999999999999,52.14,115,2,0,3,3,7.1899999999999995,5390.476,5407.03,5230.479,6559.1248541666655
2025-03-06 02:30:00,5353.522,6,False,False,8.553999999999998,3.3619999999999997,59.94,115,2,30,3,3,6.9460000000000015,5401.825,5195.988,5419.044,6559.016416666666
2025-03-06 03:00:00,5447.076,7,False,False,7.014,4.926,66.28,115,3,0,3,3,8.486,5353.522,5304.301,5476.783,6562.298374999999
2025-03-06 03:30:00,5358.292,8,False,False,7.525999999999999,2.972,58.720000000000006,115,3,30,3,3,7.974000000000001,5447.076,5375.428,5518.601,6565.272854166667
2025-03-06 04:00:00,5588.241,9,False,False,6.473999999999999,4.462000000000001,71.8,115,4,0,3,3,9.026,5358.292,5621.778,5733.811,6564.915854166667
2025-03-06 04:30:00,5751.077,10,False,False,7.112,5.164,54.4,115,4,30,3,3,8.388,5588.241,5665.117,5877.75,6564.217166666666
2025-03-06 05:00:00,5799.285,11,False,False,7.045999999999999,4.498,64.92,115,5,0,3,3,8.454,5751.077,5870.045,5985.57,6566.007999999999
2025-03-06 05:30:00,6122.133,12,False,False,7.198,4.832,56.9,115,5,30,3,3,8.302,5799.285,6029.794,6237.157,6564.533833333334
2025-03-06 06:00:00,6465.916,13,False,False,6.845999999999999,5.0120000000000005,58.98,115,6,0,3,3,8.654,6122.133,6476.12,6509.965,6566.4575625
2025-03-06 06:30:00,6817.844,14,False,False,7.078,3.6420000000000003,60.04,115,6,30,3,3,8.422,6465.916,6871.684,6885.228,6566.244979166667
2025-03-06 07:00:00,7243.059,15,False,False,5.862,2.556,54.36,115,7,0,3,3,9.638,6817.844,7282.533,7238.611,6565.1233125
2025-03-06 07:30:00,7673.494,16,False,False,6.314,4.464,62.42,115,7,30,3,3,9.186,7243.059,7626.085,7507.933,6564.3009375
2025-03-06 08:00:00,8027.633,17,False,False,5.616,4.24,76.02000000000001,115,8,0,3,3,9.884,7673.494,7979.199,8039.711,6565.288625
2025-03-06 08:30:00,8269.914,18,False,False,5.7620000000000005,3.636,51.67999999999999,115,8,30,3,3,9.738,8027.633,8232.057,8221.685,6566.297666666666
2025-03-06 09:00:00,8296.041,19,False,False,6.258,3.6660000000000004,68.78,115,9,0,3,3,9.242,8269.914,8217.092,8261.448,6567.086354166667
2025-03-06 09:30:00,8236.854,20,False,False,6.148,3.4839999999999995,54.839999999999996,115,9,30,3,3,9.352,8296.041,8234.136,8343.5399144937,6568.731124999999
2025-03-06 10:00:00,8018.508,21,False,False,6.856,3.3899999999999997,54.760000000000005,115,10,0,3,3,8.644,8236.854,8006.809,8044.765,6568.7877499999995
2025-03-06 10:30:00,7731.914,22,False,False,6.674000000000001,3.804,50.17999999999999,115,10,30,3,3,8.825999999999999,8018.508,7635.394,7789.616,6569.031479166667
2025-03-06 11:00:00,7376.732,23,False,False,6.896000000000001,5.304,52.54,115,11,0,3,3,8.604,7731.914,7420.282,7405.339,6571.042312500001
2025-03-06 11:30:00,7074.733,24,False,False,7.578,3.694,60.02,115,11,30,3,3,7.922,7376.732,7035.494,7166.0960000000005,6570.135020833334
2025-03-06 12:00:00,6828.003,25,False,False,7.13,4.998,61.919999999999995,115,12,0,3,3,8.370000000000001,7074.733,6889.605,6876.51,6570.952499999999
2025-03-06 12:30:00,6731.519,26,False,False,7.246,4.087999999999999,58.58,115,12,30,3,3,8.254,6828.003,6644.027,6777.841,6569.669125
2025-03-06 13:00:00,6551.006,27,False,False,7.558,3.094,64.12,115,13,0,3,3,7.942,6731.519,6636.467,6619.639,6571.491875
2025-03-06 13:30:00,6592.383,28,False,False,7.622,3.974,68.56,115,13,30,3,3,7.878,6551.006,6622.383,6585.97,6569.711437500001
2025-03-06 14:00:00,6795.685,29,False,False,6.636,4.688,63.48,115,14,0,3,3,8.864,6592.383,6709.299,6836.629,6569.086437499999
2025-03-06 14:30:00,6793.379,30,False,False,9.437999999999999,5.232,56.6,115,14,30,3,3,6.062000000000001,6795.685,6846.5289999999995,6877.4439999999995,6570.886145833333
2025-03-06 15:00:00,7111.059,31,False,False,8.741999999999999,4.364,61.720000000000006,115,15,0,3,3,6.758000000000001,6793.379,7020.264,7162.509,6569.778854166667
2025-03-06 15:30:00,7158.086,32,False,False,9.040000000000001,4.524,56.52,115,15,30,3,3,6.459999999999999,7111.059,7248.246,7236.937,6571.670416666667
2025-03-06 16:00:00,7314.752,33,False,False,9.782,3.3560000000000003,64.16,115,16,0,3,3,5.718,7158.086,7371.418,7408.693,6569.792083333334
2025-03-06 16:30:00,7452.461,34,False,False,9.17,4.476000000000001,64.24,115,16,30,3,3,6.33,7314.752,7448.441,7426.25,6568.611541666666
2025-03-06 17:00:00,7461.1,35,False,False,10.38,2.762,57.96,115,17,0,3,3,5.119999999999999,7452.461,7481.813,7524.738,6568.695291666667
2025-03-06 17:30:00,7396.373,36,False,False,10.486,4.578,58.260000000000005,115,17,30,3,3,5.013999999999999,7461.1,7367.354,7522.851,6568.263770833334
2025-03-06 18:00:00,7247.202,37,False,False,10.766,5.484,52.720000000000006,115,18,0,3,3,4.734,7396.373,7362.674,7349.283,6568.868333333333
2025-03-06 18:30:00,7116.822,38,False,False,10.052,4.066,65.08,115,18,30,3,3,5.448,7247.202,7205.966,7153.129,6566.462666666666
2025-03-06 19:00:00,6947.47,39,False,False,10.053999999999998,4.414,53.32000000000001,115,19,0,3,3,5.4460000000000015,7116.822,6846.978,6901.334,6564.605500000001
2025-03-06 19:30:00,6636.748,40,False,False,10.604,3.126,58.06,115,19,30,3,3,4.896000000000001,6947.47,6646.1269999999995,6636.633,6566.699083333334
2025-03-06 20:00:00,6484.494,41,False,False,10.484,3.4239999999999995,67.62,115,20,0,3,3,5.016,6636.748,6462.675,6380.046,6566.5036875
2025-03-06 20:30:00,6165.492,42,False,False,10.447999999999999,4.714,57.5,115,20,30,3,3,5.052000000000001,6484.494,6104.897,6177.2570000000005,6566.95825
2025-03-06 21:00:00,5924.471,43,False,False,10.586,3.4939999999999998,56.98,115,21,0,3,3,4.914,6165.492,5979.468,5970.845,6568.220645833334
2025-03-06 21:30:00,5717.048,44,False,False,10.495999999999999,4.328,51.98,115,21,30,3,3,5.004000000000001,5924.471,5623.225,5853.944,6567.074874999999
2025-03-06 22:00:00,5624.462,45,False,False,10.73,4.948,74.17999999999999,115,22,0,3,3,4.77,5717.048,5669.39,5716.178,6569.029520833334
2025-03-06 22:30:00,5415.789,46,False,False,10.472,5.17,62.339999999999996,115,22,30,3,3,5.0280000000000005,5624.462,5409.833,5452.84,6568.093520833333
2025-03-06 23:00:00,5487.109,47,False,False,10.282,3.316,68.0,115,23,0,3,3,5.218,5415.789,5417.43,5444.394,6568.217604166665
2025-03-06 23:30:00,5378.117,48,False,False,9.542,3.9479999999999995,58.94,115,23,30,3,3,5.958,5487.109,5251.85,5406.659,6569.669249999999
2025-03-07 00:00:00,5192.255,1,False,False,9.506,5.07,78.53999999999999,115,0,0,4,3,5.994,5378.117,5182.961,5307.361,6572.2998125
2025-03-07 00:30:00,5189.29,2,False,False,9.331999999999999,3.2840000000000003,48.64,115,0,30,4,3,6.168000000000001,5192.255,5274.255,5276.778,6572.4934375
2025-03-07 01:00:00,5339.874,3,False,False,8.686,4.252,63.279999999999994,115,1,0,4,3,6.814,5189.29,5237.576,5257.379,6570.723333333332
2025-03-07 01:30:00,5323.338,4,False,False,8.564,4.338,62.339999999999996,115,1,30,4,3,6.936,5339.874,5390.476,5280.489,6572.854541666667
2025-03-07 02:00:00,5362.632,5,False,False,8.142,4.324,50.379999999999995,115,2,0,4,3,7.3580000000000005,5323.338,5401.825,5374.147,6571.455833333333
2025-03-07 02:30:00,5368.081,6,False,False,8.232,4.496,60.620000000000005,115,2,30,4,3,7.268000000000001,5362.632,5353.522,5430.871,6570.6393125
2025-03-07 03:00:00,5388.603,7,False,False,7.401999999999999,5.024,62.720000000000006,115,3,0,4,3,8.098,5368.081,5447.076,5366.545,6570.942625
2025-03-07 03:30:00,5452.205,8,False,False,7.595000000000001,4.056,54.879999999999995,115,3,30,4,3,7.904999999999999,5388.603,5358.292,5490.918,6569.7244375
2025-03-07 04:00:00,5531.407,9,False,False,7.7700000000000005,5.072,52.04,115,4,0,4,3,7.7299999999999995,5452.205,5588.241,5608.848,6571.680958333333
2025-03-07 04:30:00,5718.396,10,False,False,7.388,3.4159999999999995,68.78,115,4,30,4,3,8.112,5531.407,5751.077,5782.044,6570.496916666667
2025-03-07 05:00:00,5985.888,11,False,False,6.336,3.508,57.56,115,5,0,4,3,9.164,5718.396,5799.285,5852.662,6569.816062500001
2025-03-07 05:30:00,6146.302,12,False,False,7.198,5.1259999999999994,69.66,115,5,30,4,3,8.302,5985.888,6122.133,6133.99,6573.703624999999
2025-03-07 06:00:00,6450.48,13,False,False,6.632000000000001,3.3280000000000003,62.14000000000001,115,6,0,4,3,8.867999999999999,6146.302,6465.916,6495.923,6574.207145833334
2025-03-07 06:30:00,6810.498,14,False,False,6.061999999999999,4.2,61.92,115,6,30,4,3,9.438,6450.48,6817.844,6843.956,6573.8855625
2025-03-07 07:00:00,7244.454,15,False,False,7.136,2.878,49.239999999999995,115,7,0,4,3,8.364,6810.498,7243.059,7377.074,6573.732520833334
2025-03-07 07:30:00,7678.162,16,False,False,6.494,5.182,64.67999999999999,115,7,30,4,3,9.006,7244.454,7673.494,7752.91,6573.761583333333
2025-03-07 08:00:00,8019.443,17,False,False,6.388,4.878,49.06,115,8,0,4,3,9.112,7678.162,8027.633,8045.119,6573.858833333333
2025-03-07 08:30:00,8145.021,18,False,False,6.65,2.556,72.26,115,8,30,4,3,8.85,8019.443,8269.914,8203.595,6573.688208333334
2025-03-07 09:00:00,8277.676,19,False,False,6.048,5.002,60.0,115,9,0,4,3,9.452,8145.021,8296.041,8289.377,6571.0862708333325
2025-03-07 09:30:00,8272.023,20,False,False,6.13,4.49,68.24,115,9,30,4,3,9.370000000000001,8277.676,8236.854,8157.305,6570.703666666667
2025-03-07 10:00:00,8025.235,21,False,False,7.8340000000000005,3.624,72.06,115,10,0,4,3,7.6659999999999995,8272.023,8018.508,8011.088,6571.436354166667
2025-03-07 10:30:00,7739.45,22,False,False,7.132,5.401999999999999,64.03999999999999,115,10,30,4,3,8.368,8025.235,7731.914,7800.736,6571.576499999999
2025-03-07 11:00:00,7412.292,23,False,False,7.1,4.372,68.94,115,11,0,4,3,8.4,7739.45,7376.732,7417.659,6571.733499999999
2025-03-07 11:30:00,7048.402,24,False,False,6.99,5.294,50.9,115,11,30,4,3,8.51,7412.292,7074.733,7072.7119999999995,6572.474333333333
2025-03-07 12:00:00,6732.63,25,False,False,7.796000000000001,4.332,44.88,115,12,0,4,3,7.703999999999999,7048.402,6828.003,6876.13,6571.925770833334
2025-03-07 12:30:00,6669.961,26,False,False,7.766,3.8120000000000003,54.5,115,12,30,4,3,7.734,6732.63,6731.519,6779.928,6569.938833333334
2025-03-07 13:00:00,6586.542,27,False,False,7.7299999999999995,6.16,51.5,115,13,0,4,3,7.7700000000000005,6669.961,6551.006,6564.65,6568.656375000001
2025-03-07 13:30:00,6605.089,28,False,False,8.35,4.2780000000000005,70.96000000000001,115,13,30,4,3,7.15,6586.542,6592.383,6586.286,6569.396708333333
2025-03-07 14:00:00,6738.205,29,False,False,8.262,4.196,63.02,115,14,0,4,3,7.2379999999999995,6605.089,6795.685,6758.366,6569.661416666667
2025-03-07 14:30:00,6856.325,30,False,False,8.34,3.75,49.42,115,14,30,4,3,7.16,6738.205,6793.379,6848.546,6568.463916666667
2025-03-07 15:00:00,6979.433,31,False,False,9.652,3.934,61.260000000000005,115,15,0,4,3,5.848000000000001,6856.325,7111.059,7107.892,6569.775291666666
2025-03-07 15:30:00,7162.684,32,False,False,9.624,3.778,55.379999999999995,115,15,30,4,3,5.8759999999999994,6979.433,7158.086,7250.019,6567.033083333333
2025-03-07 16:00:00,7358.497,33,False,False,9.626,4.002000000000001,64.47999999999999,115,16,0,4,3,5.8740000000000006,7162.684,7314.752,7468.875,6567.128874999999
2025-03-07 16:30:00,7437.946,34,False,False,9.784,3.8840000000000003,53.08,115,16,30,4,3,5.715999999999999,7358.497,7452.461,7531.109,6568.040229166666
2025-03-07 17:00:00,7515.113,35,False,False,9.184000000000001,5.212000000000001,68.62,115,17,0,4,3,6.315999999999999,7437.946,7461.1,7506.066,6567.737833333333
2025-03-07 17:30:00,7557.434,36,False,False,8.858,4.878,70.92,115,17,30,4,3,6.6419999999999995,7515.113,7396.373,7444.617,6568.863104166667
2025-03-07 18:00:00,7301.42,37,False,False,9.991999999999999,4.018,60.260000000000005,115,18,0,4,3,5.508000000000001,7557.434,7247.202,7345.055,6572.218541666666
2025-03-07 18:30:00,7072.322,38,False,False,10.966,2.7,48.14,115,18,30,4,3,4.534000000000001,7301.42,7116.822,7113.538,6573.348083333333
2025-03-07 19:00:00,6870.903,39,False,False,11.174000000000001,4.074,50.72,115,19,0,4,3,4.325999999999999,7072.322,6947.47,7062.854,6572.420999999999
2025-03-07 19:30:00,6537.771,40,False,False,10.692,4.122,58.239999999999995,115,19,30,4,3,4.808,6870.903,6636.748,6708.324,6570.825854166666
2025-03-07 20:00:00,6396.22,41,False,False,10.376,4.1,72.17999999999999,115,20,0,4,3,5.1240000000000006,6537.771,6484.494,6438.888,6568.763833333333
2025-03-07 20:30:00,6217.333,42,False,False,10.425999999999998,2.896,47.440000000000005,115,20,30,4,3,5.074000000000002,6396.22,6165.492,6249.39,6566.924791666667
2025-03-07 21:00:00,5975.484,43,False,False,10.556000000000001,4.964,63.4,115,21,0,4,3,4.943999999999999,6217.333,5924.471,5902.132,6568.004812499999
2025-03-07 21:30:00,5607.126,44,False,False,11.386,5.116,66.42,115,21,30,4,3,4.114000000000001,5975.484,5717.048,5800.831,6569.0675833333335
2025-03-07 22:00:00,5615.031,45,False,False,9.744,3.2920000000000003,48.1,115,22,0,4,3,5.756,5607.126,5624.462,5658.246,6566.777541666666
2025-03-07 22:30:00,5461.297,46,False,False,10.024,4.502000000000001,54.739999999999995,115,22,30,4,3,5.476000000000001,5615.031,5415.789,5459.661,6566.5810625
2025-03-07 23:00:00,5399.785,47,False,False,10.2,5.414,60.65999999999999,115,23,0,4,3,5.300000000000001,5461.297,5487.109,5397.0109999999995,6567.529145833334
2025-03-07 23:30:00,5280.129,48,False,False,10.248000000000001,2.8920000000000003,56.84000000000001,115,23,30,4,3,5.251999999999999,5399.785,5378.117,5281.47,6565.709895833334
2025-03-08 00:00:00,4100.285,1,True,False,9.552,3.524,69.86,115,0,0,5,3,5.948,5280.129,5192.255,4176.008,6563.668479166667
2025-03-08 00:30:00,4156.603,2,True,False,8.8,3.396,68.55999999999999,115,0,30,5,3,6.699999999999999,4100.285,5189.29,4099.635,6540.919104166666
2025-03-08 01:00:00,4159.19,3,True,False,8.782,3.18,66.78,115,1,0,5,3,6.718,4156.603,5339.874,4067.235,6519.404791666667
2025-03-08 01:30:00,4112.874,4,True,False,9.73,3.412,57.94,115,1,30,5,3,5.77,4159.19,5323.338,4098.591,6494.807208333333
2025-03-08 02:00:00,4117.106,5,True,False,9.658,3.04,58.279999999999994,115,2,0,5,3,5.8420000000000005,4112.874,5362.632,4237.222,6469.589208333334
2025-03-08 02:30:00,4236.274,6,True,False,7.948,2.584,58.54,115,2,30,5,3,7.552,4117.106,5368.081,4202.153,6443.64075
2025-03-08 03:00:00,4235.622,7,True,False,7.688,4.0,64.2,115,3,0,5,3,7.812,4236.274,5388.603,4200.453,6420.0614375000005
2025-03-08 03:30:00,4307.468,8,True,False,7.138,4.566,67.47999999999999,115,3,30,5,3,8.362,4235.622,5452.205,4323.37,6396.041
2025-03-08 04:00:00,4388.452,9,True,False,7.954000000000001,5.144,64.24,115,4,0,5,3,7.545999999999999,4307.468,5531.407,4467.295,6372.1923125
2025-03-08 04:30:00,4465.027,10,True,False,7.254,4.148,55.46,115,4,30,5,3,8.246,4388.452,5718.396,4542.179,6348.38075
2025-03-08 05:00:00,4648.317,11,True,False,7.614,4.061999999999999,67.66,115,5,0,5,3,7.886,4465.027,5985.888,4627.714,6322.268895833334
2025-03-08 05:30:00,4866.924,12,True,False,6.824000000000001,3.4839999999999995,61.44,115,5,30,5,3,8.675999999999998,4648.317,6146.302,4888.5509999999995,6294.402833333334
2025-03-08 06:00:00,5073.594,13,True,False,7.223999999999999,5.09,60.56,115,6,0,5,3,8.276,4866.924,6450.48,5214.444,6267.749124999999
2025-03-08 06:30:00,5482.931,14,True,False,5.779999999999999,4.9,61.82000000000001,115,6,30,5,3,9.72,5073.594,6810.498,5451.439,6239.063999999999
2025-03-08 07:00:00,5800.439,15,True,False,5.63,3.0420000000000003,58.96,115,7,0,5,3,9.870000000000001,5482.931,7244.454,5786.049,6211.4063541666665
2025-03-08 07:30:00,6049.574,16,True,False,5.604,3.946,61.220000000000006,115,7,30,5,3,9.896,5800.439,7678.162,5989.135,6181.322708333333
2025-03-08 08:00:00,6304.64,17,True,False,6.401999999999999,2.7079999999999997,62.1,115,8,0,5,3,9.098,6049.574,8019.443,6247.478,6147.393791666666
2025-03-08 08:30:00,6349.9220000000005,18,True,False,6.715999999999999,6.542,62.44,115,8,30,5,3,8.784,6304.64,8145.021,6522.981,6111.668729166667
2025-03-08 09:00:00,6517.973,19,True,False,5.7,3.25,54.339999999999996,115,9,0,5,3,9.8,6349.9220000000005,8277.676,6512.478,6074.270833333333
2025-03-08 09:30:00,6521.289,20,True,False,5.986,3.9659999999999997,57.720000000000006,115,9,30,5,3,9.514,6517.973,8272.023,6496.491,6037.610354166667
2025-03-08 10:00:00,6215.507,21,True,False,7.936,3.4939999999999998,54.48,115,10,0,5,3,7.564,6521.289,8025.235,6381.118,6001.1367291666675
2025-03-08 10:30:00,6094.094,22,True,False,7.0920000000000005,3.78,57.46,115,10,30,5,3,8.408,6215.507,7739.45,6063.356,5963.4340625
2025-03-08 11:00:00,5833.269,23,True,False,6.586,3.81,56.8,115,11,0,5,3,8.914,6094.094,7412.292,5901.519,5929.1558125
2025-03-08 11:30:00,5663.497,24,True,False,6.730000000000001,4.432,62.540000000000006,115,11,30,5,3,8.77,5833.269,7048.402,5708.674,5896.2595
2025-03-08 12:00:00,5352.915,25,True,False,7.096000000000001,4.932,56.160000000000004,115,12,0,5,3,8.404,5663.497,6732.63,5370.016,5867.4073124999995
2025-03-08 12:30:00,5276.076,26,True,False,7.734,4.9159999999999995,66.72,115,12,30,5,3,7.766,5352.915,6669.961,5293.508,5838.6632500000005
2025-03-08 13:00:00,5252.377,27,True,False,7.5120000000000005,3.8379999999999996,54.4,115,13,0,5,3,7.9879999999999995,5276.076,6586.542,5151.205,5809.623979166667
2025-03-08 13:30:00,5199.852,28,True,False,7.794,4.704,69.52000000000001,115,13,30,5,3,7.706,5252.377,6605.089,5290.63,5781.828875
2025-03-08 14:00:00,5207.7699999999995,29,True,False,8.782,2.278,66.3,115,14,0,5,3,6.718,5199.852,6738.205,5274.83,5752.553104166666
2025-03-08 14:30:00,5414.125,30,True,False,8.495999999999999,2.252,49.720000000000006,115,14,30,5,3,7.004000000000001,5207.7699999999995,6856.325,5466.597,5720.669041666667
2025-03-08 15:00:00,5461.29,31,True,False,9.604000000000001,4.346,55.58,115,15,0,5,3,5.895999999999999,5414.125,6979.433,5501.4619999999995,5690.623208333333
2025-03-08 15:30:00,5679.589,32,True,False,8.58,4.76,58.239999999999995,115,15,30,5,3,6.92,5461.29,7162.684,5666.519,5658.995229166667
2025-03-08 16:00:00,5747.258,33,True,False,9.22,5.172,61.160000000000004,115,16,0,5,3,6.279999999999999,5679.589,7358.497,5724.826,5628.0974166666665
2025-03-08 16:30:00,5816.678,34,True,False,10.214,4.593999999999999,75.34,115,16,30,5,3,5.286,5747.258,7437.946,5811.352,5594.5299375
2025-03-08 17:00:00,5778.693,35,True,False,9.574,4.846,63.0,115,17,0,5,3,5.926,5816.678,7515.113,5915.417,5560.753520833333
2025-03-08 17:30:00,5883.187,36,True,False,9.825999999999999,5.554,53.620000000000005,115,17,30,5,3,5.674000000000001,5778.693,7557.434,5768.492,5524.578104166667
2025-03-08 18:00:00,5555.673,37,True,False,10.982000000000001,4.5200000000000005,63.0,115,18,0,5,3,4.517999999999999,5883.187,7301.42,5795.402,5489.697958333333
2025-03-08 18:30:00,5525.49,38,True,False,10.540000000000001,2.7640000000000002,65.32000000000001,115,18,30,5,3,4.959999999999999,5555.673,7072.322,5571.175,5453.3282291666665
2025-03-08 19:00:00,5386.873,39,True,False,10.612,5.558,60.279999999999994,115,19,0,5,3,4.888,5525.49,6870.903,5462.739,5421.102562499999
2025-03-08 19:30:00,5156.838,40,True,False,10.690000000000001,5.042,51.46,115,19,30,5,3,4.809999999999999,5386.873,6537.771,5314.003,5390.185270833334
2025-03-08 20:00:00,4981.759,41,True,False,10.546,4.182,72.4,115,20,0,5,3,4.954000000000001,5156.838,6396.22,5008.174,5361.4158333333335
2025-03-08 20:30:00,4868.669,42,True,False,9.912,4.934,66.38,115,20,30,5,3,5.587999999999999,4981.759,6217.333,4795.675,5331.947895833333
2025-03-08 21:00:00,4713.27,43,True,False,9.864,5.332,76.47999999999999,115,21,0,5,3,5.635999999999999,4868.669,5975.484,4644.034,5303.850729166667
2025-03-08 21:30:00,4511.761,44,True,False,9.144,4.502000000000001,55.339999999999996,115,21,30,5,3,6.356,4713.27,5607.126,4489.098,5277.554604166667
2025-03-08 22:00:00,4354.211,45,True,False,10.703999999999999,3.4200000000000004,51.339999999999996,115,22,0,5,3,4.796000000000001,4511.761,5615.031,4449.727,5254.7345
2025-03-08 22:30:00,4339.663,46,True,False,9.546000000000001,6.544,57.779999999999994,115,22,30,5,3,5.953999999999999,4354.211,5461.297,4354.185,5228.467416666667
2025-03-08 23:00:00,4267.927,47,True,False,9.358,3.5700000000000003,72.24000000000001,115,23,0,5,3,6.1419999999999995,4339.663,5399.785,4197.15,5205.100041666667
2025-03-08 23:30:00,4189.218,48,True,False,10.084,4.534,54.94,115,23,30,5,3,5.416,4267.927,5280.129,4233.903,5181.519666666667
2025-03-09 00:00:00,4133.06,1,True,False,9.428,5.448,51.98,115,0,0,6,3,6.071999999999999,4189.218,4100.285,4179.304,5158.792354166667
2025-03-09 00:30:00,4013.038,2,True,False,10.228,3.008,61.260000000000005,115,0,30,6,3,5.272,4133.06,4156.603,4219.867,5159.475166666666
2025-03-09 01:00:00,4062.995,3,True,False,9.168000000000001,3.4839999999999995,52.5,115,1,0,6,3,6.331999999999999,4013.038,4159.19,4197.143,5156.484229166666
2025-03-09 01:30:00,4138.237,4,True,False,8.776,4.322,55.32000000000001,115,1,30,6,3,6.724,4062.995,4112.874,4230.61,5154.480166666666
2025-03-09 02:00:00,4177.178,5,True,False,8.896,3.2700000000000005,63.8,115,2,0,6,3,6.603999999999999,4138.237,4117.106,4375.178,5155.0085625
2025-03-09 02:30:00,4224.571,6,True,False,8.544,3.138,73.02000000000001,115,2,30,6,3,6.9559999999999995,4177.178,4236.274,4239.57,5156.2600625000005
2025-03-09 03:00:00,4171.035,7,True,False,8.412,3.836,50.440000000000005,115,3,0,6,3,7.087999999999999,4224.571,4235.622,4280.906,5156.01625
2025-03-09 03:30:00,4407.44,8,True,False,6.886,3.4200000000000004,63.959999999999994,115,3,30,6,3,8.614,4171.035,4307.468,4213.407,5154.6706875
2025-03-09 04:00:00,4450.596,9,True,False,7.336,4.0920000000000005,57.82000000000001,115,4,0,6,3,8.164,4407.44,4388.452,4398.935,5156.7534375000005
2025-03-09 04:30:00,4578.92,10,True,False,6.356,2.638,52.36,115,4,30,6,3,9.144,4450.596,4465.027,4554.658,5158.048104166666
2025-03-09 05:00:00,4671.124,11,True,False,7.016,3.846,46.2,115,5,0,6,3,8.484,4578.92,4648.317,4634.902,5160.420875000001
2025-03-09 05:30:00,4838.536,12,True,False,7.308,4.587999999999999,53.720000000000006,115,5,30,6,3,8.192,4671.124,4866.924,4864.498,5160.896020833333
2025-03-09 06:00:00,5027.818,13,True,False,7.626,3.438,44.72,115,6,0,6,3,7.874,4838.536,5073.594,5101.256,5160.304604166667
2025-03-09 06:30:00,5398.2880000000005,14,True,False,6.502,4.914,59.4,115,6,30,6,3,8.998000000000001,5027.818,5482.931,5498.515,5159.3509375
2025-03-09 07:00:00,5670.865,15,True,False,6.965999999999999,3.032,58.42,115,7,0,6,3,8.534,5398.2880000000005,5800.439,5731.875,5157.587541666667
2025-03-09 07:30:00,5911.007,16,True,False,6.258,3.9239999999999995,68.96000000000001,115,7,30,6,3,9.242,5670.865,6049.574,6030.1,5154.888083333333
2025-03-09 08:00:00,6272.512,17,True,False,6.514,4.224,51.94,115,8,0,6,3,8.986,5911.007,6304.64,6363.738,5152.001270833333
2025-03-09 08:30:00,6471.484,18,True,False,6.138,4.436,54.919999999999995,115,8,30,6,3,9.362,6272.512,6349.9220000000005,6511.32,5151.3319375
2025-03-09 09:00:00,6504.873,19,True,False,7.354000000000001,4.2,57.660000000000004,115,9,0,6,3,8.145999999999999,6471.484,6517.973,6588.751,5153.864479166667
2025-03-09 09:30:00,6432.572,20,True,False,7.184,3.0919999999999996,68.53999999999999,115,9,30,6,3,8.315999999999999,6504.873,6521.289,6507.745,5153.5915625
2025-03-09 10:00:00,6333.567,21,True,False,7.3420000000000005,4.848000000000001,56.3,115,10,0,6,3,8.158,6432.572,6215.507,6876.169586121899,5151.743291666667
2025-03-09 10:30:00,6130.2390000000005,22,True,False,6.2,3.258,55.54,115,10,30,6,3,9.3,6333.567,6094.094,6133.908,5154.202875
2025-03-09 11:00:00,5856.749,23,True,False,7.562,5.582,66.12,115,11,0,6,3,7.938,6130.2390000000005,5833.269,5766.158,5154.955895833333
2025-03-09 11:30:00,5526.207,24,True,False,7.268000000000001,3.4840000000000004,57.44000000000001,115,11,30,6,3,8.232,5856.749,5663.497,5691.006,5155.4450625
2025-03-09 12:00:00,5365.123,25,True,False,7.764,2.7619999999999996,52.17999999999999,115,12,0,6,3,7.736,5526.207,5352.915,5393.982,5152.584854166666
2025-03-09 12:30:00,5236.237,26,True,False,7.8,4.33,51.720000000000006,115,12,30,6,3,7.7,5365.123,5276.076,5320.164,5152.8391875
2025-03-09 13:00:00,5187.095,27,True,False,7.936,4.6659999999999995,64.06,115,13,0,6,3,7.564,5236.237,5252.377,5210.02,5152.009208333334
2025-03-09 13:30:00,5194.847,28,True,False,8.010000000000002,3.408,63.239999999999995,115,13,30,6,3,7.489999999999998,5187.095,5199.852,5330.382,5150.649166666667
2025-03-09 14:00:00,5292.059,29,True,False,8.23,4.6,80.9,115,14,0,6,3,7.27,5194.847,5207.7699999999995,5433.767,5150.544895833334
2025-03-09 14:30:00,5432.36,30,True,False,8.0,2.9219999999999997,73.2,115,14,30,6,3,7.5,5292.059,5414.125,5482.8369999999995,5152.300916666666
2025-03-09 15:00:00,5521.932,31,True,False,8.834,4.784000000000001,58.260000000000005,115,15,0,6,3,6.666,5432.36,5461.29,5572.428,5152.6808125
2025-03-09 15:30:00,5688.742,32,True,False,8.672,5.018,63.64,115,15,30,6,3,6.827999999999999,5521.932,5679.589,5622.185,5153.9441875
2025-03-09 16:00:00,5687.478,33,True,False,9.416,4.562,54.0,115,16,0,6,3,6.084,5688.742,5747.258,5750.939,5154.134875000001
2025-03-09 16:30:00,5805.632,34,True,False,10.216,3.7399999999999998,76.38,115,16,30,6,3,5.284000000000001,5687.478,5816.678,5890.884,5152.889458333333
2025-03-09 17:00:00,5860.662,35,True,False,9.386,2.948,66.0,115,17,0,6,3,6.114000000000001,5805.632,5778.693,5875.458,5152.659333333333
2025-03-09 17:30:00,5725.521,36,True,False,10.226,4.828,50.0,115,17,30,6,3,5.273999999999999,5860.662,5883.187,5822.224,5154.367020833333
2025-03-09 18:00:00,5764.6539999999995,37,True,False,9.604,3.364,58.2,115,18,0,6,3,5.896000000000001,5725.521,5555.673,5802.412,5151.0823125
2025-03-09 18:30:00,5501.796,38,True,False,10.606,4.046,56.260000000000005,115,18,30,6,3,4.894,5764.6539999999995,5525.49,5594.098,5155.436083333333
2025-03-09 19:00:00,5431.479,39,True,False,10.370000000000001,3.7960000000000003,54.660000000000004,115,19,0,6,3,5.129999999999999,5501.796,5386.873,5391.253,5154.942458333334
2025-03-09 19:30:00,5172.659,40,True,False,10.437999999999999,4.758,53.620000000000005,115,19,30,6,3,5.062000000000001,5431.479,5156.838,5298.759,5155.871749999999
2025-03-09 20:00:00,5054.542,41,True,False,10.186,3.7079999999999997,59.96,115,20,0,6,3,5.314,5172.659,4981.759,5040.039,5156.2013541666665
2025-03-09 20:30:00,4765.706,42,True,False,11.004,4.416,67.12,115,20,30,6,3,4.496,5054.542,4868.669,4902.948,5157.717666666666
2025-03-09 21:00:00,4610.363,43,True,False,11.384,5.67,54.02,115,21,0,6,3,4.116,4765.706,4713.27,4712.815,5155.572604166667
2025-03-09 21:30:00,4469.189,44,True,False,10.788,3.408,46.019999999999996,115,21,30,6,3,4.712,4610.363,4511.761,4534.62,5153.428708333334
2025-03-09 22:00:00,4374.329,45,True,False,10.088,5.59,62.5,115,22,0,6,3,5.412000000000001,4469.189,4354.211,4412.366,5152.5417916666665
2025-03-09 22:30:00,4362.056,46,True,False,9.574,4.26,58.1,115,22,30,6,3,5.926,4374.329,4339.663,4244.661,5152.960916666666
2025-03-09 23:00:00,4332.871,47,True,False,9.437999999999999,3.6980000000000004,64.26,115,23,0,6,3,6.062000000000001,4362.056,4267.927,4278.253,5153.4274374999995
2025-03-09 23:30:00,4170.992,48,True,False,10.208,3.5480000000000005,52.919999999999995,115,23,30,6,3,5.292,4332.871,4189.218,4238.325,5154.7804375
2025-03-10 00:00:00,5235.314,1,False,False,9.668000000000001,3.012,66.4,115,0,0,0,3,5.831999999999999,4170.992,4133.06,5319.311,5154.400729166667
2025-03-10 00:30:00,5198.197,2,False,False,10.11,4.058,71.58,115,0,30,0,3,5.390000000000001,5235.314,4013.038,5281.861,5177.364354166667
2025-03-10 01:00:00,5306.16,3,False,False,9.475999999999999,2.4859999999999998,61.58,115,1,0,0,3,6.024000000000001,5198.197,4062.995,5371.488,5202.055166666666
2025-03-10 01:30:00,5331.763,4,False,False,8.4,3.5060000000000002,64.53999999999999,115,1,30,0,3,7.1,5306.16,4138.237,5288.5289999999995,5227.9544375
2025-03-10 02:00:00,5372.586,5,False,False,8.488,4.1,60.9,115,2,0,0,3,7.0120000000000005,5331.763,4177.178,5279.828,5252.8195625
2025-03-10 02:30:00,5286.123,6,False,False,8.52,3.186,55.98,115,2,30,0,3,6.98,5372.586,4224.571,5357.093,5277.723895833334
2025-03-10 03:00:00,5429.085,7,False,False,7.6579999999999995,4.412000000000001,62.5,115,3,0,0,3,7.8420000000000005,5286.123,4171.035,5440.132,5299.8395625
2025-03-10 03:30:00,5421.817,8,False,False,7.840000000000001,3.06,59.48,115,3,30,0,3,7.659999999999999,5429.085,4407.44,5463.433,5326.0489375
2025-03-10 04:00:00,5538.42,9,False,False,8.03,4.244000000000001,55.839999999999996,115,4,0,0,3,7.470000000000001,5421.817,4450.596,5526.575,5347.181791666667
2025-03-10 04:30:00,5742.607,10,False,False,6.378,3.122,58.17999999999999,115,4,30,0,3,9.122,5538.42,4578.92,5584.031,5369.844791666667
2025-03-10 05:00:00,5977.495,11,False,False,6.2540000000000004,4.324,56.7,115,5,0,0,3,9.245999999999999,5742.607,4671.124,5952.038,5394.088270833333
2025-03-10 05:30:00,6140.069,12,False,False,7.06,4.936,69.0,115,5,30,0,3,8.440000000000001,5977.495,4838.536,6114.982,5421.3043333333335
2025-03-10 06:00:00,6487.146,13,False,False,6.475999999999999,5.651999999999999,60.739999999999995,115,6,0,0,3,9.024000000000001,6140.069,5027.818,6352.726,5448.419604166666
2025-03-10 06:30:00,6923.827,14,False,False,5.946,5.162,60.14,115,6,30,0,3,9.554,6487.146,5398.2880000000005,6895.217,5478.822270833333
2025-03-10 07:00:00,7304.766,15,False,False,6.453999999999999,4.298,74.34,115,7,0,0,3,9.046000000000001,6923.827,5670.865,7285.585,5510.604333333333
2025-03-10 07:30:00,7710.447,16,False,False,5.928,3.6,63.9,115,7,30,0,3,9.572,7304.766,5911.007,7578.609,5544.6439375
2025-03-10 08:00:00,7876.385,17,False,False,7.5,3.05,53.08,115,8,0,0,3,8.0,7710.447,6272.512,7991.78,5582.132270833333
2025-03-10 08:30:00,8162.902,18,False,False,6.590000000000001,2.23,66.58,115,8,30,0,3,8.91,7876.385,6471.484,8308.867,5615.546291666667
2025-03-10 09:00:00,8227.095,19,False,False,6.590000000000001,4.6259999999999994,58.04,115,9,0,0,3,8.91,8162.902,6504.873,8203.862,5650.784166666667
2025-03-10 09:30:00,8190.288,20,False,False,6.586,6.298,70.88,115,9,30,0,3,8.914,8227.095,6432.572,8110.212,5686.663791666666
2025-03-10 10:00:00,8002.746,21,False,False,7.736,3.2119999999999997,75.86,115,10,0,0,3,7.764,8190.288,6333.567,8059.972,5723.282875
2025-03-10 10:30:00,7772.853,22,False,False,6.343999999999999,3.9159999999999995,62.56,115,10,30,0,3,9.156,8002.746,6130.2390000000005,7742.098,5758.0574375
2025-03-10 11:00:00,7286.325,23,False,False,7.932,3.3899999999999997,58.75999999999999,115,11,0,0,3,7.568,7772.853,5856.749,7416.231,5792.2785625
2025-03-10 11:30:00,7107.135,24,False,False,6.882,3.7060000000000004,54.17999999999999,115,11,30,0,3,8.618,7286.325,5526.207,7099.792,5822.061395833333
2025-03-10 12:00:00,7175.354665819029,25,False,False,7.970000000000001,3.7380000000000004,62.52,115,12,0,0,3,7.529999999999999,7107.135,5365.123,6949.331,5854.997395833333
2025-03-10 12:30:00,6638.991,26,False,False,7.369999999999999,3.314,65.2,115,12,30,0,3,8.13,7175.354665819029,5236.237,6667.995,5892.710555537896
2025-03-10 13:00:00,6513.381,27,False,False,8.452000000000002,5.258,71.0,115,13,0,0,3,7.047999999999998,6638.991,5187.095,6605.898,5921.934597204563
2025-03-10 13:30:00,6520.862,28,False,False,8.02,2.882,62.660000000000004,115,13,30,0,3,7.48,6513.381,5194.847,6645.768,5949.565555537895
2025-03-10 14:00:00,6811.492,29,False,False,7.090000000000001,3.5879999999999996,78.12,115,14,0,0,3,8.41,6520.862,5292.059,6721.567,5977.190868037896
2025-03-10 14:30:00,6820.408,30,False,False,8.786,4.1,57.96,115,14,30,0,3,6.714,6811.492,5432.36,6931.955,6008.845722204563
2025-03-10 15:00:00,7000.152,31,False,False,9.068000000000001,2.63,71.02000000000001,115,15,0,0,3,6.431999999999999,6820.408,5521.932,7002.54,6037.76338887123
2025-03-10 15:30:00,7212.821,32,False,False,9.258,5.822,69.46000000000001,115,15,30,0,3,6.242000000000001,7000.152,5688.742,7138.559,6068.55963887123
2025-03-10 16:00:00,7288.583,33,False,False,10.186,3.318,75.2,115,16,0,0,3,5.314,7212.821,5687.478,7424.406,6100.311284704563
2025-03-10 16:30:00,7495.176,34,False,False,9.168,3.7840000000000003,58.0,115,16,30,0,3,6.332000000000001,7288.583,5805.632,7424.767,6133.667638871229
2025-03-10 17:00:00,7393.727,35,False,False,9.466,4.85,61.220000000000006,115,17,0,0,3,6.034000000000001,7495.176,5860.662,7488.772,6168.866472204562
2025-03-10 17:30:00,7400.491,36,False,False,10.248000000000001,3.9219999999999997,64.28,115,17,30,0,3,5.251999999999999,7393.727,5725.521,7362.775,6200.805326371229
2025-03-10 18:00:00,7354.201,37,False,False,9.084,2.4419999999999997,67.03999999999999,115,18,0,0,3,6.416,7400.491,5764.6539999999995,7344.451,6235.700534704563
2025-03-10 18:30:00,7131.145,38,False,False,10.458,4.433999999999999,54.14,115,18,30,0,3,5.042,7354.201,5501.796,7156.1179999999995,6268.816097204563
2025-03-10 19:00:00,6887.229,39,False,False,10.303999999999998,4.608,62.760000000000005,115,19,0,0,3,5.1960000000000015,7131.145,5431.479,6951.832,6302.760868037897
2025-03-10 19:30:00,6693.5,40,False,False,9.858,2.636,58.720000000000006,115,19,30,0,3,5.6419999999999995,6887.229,5172.659,6764.724,6333.088993037895
2025-03-10 20:00:00,6388.729,41,False,False,10.284,3.7020000000000004,62.17999999999999,115,20,0,0,3,5.215999999999999,6693.5,5054.542,6422.131,6364.773180537896
2025-03-10 20:30:00,6163.078,42,False,False,10.596,4.228,51.64,115,20,30,0,3,4.904,6388.729,4765.706,6206.145,6392.568743037896
2025-03-10 21:00:00,5952.992,43,False,False,10.102,3.4160000000000004,58.1,115,21,0,0,3,5.398,6163.078,4610.363,5934.88,6421.6806597045625
2025-03-10 21:30:00,5688.243,44,False,False,10.953999999999999,4.688000000000001,62.17999999999999,115,21,30,0,3,4.546000000000001,5952.992,4469.189,5808.579,6449.652097204563
2025-03-10 22:00:00,5566.706,45,False,False,9.954,3.65,52.02,115,22,0,0,3,5.545999999999999,5688.243,4374.329,5654.025,6475.0490555378965
2025-03-10 22:30:00,5420.035,46,False,False,10.556000000000001,3.56,68.36,115,22,30,0,3,4.943999999999999,5566.706,4362.056,5483.285,6499.890243037896
2025-03-10 23:00:00,5405.201,47,False,False,9.608,4.162,58.67999999999999,115,23,0,0,3,5.8919999999999995,5420.035,4332.871,5387.401,6521.931472204563
2025-03-10 23:30:00,5292.562,48,False,False,10.038,4.586,68.1,115,23,30,0,3,5.462,5405.201,4170.992,5372.934,6544.271680537896
2025-03-11 00:00:00,5355.413,1,False,False,8.966,5.5920000000000005,71.84,115,0,0,1,3,6.534000000000001,5292.562,5235.314,5294.306,6567.637722204563
2025-03-11 00:30:00,5245.518,2,False,False,10.178,5.258,59.42,115,0,30,1,3,5.321999999999999,5355.413,5198.197,5250.054,6570.139784704563
2025-03-11 01:00:00,5213.664,3,False,False,8.8,4.546,66.5,115,1,0,1,3,6.699999999999999,5245.518,5306.16,5351.881,6571.125638871229
2025-03-11 01:30:00,5285.627,4,False,False,9.15,3.55,65.46000000000001,115,1,30,1,3,6.35,5213.664,5331.763,5271.426,6569.198638871229
2025-03-11 02:00:00,5365.704,5,False,False,7.981999999999999,3.2359999999999998,59.0,115,2,0,1,3,7.518000000000001,5285.627,5372.586,5329.145,6568.237472204563
2025-03-11 02:30:00,5296.622,6,False,False,9.096,5.754,51.04,115,2,30,1,3,6.404,5365.704,5286.123,5368.922,6568.094097204564
2025-03-11 03:00:00,5397.705,7,False,False,8.27,4.99,60.5,115,3,0,1,3,7.23,5296.622,5429.085,5439.885,6568.312826371231
2025-03-11 03:30:00,5461.943,8,False,False,7.590000000000001,4.87,50.94,115,3,30,1,3,7.909999999999999,5397.705,5421.817,5545.201,6567.659076371229
2025-03-11 04:00:00,5563.866,9,False,False,6.802,4.273999999999999,66.38,115,4,0,1,3,8.698,5461.943,5538.42,5543.011,6568.495034704563
2025-03-11 04:30:00,5722.679,10,False,False,8.31,5.214,60.419999999999995,115,4,30,1,3,7.1899999999999995,5563.866,5742.607,5623.14,6569.0251597045635
2025-03-11 05:00:00,5808.993,11,False,False,7.803999999999999,4.0200000000000005,62.96,115,5,0,1,3,7.696000000000001,5722.679,5977.495,5868.4220000000005,6568.609993037896
2025-03-11 05:30:00,6178.564,12,False,False,7.192,4.066,59.44000000000001,115,5,30,1,3,8.308,5808.993,6140.069,6119.628,6565.099534704564
2025-03-11 06:00:00,6545.299,13,False,False,5.704,3.1719999999999997,52.46,115,6,0,1,3,9.796,6178.564,6487.146,6467.081,6565.90151387123
2025-03-11 06:30:00,6834.94,14,False,False,7.106,3.9159999999999995,84.96000000000001,115,6,30,1,3,8.394,6545.299,6923.827,6788.173,6567.113034704563
2025-03-11 07:00:00,7207.281,15,False,False,7.140000000000001,4.032,54.160000000000004,115,7,0,1,3,8.36,6834.94,7304.766,7262.93,6565.261222204564
2025-03-11 07:30:00,7568.05,16,False,False,7.226000000000001,3.94,69.82000000000001,115,7,30,1,3,8.274,7207.281,7710.447,7718.135,6563.230284704562
2025-03-11 08:00:00,8013.911,17,False,False,6.465999999999999,3.554,49.94,115,8,0,1,3,9.034,7568.05,7876.385,7932.282,6560.263680537897
2025-03-11 08:30:00,8213.048,18,False,False,5.982,2.854,61.48,115,8,30,1,3,9.518,8013.911,8162.902,8270.457,6563.128805537896
2025-03-11 09:00:00,8262.269,19,False,False,7.168000000000001,2.47,72.7,115,9,0,1,3,8.331999999999999,8213.048,8227.095,8259.138,6564.173513871229
2025-03-11 09:30:00,8157.752,20,False,False,7.646000000000001,4.014,54.2,115,9,30,1,3,7.853999999999999,8262.269,8190.288,8299.295,6564.9063055378965
2025-03-11 10:00:00,8007.325,21,False,False,7.364,3.8579999999999997,67.9,115,10,0,1,3,8.136,8157.752,8002.746,8001.7880000000005,6564.228472204563
2025-03-11 10:30:00,7832.632,22,False,False,6.49,3.8259999999999996,61.65999999999999,115,10,30,1,3,9.01,8007.325,7772.853,7742.99,6564.323868037896
2025-03-11 11:00:00,7388.495,23,False,False,6.794,2.696,75.26,115,11,0,1,3,8.706,7832.632,7286.325,7398.834,6565.569263871231
2025-03-11 11:30:00,7056.794,24,False,False,7.225999999999999,3.464,54.42,115,11,30,1,3,8.274000000000001,7388.495,7107.135,7128.411,6567.697805537897
2025-03-11 12:00:00,6826.949,25,False,False,7.017999999999999,2.8,50.56,115,12,0,1,3,8.482000000000001,7056.794,7175.354665819029,6758.774,6566.649034704563
2025-03-11 12:30:00,6596.371,26,False,False,7.468000000000001,3.138,51.48,115,12,30,1,3,8.032,6826.949,6638.991,6609.991,6559.390583333334
2025-03-11 13:00:00,6520.5470000000005,27,False,False,8.658,3.342,68.66,115,13,0,1,3,6.8420000000000005,6596.371,6513.381,6677.073,6558.502666666667
2025-03-11 13:30:00,6643.506,28,False,False,7.2299999999999995,5.828,60.620000000000005,115,13,30,1,3,8.27,6520.5470000000005,6520.862,6622.576,6558.651958333333
2025-03-11 14:00:00,6683.661,29,False,False,8.312000000000001,3.564,60.86,115,14,0,1,3,7.187999999999999,6643.506,6811.492,6675.307,6561.2070416666675
2025-03-11 14:30:00,6886.615,30,False,False,8.693999999999999,3.37,55.0,115,14,30,1,3,6.806000000000001,6683.661,6820.408,6869.284,6558.5438958333325
2025-03-11 15:00:00,6998.79,31,False,False,8.931999999999999,4.433999999999999,64.44,115,15,0,1,3,6.568000000000001,6886.615,7000.152,7005.294,6559.923208333334
2025-03-11 15:30:00,7193.567,32,False,False,9.468,3.7659999999999996,61.52,115,15,30,1,3,6.032,6998.79,7212.821,7215.379,6559.894833333333
2025-03-11 16:00:00,7286.975,33,False,False,9.459999999999999,3.126,61.52,115,16,0,1,3,6.040000000000001,7193.567,7288.583,7302.018,6559.4937083333325
2025-03-11 16:30:00,7456.573,34,False,False,9.522,5.072,64.24,115,16,30,1,3,5.978,7286.975,7495.176,7381.38,6559.460208333334
2025-03-11 17:00:00,7385.714,35,False,False,11.024000000000001,4.642,59.8,115,17,0,1,3,4.475999999999999,7456.573,7393.727,7309.524,6558.655979166667
2025-03-11 17:30:00,7418.934,36,False,False,10.248,4.958,64.17999999999999,115,17,30,1,3,5.252000000000001,7385.714,7400.491,7390.717,6558.489041666667
2025-03-11 18:00:00,7273.372,37,False,False,10.844,4.36,54.32000000000001,115,18,0,1,3,4.656000000000001,7418.934,7354.201,7294.244,6558.873270833333
2025-03-11 18:30:00,7087.007,38,False,False,10.562000000000001,3.778,64.3,115,18,30,1,3,4.937999999999999,7273.372,7131.145,7158.573,6557.189333333335
2025-03-11 19:00:00,6855.273,39,False,False,11.404,3.596,64.92,115,19,0,1,3,4.096,7087.007,6887.229,6877.237,6556.269791666667
2025-03-11 19:30:00,6574.743,40,False,False,10.85,5.136,60.06,115,19,30,1,3,4.65,6855.273,6693.5,6688.068,6555.6040416666665
2025-03-11 20:00:00,6445.067,41,False,False,9.751999999999999,5.522,72.12,115,20,0,1,3,5.748000000000001,6574.743,6388.729,6461.984,6553.129937500001
2025-03-11 20:30:00,6124.838,42,False,False,10.862,4.426,55.160000000000004,115,20,30,1,3,4.638,6445.067,6163.078,6204.003,6554.303645833334
2025-03-11 21:00:00,5901.171,43,False,False,10.956,3.468,68.78,115,21,0,1,3,4.5440000000000005,6124.838,5952.992,6015.313,6553.506979166667
2025-03-11 21:30:00,5662.851,44,False,False,11.464,4.3,44.88,115,21,30,1,3,4.036,5901.171,5688.243,5744.236,6552.427375
2025-03-11 22:00:00,5561.601,45,False,False,10.268,4.138,58.2,115,22,0,1,3,5.231999999999999,5662.851,5566.706,5542.903,6551.898375000001
2025-03-11 22:30:00,5534.123,46,False,False,10.193999999999999,3.716,52.220000000000006,115,22,30,1,3,5.306000000000001,5561.601,5420.035,5500.983,6551.7920208333335
2025-03-11 23:00:00,5417.829,47,False,False,9.448,3.142,65.02000000000001,115,23,0,1,3,6.052,5534.123,5405.201,5407.35,6554.168854166667
2025-03-11 23:30:00,5337.146,48,False,False,10.065999999999999,4.192,60.48,115,23,30,1,3,5.434000000000001,5417.829,5292.562,5268.747,6554.4319375000005
2025-03-12 00:00:00,5156.802,1,False,False,10.718,4.322,55.260000000000005,115,0,0,2,3,4.782,5337.146,5355.413,5295.022,6555.360770833333
2025-03-12 00:30:00,5198.759,2,False,False,9.55,3.9859999999999998,70.17999999999999,115,0,30,2,3,5.949999999999999,5156.802,5245.518,5298.717,6551.223041666667
2025-03-12 01:00:00,5313.595,3,False,False,8.876000000000001,3.346,69.12,115,1,0,2,3,6.623999999999999,5198.759,5213.664,5340.675,6550.248895833333
2025-03-12 01:30:00,5239.255,4,False,False,8.986,2.368,65.36,115,1,30,2,3,6.513999999999999,5313.595,5285.627,5376.937,6552.330791666667
2025-03-12 02:00:00,5326.073,5,False,False,8.711,4.002,58.839999999999996,115,2,0,2,3,6.789,5239.255,5365.704,5407.03,6551.3647083333335
2025-03-12 02:30:00,5390.467,6,False,False,8.186,4.32,59.279999999999994,115,2,30,2,3,7.314,5326.073,5296.622,5195.988,6550.5390625
2025-03-12 03:00:00,5375.138,7,False,False,8.564,4.848,67.26,115,3,0,2,3,6.936,5390.467,5397.705,5304.301,6552.494166666666
2025-03-12 03:30:00,5431.243,8,False,False,8.468,4.108,64.94,115,3,30,2,3,7.032,5375.138,5461.943,5375.428,6552.024020833334
2025-03-12 04:00:00,5461.557,9,False,False,8.504000000000001,4.352,62.86,115,4,0,2,3,6.995999999999999,5431.243,5563.866,5621.778,6551.3844375
2025-03-12 04:30:00,5631.301,10,False,False,7.744,3.722,65.97999999999999,115,4,30,2,3,7.756,5461.557,5722.679,5665.117,6549.253000000001
2025-03-12 05:00:00,5768.996,11,False,False,8.608,3.2439999999999998,62.5,115,5,0,2,3,6.8919999999999995,5631.301,5808.993,5870.045,6547.349291666666
2025-03-12 05:30:00,6067.301,12,False,False,7.731999999999999,4.628,67.26,115,5,30,2,3,7.768000000000001,5768.996,6178.564,6029.794,6546.516020833333
2025-03-12 06:00:00,6402.257,13,False,False,7.12,3.8619999999999997,56.86,115,6,0,2,3,8.379999999999999,6067.301,6545.299,6476.12,6544.1980416666665
2025-03-12 06:30:00,6889.27,14,False,False,5.973999999999999,5.7780000000000005,46.8,115,6,30,2,3,9.526,6402.257,6834.94,6871.684,6541.218
2025-03-12 07:00:00,7292.592,15,False,False,6.798,3.186,48.6,115,7,0,2,3,8.702,6889.27,7207.281,7282.533,6542.349875
2025-03-12 07:30:00,7513.924,16,False,False,6.766,5.912,73.14000000000001,115,7,30,2,3,8.734,7292.592,7568.05,7626.085,6544.127187500001
2025-03-12 08:00:00,7900.742,17,False,False,7.418000000000001,3.8120000000000003,54.58,115,8,0,2,3,8.081999999999999,7513.924,8013.911,7979.199,6542.9995625
2025-03-12 08:30:00,8137.022,18,False,False,7.126,3.8379999999999996,55.82000000000001,115,8,30,2,3,8.373999999999999,7900.742,8213.048,8232.057,6540.641875
2025-03-12 09:00:00,8297.326000000001,19,False,False,6.022,2.468,64.97999999999999,115,9,0,2,3,9.478,8137.022,8262.269,8217.092,6539.058
2025-03-12 09:30:00,8232.769,20,False,False,6.186,3.5700000000000003,67.08,115,9,30,2,3,9.314,8297.326000000001,8157.752,8234.136,6539.788354166667
2025-03-12 10:00:00,7890.364,21,False,False,7.4,4.326,70.76,115,10,0,2,3,8.1,8232.769,8007.325,8006.809,6541.3512083333335
2025-03-12 10:30:00,7631.9039999999995,22,False,False,7.459999999999999,4.21,46.3,115,10,30,2,3,8.040000000000001,7890.364,7832.632,7635.394,6538.914520833333
2025-03-12 11:00:00,7459.522,23,False,False,6.401999999999999,3.0780000000000003,60.879999999999995,115,11,0,2,3,9.098,7631.9039999999995,7388.495,7420.282,6534.7326875
2025-03-12 11:30:00,7113.792,24,False,False,6.5200000000000005,3.432,61.96,115,11,30,2,3,8.98,7459.522,7056.794,7035.494,6536.212416666666
2025-03-12 12:00:00,6758.661,25,False,False,7.847999999999999,4.504,59.56,115,12,0,2,3,7.652000000000001,7113.792,6826.949,6889.605,6537.399875
2025-03-12 12:30:00,6622.325,26,False,False,8.198,5.496,49.28,115,12,30,2,3,7.302,6758.661,6596.371,6644.027,6535.977208333333
2025-03-12 13:00:00,6499.997,27,False,False,8.376,2.08,50.739999999999995,115,13,0,2,3,7.1240000000000006,6622.325,6520.5470000000005,6636.467,6536.517916666667
2025-03-12 13:30:00,6539.379,28,False,False,8.808,3.9200000000000004,67.17999999999999,115,13,30,2,3,6.692,6499.997,6643.506,6622.383,6536.089791666666
2025-03-12 14:00:00,6794.514,29,False,False,7.128,3.268,59.660000000000004,115,14,0,2,3,8.372,6539.379,6683.661,6709.299,6533.920479166666
2025-03-12 14:30:00,6895.308,30,False,False,8.392,3.1260000000000003,62.839999999999996,115,14,30,2,3,7.1080000000000005,6794.514,6886.615,6846.5289999999995,6536.229916666667
2025-03-12 15:00:00,7015.044,31,False,False,9.464,4.234,46.08,115,15,0,2,3,6.036,6895.308,6998.79,7020.264,6536.411020833333
2025-03-12 15:30:00,7203.112,32,False,False,8.693999999999999,5.128,58.760000000000005,115,15,30,2,3,6.806000000000001,7015.044,7193.567,7248.246,6536.7496458333335
2025-03-12 16:00:00,7269.835,33,False,False,9.414,4.796,67.24000000000001,115,16,0,2,3,6.086,7203.112,7286.975,7371.418,6536.9484999999995
2025-03-12 16:30:00,7356.173,34,False,False,10.540000000000001,3.436,65.64,115,16,30,2,3,4.959999999999999,7269.835,7456.573,7448.441,6536.591416666666
2025-03-12 17:00:00,7463.546,35,False,False,10.178,4.534000000000001,61.32000000000001,115,17,0,2,3,5.321999999999999,7356.173,7385.714,7481.813,6534.49975
2025-03-12 17:30:00,7405.713,36,False,False,10.156,2.9219999999999997,63.7,115,17,30,2,3,5.343999999999999,7463.546,7418.934,7367.354,6536.12125
2025-03-12 18:00:00,7327.106,37,False,False,9.925999999999998,2.684,68.34,115,18,0,2,3,5.574000000000002,7405.713,7273.372,7362.674,6535.845812500001
2025-03-12 18:30:00,7047.215,38,False,False,11.74,3.8659999999999997,44.4,115,18,30,2,3,3.76,7327.106,7087.007,7205.966,6536.965270833333
2025-03-12 19:00:00,6953.91,39,False,False,9.937999999999999,3.7059999999999995,57.779999999999994,115,19,0,2,3,5.562000000000001,7047.215,6855.273,6846.978,6536.136270833334
2025-03-12 19:30:00,6693.528,40,False,False,9.196000000000002,4.184,47.56,115,19,30,2,3,6.3039999999999985,6953.91,6574.743,6646.1269999999995,6538.191208333334
2025-03-12 20:00:00,6293.058,41,False,False,11.644,4.084,48.62,115,20,0,2,3,3.856,6693.528,6445.067,6462.675,6540.665895833333
2025-03-12 20:30:00,6053.426,42,False,False,10.367999999999999,3.0100000000000002,47.46,115,20,30,2,3,5.1320000000000014,6293.058,6124.838,6104.897,6537.499041666667
2025-03-12 21:00:00,5893.234,43,False,False,11.114,4.67,51.58,115,21,0,2,3,4.385999999999999,6053.426,5901.171,5979.468,6536.011291666666
2025-03-12 21:30:00,5693.149,44,False,False,10.512,3.6420000000000003,55.36,115,21,30,2,3,4.9879999999999995,5893.234,5662.851,5623.225,6535.845937499999
2025-03-12 22:00:00,5598.774,45,False,False,11.02,1.714,59.44,115,22,0,2,3,4.48,5693.149,5561.601,5669.39,6536.477145833333
2025-03-12 22:30:00,5512.036,46,False,False,9.834,3.354,56.6,115,22,30,2,3,5.666,5598.774,5534.123,5409.833,6537.251583333334
2025-03-12 23:00:00,5404.112,47,False,False,10.254000000000001,4.206,57.96,115,23,0,2,3,5.245999999999999,5512.036,5417.829,5417.43,6536.7914375
2025-03-12 23:30:00,5470.224,48,False,False,9.868,4.436,50.660000000000004,115,23,30,2,3,5.632,5404.112,5337.146,5251.85,6536.505666666667
2025-03-13 00:00:00,5249.335,1,False,False,9.44,5.006,63.839999999999996,115,0,0,3,3,6.0600000000000005,5470.224,5156.802,5182.961,6539.278125000001
2025-03-13 00:30:00,5314.256,2,False,False,8.78,5.0920000000000005,62.480000000000004,115,0,30,3,3,6.720000000000001,5249.335,5198.759,5274.255,6541.205895833333
2025-03-13 01:00:00,5142.818,3,False,False,9.426,3.04,54.2,115,1,0,3,3,6.074,5314.256,5313.595,5237.576,6543.612083333333
2025-03-13 01:30:00,5184.423,4,False,False,9.614,4.018,55.0,115,1,30,3,3,5.885999999999999,5142.818,5239.255,5390.476,6540.054229166667
2025-03-13 02:00:00,5196.664,5,False,False,9.790000000000001,4.316000000000001,71.2,115,2,0,3,3,5.709999999999999,5184.423,5326.073,5401.825,6538.911895833334
2025-03-13 02:30:00,5253.662,6,False,False,8.976,4.412,59.620000000000005,115,2,30,3,3,6.523999999999999,5196.664,5390.467,5353.522,6536.215875000001
2025-03-13 03:00:00,5359.962,7,False,False,8.4,3.28,55.36,115,3,0,3,3,7.1,5253.662,5375.138,5447.076,6533.365770833334
2025-03-13 03:30:00,5386.08,8,False,False,8.402,2.482,66.36,115,3,30,3,3,7.098000000000001,5359.962,5431.243,5358.292,6533.0496041666665
2025-03-13 04:00:00,5518.717,9,False,False,7.606,3.07,55.379999999999995,115,4,0,3,3,7.894,5386.08,5461.557,5588.241,6532.108708333333
2025-03-13 04:30:00,5538.131,10,False,False,8.416,4.714,53.17999999999999,115,4,30,3,3,7.084,5518.717,5631.301,5751.077,6533.299541666666
2025-03-13 05:00:00,5803.959,11,False,False,7.212000000000001,4.298,51.16,115,5,0,3,3,8.288,5538.131,5768.996,5799.285,6531.358499999999
2025-03-13 05:30:00,6149.771,12,False,False,7.686,4.29,57.02,115,5,30,3,3,7.814,5803.959,6067.301,6122.133,6532.086895833334
2025-03-13 06:00:00,6424.137,13,False,False,6.886,4.220000000000001,64.86,115,6,0,3,3,8.614,6149.771,6402.257,6465.916,6533.805020833333
2025-03-13 06:30:00,6831.156,14,False,False,6.5120000000000005,4.464,53.0,115,6,30,3,3,8.988,6424.137,6889.27,6817.844,6534.260854166667
2025-03-13 07:00:00,7227.593,15,False,False,7.07,2.698,60.06,115,7,0,3,3,8.43,6831.156,7292.592,7243.059,6533.050145833334
2025-03-13 07:30:00,7511.2119999999995,16,False,False,7.147999999999999,3.136,62.32000000000001,115,7,30,3,3,8.352,7227.593,7513.924,7673.494,6531.696
2025-03-13 08:00:00,7806.463,17,False,False,7.5840000000000005,2.756,61.48,115,8,0,3,3,7.9159999999999995,7511.2119999999995,7900.742,8027.633,6531.6395
2025-03-13 08:30:00,8113.79,18,False,False,6.492,4.7780000000000005,49.58,115,8,30,3,3,9.008,7806.463,8137.022,8269.914,6529.675354166667
2025-03-13 09:00:00,8245.474,19,False,False,6.45,4.272,53.720000000000006,115,9,0,3,3,9.05,8113.79,8297.326000000001,8296.041,6529.191354166666
2025-03-13 09:30:00,8208.256,20,False,False,5.962,3.2980000000000005,62.96,115,9,30,3,3,9.538,8245.474,8232.769,8236.854,6528.111104166667
2025-03-13 10:00:00,7887.297,21,False,False,8.180000000000001,3.5800000000000005,65.64,115,10,0,3,3,7.3199999999999985,8208.256,7890.364,8018.508,6527.600416666667
2025-03-13 10:30:00,7586.712,22,False,False,7.204000000000001,3.8620000000000005,69.22,115,10,30,3,3,8.296,7887.297,7631.9039999999995,7731.914,6527.536520833332
2025-03-13 11:00:00,7319.403,23,False,False,7.2780000000000005,2.7640000000000002,59.56,115,11,0,3,3,8.222,7586.712,7459.522,7376.732,6526.595020833333
2025-03-13 11:30:00,7151.314,24,False,False,7.1739999999999995,4.84,63.779999999999994,115,11,30,3,3,8.326,7319.403,7113.792,7074.733,6523.675875
2025-03-13 12:00:00,6767.945,25,False,False,7.553999999999999,3.272,61.52,115,12,0,3,3,7.946000000000001,7151.314,6758.661,6828.003,6524.457583333333
2025-03-13 12:30:00,6580.563,26,False,False,7.946000000000001,3.8239999999999994,49.5,115,12,30,3,3,7.553999999999999,6767.945,6622.325,6731.519,6524.651000000001
2025-03-13 13:00:00,6544.573,27,False,False,8.028,3.168,54.04,115,13,0,3,3,7.4719999999999995,6580.563,6499.997,6551.006,6523.780958333334
2025-03-13 13:30:00,6501.195,28,False,False,8.774000000000001,3.868,65.7,115,13,30,3,3,6.725999999999999,6544.573,6539.379,6592.383,6524.7096249999995
2025-03-13 14:00:00,6605.304,29,False,False,9.266,3.822,59.6,115,14,0,3,3,6.234,6501.195,6794.514,6795.685,6523.914125
2025-03-13 14:30:00,6763.74,30,False,False,8.879999999999999,3.72,56.46,115,14,30,3,3,6.620000000000001,6605.304,6895.308,6793.379,6519.97225
2025-03-13 15:00:00,6977.36,31,False,False,9.01,4.478,47.92,115,15,0,3,3,6.49,6763.74,7015.044,7111.059,6517.23125
2025-03-13 15:30:00,7153.889,32,False,False,9.426,4.854,54.739999999999995,115,15,30,3,3,6.074,6977.36,7203.112,7158.086,6516.446166666666
2025-03-13 16:00:00,7443.896,33,False,False,9.396,3.7039999999999997,71.53999999999999,115,16,0,3,3,6.103999999999999,7153.889,7269.835,7314.752,6515.420687500001
2025-03-13 16:30:00,7375.767,34,False,False,9.616,5.934,50.68,115,16,30,3,3,5.884,7443.896,7356.173,7452.461,6519.046958333333
2025-03-13 17:00:00,7412.161,35,False,False,10.144,3.614,69.6,115,17,0,3,3,5.356,7375.767,7463.546,7461.1,6519.455166666667
2025-03-13 17:30:00,7359.597,36,False,False,10.144,3.5700000000000003,54.339999999999996,115,17,30,3,3,5.356,7412.161,7405.713,7396.373,6518.384645833335
2025-03-13 18:00:00,7207.557,37,False,False,10.798,3.6159999999999997,62.17999999999999,115,18,0,3,3,4.702,7359.597,7327.106,7247.202,6517.423895833333
2025-03-13 18:30:00,7055.305,38,False,False,10.898,3.1260000000000003,69.42,115,18,30,3,3,4.602,7207.557,7047.215,7116.822,6514.933291666667
2025-03-13 19:00:00,6765.808,39,False,False,10.812000000000001,4.978,61.86,115,19,0,3,3,4.687999999999999,7055.305,6953.91,6947.47,6515.101833333333
2025-03-13 19:30:00,6624.635,40,False,False,10.82,4.096,60.06,115,19,30,3,3,4.68,6765.808,6693.528,6636.748,6511.183041666667
2025-03-13 20:00:00,6361.1230000000005,41,False,False,10.23,3.6159999999999997,71.22,115,20,0,3,3,5.27,6624.635,6293.058,6484.494,6509.747770833333
2025-03-13 20:30:00,6082.164,42,False,False,11.08,4.37,76.25999999999999,115,20,30,3,3,4.42,6361.1230000000005,6053.426,6165.492,6511.165791666666
2025-03-13 21:00:00,5944.0650000000005,43,False,False,10.120000000000001,4.492,47.32,115,21,0,3,3,5.379999999999999,6082.164,5893.234,5924.471,6511.7645
2025-03-13 21:30:00,5580.166,44,False,False,11.358,5.306,57.08,115,21,30,3,3,4.1419999999999995,5944.0650000000005,5693.149,5717.048,6512.823479166666
2025-03-13 22:00:00,5591.458,45,False,False,10.35,3.6260000000000003,64.46000000000001,115,22,0,3,3,5.15,5580.166,5598.774,5624.462,6510.469666666667
2025-03-13 22:30:00,5370.53,46,False,False,11.592,2.27,60.82000000000001,115,22,30,3,3,3.9079999999999995,5591.458,5512.036,5415.789,6510.31725
2025-03-13 23:00:00,5310.441,47,False,False,10.746,3.7399999999999998,64.62,115,23,0,3,3,4.754,5370.53,5404.112,5487.109,6507.3692083333335
2025-03-13 23:30:00,5351.645,48,False,False,9.251999999999999,3.6339999999999995,55.28000000000001,115,23,30,3,3,6.248000000000001,5310.441,5470.224,5378.117,6505.417729166667
2025-03-14 00:00:00,5214.498,1,False,False,9.246,5.258,67.98,114,0,0,4,3,6.254,5351.645,5249.335,5192.255,6502.947333333333
2025-03-14 00:30:00,5195.672,2,False,False,9.280000000000001,4.962000000000001,48.9,114,0,30,4,3,6.219999999999999,5214.498,5314.256,5189.29,6502.2215625
2025-03-14 01:00:00,5276.401,3,False,False,8.584,5.182,63.96,114,1,0,4,3,6.916,5195.672,5142.818,5339.874,6499.7510625
2025-03-14 01:30:00,5236.67,4,False,False,8.734,5.811999999999999,54.120000000000005,114,1,30,4,3,6.766,5276.401,5184.423,5323.338,6502.534041666666
2025-03-14 02:00:00,5259.421,5,False,False,8.562000000000001,4.82,62.48,114,2,0,4,3,6.937999999999999,5236.67,5196.664,5362.632,6503.6225208333335
2025-03-14 02:30:00,5162.522,6,False,False,9.58,3.258,57.6,114,2,30,4,3,5.92,5259.421,5253.662,5368.081,6504.929958333333
2025-03-14 03:00:00,5353.553,7,False,False,8.424000000000001,5.07,51.64,114,3,0,4,3,7.075999999999999,5162.522,5359.962,5388.603,6503.031208333333
2025-03-14 03:30:00,5458.844,8,False,False,7.922,4.4479999999999995,54.04,114,3,30,4,3,7.578,5353.553,5386.08,5452.205,6502.8976875
2025-03-14 04:00:00,5521.297,9,False,False,7.504,3.508,57.1,114,4,0,4,3,7.996,5458.844,5518.717,5531.407,6504.413604166667
2025-03-14 04:30:00,5607.687,10,False,False,7.608,4.052,57.08,114,4,30,4,3,7.892,5521.297,5538.131,5718.396,6504.467354166667
2025-03-14 05:00:00,5936.399,11,False,False,6.804,5.236,60.379999999999995,114,5,0,4,3,8.696,5607.687,5803.959,5985.888,6505.9164375
2025-03-14 05:30:00,6118.445,12,False,False,7.17,4.3759999999999994,49.74,114,5,30,4,3,8.33,5936.399,6149.771,6146.302,6508.675604166667
2025-03-14 06:00:00,6392.25,13,False,False,7.6,4.548,64.52000000000001,114,6,0,4,3,7.9,6118.445,6424.137,6450.48,6508.022979166667
2025-03-14 06:30:00,6750.388,14,False,False,6.996,4.754,58.96,114,6,30,4,3,8.504,6392.25,6831.156,6810.498,6507.358666666667
2025-03-14 07:00:00,7164.503,15,False,False,6.846000000000001,5.4159999999999995,61.7,114,7,0,4,3,8.654,6750.388,7227.593,7244.454,6505.6759999999995
2025-03-14 07:30:00,7577.25,16,False,False,7.008,4.244,52.28000000000001,114,7,30,4,3,8.492,7164.503,7511.2119999999995,7678.162,6504.3616250000005
2025-03-14 08:00:00,7998.408,17,False,False,6.858,2.7619999999999996,58.82000000000001,114,8,0,4,3,8.642,7577.25,7806.463,8019.443,6505.737416666667
2025-03-14 08:30:00,8176.962,18,False,False,6.35,2.12,75.82000000000001,114,8,30,4,3,9.15,7998.408,8113.79,8145.021,6509.736270833334
2025-03-14 09:00:00,8190.348,19,False,False,7.3260000000000005,4.052,64.38,114,9,0,4,3,8.174,8176.962,8245.474,8277.676,6511.052354166667
2025-03-14 09:30:00,8207.501,20,False,False,6.688,3.982,73.46000000000001,114,9,30,4,3,8.812000000000001,8190.348,8208.256,8272.023,6509.903895833333
2025-03-14 10:00:00,8049.799,21,False,False,7.581999999999999,2.908,61.08,114,10,0,4,3,7.918000000000001,8207.501,7887.297,8025.235,6509.888166666667
2025-03-14 10:30:00,7633.804,22,False,False,7.578,5.01,65.48,114,10,30,4,3,7.922,8049.799,7586.712,7739.45,6513.273625000001
2025-03-14 11:00:00,7351.269,23,False,False,8.164,4.128,37.88,114,11,0,4,3,7.336,7633.804,7319.403,7412.292,6514.254708333334
2025-03-14 11:30:00,7056.908,24,False,False,7.081999999999999,4.337999999999999,62.82000000000001,114,11,30,4,3,8.418000000000001,7351.269,7151.314,7048.402,6514.918583333333
2025-03-14 12:00:00,6827.016,25,False,False,7.35,3.87,53.879999999999995,114,12,0,4,3,8.15,7056.908,6767.945,6732.63,6512.951791666666
2025-03-14 12:30:00,6568.53,26,False,False,8.26,4.514,54.98,114,12,30,4,3,7.24,6827.016,6580.563,6669.961,6514.1824375
2025-03-14 13:00:00,6497.755,27,False,False,8.34,3.9899999999999998,53.44,114,13,0,4,3,7.16,6568.53,6544.573,6586.542,6513.93175
2025-03-14 13:30:00,6571.495,28,False,False,8.648,3.972,55.379999999999995,114,13,30,4,3,6.852,6497.755,6501.195,6605.089,6512.956375000001
2025-03-14 14:00:00,6626.472,29,False,False,9.016,4.279999999999999,62.17999999999999,114,14,0,4,3,6.484,6571.495,6605.304,6738.205,6514.420958333333
2025-03-14 14:30:00,6681.571,30,False,False,10.116,3.836,56.58,114,14,30,4,3,5.384,6626.472,6763.74,6856.325,6514.861958333334
2025-03-14 15:00:00,6911.552,31,False,False,10.156,3.2380000000000004,69.86,114,15,0,4,3,5.343999999999999,6681.571,6977.36,6979.433,6513.150104166667
2025-03-14 15:30:00,7122.531,32,False,False,9.532,4.7379999999999995,55.6,114,15,30,4,3,5.968,6911.552,7153.889,7162.684,6511.779104166667
2025-03-14 16:00:00,7401.397,33,False,False,9.574,3.622,55.46,114,16,0,4,3,5.926,7122.531,7443.896,7358.497,6511.1258124999995
2025-03-14 16:30:00,7389.639,34,False,False,9.724,4.496,62.120000000000005,114,16,30,4,3,5.776,7401.397,7375.767,7437.946,6510.2404166666665
2025-03-14 17:00:00,7389.6900000000005,35,False,False,10.346,3.3259999999999996,63.92,114,17,0,4,3,5.154,7389.639,7412.161,7515.113,6510.529416666667
2025-03-14 17:30:00,7391.802,36,False,False,10.224,2.436,64.42,114,17,30,4,3,5.276,7389.6900000000005,7359.597,7557.434,6510.061270833333
2025-03-14 18:00:00,7202.719,37,False,False,10.468,6.042,67.02,114,18,0,4,3,5.032,7391.802,7207.557,7301.42,6510.732208333334
2025-03-14 18:30:00,7069.325,38,False,False,10.288,4.044,61.080000000000005,114,18,30,4,3,5.212,7202.719,7055.305,7072.322,6510.631416666667
2025-03-14 19:00:00,6826.242,39,False,False,10.83,2.746,64.22,114,19,0,4,3,4.67,7069.325,6765.808,6870.903,6510.9235
2025-03-14 19:30:00,6496.45,40,False,False,10.288,5.906000000000001,58.81999999999999,114,19,30,4,3,5.212,6826.242,6624.635,6537.771,6512.182541666666
2025-03-14 20:00:00,6469.802,41,False,False,9.628,3.6719999999999997,60.660000000000004,114,20,0,4,3,5.872,6496.45,6361.1230000000005,6396.22,6509.512020833335
2025-03-14 20:30:00,6012.122,42,False,False,11.3,4.272,63.760000000000005,114,20,30,4,3,4.199999999999999,6469.802,6082.164,6217.333,6511.7761666666665
2025-03-14 21:00:00,5865.851,43,False,False,10.556000000000001,2.0260000000000002,60.779999999999994,114,21,0,4,3,4.943999999999999,6012.122,5944.0650000000005,5975.484,6510.316958333334
2025-03-14 21:30:00,5694.66,44,False,False,11.219999999999999,3.2640000000000002,59.48,114,21,30,4,3,4.280000000000001,5865.851,5580.166,5607.126,6508.6875
2025-03-14 22:00:00,5462.423,45,False,False,10.826,4.074,51.06,114,22,0,4,3,4.6739999999999995,5694.66,5591.458,5615.031,6511.0727916666665
2025-03-14 22:30:00,5413.719,46,False,False,10.894,5.152,62.54,114,22,30,4,3,4.606,5462.423,5370.53,5461.297,6508.3845625
2025-03-14 23:00:00,5406.395,47,False,False,9.784,4.678,68.72,114,23,0,4,3,5.715999999999999,5413.719,5310.441,5399.785,6509.284333333333
2025-03-14 23:30:00,5272.469,48,False,False,10.264,3.468,71.72,114,23,30,4,3,5.236000000000001,5406.395,5351.645,5280.129,6511.283374999999
2025-03-15 00:00:00,4092.762,1,True,False,9.540000000000001,5.1,53.879999999999995,114,0,0,5,3,5.959999999999999,5272.469,5214.498,4100.285,6509.633875
2025-03-15 00:30:00,4116.245,2,True,False,9.745999999999999,3.4480000000000004,49.8,114,0,30,5,3,5.754000000000001,4092.762,5195.672,4156.603,6486.264375
2025-03-15 01:00:00,4297.772,3,True,False,7.9079999999999995,3.8200000000000003,66.03999999999999,114,1,0,5,3,7.5920000000000005,4116.245,5276.401,4159.19,6463.776312499999
2025-03-15 01:30:00,4096.665,4,True,False,9.742,5.012,69.78,114,1,30,5,3,5.757999999999999,4297.772,5236.67,4112.874,6443.388208333334
2025-03-15 02:00:00,4111.989,5,True,False,8.696,2.54,62.44,114,2,0,5,3,6.804,4096.665,5259.421,4117.106,6419.6381041666655
2025-03-15 02:30:00,4161.613,6,True,False,9.120000000000001,4.274,58.36,114,2,30,5,3,6.379999999999999,4111.989,5162.522,4236.274,6395.733270833333
2025-03-15 03:00:00,4199.322,7,True,False,8.448,5.1,53.08,114,3,0,5,3,7.052,4161.613,5353.553,4235.622,6374.881
2025-03-15 03:30:00,4384.01,8,True,False,7.06,5.218,61.17999999999999,114,3,30,5,3,8.440000000000001,4199.322,5458.844,4307.468,6350.834520833333
2025-03-15 04:00:00,4354.577,9,True,False,8.224,4.537999999999999,54.339999999999996,114,4,0,5,3,7.276,4384.01,5521.297,4388.452,6328.442145833334
2025-03-15 04:30:00,4381.29,10,True,False,8.028,4.042,56.4,114,4,30,5,3,7.4719999999999995,4354.577,5607.687,4465.027,6304.135479166667
2025-03-15 05:00:00,4524.082,11,True,False,8.506,4.9879999999999995,62.8,114,5,0,5,3,6.994,4381.29,5936.399,4648.317,6278.585541666667
2025-03-15 05:30:00,4757.216,12,True,False,7.648000000000001,4.136,51.86,114,5,30,5,3,7.851999999999999,4524.082,6118.445,4866.924,6249.162270833333
2025-03-15 06:00:00,5054.021,13,True,False,6.196,3.998,70.06,114,6,0,5,3,9.304,4757.216,6392.25,5073.594,6220.803333333333
2025-03-15 06:30:00,5422.61,14,True,False,6.364,2.4619999999999997,56.279999999999994,114,6,30,5,3,9.136,5054.021,6750.388,5482.931,6192.9235625
2025-03-15 07:00:00,5712.905,15,True,False,6.744,4.524,73.84,114,7,0,5,3,8.756,5422.61,7164.503,5800.439,6165.261520833334
2025-03-15 07:30:00,5955.134,16,True,False,6.814,5.430000000000001,63.94,114,7,30,5,3,8.686,5712.905,7577.25,6049.574,6135.019895833332
2025-03-15 08:00:00,6264.787,17,True,False,6.638,3.844,55.779999999999994,114,8,0,5,3,8.862,5955.134,7998.408,6304.64,6101.2258125
2025-03-15 08:30:00,6340.377,18,True,False,6.82,4.3100000000000005,68.88,114,8,30,5,3,8.68,6264.787,8176.962,6349.9220000000005,6065.108708333333
2025-03-15 09:00:00,6393.413,19,True,False,6.818,3.846,76.47999999999999,114,9,0,5,3,8.682,6340.377,8190.348,6517.973,6026.846520833333
2025-03-15 09:30:00,6443.042,20,True,False,6.724000000000001,3.4239999999999995,60.56,114,9,30,5,3,8.776,6393.413,8207.501,6521.289,5989.4103749999995
2025-03-15 10:00:00,6285.296,21,True,False,7.0,3.9120000000000004,67.32000000000001,114,10,0,5,3,8.5,6443.042,8049.799,6215.507,5952.6508125
2025-03-15 10:30:00,6004.338,22,True,False,7.45,4.912,66.32000000000001,114,10,30,5,3,8.05,6285.296,7633.804,6094.094,5915.890333333333
2025-03-15 11:00:00,5873.578,23,True,False,6.775999999999999,3.286,58.160000000000004,114,11,0,5,3,8.724,6004.338,7351.269,5833.269,5881.943125000001
2025-03-15 11:30:00,5574.774,24,True,False,7.252,4.606,58.739999999999995,114,11,30,5,3,8.248000000000001,5873.578,7056.908,5663.497,5851.157895833334
2025-03-15 12:00:00,5350.674,25,True,False,7.2379999999999995,4.258,60.1,114,12,0,5,3,8.262,5574.774,6827.016,5352.915,5820.280104166667
2025-03-15 12:30:00,5207.768,26,True,False,7.675999999999999,4.052,47.12,114,12,30,5,3,7.824000000000001,5350.674,6568.53,5276.076,5789.522979166667
2025-03-15 13:00:00,5118.176,27,True,False,8.584,2.7560000000000002,53.8,114,13,0,5,3,6.916,5207.768,6497.755,5252.377,5761.173770833334
2025-03-15 13:30:00,5102.647,28,True,False,9.662,2.976,49.08,114,13,30,5,3,5.837999999999999,5118.176,6571.495,5199.852,5732.432541666666
2025-03-15 14:00:00,5178.0869999999995,29,True,False,9.368,3.782,66.3,114,14,0,5,3,6.132,5102.647,6626.472,5207.7699999999995,5701.831541666666
2025-03-15 14:30:00,5373.67,30,True,False,8.681999999999999,4.864,68.1,114,14,30,5,3,6.818000000000001,5178.0869999999995,6681.571,5414.125,5671.656854166667
2025-03-15 15:00:00,5517.854,31,True,False,8.686,4.372,45.14,114,15,0,5,3,6.814,5373.67,6911.552,5461.29,5644.408916666666
2025-03-15 15:30:00,5646.798,32,True,False,9.114,4.002,71.56,114,15,30,5,3,6.385999999999999,5517.854,7122.531,5679.589,5615.373541666668
2025-03-15 16:00:00,5715.13,33,True,False,10.014,3.582,55.94,114,16,0,5,3,5.486000000000001,5646.798,7401.397,5747.258,5584.629104166666
2025-03-15 16:30:00,5636.14,34,True,False,10.618,2.552,70.66,114,16,30,5,3,4.882,5715.13,7389.639,5816.678,5549.498541666667
2025-03-15 17:00:00,5751.782,35,True,False,10.05,4.218,60.54,114,17,0,5,3,5.449999999999999,5636.14,7389.6900000000005,5778.693,5512.967312500001
2025-03-15 17:30:00,5771.377,36,True,False,10.98,3.5140000000000002,76.28,114,17,30,5,3,4.52,5751.782,7391.802,5883.187,5478.844229166666
2025-03-15 18:00:00,5703.85,37,True,False,9.712,3.78,55.08,114,18,0,5,3,5.788,5771.377,7202.719,5555.673,5445.085375000001
2025-03-15 18:30:00,5550.544,38,True,False,10.081999999999999,5.532,61.3,114,18,30,5,3,5.418000000000001,5703.85,7069.325,5525.49,5413.8589375
2025-03-15 19:00:00,5290.819,39,True,False,10.452,2.9979999999999998,66.82000000000001,114,19,0,5,3,5.048,5550.544,6826.242,5386.873,5382.217666666666
2025-03-15 19:30:00,5153.75,40,True,False,10.744,4.822,76.08,114,19,30,5,3,4.756,5290.819,6496.45,5156.838,5350.2296875
2025-03-15 20:00:00,4943.857,41,True,False,10.972,3.9859999999999998,64.8,114,20,0,5,3,4.5280000000000005,5153.75,6469.802,4981.759,5322.256770833334
2025-03-15 20:30:00,4773.878,42,True,False,11.298,3.726,64.66,114,20,30,5,3,4.202,4943.857,6012.122,4868.669,5290.46625
2025-03-15 21:00:00,4553.383,43,True,False,11.23,3.1399999999999997,57.67999999999999,114,21,0,5,3,4.27,4773.878,5865.851,4713.27,5264.6695
2025-03-15 21:30:00,4489.038,44,True,False,10.496,4.178,59.04,114,21,30,5,3,5.004,4553.383,5694.66,4511.761,5237.326416666667
2025-03-15 22:00:00,4301.746,45,True,False,10.594,3.718,52.339999999999996,114,22,0,5,3,4.906000000000001,4489.038,5462.423,4354.211,5212.209291666667
2025-03-15 22:30:00,4296.583,46,True,False,10.196000000000002,3.218,59.9,114,22,30,5,3,5.3039999999999985,4301.746,5413.719,4339.663,5188.0285208333335
2025-03-15 23:00:00,4261.281,47,True,False,9.362,6.531999999999999,54.540000000000006,114,23,0,5,3,6.138,4296.583,5406.395,4267.927,5164.7548541666665
2025-03-15 23:30:00,4099.68,48,True,False,9.942,5.414,54.660000000000004,114,23,30,5,3,5.558,4261.281,5272.469,4189.218,5140.8983125
2025-03-16 00:00:00,4143.832,1,True,False,9.828,3.064,45.58,114,0,0,6,3,5.672000000000001,4099.68,4092.762,4133.06,5116.465208333333
2025-03-16 00:30:00,4125.151,2,True,False,10.074,3.78,61.54,114,0,30,6,3,5.426,4143.832,4116.245,4013.038,5117.529166666666
2025-03-16 01:00:00,4113.883,3,True,False,9.356,3.024,56.220000000000006,114,1,0,6,3,6.144,4125.151,4297.772,4062.995,5117.714708333334
2025-03-16 01:30:00,4032.21,4,True,False,10.129999999999999,3.2039999999999997,57.94,114,1,30,6,3,5.370000000000001,4113.883,4096.665,4138.237,5113.883687500001
2025-03-16 02:00:00,4183.561,5,True,False,8.181999999999999,4.08,69.46000000000001,114,2,0,6,3,7.318000000000001,4032.21,4111.989,4177.178,5112.540875
2025-03-16 02:30:00,4197.405,6,True,False,8.728,4.05,51.1,114,2,30,6,3,6.772,4183.561,4161.613,4224.571,5114.031958333333
2025-03-16 03:00:00,4230.639,7,True,False,8.166,4.14,50.2,114,3,0,6,3,7.334,4197.405,4199.322,4171.035,5114.777625
2025-03-16 03:30:00,4346.516,8,True,False,8.23,4.6899999999999995,60.3,114,3,30,6,3,7.27,4230.639,4384.01,4407.44,5115.4300625000005
2025-03-16 04:00:00,4395.832,9,True,False,7.736,2.4579999999999997,53.720000000000006,114,4,0,6,3,7.764,4346.516,4354.577,4450.596,5114.6489375
2025-03-16 04:30:00,4558.702842393176,10,True,False,7.351999999999999,4.9159999999999995,59.32000000000001,114,4,30,6,3,8.148,4395.832,4381.29,4578.92,5115.508416666667
2025-03-16 05:00:00,4696.228,11,True,False,7.524000000000001,3.1380000000000003,52.279999999999994,114,5,0,6,3,7.975999999999999,4558.702842393176,4524.082,4671.124,5119.204517549858
2025-03-16 05:30:00,4880.445,12,True,False,6.676,3.4939999999999998,62.67999999999999,114,5,30,6,3,8.824,4696.228,4757.216,4838.536,5122.790892549858
2025-03-16 06:00:00,5052.5869999999995,13,True,False,7.792,3.8619999999999997,57.56,114,6,0,6,3,7.708,4880.445,5054.021,5027.818,5125.358163383192
2025-03-16 06:30:00,5446.294,14,True,False,6.554,2.508,56.239999999999995,114,6,30,6,3,8.946,5052.5869999999995,5422.61,5398.2880000000005,5125.328288383192
2025-03-16 07:00:00,5660.428,15,True,False,7.05,3.028,53.4,114,7,0,6,3,8.45,5446.294,5712.905,5670.865,5125.821705049858
2025-03-16 07:30:00,5957.868,16,True,False,7.406000000000001,2.432,45.160000000000004,114,7,30,6,3,8.094,5660.428,5955.134,5911.007,5124.728434216525
2025-03-16 08:00:00,6132.348,17,True,False,7.19,2.932,64.32000000000001,114,8,0,6,3,8.309999999999999,5957.868,6264.787,6272.512,5124.7853925498575
2025-03-16 08:30:00,6428.934,18,True,False,6.678,3.882,65.1,114,8,30,6,3,8.822,6132.348,6340.377,6471.484,5122.026246716524
2025-03-16 09:00:00,6366.505,19,True,False,7.214,4.57,64.03999999999999,114,9,0,6,3,8.286,6428.934,6393.413,6504.873,5123.871184216525
2025-03-16 09:30:00,6397.762,20,True,False,7.4,1.7399999999999998,44.4,114,9,30,6,3,8.1,6366.505,6443.042,6432.572,5123.310600883192
2025-03-16 10:00:00,6319.731,21,True,False,6.94,4.952,58.92,114,10,0,6,3,8.559999999999999,6397.762,6285.296,6333.567,5122.367267549857
2025-03-16 10:30:00,6087.625,22,True,False,6.6579999999999995,3.932,69.9,114,10,30,6,3,8.842,6319.731,6004.338,6130.2390000000005,5123.084663383191
2025-03-16 11:00:00,5850.1539999999995,23,True,False,7.144,3.636,57.94,114,11,0,6,3,8.356,6087.625,5873.578,5856.749,5124.819809216525
2025-03-16 11:30:00,5568.802,24,True,False,7.12,3.8239999999999994,78.42,114,11,30,6,3,8.379999999999999,5850.1539999999995,5574.774,5526.207,5124.331809216525
2025-03-16 12:00:00,5351.893,25,True,False,7.590000000000001,3.1079999999999997,53.6,114,12,0,6,3,7.909999999999999,5568.802,5350.674,5365.123,5124.207392549858
2025-03-16 12:30:00,5210.791,26,True,False,8.028,4.402,69.24,114,12,30,6,3,7.4719999999999995,5351.893,5207.768,5236.237,5124.23278838319
2025-03-16 13:00:00,5067.149,27,True,False,9.086,3.882,48.760000000000005,114,13,0,6,3,6.414,5210.791,5118.176,5187.095,5124.295767549858
2025-03-16 13:30:00,5189.122,28,True,False,8.184000000000001,3.5519999999999996,49.36,114,13,30,6,3,7.315999999999999,5067.149,5102.647,5194.847,5123.232705049858
2025-03-16 14:00:00,5304.907,29,True,False,8.436,3.4200000000000004,61.279999999999994,114,14,0,6,3,7.064,5189.122,5178.0869999999995,5292.059,5125.034267549858
2025-03-16 14:30:00,5311.32,30,True,False,8.734,5.226,55.81999999999999,114,14,30,6,3,6.766,5304.907,5373.67,5432.36,5127.676350883191
2025-03-16 15:00:00,5414.843,31,True,False,10.440000000000001,3.3800000000000003,65.38000000000001,114,15,0,6,3,5.059999999999999,5311.32,5517.854,5521.932,5126.377392549858
2025-03-16 15:30:00,5549.202,32,True,False,9.284,3.84,62.48,114,15,30,6,3,6.215999999999999,5414.843,5646.798,5688.742,5124.231330049858
2025-03-16 16:00:00,5718.062,33,True,False,9.792,3.6759999999999997,58.08,114,16,0,6,3,5.708,5549.202,5715.13,5687.478,5122.198080049858
2025-03-16 16:30:00,5736.489,34,True,False,10.168000000000001,3.46,61.879999999999995,114,16,30,6,3,5.331999999999999,5718.062,5636.14,5805.632,5122.259163383192
2025-03-16 17:00:00,5876.432,35,True,False,10.144,4.504,70.44,114,17,0,6,3,5.356,5736.489,5751.782,5860.662,5124.3497675498575
2025-03-16 17:30:00,5835.896,36,True,False,9.418000000000001,3.0940000000000003,62.760000000000005,114,17,30,6,3,6.081999999999999,5876.432,5771.377,5725.521,5126.946642549858
2025-03-16 18:00:00,5593.945,37,True,False,10.129999999999999,3.088,60.71999999999999,114,18,0,6,3,5.370000000000001,5835.896,5703.85,5764.6539999999995,5128.290788383191
2025-03-16 18:30:00,5403.59,38,True,False,11.66,4.62,47.38,114,18,30,6,3,3.84,5593.945,5550.544,5501.796,5126.001100883192
2025-03-16 19:00:00,5311.383,39,True,False,10.61,4.218,58.58,114,19,0,6,3,4.890000000000001,5403.59,5290.819,5431.479,5122.939559216525
2025-03-16 19:30:00,5206.089,40,True,False,10.437999999999999,3.778,58.02,114,19,30,6,3,5.062000000000001,5311.383,5153.75,5172.659,5123.367975883191
2025-03-16 20:00:00,5004.723,41,True,False,10.413,4.014,50.339999999999996,114,20,0,6,3,5.087,5206.089,4943.857,5054.542,5124.458371716524
2025-03-16 20:30:00,4789.719,42,True,False,10.696000000000002,4.184,61.06,114,20,30,6,3,4.8039999999999985,5004.723,4773.878,4765.706,5125.726413383191
2025-03-16 21:00:00,4582.972,43,True,False,11.352,5.106,47.68,114,21,0,6,3,4.148,4789.719,4553.383,4610.363,5126.056434216524
2025-03-16 21:30:00,4483.963,44,True,False,10.484,4.444000000000001,52.5,114,21,30,6,3,5.016,4582.972,4489.038,4469.189,5126.672871716525
2025-03-16 22:00:00,4348.588,45,True,False,11.014,4.093999999999999,70.06,114,22,0,6,3,4.486000000000001,4483.963,4301.746,4374.329,5126.567142549858
2025-03-16 22:30:00,4238.407,46,True,False,10.436,4.566,59.379999999999995,114,22,30,6,3,5.064,4348.588,4296.583,4362.056,5127.543017549858
2025-03-16 23:00:00,4304.107,47,True,False,9.422,4.288,63.720000000000006,114,23,0,6,3,6.077999999999999,4238.407,4261.281,4332.871,5126.331017549858
2025-03-16 23:30:00,4161.192,48,True,False,10.534,5.1659999999999995,55.52,114,23,30,6,3,4.965999999999999,4304.107,4099.68,4170.992,5127.223225883191
2025-03-17 00:00:00,5132.968,1,False,False,10.276,5.09,53.14000000000001,114,0,0,0,3,5.224,4161.192,4143.832,5235.314,5128.504725883191
2025-03-17 00:30:00,5166.726,2,False,False,10.144,3.024,59.14,114,0,30,0,3,5.356,5132.968,4125.151,5198.197,5149.111725883191
2025-03-17 01:00:00,5294.388,3,False,False,9.428,2.124,63.17999999999999,114,1,0,0,3,6.071999999999999,5166.726,4113.883,5306.16,5170.811205049858
2025-03-17 01:30:00,5120.093,4,False,False,10.040000000000001,3.276,62.620000000000005,114,1,30,0,3,5.459999999999999,5294.388,4032.21,5331.763,5195.405059216524
2025-03-17 02:00:00,5251.779,5,False,False,8.73,4.194,51.9,114,2,0,0,3,6.77,5120.093,4183.561,5372.586,5218.069288383192
2025-03-17 02:30:00,5343.603,6,False,False,8.693999999999999,3.3299999999999996,68.06,114,2,30,0,3,6.806000000000001,5251.779,4197.405,5286.123,5240.323830049858
2025-03-17 03:00:00,5299.03,7,False,False,8.314,4.114,57.32000000000001,114,3,0,0,3,7.186,5343.603,4230.639,5429.085,5264.202955049858
2025-03-17 03:30:00,5376.168,8,False,False,8.556000000000001,4.048,69.22,114,3,30,0,3,6.943999999999999,5299.03,4346.516,5421.817,5286.461100883191
2025-03-17 04:00:00,5551.255,9,False,False,7.444,3.778,65.53999999999999,114,4,0,0,3,8.056000000000001,5376.168,4395.832,5538.42,5307.912184216524
2025-03-17 04:30:00,5647.105,10,False,False,7.2620000000000005,3.982,51.96,114,4,30,0,3,8.238,5551.255,4558.702842393176,5742.607,5331.983496716524
2025-03-17 05:00:00,5872.595,11,False,False,7.272,3.982,69.46000000000001,114,5,0,0,3,8.228,5647.105,4696.228,5977.495,5354.658541666667
2025-03-17 05:30:00,6073.39,12,False,False,6.981999999999999,4.25,80.62,114,5,30,0,3,8.518,5872.595,4880.445,6140.069,5379.1661875
2025-03-17 06:00:00,6394.8060000000005,13,False,False,7.308,5.724,57.279999999999994,114,6,0,0,3,8.192,6073.39,5052.5869999999995,6487.146,5404.019208333333
2025-03-17 06:30:00,6810.316,14,False,False,7.3260000000000005,5.258,68.36,114,6,30,0,3,8.174,6394.8060000000005,5446.294,6923.827,5431.982104166666
2025-03-17 07:00:00,7248.116,15,False,False,6.242,5.38,53.58,114,7,0,0,3,9.258,6810.316,5660.428,7304.766,5460.399229166666
2025-03-17 07:30:00,7634.186,16,False,False,5.978,4.608,56.96,114,7,30,0,3,9.522,7248.116,5957.868,7710.447,5493.476062499999
2025-03-17 08:00:00,7974.539,17,False,False,6.536,3.38,59.64,114,8,0,0,3,8.964,7634.186,6132.348,7876.385,5528.399354166667
2025-03-17 08:30:00,8123.577,18,False,False,6.802,4.294,58.879999999999995,114,8,30,0,3,8.698,7974.539,6428.934,8162.902,5566.778333333333
2025-03-17 09:00:00,8093.891,19,False,False,7.316,3.348,58.32000000000001,114,9,0,0,3,8.184000000000001,8123.577,6366.505,8227.095,5602.083395833332
2025-03-17 09:30:00,8067.23,20,False,False,7.752000000000001,2.956,62.54,114,9,30,0,3,7.747999999999999,8093.891,6397.762,8190.288,5638.070604166666
2025-03-17 10:00:00,7965.247,21,False,False,6.956,2.928,63.82000000000001,114,10,0,0,3,8.544,8067.23,6319.731,8002.746,5672.8511875
2025-03-17 10:30:00,7698.94,22,False,False,7.26,4.478,52.040000000000006,114,10,30,0,3,8.24,7965.247,6087.625,7772.853,5707.132770833334
2025-03-17 11:00:00,7318.793,23,False,False,8.086,4.792,43.58,114,11,0,0,3,7.414,7698.94,5850.1539999999995,7286.325,5740.7018333333335
2025-03-17 11:30:00,6950.667,24,False,False,8.474,3.9760000000000004,64.96000000000001,114,11,30,0,3,7.026,7318.793,5568.802,7107.135,5771.298479166667
2025-03-17 12:00:00,6819.9529999999995,25,False,False,7.676,5.018,47.82000000000001,114,12,0,0,3,7.824,6950.667,5351.893,7175.354665819029,5800.087333333334
2025-03-17 12:30:00,6705.572,26,False,False,6.924000000000001,2.524,67.56,114,12,30,0,3,8.575999999999999,6819.9529999999995,5210.791,6638.991,5830.671916666666
2025-03-17 13:00:00,6578.6320000000005,27,False,False,8.212,3.492,71.1,114,13,0,0,3,7.288,6705.572,5067.149,6513.381,5861.8131875
2025-03-17 13:30:00,6536.719,28,False,False,7.9,3.064,65.4,114,13,30,0,3,7.6,6578.6320000000005,5189.122,6520.862,5893.302416666666
2025-03-17 14:00:00,6704.244,29,False,False,7.912000000000001,2.8600000000000003,67.3,114,14,0,0,3,7.587999999999999,6536.719,5304.907,6811.492,5921.377354166667
2025-03-17 14:30:00,6784.006,30,False,False,8.588,3.068,63.379999999999995,114,14,30,0,3,6.912000000000001,6704.244,5311.32,6820.408,5950.530208333334
2025-03-17 15:00:00,7029.19,31,False,False,8.940000000000001,5.476,63.720000000000006,114,15,0,0,3,6.559999999999999,6784.006,5414.843,7000.152,5981.211166666667
2025-03-17 15:30:00,7091.147,32,False,False,9.974,3.88,55.879999999999995,114,15,30,0,3,5.526,7029.19,5549.202,7212.821,6014.8433958333335
2025-03-17 16:00:00,7280.169,33,False,False,9.788,4.294,56.64,114,16,0,0,3,5.712,7091.147,5718.062,7288.583,6046.967250000001
2025-03-17 16:30:00,7481.331,34,False,False,9.396,3.168,59.779999999999994,114,16,30,0,3,6.103999999999999,7280.169,5736.489,7495.176,6079.511145833333
2025-03-17 17:00:00,7468.956,35,False,False,10.258,4.892,58.02,114,17,0,0,3,5.242000000000001,7481.331,5876.432,7393.727,6115.862020833333
2025-03-17 17:30:00,7288.716,36,False,False,10.622,3.84,52.02,114,17,30,0,3,4.878,7468.956,5835.896,7400.491,6149.039604166667
2025-03-17 18:00:00,7173.374,37,False,False,11.569999999999999,4.154,47.54,114,18,0,0,3,3.9300000000000015,7288.716,5593.945,7354.201,6179.3066875
2025-03-17 18:30:00,7124.196,38,False,False,10.440000000000001,4.787999999999999,61.44,114,18,30,0,3,5.059999999999999,7173.374,5403.59,7131.145,6212.211458333332
2025-03-17 19:00:00,6887.2390000000005,39,False,False,10.67,4.674,70.1,114,19,0,0,3,4.83,7124.196,5311.383,6887.229,6248.0574166666665
2025-03-17 19:30:00,6572.752,40,False,False,10.94,3.568,67.42,114,19,30,0,3,4.5600000000000005,6887.2390000000005,5206.089,6693.5,6280.887749999999
2025-03-17 20:00:00,6274.621,41,False,False,11.040000000000001,3.406,59.17999999999999,114,20,0,0,3,4.459999999999999,6572.752,5004.723,6388.729,6309.359895833334
2025-03-17 20:30:00,6112.2,42,False,False,9.828,3.6739999999999995,58.96,114,20,30,0,3,5.672000000000001,6274.621,4789.719,6163.078,6335.816104166667
2025-03-17 21:00:00,5869.613,43,False,False,10.674000000000001,3.742,62.52,114,21,0,0,3,4.825999999999999,6112.2,4582.972,5952.992,6363.3677916666675
2025-03-17 21:30:00,5603.84,44,False,False,10.968,3.978,46.54,114,21,30,0,3,4.532,5869.613,4483.963,5688.243,6390.172812500001
2025-03-17 22:00:00,5498.594,45,False,False,11.336,3.688,65.96000000000001,114,22,0,0,3,4.164,5603.84,4348.588,5566.706,6413.503583333332
2025-03-17 22:30:00,5447.196,46,False,False,10.164,3.682,68.56,114,22,30,0,3,5.336,5498.594,4238.407,5420.035,6437.462041666666
2025-03-17 23:00:00,5368.72,47,False,False,10.962,4.164,55.32000000000001,114,23,0,0,3,4.538,5447.196,4304.107,5405.201,6462.645145833333
2025-03-17 23:30:00,5363.003,48,False,False,10.292,3.25,59.160000000000004,114,23,30,0,3,5.208,5368.72,4161.192,5292.562,6484.824583333334
2025-03-18 00:00:00,5288.319,1,False,False,8.831999999999999,4.750000000000001,56.260000000000005,114,0,0,1,3,6.668000000000001,5363.003,5132.968,5355.413,6509.8623125
2025-03-18 00:30:00,5199.105,2,False,False,10.038,4.198,60.1,114,0,30,1,3,5.462,5288.319,5166.726,5245.518,6513.098791666666
2025-03-18 01:00:00,5194.6630000000005,3,False,False,9.826,4.46,63.86,114,1,0,1,3,5.6739999999999995,5199.105,5294.388,5213.664,6513.773354166668
2025-03-18 01:30:00,5151.232,4,False,False,10.18,5.87,67.5,114,1,30,1,3,5.32,5194.6630000000005,5120.093,5285.627,6511.69575
2025-03-18 02:00:00,5288.777,5,False,False,9.044,4.7780000000000005,71.52000000000001,114,2,0,1,3,6.4559999999999995,5151.232,5251.779,5365.704,6512.344479166666
2025-03-18 02:30:00,5272.75,6,False,False,9.616,4.298,59.96,114,2,30,1,3,5.884,5288.777,5343.603,5296.622,6513.115270833333
2025-03-18 03:00:00,5322.973,7,False,False,9.59,3.7019999999999995,76.72,114,3,0,1,3,5.91,5272.75,5299.03,5397.705,6511.639166666667
2025-03-18 03:30:00,5293.054,8,False,False,8.67,3.386,52.86,114,3,30,1,3,6.83,5322.973,5376.168,5461.943,6512.137979166666
2025-03-18 04:00:00,5535.236,9,False,False,7.74,4.779999999999999,55.1,114,4,0,1,3,7.76,5293.054,5551.255,5563.866,6510.406437499999
2025-03-18 04:30:00,5670.1,10,False,False,7.843999999999999,4.752,72.05999999999999,114,4,30,1,3,7.656000000000001,5535.236,5647.105,5722.679,6510.072708333334
2025-03-18 05:00:00,5877.875,11,False,False,6.944,4.632,56.4,114,5,0,1,3,8.556000000000001,5670.1,5872.595,5808.993,6510.551770833333
2025-03-18 05:30:00,5993.3550000000005,12,False,False,7.478,4.8020000000000005,58.739999999999995,114,5,30,1,3,8.022,5877.875,6073.39,6178.564,6510.661770833333
2025-03-18 06:00:00,6375.023,13,False,False,7.336,3.064,68.28,114,6,0,1,3,8.164,5993.3550000000005,6394.8060000000005,6545.299,6508.994374999999
2025-03-18 06:30:00,6821.12,14,False,False,7.74,4.642,60.6,114,6,30,1,3,7.76,6375.023,6810.316,6834.94,6508.582229166667
2025-03-18 07:00:00,7282.011,15,False,False,6.234,4.316,72.47999999999999,114,7,0,1,3,9.266,6821.12,7248.116,7207.281,6508.807312500001
2025-03-18 07:30:00,7605.697,16,False,False,6.636,4.3759999999999994,63.260000000000005,114,7,30,1,3,8.864,7282.011,7634.186,7568.05,6509.513458333334
2025-03-18 08:00:00,7898.588,17,False,False,7.122,4.593999999999999,66.46000000000001,114,8,0,1,3,8.378,7605.697,7974.539,8013.911,6508.9199375
2025-03-18 08:30:00,8087.935,18,False,False,7.018000000000001,2.7399999999999998,51.12,114,8,30,1,3,8.482,7898.588,8123.577,8213.048,6507.337625
2025-03-18 09:00:00,8241.85,19,False,False,7.142,5.136,63.9,114,9,0,1,3,8.358,8087.935,8093.891,8262.269,6506.595083333334
2025-03-18 09:30:00,8131.339,20,False,False,7.390000000000001,5.134,63.9,114,9,30,1,3,8.11,8241.85,8067.23,8157.752,6509.677562500001
2025-03-18 10:00:00,7937.545,21,False,False,6.5920000000000005,3.65,66.62,114,10,0,1,3,8.908,8131.339,7965.247,8007.325,6511.013166666667
2025-03-18 10:30:00,7668.017,22,False,False,6.912000000000001,4.7700000000000005,54.4,114,10,30,1,3,8.588,7937.545,7698.94,7832.632,6510.436041666667
2025-03-18 11:00:00,7321.193,23,False,False,8.232,3.3899999999999997,58.1,114,11,0,1,3,7.268000000000001,7668.017,7318.793,7388.495,6509.7918125
2025-03-18 11:30:00,7049.308,24,False,False,7.5600000000000005,3.5099999999999993,70.88,114,11,30,1,3,7.9399999999999995,7321.193,6950.667,7056.794,6509.8418125
2025-03-18 12:00:00,6743.599,25,False,False,7.1819999999999995,3.2620000000000005,68.92,114,12,0,1,3,8.318000000000001,7049.308,6819.9529999999995,6826.949,6511.896833333333
2025-03-18 12:30:00,6541.717,26,False,False,8.318000000000001,4.64,53.42,114,12,30,1,3,7.181999999999999,6743.599,6705.572,6596.371,6510.306125
2025-03-18 13:00:00,6415.59,27,False,False,8.974,4.723999999999999,65.4,114,13,0,1,3,6.526,6541.717,6578.6320000000005,6520.5470000000005,6506.892479166668
2025-03-18 13:30:00,6495.853,28,False,False,8.254,3.414,75.66,114,13,30,1,3,7.246,6415.59,6536.719,6643.506,6503.495770833332
2025-03-18 14:00:00,6681.641,29,False,False,8.654,4.126,50.68,114,14,0,1,3,6.846,6495.853,6704.244,6683.661,6502.644395833333
2025-03-18 14:30:00,6778.293,30,False,False,9.443999999999999,3.686,74.14,114,14,30,1,3,6.056000000000001,6681.641,6784.006,6886.615,6502.1735
2025-03-18 15:00:00,6967.235,31,False,False,9.614,4.484,63.760000000000005,114,15,0,1,3,5.885999999999999,6778.293,7029.19,6998.79,6502.054479166666
2025-03-18 15:30:00,7177.323,32,False,False,9.464,3.526,73.96000000000001,114,15,30,1,3,6.036,6967.235,7091.147,7193.567,6500.763749999999
2025-03-18 16:00:00,7305.049,33,False,False,9.93,4.0840000000000005,66.74,114,16,0,1,3,5.57,7177.323,7280.169,7286.975,6502.559083333334
2025-03-18 16:30:00,7403.781,34,False,False,10.006,3.528,48.38,114,16,30,1,3,5.494,7305.049,7481.331,7456.573,6503.077416666667
2025-03-18 17:00:00,7400.625,35,False,False,10.654,5.838,77.8,114,17,0,1,3,4.846,7403.781,7468.956,7385.714,6501.461791666666
2025-03-18 17:30:00,7349.231,36,False,False,11.274,5.24,63.080000000000005,114,17,30,1,3,4.226000000000001,7400.625,7288.716,7418.934,6500.038229166666
2025-03-18 18:00:00,7209.749,37,False,False,11.264,3.4659999999999997,54.98,114,18,0,1,3,4.236000000000001,7349.231,7173.374,7273.372,6501.298958333333
2025-03-18 18:30:00,7060.976,38,False,False,10.769,6.7379999999999995,62.879999999999995,114,18,30,1,3,4.731,7209.749,7124.196,7087.007,6502.056770833334
2025-03-18 19:00:00,6908.579,39,False,False,10.166,5.058,66.12,114,19,0,1,3,5.334,7060.976,6887.2390000000005,6855.273,6500.7396875
2025-03-18 19:30:00,6478.047,40,False,False,10.294,2.822,49.739999999999995,114,19,30,1,3,5.2059999999999995,6908.579,6572.752,6574.743,6501.184270833334
2025-03-18 20:00:00,6401.176,41,False,False,10.398,2.914,63.4,114,20,0,1,3,5.102,6478.047,6274.621,6445.067,6499.21125
2025-03-18 20:30:00,6062.146,42,False,False,11.378,3.806,53.48,114,20,30,1,3,4.122,6401.176,6112.2,6124.838,6501.8478125
2025-03-18 21:00:00,5874.367,43,False,False,10.586,2.932,58.02,114,21,0,1,3,4.914,6062.146,5869.613,5901.171,6500.805020833333
2025-03-18 21:30:00,5686.327,44,False,False,10.746,4.998,51.56,114,21,30,1,3,4.754,5874.367,5603.84,5662.851,6500.904062499999
2025-03-18 22:00:00,5573.014,45,False,False,10.36,2.19,66.92,114,22,0,1,3,5.140000000000001,5686.327,5498.594,5561.601,6502.622541666667
2025-03-18 22:30:00,5471.646,46,False,False,10.62,3.5519999999999996,58.48,114,22,30,1,3,4.880000000000001,5573.014,5447.196,5534.123,6504.172958333334
2025-03-18 23:00:00,5169.196,47,False,False,10.379999999999999,4.256,63.739999999999995,114,23,0,1,3,5.120000000000001,5471.646,5368.72,5417.829,6504.682333333333
2025-03-18 23:30:00,5352.717,48,False,False,10.163999999999998,3.63,60.98,114,23,30,1,3,5.336000000000002,5169.196,5363.003,5337.146,6500.525583333333
2025-03-19 00:00:00,5214.704,1,False,False,9.202,2.856,54.64,114,0,0,2,3,6.298,5352.717,5288.319,5156.802,6500.311291666666
2025-03-19 00:30:00,5042.102,2,False,False,10.069999999999999,4.412,57.46,114,0,30,2,3,5.4300000000000015,5214.704,5199.105,5198.759,6498.777645833333
2025-03-19 01:00:00,5089.249,3,False,False,9.59,2.456,58.9,114,1,0,2,3,5.91,5042.102,5194.6630000000005,5313.595,6495.50675
2025-03-19 01:30:00,4987.634,4,False,False,9.526,2.66,72.53999999999999,114,1,30,2,3,5.974,5089.249,5151.232,5239.255,6493.310624999999
2025-03-19 02:00:00,5130.888,5,False,False,9.158,3.106,61.98,114,2,0,2,3,6.3420000000000005,4987.634,5288.777,5326.073,6489.902333333334
2025-03-19 02:30:00,5102.0869999999995,6,False,False,9.597999999999999,4.67,55.31999999999999,114,2,30,2,3,5.902000000000001,5130.888,5272.75,5390.467,6486.612979166667
2025-03-19 03:00:00,5236.759,7,False,False,7.55,4.854,58.4,114,3,0,2,3,7.95,5102.0869999999995,5322.973,5375.138,6483.0575
2025-03-19 03:30:00,5273.389,8,False,False,8.072,4.32,56.279999999999994,114,3,30,2,3,7.428000000000001,5236.759,5293.054,5431.243,6481.261375000001
2025-03-19 04:00:00,5321.061,9,False,False,7.843999999999999,4.632,67.11999999999999,114,4,0,2,3,7.656000000000001,5273.389,5535.236,5461.557,6480.8516875
2025-03-19 04:30:00,5483.927,10,False,False,8.11,3.3259999999999996,72.62,114,4,30,2,3,7.390000000000001,5321.061,5670.1,5631.301,6476.389708333333
2025-03-19 05:00:00,5615.583,11,False,False,7.918000000000001,4.638,55.620000000000005,114,5,0,2,3,7.581999999999999,5483.927,5877.875,5768.996,6472.511104166667
2025-03-19 05:30:00,5822.1539999999995,12,False,False,9.01,4.538,55.44000000000001,114,5,30,2,3,6.49,5615.583,5993.3550000000005,6067.301,6467.046687499999
2025-03-19 06:00:00,6228.961,13,False,False,7.776000000000001,3.664,54.5,114,6,0,2,3,7.723999999999999,5822.1539999999995,6375.023,6402.257,6463.4800000000005
2025-03-19 06:30:00,6551.11,14,False,False,6.462000000000001,3.822,62.98,114,6,30,2,3,9.038,6228.961,6821.12,6889.27,6460.437041666665
2025-03-19 07:00:00,6904.829,15,False,False,8.092,5.176,58.17999999999999,114,7,0,2,3,7.4079999999999995,6551.11,7282.011,7292.592,6454.811833333333
2025-03-19 07:30:00,7328.716,16,False,False,6.918000000000001,2.948,68.64,114,7,30,2,3,8.581999999999999,6904.829,7605.697,7513.924,6446.953874999999
2025-03-19 08:00:00,7705.5419999999995,17,False,False,6.5200000000000005,5.146,63.580000000000005,114,8,0,2,3,8.98,7328.716,7898.588,7900.742,6441.1834375
2025-03-19 08:30:00,7894.448,18,False,False,7.368,3.2619999999999996,46.54,114,8,30,2,3,8.132,7705.5419999999995,8087.935,8137.022,6437.161645833334
2025-03-19 09:00:00,7986.809,19,False,False,6.709999999999999,2.9059999999999997,58.879999999999995,114,9,0,2,3,8.790000000000001,7894.448,8241.85,8297.326000000001,6433.130666666667
2025-03-19 09:30:00,7922.432,20,False,False,6.779999999999999,5.244,69.4,114,9,30,2,3,8.72,7986.809,8131.339,8232.769,6427.817312499999
2025-03-19 10:00:00,7605.095,21,False,False,8.1,4.026,80.96,114,10,0,2,3,7.4,7922.432,7937.545,7890.364,6423.4650833333335
2025-03-19 10:30:00,7400.767,22,False,False,8.586,3.7619999999999996,65.32000000000001,114,10,30,2,3,6.914,7605.095,7668.017,7631.9039999999995,6416.539041666667
2025-03-19 11:00:00,7522.330132232327,23,False,False,7.106,5.482,59.4,114,11,0,2,3,8.394,7400.767,7321.193,7459.522,6410.971333333334
2025-03-19 11:30:00,6866.643,24,False,False,7.708,3.3,75.82000000000001,114,11,30,2,3,7.792,7522.330132232327,7049.308,7113.792,6415.16169025484
2025-03-19 12:00:00,6586.945,25,False,False,7.308,3.7359999999999998,60.82000000000001,114,12,0,2,3,8.192,6866.643,6743.599,6758.661,6411.356169421506
2025-03-19 12:30:00,6532.604,26,False,False,6.294,3.4539999999999997,55.720000000000006,114,12,30,2,3,9.206,6586.945,6541.717,6622.325,6408.092544421506
2025-03-19 13:00:00,6220.113,27,False,False,9.59,4.75,61.92,114,13,0,2,3,5.91,6532.604,6415.59,6499.997,6407.902690254839
2025-03-19 13:30:00,6300.866,28,False,False,8.238,5.104000000000001,54.42,114,13,30,2,3,7.2620000000000005,6220.113,6495.853,6539.379,6403.83025275484
2025-03-19 14:00:00,6442.081,29,False,False,8.34,4.39,54.36,114,14,0,2,3,7.16,6300.866,6681.641,6794.514,6399.7680235881735
2025-03-19 14:30:00,6549.896,30,False,False,10.062000000000001,3.992,59.620000000000005,114,14,30,2,3,5.437999999999999,6442.081,6778.293,6895.308,6394.77719025484
2025-03-19 15:00:00,6959.44,31,False,False,8.458,5.662,56.620000000000005,114,15,0,2,3,7.042,6549.896,6967.235,7015.044,6390.018919421506
2025-03-19 15:30:00,6915.743,32,False,False,9.826,2.508,52.620000000000005,114,15,30,2,3,5.6739999999999995,6959.44,7177.323,7203.112,6389.856523588173
2025-03-19 16:00:00,7079.581,33,False,False,9.914,4.518,54.14,114,16,0,2,3,5.586,6915.743,7305.049,7269.835,6384.40694025484
2025-03-19 16:30:00,7136.867,34,False,False,10.209999999999999,3.6700000000000004,67.47999999999999,114,16,30,2,3,5.290000000000001,7079.581,7403.781,7356.173,6379.70969025484
2025-03-19 17:00:00,7323.447,35,False,False,9.008,4.2059999999999995,52.839999999999996,114,17,0,2,3,6.492000000000001,7136.867,7400.625,7463.546,6374.148981921507
2025-03-19 17:30:00,7100.301,36,False,False,11.379999999999999,4.986,55.08,114,17,30,2,3,4.120000000000001,7323.447,7349.231,7405.713,6372.541106921507
2025-03-19 18:00:00,6931.238,37,False,False,11.372,3.5199999999999996,65.0,114,18,0,2,3,4.128,7100.301,7209.749,7327.106,6367.35506525484
2025-03-19 18:30:00,6843.078,38,False,False,11.728,4.768000000000001,58.760000000000005,114,18,30,2,3,3.7720000000000002,6931.238,7060.976,7047.215,6361.55275275484
2025-03-19 19:00:00,6735.683,39,False,False,9.838,5.198,52.92,114,19,0,2,3,5.662000000000001,6843.078,6908.579,6953.91,6357.013211088174
2025-03-19 19:30:00,6479.266,40,False,False,10.362,4.556,59.839999999999996,114,19,30,2,3,5.138,6735.683,6478.047,6693.528,6353.411211088173
2025-03-19 20:00:00,6130.983,41,False,False,10.959999999999999,5.192,59.379999999999995,114,20,0,2,3,4.540000000000001,6479.266,6401.176,6293.058,6353.436606921507
2025-03-19 20:30:00,5933.616,42,False,False,10.722,4.5920000000000005,56.92,114,20,30,2,3,4.7780000000000005,6130.983,6062.146,6053.426,6347.807586088174
2025-03-19 21:00:00,5626.936,43,False,False,11.564,2.634,54.98,114,21,0,2,3,3.936,5933.616,5874.367,5893.234,6345.12987775484
2025-03-19 21:30:00,5484.517,44,False,False,10.836,4.698,59.48,114,21,30,2,3,4.664,5626.936,5686.327,5693.149,6339.97506525484
2025-03-19 22:00:00,5421.2789999999995,45,False,False,10.364,2.726,63.720000000000006,114,22,0,2,3,5.135999999999999,5484.517,5573.014,5598.774,6335.770690254841
2025-03-19 22:30:00,5250.6,46,False,False,10.284,3.564,52.6,114,22,30,2,3,5.215999999999999,5421.2789999999995,5471.646,5512.036,6332.609544421507
2025-03-19 23:00:00,5208.822,47,False,False,10.553999999999998,3.904,50.1,114,23,0,2,3,4.9460000000000015,5250.6,5169.196,5404.112,6328.004419421507
2025-03-19 23:30:00,5099.099,48,False,False,10.43,4.308,66.82000000000001,114,23,30,2,3,5.07,5208.822,5352.717,5470.224,6328.829961088173
2025-03-20 00:00:00,5119.772,1,False,False,9.824000000000002,4.276000000000001,65.6,112,0,0,3,3,5.675999999999998,5099.099,5214.704,5249.335,6323.54625275484
2025-03-20 00:30:00,5027.209,2,False,False,9.882,4.26,67.92,112,0,30,3,3,5.618,5119.772,5042.102,5314.256,6321.56850275484
2025-03-20 01:00:00,5057.894,3,False,False,10.228,3.836,54.96,112,1,0,3,3,5.272,5027.209,5089.249,5142.818,6321.258231921507
2025-03-20 01:30:00,5058.585,4,False,False,9.612,3.964,59.44000000000001,112,1,30,3,3,5.888,5057.894,4987.634,5184.423,6320.60500275484
2025-03-20 02:00:00,5225.791,5,False,False,8.501000000000001,4.432,69.55999999999999,112,2,0,3,3,6.998999999999999,5058.585,5130.888,5196.664,6322.083148588173
2025-03-20 02:30:00,5133.318,6,False,False,9.302,3.582,56.4,112,2,30,3,3,6.198,5225.791,5102.0869999999995,5253.662,6324.060294421507
2025-03-20 03:00:00,5216.508,7,False,False,8.734,3.042,58.2,112,3,0,3,3,6.766,5133.318,5236.759,5359.962,6324.71094025484
2025-03-20 03:30:00,5198.344,8,False,False,9.366,4.454,67.86,112,3,30,3,3,6.134,5216.508,5273.389,5386.08,6324.289044421507
2025-03-20 04:00:00,5433.0650000000005,9,False,False,7.428,5.272,59.81999999999999,112,4,0,3,3,8.072,5198.344,5321.061,5518.717,6322.725606921507
2025-03-20 04:30:00,5525.457,10,False,False,7.212000000000001,4.256,58.9,112,4,30,3,3,8.288,5433.0650000000005,5483.927,5538.131,6325.059023588175
2025-03-20 05:00:00,5665.652,11,False,False,7.186,6.318,64.7,112,5,0,3,3,8.314,5525.457,5615.583,5803.959,6325.924231921507
2025-03-20 05:30:00,5956.047,12,False,False,6.81,4.41,59.82000000000001,112,5,30,3,3,8.690000000000001,5665.652,5822.1539999999995,6149.771,6326.967336088174
2025-03-20 06:00:00,6114.984,13,False,False,7.714,5.642,55.120000000000005,112,6,0,3,3,7.786,5956.047,6228.961,6424.137,6329.756773588174
2025-03-20 06:30:00,6497.594,14,False,False,7.7379999999999995,3.1919999999999997,67.06,112,6,30,3,3,7.7620000000000005,6114.984,6551.11,6831.156,6327.382252754841
2025-03-20 07:00:00,7016.706,15,False,False,6.248,5.223999999999999,53.08,112,7,0,3,3,9.251999999999999,6497.594,6904.829,7227.593,6326.267336088174
2025-03-20 07:30:00,7375.82,16,False,False,7.188,4.456,73.22,112,7,30,3,3,8.312000000000001,7016.706,7328.716,7511.2119999999995,6328.598106921508
2025-03-20 08:00:00,7696.625,17,False,False,5.904,3.052,64.16,112,8,0,3,3,9.596,7375.82,7705.5419999999995,7806.463,6329.579440254841
2025-03-20 08:30:00,7916.63,18,False,False,6.434,4.918,57.48,112,8,30,3,3,9.065999999999999,7696.625,7894.448,8113.79,6329.393669421507
2025-03-20 09:00:00,8028.275,19,False,False,7.859999999999999,3.106,63.32000000000001,112,9,0,3,3,7.640000000000001,7916.63,7986.809,8245.474,6329.855794421507
2025-03-20 09:30:00,7931.421,20,False,False,7.058,4.364,55.44,112,9,30,3,3,8.442,8028.275,7922.432,8208.256,6330.719669421506
2025-03-20 10:00:00,7727.517,21,False,False,7.196000000000001,4.122,49.5,112,10,0,3,3,8.303999999999998,7931.421,7605.095,7887.297,6330.90694025484
2025-03-20 10:30:00,7501.569,22,False,False,6.684,3.4240000000000004,65.2,112,10,30,3,3,8.815999999999999,7727.517,7400.767,7586.712,6333.457398588173
2025-03-20 11:00:00,7110.005,23,False,False,7.7780000000000005,5.556,58.86,112,11,0,3,3,7.7219999999999995,7501.569,7522.330132232327,7319.403,6335.557440254841
2025-03-20 11:30:00,6791.67,24,False,False,7.736,4.882,65.62,112,11,30,3,3,7.764,7110.005,6866.643,7151.314,6326.967333333333
2025-03-20 12:00:00,6574.575,25,False,False,7.996,4.636,48.839999999999996,112,12,0,3,3,7.504,6791.67,6586.945,6767.945,6325.405395833334
2025-03-20 12:30:00,6410.347,26,False,False,8.148,4.452,53.56,112,12,30,3,3,7.352,6574.575,6532.604,6580.563,6325.147687500001
2025-03-20 13:00:00,6349.002,27,False,False,8.378,3.9,46.7,112,13,0,3,3,7.122,6410.347,6220.113,6544.573,6322.600666666666
2025-03-20 13:30:00,6223.666,28,False,False,9.142,2.632,69.24,112,13,30,3,3,6.3580000000000005,6349.002,6300.866,6501.195,6325.285854166667
2025-03-20 14:00:00,6389.099,29,False,False,9.37,4.872,45.339999999999996,112,14,0,3,3,6.130000000000001,6223.666,6442.081,6605.304,6323.677520833334
2025-03-20 14:30:00,6589.669,30,False,False,9.388,3.882,69.5,112,14,30,3,3,6.112,6389.099,6549.896,6763.74,6322.573729166666
2025-03-20 15:00:00,6755.691,31,False,False,9.75,3.436,53.720000000000006,112,15,0,3,3,5.75,6589.669,6959.44,6977.36,6323.402333333334
2025-03-20 15:30:00,7004.549,32,False,False,9.164,4.516,59.46,112,15,30,3,3,6.336,6755.691,6915.743,7153.889,6319.1575625000005
2025-03-20 16:00:00,7114.94,33,False,False,9.245999999999999,2.65,70.44,112,16,0,3,3,6.254000000000001,7004.549,7079.581,7443.896,6321.0076875
2025-03-20 16:30:00,7103.75,34,False,False,10.732,4.246,62.239999999999995,112,16,30,3,3,4.768000000000001,7114.94,7136.867,7375.767,6321.744333333333
2025-03-20 17:00:00,7152.819,35,False,False,10.616,2.98,53.0,112,17,0,3,3,4.884,7103.75,7323.447,7412.161,6321.054395833334
2025-03-20 17:30:00,7108.548,36,False,False,10.669999999999998,3.2399999999999998,46.96,112,17,30,3,3,4.830000000000002,7152.819,7100.301,7359.597,6317.499645833333
2025-03-20 18:00:00,6944.94,37,False,False,10.796000000000001,4.9799999999999995,55.14,112,18,0,3,3,4.703999999999999,7108.548,6931.238,7207.557,6317.671458333333
2025-03-20 18:30:00,6858.847,38,False,False,10.538,3.772,68.66,112,18,30,3,3,4.962,6944.94,6843.078,7055.305,6317.956916666666
2025-03-20 19:00:00,6536.898,39,False,False,11.331999999999999,5.5520000000000005,57.48,112,19,0,3,3,4.168000000000001,6858.847,6735.683,6765.808,6318.2854375
2025-03-20 19:30:00,6432.231,40,False,False,10.83,3.624,75.06,112,19,30,3,3,4.67,6536.898,6479.266,6624.635,6314.144083333333
2025-03-20 20:00:00,6164.5,41,False,False,11.059999999999999,3.496,50.32000000000001,112,20,0,3,3,4.440000000000001,6432.231,6130.983,6361.1230000000005,6313.1641875
2025-03-20 20:30:00,5848.487,42,False,False,10.652,4.672,54.620000000000005,112,20,30,3,3,4.848000000000001,6164.5,5933.616,6082.164,6313.862458333333
2025-03-20 21:00:00,5704.371,43,False,False,11.809999999999999,2.23,78.4,112,21,0,3,3,3.6900000000000013,5848.487,5626.936,5944.0650000000005,6312.0889375
2025-03-20 21:30:00,5520.272,44,False,False,10.286,3.498,56.42,112,21,30,3,3,5.214,5704.371,5484.517,5580.166,6313.702166666667
2025-03-20 22:00:00,5371.809,45,False,False,10.668000000000001,4.246,51.94,112,22,0,3,3,4.831999999999999,5520.272,5421.2789999999995,5591.458,6314.4470625
2025-03-20 22:30:00,5318.358,46,False,False,9.986,3.752,57.82000000000001,112,22,30,3,3,5.513999999999999,5371.809,5250.6,5370.53,6313.4164375
2025-03-20 23:00:00,5145.274,47,False,False,10.342,3.664,64.22,112,23,0,3,3,5.1579999999999995,5318.358,5208.822,5310.441,6314.8280625
2025-03-20 23:30:00,5105.131,48,False,False,10.751999999999999,4.306,56.620000000000005,112,23,30,3,3,4.748000000000001,5145.274,5099.099,5351.645,6313.5041458333335
2025-03-21 00:00:00,5042.631,1,False,False,10.108,4.016,58.5,112,0,0,4,3,5.3919999999999995,5105.131,5119.772,5214.498,6313.6298125
2025-03-21 00:30:00,4970.21,2,False,False,10.251999999999999,4.794,59.02,112,0,30,4,3,5.248000000000001,5042.631,5027.209,5195.672,6312.022708333334
2025-03-21 01:00:00,5044.588,3,False,False,9.936,4.334,61.06,112,1,0,4,3,5.564,4970.21,5057.894,5276.401,6310.835229166667
2025-03-21 01:30:00,5022.905,4,False,False,9.602,4.178,54.42,112,1,30,4,3,5.898,5044.588,5058.585,5236.67,6310.558020833334
2025-03-21 02:00:00,5107.495,5,False,False,9.466,4.63,56.46,112,2,0,4,3,6.034000000000001,5022.905,5225.791,5259.421,6309.814687499999
2025-03-21 02:30:00,5091.236,6,False,False,8.968,2.96,54.2,112,2,30,4,3,6.532,5107.495,5133.318,5162.522,6307.350187499999
2025-03-21 03:00:00,5259.791,7,False,False,8.808,3.032,51.56,112,3,0,4,3,6.692,5091.236,5216.508,5353.553,6306.473479166667
2025-03-21 03:30:00,5192.784,8,False,False,9.58,4.18,61.760000000000005,112,3,30,4,3,5.92,5259.791,5198.344,5458.844,6307.375208333332
2025-03-21 04:00:00,5402.18,9,False,False,8.203999999999999,3.066,52.46,112,4,0,4,3,7.296000000000001,5192.784,5433.0650000000005,5521.297,6307.259375000001
2025-03-21 04:30:00,5414.404,10,False,False,8.709999999999999,5.112,67.86,112,4,30,4,3,6.790000000000001,5402.18,5525.457,5607.687,6306.6159375
2025-03-21 05:00:00,5746.231,11,False,False,7.0200000000000005,5.2620000000000005,50.480000000000004,112,5,0,4,3,8.48,5414.404,5665.652,5936.399,6304.302333333333
2025-03-21 05:30:00,5890.78,12,False,False,7.2219999999999995,3.8520000000000003,53.279999999999994,112,5,30,4,3,8.278,5746.231,5956.047,6118.445,6305.9810625
2025-03-21 06:00:00,6210.781,13,False,False,7.087999999999999,4.244,45.839999999999996,112,6,0,4,3,8.412,5890.78,6114.984,6392.25,6304.621333333333
2025-03-21 06:30:00,6538.941,14,False,False,6.99,4.934,54.220000000000006,112,6,30,4,3,8.51,6210.781,6497.594,6750.388,6306.617104166667
2025-03-21 07:00:00,6974.931,15,False,False,6.708,2.886,60.75999999999999,112,7,0,4,3,8.792,6538.941,7016.706,7164.503,6307.4785
2025-03-21 07:30:00,7327.019,16,False,False,7.422,3.018,55.6,112,7,30,4,3,8.078,6974.931,7375.82,7577.25,6306.608187499999
2025-03-21 08:00:00,7721.701,17,False,False,6.486,5.258,59.7,112,8,0,4,3,9.014,7327.019,7696.625,7998.408,6305.5914999999995
2025-03-21 08:30:00,7892.0779999999995,18,False,False,7.208,4.164,73.4,112,8,30,4,3,8.292,7721.701,7916.63,8176.962,6306.113916666666
2025-03-21 09:00:00,7997.895,19,False,False,6.9239999999999995,4.4719999999999995,71.2,112,9,0,4,3,8.576,7892.0779999999995,8028.275,8190.348,6305.602416666666
2025-03-21 09:30:00,7947.928,20,False,False,7.384,4.636,62.7,112,9,30,4,3,8.116,7997.895,7931.421,8207.501,6304.9695
2025-03-21 10:00:00,7686.912,21,False,False,7.368,2.856,61.36,112,10,0,4,3,8.132,7947.928,7727.517,8049.799,6305.313395833334
2025-03-21 10:30:00,7444.008,22,False,False,7.12,4.414,61.98,112,10,30,4,3,8.379999999999999,7686.912,7501.569,7633.804,6304.467458333333
2025-03-21 11:00:00,7052.421,23,False,False,7.896000000000001,3.742,67.5,112,11,0,4,3,7.603999999999999,7444.008,7110.005,7351.269,6303.268270833333
2025-03-21 11:30:00,6814.733,24,False,False,7.786,3.2039999999999997,65.08,112,11,30,4,3,7.714,7052.421,6791.67,7056.908,6302.068604166667
2025-03-21 12:00:00,6578.163,25,False,False,7.856,3.286,66.17999999999999,112,12,0,4,3,7.644,6814.733,6574.575,6827.016,6302.549083333332
2025-03-21 12:30:00,6395.745,26,False,False,8.434000000000001,5.0920000000000005,58.98,112,12,30,4,3,7.065999999999999,6578.163,6410.347,6568.53,6302.623833333332
2025-03-21 13:00:00,6358.194,27,False,False,8.59,4.066,48.02,112,13,0,4,3,6.91,6395.745,6349.002,6497.755,6302.319625
2025-03-21 13:30:00,6444.165,28,False,False,7.023999999999999,3.9120000000000004,66.0,112,13,30,4,3,8.476,6358.194,6223.666,6571.495,6302.511125
2025-03-21 14:00:00,6523.077,29,False,False,8.766,4.238,62.17999999999999,112,14,0,4,3,6.734,6444.165,6389.099,6626.472,6307.104854166667
2025-03-21 14:30:00,6589.068,30,False,False,8.89,3.5380000000000003,66.06,112,14,30,4,3,6.609999999999999,6523.077,6589.669,6681.571,6309.896062500001
2025-03-21 15:00:00,6830.139,31,False,False,8.831999999999999,5.465999999999999,54.660000000000004,112,15,0,4,3,6.668000000000001,6589.068,6755.691,6911.552,6309.883541666666
2025-03-21 15:30:00,6929.309,32,False,False,10.482,3.1100000000000003,51.48,112,15,30,4,3,5.018000000000001,6830.139,7004.549,7122.531,6311.4345416666665
2025-03-21 16:00:00,7079.121,33,False,False,9.77,3.274,57.220000000000006,112,16,0,4,3,5.73,6929.309,7114.94,7401.397,6309.8670416666655
2025-03-21 16:30:00,7200.001,34,False,False,10.382,6.156000000000001,51.059999999999995,112,16,30,4,3,5.118,7079.121,7103.75,7389.639,6309.1208125
2025-03-21 17:00:00,7171.18,35,False,False,10.658,3.508,66.46000000000001,112,17,0,4,3,4.8420000000000005,7200.001,7152.819,7389.6900000000005,6311.126041666666
2025-03-21 17:30:00,7200.329,36,False,False,9.61,4.295999999999999,66.35999999999999,112,17,30,4,3,5.890000000000001,7171.18,7108.548,7391.802,6311.5085625
2025-03-21 18:00:00,7024.58,37,False,False,10.594,5.606,63.48,112,18,0,4,3,4.906000000000001,7200.329,6944.94,7202.719,6313.420666666668
2025-03-21 18:30:00,6776.788,38,False,False,10.495999999999999,4.029999999999999,65.4,112,18,30,4,3,5.004000000000001,7024.58,6858.847,7069.325,6315.079833333333
2025-03-21 19:00:00,6658.938,39,False,False,10.776,3.94,52.58,112,19,0,4,3,4.724,6776.788,6536.898,6826.242,6313.370270833333
2025-03-21 19:30:00,6393.211,40,False,False,11.751999999999999,2.478,54.779999999999994,112,19,30,4,3,3.748000000000001,6658.938,6432.231,6496.45,6315.9127708333335
2025-03-21 20:00:00,6270.508,41,False,False,9.584,5.396,59.739999999999995,112,20,0,4,3,5.916,6393.211,6164.5,6469.802,6315.099854166667
2025-03-21 20:30:00,5865.052,42,False,False,10.629999999999999,2.242,66.78,112,20,30,4,3,4.870000000000001,6270.508,5848.487,6012.122,6317.3083541666665
2025-03-21 21:00:00,5680.707,43,False,False,11.044,3.6700000000000004,48.14,112,21,0,4,3,4.4559999999999995,5865.052,5704.371,5865.851,6317.653458333334
2025-03-21 21:30:00,5533.0070000000005,44,False,False,11.098,5.7700000000000005,66.97999999999999,112,21,30,4,3,4.401999999999999,5680.707,5520.272,5694.66,6317.160458333333
2025-03-21 22:00:00,5305.282,45,False,False,10.722,4.646,79.67999999999999,112,22,0,4,3,4.7780000000000005,5533.0070000000005,5371.809,5462.423,6317.4257708333325
2025-03-21 22:30:00,5232.964,46,False,False,11.264,2.45,49.6,112,22,30,4,3,4.236000000000001,5305.282,5318.358,5413.719,6316.039791666666
2025-03-21 23:00:00,5207.826,47,False,False,10.4,3.656,49.04,112,23,0,4,3,5.1,5232.964,5145.274,5406.395,6314.26075
2025-03-21 23:30:00,5159.491,48,False,False,10.332,4.366,61.64,112,23,30,4,3,5.167999999999999,5207.826,5105.131,5272.469,6315.563916666666
2025-03-22 00:00:00,3956.651,1,True,False,10.644,4.68,66.24000000000001,112,0,0,5,3,4.856,5159.491,5042.631,4092.762,6316.696416666667
2025-03-22 00:30:00,3897.972,2,True,False,11.014,3.724,56.220000000000006,112,0,30,5,3,4.486000000000001,3956.651,4970.21,4116.245,6294.0718333333325
2025-03-22 01:00:00,4019.029,3,True,False,9.338,3.728,56.220000000000006,112,1,0,5,3,6.162000000000001,3897.972,5044.588,4297.772,6271.733541666666
2025-03-22 01:30:00,4106.003,4,True,False,8.216,3.088,59.220000000000006,112,1,30,5,3,7.284000000000001,4019.029,5022.905,4096.665,6250.367729166667
2025-03-22 02:00:00,4073.981,5,True,False,8.322,4.468000000000001,70.66,112,2,0,5,3,7.178000000000001,4106.003,5107.495,4111.989,6231.265604166667
2025-03-22 02:30:00,4049.56,6,True,False,9.338,4.0280000000000005,77.3,112,2,30,5,3,6.162000000000001,4073.981,5091.236,4161.613,6209.734062500001
2025-03-22 03:00:00,4104.085,7,True,False,8.744,3.838,58.32000000000001,112,3,0,5,3,6.756,4049.56,5259.791,4199.322,6188.032479166667
2025-03-22 03:30:00,4177.61,8,True,False,8.262,2.0580000000000003,55.46,112,3,30,5,3,7.2379999999999995,4104.085,5192.784,4384.01,6163.955270833333
2025-03-22 04:00:00,4316.224,9,True,False,8.044,2.506,49.56,112,4,0,5,3,7.4559999999999995,4177.61,5402.18,4354.577,6142.8058125
2025-03-22 04:30:00,4345.947,10,True,False,7.822,4.18,60.0,112,4,30,5,3,7.678,4316.224,5414.404,4381.29,6120.181729166667
2025-03-22 05:00:00,4633.164,11,True,False,7.122,2.9259999999999997,52.1,112,5,0,5,3,8.378,4345.947,5746.231,4524.082,6097.922208333333
2025-03-22 05:30:00,4687.953,12,True,False,7.608,3.5020000000000002,64.26,112,5,30,5,3,7.892,4633.164,5890.78,4757.216,6074.7333125
2025-03-22 06:00:00,4865.17,13,True,False,7.786,3.694,60.2,112,6,0,5,3,7.714,4687.953,6210.781,5054.021,6049.674416666668
2025-03-22 06:30:00,5245.248,14,True,False,6.8260000000000005,5.21,63.279999999999994,112,6,30,5,3,8.674,4865.17,6538.941,5422.61,6021.640854166667
2025-03-22 07:00:00,5557.241,15,True,False,7.186,4.348000000000001,58.379999999999995,112,7,0,5,3,8.314,5245.248,6974.931,5712.905,5994.688916666667
2025-03-22 07:30:00,5810.232,16,True,False,7.25,4.6579999999999995,81.16,112,7,30,5,3,8.25,5557.241,7327.019,5955.134,5965.153708333334
2025-03-22 08:00:00,6062.948,17,True,False,6.58,3.572,56.75999999999999,112,8,0,5,3,8.92,5810.232,7721.701,6264.787,5933.553979166667
2025-03-22 08:30:00,6232.169,18,True,False,7.178,4.416,61.04,112,8,30,5,3,8.322,6062.948,7892.0779999999995,6340.377,5898.996625
2025-03-22 09:00:00,6368.148,19,True,False,6.590000000000001,3.45,56.32000000000001,112,9,0,5,3,8.91,6232.169,7997.895,6393.413,5864.4151875
2025-03-22 09:30:00,6228.741,20,True,False,7.228,2.396,67.66,112,9,30,5,3,8.272,6368.148,7947.928,6443.042,5830.462124999999
2025-03-22 10:00:00,6160.33,21,True,False,6.684,4.587999999999999,52.160000000000004,112,10,0,5,3,8.815999999999999,6228.741,7686.912,6285.296,5794.645729166667
2025-03-22 10:30:00,5821.831,22,True,False,7.868,6.106,56.339999999999996,112,10,30,5,3,7.632,6160.33,7444.008,6004.338,5762.8419375
2025-03-22 11:00:00,5634.256,23,True,False,7.63,4.554,66.4,112,11,0,5,3,7.87,5821.831,7052.421,5873.578,5729.046583333333
2025-03-22 11:30:00,5384.313,24,True,False,7.144,3.596,46.260000000000005,112,11,30,5,3,8.356,5634.256,6814.733,5574.774,5699.501479166666
2025-03-22 12:00:00,5160.636,25,True,False,7.95,4.038,70.67999999999999,112,12,0,5,3,7.55,5384.313,6578.163,5350.674,5669.7010625
2025-03-22 12:30:00,5079.209,26,True,False,7.837999999999999,4.05,57.1,112,12,30,5,3,7.662000000000001,5160.636,6395.745,5207.768,5640.16925
2025-03-22 13:00:00,4952.228,27,True,False,8.218,4.537999999999999,46.46,112,13,0,5,3,7.282,5079.209,6358.194,5118.176,5612.741416666668
2025-03-22 13:30:00,5017.05,28,True,False,9.07,2.52,80.3,112,13,30,5,3,6.43,4952.228,6444.165,5102.647,5583.450458333333
2025-03-22 14:00:00,5137.504,29,True,False,8.636,3.6340000000000003,53.06,112,14,0,5,3,6.864000000000001,5017.05,6523.077,5178.0869999999995,5553.718895833333
2025-03-22 14:30:00,5100.972,30,True,False,9.716,2.974,48.3,112,14,30,5,3,5.784000000000001,5137.504,6589.068,5373.67,5524.852791666667
2025-03-22 15:00:00,5324.553,31,True,False,9.534,3.682,44.32,112,15,0,5,3,5.965999999999999,5100.972,6830.139,5517.854,5493.850791666667
2025-03-22 15:30:00,5466.4220000000005,32,True,False,9.68,5.242,60.32000000000001,112,15,30,5,3,5.82,5324.553,6929.309,5646.798,5462.484416666666
2025-03-22 16:00:00,5685.68,33,True,False,9.298,3.2880000000000003,51.08,112,16,0,5,3,6.202,5466.4220000000005,7079.121,5715.13,5432.007604166666
2025-03-22 16:30:00,5662.59,34,True,False,9.428,2.83,58.06,112,16,30,5,3,6.071999999999999,5685.68,7200.001,5636.14,5402.977583333334
2025-03-22 17:00:00,5625.215,35,True,False,10.596,3.116,51.279999999999994,112,17,0,5,3,4.904,5662.59,7171.18,5751.782,5370.9481875
2025-03-22 17:30:00,5528.747,36,True,False,10.448,3.9839999999999995,66.14,112,17,30,5,3,5.052,5625.215,7200.329,5771.377,5338.740583333333
2025-03-22 18:00:00,5445.609,37,True,False,11.228,2.0759999999999996,54.220000000000006,112,18,0,5,3,4.272,5528.747,7024.58,5703.85,5303.915958333334
2025-03-22 18:30:00,5378.149,38,True,False,10.826,3.128,50.86,112,18,30,5,3,4.6739999999999995,5445.609,6776.788,5550.544,5271.020729166667
2025-03-22 19:00:00,5201.891,39,True,False,10.45,2.376,69.14,112,19,0,5,3,5.050000000000001,5378.149,6658.938,5290.819,5241.882416666666
2025-03-22 19:30:00,4991.695,40,True,False,11.49,3.086,43.660000000000004,112,19,30,5,3,4.01,5201.891,6393.211,5153.75,5211.527270833333
2025-03-22 20:00:00,4751.456,41,True,False,11.246,3.596,66.5,112,20,0,5,3,4.254,4991.695,6270.508,4943.857,5182.329020833334
2025-03-22 20:30:00,4604.51,42,True,False,10.388,3.896,49.96,112,20,30,5,3,5.112,4751.456,5865.052,4773.878,5150.682104166667
2025-03-22 21:00:00,4485.2210000000005,43,True,False,11.062000000000001,3.3619999999999997,57.3,112,21,0,5,3,4.437999999999999,4604.51,5680.707,4553.383,5124.4208125000005
2025-03-22 21:30:00,4302.146,44,True,False,10.254,5.108,53.14,112,21,30,5,3,5.246,4485.2210000000005,5533.0070000000005,4489.038,5099.514854166667
2025-03-22 22:00:00,4202.631,45,True,False,11.392,4.298,70.94000000000001,112,22,0,5,3,4.1080000000000005,4302.146,5305.282,4301.746,5073.871916666667
2025-03-22 22:30:00,4119.654,46,True,False,10.895999999999999,2.286,43.28,112,22,30,5,3,4.604000000000001,4202.631,5232.964,4296.583,5050.900020833334
2025-03-22 23:00:00,4174.801,47,True,False,9.622,6.008,64.46000000000001,112,23,0,5,3,5.878,4119.654,5207.826,4261.281,5027.7060625
2025-03-22 23:30:00,4044.349,48,True,False,10.224,4.306,64.58,112,23,30,5,3,5.276,4174.801,5159.491,4099.68,5006.184708333333
2025-03-23 00:00:00,3900.631,1,True,False,10.52,3.682,53.7,112,0,0,6,3,4.98,4044.349,3956.651,4143.832,4982.952583333334
2025-03-23 00:30:00,4074.25,2,True,False,9.108,3.7079999999999997,51.239999999999995,112,0,30,6,3,6.3919999999999995,3900.631,3897.972,4125.151,4981.7855
2025-03-23 01:00:00,4031.856,3,True,False,9.66,3.112,52.32000000000001,112,1,0,6,3,5.84,4074.25,4019.029,4113.883,4985.457958333333
2025-03-23 01:30:00,3988.394,4,True,False,9.61,2.688,62.260000000000005,112,1,30,6,3,5.890000000000001,4031.856,4106.003,4032.21,4985.7251875
2025-03-23 02:00:00,3983.005,5,True,False,9.3,4.234,67.32000000000001,112,2,0,6,3,6.199999999999999,3988.394,4073.981,4183.561,4983.275000000001
2025-03-23 02:30:00,4012.142,6,True,False,9.754000000000001,3.8979999999999997,64.78,112,2,30,6,3,5.745999999999999,3983.005,4049.56,4197.405,4981.379666666667
2025-03-23 03:00:00,4213.63,7,True,False,8.08,2.39,47.160000000000004,112,3,0,6,3,7.42,4012.142,4104.085,4230.639,4980.600125
2025-03-23 03:30:00,4154.513,8,True,False,8.1,3.6079999999999997,59.67999999999999,112,3,30,6,3,7.4,4213.63,4177.61,4346.516,4982.8823125
2025-03-23 04:00:00,4230.067,9,True,False,8.154,4.986,63.739999999999995,112,4,0,6,3,7.346,4154.513,4316.224,4395.832,4982.401125
2025-03-23 04:30:00,4228.943,10,True,False,8.937999999999999,3.2299999999999995,56.4,112,4,30,6,3,6.562000000000001,4230.067,4345.947,4558.702842393176,4980.6061875000005
2025-03-23 05:00:00,4499.954,11,True,False,7.366,4.188,59.82000000000001,112,5,0,6,3,8.134,4228.943,4633.164,4696.228,4978.168604166667
2025-03-23 05:30:00,4612.416,12,True,False,8.284,4.052,75.26,112,5,30,6,3,7.215999999999999,4499.954,4687.953,4880.445,4975.393395833334
2025-03-23 06:00:00,4965.182,13,True,False,7.7219999999999995,3.778,61.239999999999995,112,6,0,6,3,7.7780000000000005,4612.416,4865.17,5052.5869999999995,4973.819708333333
2025-03-23 06:30:00,5252.03,14,True,False,7.409999999999999,4.116,74.58,112,6,30,6,3,8.09,4965.182,5245.248,5446.294,4975.9032916666665
2025-03-23 07:00:00,5511.058,15,True,False,7.384,3.5900000000000007,60.34000000000001,112,7,0,6,3,8.116,5252.03,5557.241,5660.428,4976.044583333333
2025-03-23 07:30:00,5693.332,16,True,False,7.044,2.766,69.02000000000001,112,7,30,6,3,8.456,5511.058,5810.232,5957.868,4975.0824375
2025-03-23 08:00:00,6050.442,17,True,False,7.031999999999999,4.696,61.36,112,8,0,6,3,8.468,5693.332,6062.948,6132.348,4972.647020833333
2025-03-23 08:30:00,6216.307,18,True,False,7.768000000000001,4.2,64.12,112,8,30,6,3,7.731999999999999,6050.442,6232.169,6428.934,4972.3864791666665
2025-03-23 09:00:00,6275.589,19,True,False,7.8740000000000006,3.35,64.52000000000001,112,9,0,6,3,7.6259999999999994,6216.307,6368.148,6366.505,4972.056020833334
2025-03-23 09:30:00,6190.041,20,True,False,6.936,2.67,59.239999999999995,112,9,30,6,3,8.564,6275.589,6228.741,6397.762,4970.127708333333
2025-03-23 10:00:00,6161.459,21,True,False,6.736,3.848,71.88,112,10,0,6,3,8.764,6190.041,6160.33,6319.731,4969.321458333334
2025-03-23 10:30:00,5808.025,22,True,False,7.365,5.206,59.0,112,10,30,6,3,8.135,6161.459,5821.831,6087.625,4969.344979166667
2025-03-23 11:00:00,5614.876,23,True,False,7.468000000000001,3.622,70.2,112,11,0,6,3,8.032,5808.025,5634.256,5850.1539999999995,4969.057354166666
2025-03-23 11:30:00,5405.813,24,True,False,8.014,3.6160000000000005,58.620000000000005,112,11,30,6,3,7.486000000000001,5614.876,5384.313,5568.802,4968.653604166667
2025-03-23 12:00:00,5182.787,25,True,False,7.917999999999999,4.4799999999999995,62.2,112,12,0,6,3,7.582000000000001,5405.813,5160.636,5351.893,4969.101520833333
2025-03-23 12:30:00,5068.119,26,True,False,8.456,4.6240000000000006,75.4,112,12,30,6,3,7.0440000000000005,5182.787,5079.209,5210.791,4969.563
2025-03-23 13:00:00,5011.396,27,True,False,8.232,3.7379999999999995,45.04,112,13,0,6,3,7.268000000000001,5068.119,4952.228,5067.149,4969.331958333333
2025-03-23 13:30:00,5168.877,28,True,False,6.890000000000001,3.896,65.3,112,13,30,6,3,8.61,5011.396,5017.05,5189.122,4970.564625
2025-03-23 14:00:00,5066.875,29,True,False,9.368,4.484,61.0,112,14,0,6,3,6.132,5168.877,5137.504,5304.907,4973.7276875
2025-03-23 14:30:00,5202.801,30,True,False,9.526,2.806,47.239999999999995,112,14,30,6,3,5.974,5066.875,5100.972,5311.32,4972.256249999999
2025-03-23 15:00:00,5380.804,31,True,False,8.984,2.808,55.879999999999995,112,15,0,6,3,6.516,5202.801,5324.553,5414.843,4974.377687499999
2025-03-23 15:30:00,5466.14,32,True,False,9.708,3.656,67.38000000000001,112,15,30,6,3,5.792,5380.804,5466.4220000000005,5549.202,4975.549583333333
2025-03-23 16:00:00,5583.293,33,True,False,9.406,5.672,56.14,112,16,0,6,3,6.093999999999999,5466.14,5685.68,5718.062,4975.543708333334
2025-03-23 16:30:00,5631.257,34,True,False,10.012,4.462000000000001,59.4,112,16,30,6,3,5.4879999999999995,5583.293,5662.59,5736.489,4973.410645833333
2025-03-23 17:00:00,5494.511,35,True,False,10.940000000000001,3.932,69.17999999999999,112,17,0,6,3,4.559999999999999,5631.257,5625.215,5876.432,4972.757875
2025-03-23 17:30:00,5557.548,36,True,False,10.202,4.786,66.24000000000001,112,17,30,6,3,5.298,5494.511,5528.747,5835.896,4970.034875
2025-03-23 18:00:00,5560.856,37,True,False,10.048,3.3519999999999994,56.5,112,18,0,6,3,5.452,5557.548,5445.609,5593.945,4970.634895833334
2025-03-23 18:30:00,5371.522,38,True,False,10.706,3.786,48.98,112,18,30,6,3,4.7940000000000005,5560.856,5378.149,5403.59,4973.0358750000005
2025-03-23 19:00:00,5297.0869999999995,39,True,False,10.645999999999999,5.279999999999999,53.46,112,19,0,6,3,4.854000000000001,5371.522,5201.891,5311.383,4972.8978125
2025-03-23 19:30:00,5029.77,40,True,False,10.309999999999999,4.306,59.92,112,19,30,6,3,5.190000000000001,5297.0869999999995,4991.695,5206.089,4974.8810625
2025-03-23 20:00:00,4830.912,41,True,False,10.762,5.164,58.779999999999994,112,20,0,6,3,4.7379999999999995,5029.77,4751.456,5004.723,4975.674291666667
2025-03-23 20:30:00,4534.232,42,True,False,11.914,4.084,64.24,112,20,30,6,3,3.5860000000000003,4830.912,4604.51,4789.719,4977.329625
2025-03-23 21:00:00,4524.508,43,True,False,11.790000000000001,4.252,49.86,112,21,0,6,3,3.709999999999999,4534.232,4485.2210000000005,4582.972,4975.8655
2025-03-23 21:30:00,4334.622,44,True,False,10.576,3.414,64.67999999999999,112,21,30,6,3,4.9239999999999995,4524.508,4302.146,4483.963,4976.683979166667
2025-03-23 22:00:00,4195.708,45,True,False,11.112,5.294,61.620000000000005,112,22,0,6,3,4.388,4334.622,4202.631,4348.588,4977.3605625
2025-03-23 22:30:00,4199.932,46,True,False,10.662,4.136,45.7,112,22,30,6,3,4.837999999999999,4195.708,4119.654,4238.407,4977.216333333333
2025-03-23 23:00:00,4146.436,47,True,False,10.209999999999999,4.55,58.92,112,23,0,6,3,5.290000000000001,4199.932,4174.801,4304.107,4978.888791666666
2025-03-23 23:30:00,3983.529,48,True,False,10.516,4.398000000000001,58.8,112,23,30,6,3,4.984,4146.436,4044.349,4161.192,4978.297854166666
2025-03-24 00:00:00,5081.472,1,False,False,9.976,4.306,49.64,112,0,0,0,3,5.523999999999999,3983.529,3900.631,5132.968,4977.030770833333
2025-03-24 00:30:00,5011.854,2,False,False,10.453,4.542,57.14,112,0,30,0,3,5.047000000000001,5081.472,4074.25,5166.726,5001.631625
2025-03-24 01:00:00,5124.159,3,False,False,9.309999999999999,3.59,51.94,112,1,0,0,3,6.190000000000001,5011.854,4031.856,5294.388,5021.165041666666
2025-03-24 01:30:00,5148.978,4,False,False,9.02,5.4079999999999995,61.739999999999995,112,1,30,0,3,6.48,5124.159,3988.394,5120.093,5043.921354166667
2025-03-24 02:00:00,5194.371,5,False,False,8.05,3.714,56.58,112,2,0,0,3,7.449999999999999,5148.978,3983.005,5251.779,5068.1001875
2025-03-24 02:30:00,5123.627,6,False,False,9.812000000000001,2.726,54.52,112,2,30,0,3,5.687999999999999,5194.371,4012.142,5343.603,5093.336979166666
2025-03-24 03:00:00,5241.495,7,False,False,7.276000000000001,5.6899999999999995,58.04,112,3,0,0,3,8.224,5123.627,4213.63,5299.03,5116.492916666667
2025-03-24 03:30:00,5195.371,8,False,False,8.309999999999999,5.046,55.879999999999995,112,3,30,0,3,7.190000000000001,5241.495,4154.513,5376.168,5137.906770833333
2025-03-24 04:00:00,5407.653,9,False,False,8.228,3.696,68.67999999999999,112,4,0,0,3,7.272,5195.371,4230.067,5551.255,5159.5913125
2025-03-24 04:30:00,5455.901,10,False,False,8.846,3.37,69.03999999999999,112,4,30,0,3,6.654,5407.653,4228.943,5647.105,5184.124354166666
2025-03-24 05:00:00,5623.077,11,False,False,7.612,4.624,61.4,112,5,0,0,3,7.888,5455.901,4499.954,5872.595,5209.685979166667
2025-03-24 05:30:00,5859.908,12,False,False,7.918000000000001,3.71,69.94,112,5,30,0,3,7.581999999999999,5623.077,4612.416,6073.39,5233.084374999999
2025-03-24 06:00:00,6180.98,13,False,False,7.779999999999999,4.0200000000000005,67.32000000000001,112,6,0,0,3,7.720000000000001,5859.908,4965.182,6394.8060000000005,5259.073791666667
2025-03-24 06:30:00,6583.499,14,False,False,7.406000000000001,2.052,60.14,112,6,30,0,3,8.094,6180.98,5252.03,6810.316,5284.402916666667
2025-03-24 07:00:00,7063.456,15,False,False,6.5280000000000005,3.714,42.3,112,7,0,0,3,8.972,6583.499,5511.058,7248.116,5312.141854166666
2025-03-24 07:30:00,7354.586,16,False,False,6.958,3.6060000000000003,44.96,112,7,30,0,3,8.542,7063.456,5693.332,7634.186,5344.483479166666
2025-03-24 08:00:00,7702.491,17,False,False,7.292,5.164,68.18,112,8,0,0,3,8.208,7354.586,6050.442,7974.539,5379.0929375000005
2025-03-24 08:30:00,7883.536,18,False,False,7.388,3.6060000000000003,62.739999999999995,112,8,30,0,3,8.112,7702.491,6216.307,8123.577,5413.510625
2025-03-24 09:00:00,7938.23,19,False,False,6.853999999999999,4.869999999999999,72.76,112,9,0,0,3,8.646,7883.536,6275.589,8093.891,5448.2445625
2025-03-24 09:30:00,7845.348,20,False,False,7.878,4.146,46.64,112,9,30,0,3,7.622,7938.23,6190.041,8067.23,5482.8829166666665
2025-03-24 10:00:00,7591.355,21,False,False,7.816,3.8619999999999997,59.64,112,10,0,0,3,7.684,7845.348,6161.459,7965.247,5517.3684791666665
2025-03-24 10:30:00,7474.1050000000005,22,False,False,7.242,3.336,58.14,112,10,30,0,3,8.258,7591.355,5808.025,7698.94,5547.157979166666
2025-03-24 11:00:00,7068.298,23,False,False,7.659999999999999,4.514,60.21999999999999,112,11,0,0,3,7.840000000000001,7474.1050000000005,5614.876,7318.793,5581.867979166666
2025-03-24 11:30:00,6889.7,24,False,False,7.856,2.8240000000000003,51.32000000000001,112,11,30,0,3,7.644,7068.298,5405.813,6950.667,5612.147604166667
2025-03-24 12:00:00,6545.262,25,False,False,7.314,3.396,72.42,112,12,0,0,3,8.186,6889.7,5182.787,6819.9529999999995,5643.061916666667
2025-03-24 12:30:00,6197.436,26,False,False,8.984,5.3100000000000005,57.760000000000005,112,12,30,0,3,6.516,6545.262,5068.119,6705.572,5671.446812499999
2025-03-24 13:00:00,6261.762,27,False,False,9.5,4.106,57.4,112,13,0,0,3,6.0,6197.436,5011.396,6578.6320000000005,5694.97425
2025-03-24 13:30:00,6294.542,28,False,False,8.596,3.7479999999999998,64.96,112,13,30,0,3,6.904,6261.762,5168.877,6536.719,5721.0235416666665
2025-03-24 14:00:00,6459.35,29,False,False,9.02,5.018000000000001,56.06,112,14,0,0,3,6.48,6294.542,5066.875,6704.244,5744.474895833333
2025-03-24 14:30:00,6589.818,30,False,False,9.222,2.718,63.5,112,14,30,0,3,6.2780000000000005,6459.35,5202.801,6784.006,5773.484791666666
2025-03-24 15:00:00,6731.691,31,False,False,9.98,4.2219999999999995,62.120000000000005,112,15,0,0,3,5.52,6589.818,5380.804,7029.19,5802.380979166667
2025-03-24 15:30:00,6943.048,32,False,False,9.11,3.164,49.7,112,15,30,0,3,6.390000000000001,6731.691,5466.14,7091.147,5830.524458333333
2025-03-24 16:00:00,7105.549622475069,33,False,False,10.836,5.066,75.9,112,16,0,0,3,4.664,6943.048,5583.293,7280.169,5861.293375
2025-03-24 16:30:00,7169.413,34,False,False,10.094,4.228,65.0,112,16,30,0,3,5.406000000000001,7105.549622475069,5631.257,7481.331,5893.007054634897
2025-03-24 17:00:00,7147.061,35,False,False,10.732,6.736,60.02,112,17,0,0,3,4.768000000000001,7169.413,5494.511,7468.956,5925.051971301564
2025-03-24 17:30:00,7188.68,36,False,False,9.846,3.694,54.120000000000005,112,17,30,0,3,5.654,7147.061,5557.548,7288.716,5959.480096301563
2025-03-24 18:00:00,6996.851,37,False,False,10.690000000000001,2.106,54.86,112,18,0,0,3,4.809999999999999,7188.68,5560.856,7173.374,5993.46201296823
2025-03-24 18:30:00,6896.122,38,False,False,10.937999999999999,4.398000000000001,69.34,112,18,30,0,3,4.562000000000001,6996.851,5371.522,7124.196,6023.378575468231
2025-03-24 19:00:00,6644.612,39,False,False,10.974,4.108,59.64,112,19,0,0,3,4.526,6896.122,5297.0869999999995,6887.2390000000005,6055.14107546823
2025-03-24 19:30:00,6353.657,40,False,False,11.315999999999999,5.034000000000001,61.42,112,19,30,0,3,4.184000000000001,6644.612,5029.77,6572.752,6083.214512968231
2025-03-24 20:00:00,6143.825,41,False,False,10.1,6.412000000000001,60.2,112,20,0,0,3,5.4,6353.657,4830.912,6274.621,6110.795492134897
2025-03-24 20:30:00,5827.631,42,False,False,12.536,4.418,59.2,112,20,30,0,3,2.9640000000000004,6143.825,4534.232,6112.2,6138.147846301564
2025-03-24 21:00:00,5714.707,43,False,False,10.443999999999999,4.508,57.120000000000005,112,21,0,0,3,5.056000000000001,5827.631,4524.508,5869.613,6165.093658801564
2025-03-24 21:30:00,5532.369,44,False,False,9.988,5.17,57.96,112,21,30,0,3,5.5120000000000005,5714.707,4334.622,5603.84,6189.889471301564
2025-03-24 22:00:00,5404.819,45,False,False,10.868,5.106,53.04,112,22,0,0,3,4.632,5532.369,4195.708,5498.594,6214.842533801565
2025-03-24 22:30:00,5306.848,46,False,False,9.604,4.930000000000001,64.24,112,22,30,0,3,5.896000000000001,5404.819,4199.932,5447.196,6240.032346301564
2025-03-24 23:00:00,5216.261,47,False,False,10.309999999999999,4.226,65.78,112,23,0,0,3,5.190000000000001,5306.848,4146.436,5368.72,6263.093096301564
2025-03-24 23:30:00,5062.803,48,False,False,11.13,2.982,49.08,112,23,30,0,3,4.369999999999999,5216.261,3983.529,5363.003,6285.381117134898
2025-03-25 00:00:00,5034.952,1,False,False,10.102,5.54,59.239999999999995,112,0,0,1,3,5.398,5062.803,5081.472,5288.319,6307.865992134896
2025-03-25 00:30:00,5049.113,2,False,False,9.328,3.776,61.67999999999999,112,0,30,1,3,6.172000000000001,5034.952,5011.854,5199.105,6306.89682546823
2025-03-25 01:00:00,5009.991,3,False,False,10.298,3.12,67.66,112,1,0,1,3,5.202,5049.113,5124.159,5194.6630000000005,6307.673054634896
2025-03-25 01:30:00,5035.296,4,False,False,10.372,3.63,49.28,112,1,30,1,3,5.128,5009.991,5148.978,5151.232,6305.294554634897
2025-03-25 02:00:00,5056.824,5,False,False,9.588,2.502,56.839999999999996,112,2,0,1,3,5.912000000000001,5035.296,5194.371,5288.777,6302.926179634897
2025-03-25 02:30:00,5102.978,6,False,False,8.722,4.846,60.3,112,2,30,1,3,6.7780000000000005,5056.824,5123.627,5272.75,6300.060617134898
2025-03-25 03:00:00,5247.857,7,False,False,7.704000000000001,2.952,63.5,112,3,0,1,3,7.795999999999999,5102.978,5241.495,5322.973,6299.630429634897
2025-03-25 03:30:00,5255.01,8,False,False,9.022,3.044,66.44,112,3,30,1,3,6.478,5247.857,5195.371,5293.054,6299.762971301563
2025-03-25 04:00:00,5342.124,9,False,False,7.918000000000001,3.87,53.64,112,4,0,1,3,7.581999999999999,5255.01,5407.653,5535.236,6301.00545046823
2025-03-25 04:30:00,5322.562,10,False,False,9.431999999999999,3.196,49.86,112,4,30,1,3,6.068000000000001,5342.124,5455.901,5670.1,6299.640262968231
2025-03-25 05:00:00,5598.068,11,False,False,8.24,5.128,63.32000000000001,112,5,0,1,3,7.26,5322.562,5623.077,5877.875,6296.862367134897
2025-03-25 05:30:00,5913.057,12,False,False,7.186,6.44,53.32000000000001,112,5,30,1,3,8.314,5598.068,5859.908,5993.3550000000005,6296.341346301564
2025-03-25 06:00:00,6203.463,13,False,False,7.9879999999999995,4.3100000000000005,75.44,112,6,0,1,3,7.5120000000000005,5913.057,6180.98,6375.023,6297.448617134897
2025-03-25 06:30:00,6548.746,14,False,False,7.114,5.714,66.88,112,6,30,1,3,8.386,6203.463,6583.499,6821.12,6297.917012968232
2025-03-25 07:00:00,6947.267,15,False,False,6.882,3.654000000000001,63.48,112,7,0,1,3,8.618,6548.746,7063.456,7282.011,6297.192992134897
2025-03-25 07:30:00,7308.924,16,False,False,7.203999999999999,5.628,77.7,112,7,30,1,3,8.296000000000001,6947.267,7354.586,7605.697,6294.772387968231
2025-03-25 08:00:00,7550.055,17,False,False,7.688,2.464,71.1,112,8,0,1,3,7.812,7308.924,7702.491,7898.588,6293.821096301564
2025-03-25 08:30:00,7962.9,18,False,False,6.704000000000001,3.976,60.779999999999994,112,8,30,1,3,8.796,7550.055,7883.536,8087.935,6290.645346301564
2025-03-25 09:00:00,7984.55,19,False,False,6.752,4.12,68.42,112,9,0,1,3,8.748000000000001,7962.9,7938.23,8241.85,6292.298762968231
2025-03-25 09:30:00,7890.4710000000005,20,False,False,7.156000000000001,5.68,64.28,112,9,30,1,3,8.344,7984.55,7845.348,8131.339,6293.263762968231
2025-03-25 10:00:00,7688.767,21,False,False,8.076,4.05,54.42,112,10,0,1,3,7.4239999999999995,7890.4710000000005,7591.355,7937.545,6294.203825468231
2025-03-25 10:30:00,7477.692,22,False,False,7.046000000000001,4.83,60.220000000000006,112,10,30,1,3,8.453999999999999,7688.767,7474.1050000000005,7668.017,6296.233242134897
2025-03-25 11:00:00,7116.402,23,False,False,7.273999999999999,4.2620000000000005,60.379999999999995,112,11,0,1,3,8.226,7477.692,7068.298,7321.193,6296.307971301564
2025-03-25 11:30:00,6716.183,24,False,False,8.226,4.676,66.06,112,11,30,1,3,7.273999999999999,7116.402,6889.7,7049.308,6297.31013796823
2025-03-25 12:00:00,6596.084,25,False,False,7.318,4.904000000000001,72.67999999999999,112,12,0,1,3,8.182,6716.183,6545.262,6743.599,6293.695200468231
2025-03-25 12:30:00,6448.958,26,False,False,7.7620000000000005,3.636,67.44,112,12,30,1,3,7.7379999999999995,6596.084,6197.436,6541.717,6294.753992134897
2025-03-25 13:00:00,6241.621,27,False,False,8.953999999999999,3.2079999999999997,62.17999999999999,112,13,0,1,3,6.546000000000001,6448.958,6261.762,6415.59,6299.994033801563
2025-03-25 13:30:00,6280.365,28,False,False,9.648,3.684,63.720000000000006,112,13,30,1,3,5.852,6241.621,6294.542,6495.853,6299.574429634898
2025-03-25 14:00:00,6484.465,29,False,False,8.443,4.706,67.16,112,14,0,1,3,7.057,6280.365,6459.35,6681.641,6299.279075468231
2025-03-25 14:30:00,6611.696,30,False,False,9.78,4.676,77.78,112,14,30,1,3,5.720000000000001,6484.465,6589.818,6778.293,6299.802304634897
2025-03-25 15:00:00,6691.577,31,False,False,9.48,4.982000000000001,50.54,112,15,0,1,3,6.02,6611.696,6731.691,6967.235,6300.2580963015635
2025-03-25 15:30:00,6912.874,32,False,False,10.234,3.0140000000000002,61.54,112,15,30,1,3,5.266,6691.577,6943.048,7177.323,6299.422387968231
2025-03-25 16:00:00,7032.961,33,False,False,9.878,5.782000000000001,72.7,112,16,0,1,3,5.622,6912.874,7105.549622475069,7305.049,6298.79376296823
2025-03-25 16:30:00,7188.959,34,False,False,10.264,5.8020000000000005,31.560000000000002,112,16,30,1,3,5.236000000000001,7032.961,7169.413,7403.781,6297.2815
2025-03-25 17:00:00,7051.054,35,False,False,10.331999999999999,2.616,54.52,112,17,0,1,3,5.168000000000001,7188.959,7147.061,7400.625,6297.688708333334
2025-03-25 17:30:00,7032.697,36,False,False,11.532,4.286,59.94,112,17,30,1,3,3.968,7051.054,7188.68,7349.231,6295.6885625
2025-03-25 18:00:00,6999.479,37,False,False,11.486,4.038,67.32000000000001,112,18,0,1,3,4.013999999999999,7032.697,6996.851,7209.749,6292.438916666667
2025-03-25 18:30:00,6691.894,38,False,False,12.098,4.0840000000000005,47.86,112,18,30,1,3,3.4019999999999992,6999.479,6896.122,7060.976,6292.493666666666
2025-03-25 19:00:00,6598.339,39,False,False,10.658,3.9259999999999997,61.760000000000005,112,19,0,1,3,4.8420000000000005,6691.894,6644.612,6908.579,6288.238916666668
2025-03-25 19:30:00,6357.156,40,False,False,11.558,3.4200000000000004,64.86,112,19,30,1,3,3.942,6598.339,6353.657,6478.047,6287.274895833333
2025-03-25 20:00:00,6199.602,41,False,False,11.402,3.654000000000001,53.94,112,20,0,1,3,4.098000000000001,6357.156,6143.825,6401.176,6287.347791666667
2025-03-25 20:30:00,5877.103,42,False,False,11.264,3.786,51.52,112,20,30,1,3,4.236000000000001,6199.602,5827.631,6062.146,6288.5098124999995
2025-03-25 21:00:00,5740.766,43,False,False,10.534,2.802,60.52,112,21,0,1,3,4.965999999999999,5877.103,5714.707,5874.367,6289.540479166666
2025-03-25 21:30:00,5514.468,44,False,False,11.802,5.336,48.739999999999995,112,21,30,1,3,3.6980000000000004,5740.766,5532.369,5686.327,6290.083374999999
2025-03-25 22:00:00,5277.986,45,False,False,11.352,5.5200000000000005,63.660000000000004,112,22,0,1,3,4.148,5514.468,5404.819,5573.014,6289.710437499999
2025-03-25 22:30:00,5258.547,46,False,False,11.132000000000001,4.554,66.82,112,22,30,1,3,4.3679999999999986,5277.986,5306.848,5471.646,6287.068083333333
2025-03-25 23:00:00,5148.384,47,False,False,10.224,4.772,60.7,112,23,0,1,3,5.276,5258.547,5216.261,5169.196,6286.061812499999
2025-03-25 23:30:00,5086.037,48,False,False,11.258,3.116,66.03999999999999,112,23,30,1,3,4.242000000000001,5148.384,5062.803,5352.717,6284.647708333333
2025-03-26 00:00:00,5031.824,1,False,False,10.709999999999999,3.354,57.58,112,0,0,2,3,4.790000000000001,5086.037,5034.952,5214.704,6285.1317500000005
2025-03-26 00:30:00,5111.05,2,False,False,9.129999999999999,5.398000000000001,70.58,112,0,30,2,3,6.370000000000001,5031.824,5049.113,5042.102,6285.066583333333
2025-03-26 01:00:00,5045.251,3,False,False,9.706,4.044,57.4,112,1,0,2,3,5.7940000000000005,5111.05,5009.991,5089.249,6286.356937500001
2025-03-26 01:30:00,5079.826,4,False,False,9.782,4.276,60.92,112,1,30,2,3,5.718,5045.251,5035.296,4987.634,6287.091520833333
2025-03-26 02:00:00,5080.726,5,False,False,8.953999999999999,2.852,65.36,112,2,0,2,3,6.546000000000001,5079.826,5056.824,5130.888,6288.019229166667
2025-03-26 02:30:00,5103.892,6,False,False,9.302,4.4079999999999995,55.48,112,2,30,2,3,6.198,5080.726,5102.978,5102.0869999999995,6288.517187499999
2025-03-26 03:00:00,5234.184,7,False,False,8.238,3.896,63.5,112,3,0,2,3,7.2620000000000005,5103.892,5247.857,5236.759,6288.536229166667
2025-03-26 03:30:00,5271.505,8,False,False,8.187999999999999,4.79,74.17999999999999,112,3,30,2,3,7.312000000000001,5234.184,5255.01,5273.389,6288.251375
2025-03-26 04:00:00,5365.342,9,False,False,7.542,4.8420000000000005,64.22,112,4,0,2,3,7.958,5271.505,5342.124,5321.061,6288.595020833333
2025-03-26 04:30:00,5463.921,10,False,False,8.245999999999999,3.5,65.68,112,4,30,2,3,7.254000000000001,5365.342,5322.562,5483.927,6289.078729166667
2025-03-26 05:00:00,5716.535,11,False,False,7.6240000000000006,4.14,52.04,112,5,0,2,3,7.8759999999999994,5463.921,5598.068,5615.583,6292.023708333334
2025-03-26 05:30:00,5820.1539999999995,12,False,False,8.656,4.65,63.46,112,5,30,2,3,6.843999999999999,5716.535,5913.057,5822.1539999999995,6294.491770833333
2025-03-26 06:00:00,6128.609,13,False,False,7.372,4.172,64.86,112,6,0,2,3,8.128,5820.1539999999995,6203.463,6228.961,6292.556291666668
2025-03-26 06:30:00,6525.651,14,False,False,7.706,3.18,49.940000000000005,112,6,30,2,3,7.794,6128.609,6548.746,6551.11,6290.996833333334
2025-03-26 07:00:00,7060.8099999999995,15,False,False,6.878,2.534,73.14,112,7,0,2,3,8.622,6525.651,6947.267,6904.829,6290.515687499999
2025-03-26 07:30:00,7407.821,16,False,False,6.944,3.0620000000000003,62.739999999999995,112,7,30,2,3,8.556000000000001,7060.8099999999995,7308.924,7328.716,6292.881166666666
2025-03-26 08:00:00,7603.49,17,False,False,7.964,3.25,68.84,112,8,0,2,3,7.536,7407.821,7550.055,7705.5419999999995,6294.941520833333
2025-03-26 08:30:00,7845.519,18,False,False,6.992,4.802,66.94000000000001,112,8,30,2,3,8.508,7603.49,7962.9,7894.448,6296.05475
2025-03-26 09:00:00,7950.792,19,False,False,7.523999999999999,2.2359999999999998,46.019999999999996,112,9,0,2,3,7.976000000000001,7845.519,7984.55,7986.809,6293.6093125
2025-03-26 09:30:00,7963.142,20,False,False,6.132,4.422,60.52,112,9,30,2,3,9.368,7950.792,7890.4710000000005,7922.432,6292.906020833333
2025-03-26 10:00:00,7779.345,21,False,False,6.6659999999999995,3.864,71.58,112,10,0,2,3,8.834,7963.142,7688.767,7605.095,6294.419999999999
2025-03-26 10:30:00,7482.795,22,False,False,6.85,5.784000000000001,66.74,112,10,30,2,3,8.65,7779.345,7477.692,7400.767,6296.307041666667
2025-03-26 11:00:00,7149.979,23,False,False,8.120000000000001,4.508,70.36,112,11,0,2,3,7.379999999999999,7482.795,7116.402,7522.330132232327,6296.413354166667
2025-03-26 11:30:00,6896.356,24,False,False,7.498,4.992,65.32000000000001,112,11,30,2,3,8.001999999999999,7149.979,6716.183,6866.643,6297.112875
2025-03-26 12:00:00,6531.0,25,False,False,7.866,3.276,58.120000000000005,112,12,0,2,3,7.634,6896.356,6596.084,6586.945,6300.866479166666
2025-03-26 12:30:00,6394.674,26,False,False,8.794,3.2640000000000002,63.739999999999995,112,12,30,2,3,6.7059999999999995,6531.0,6448.958,6532.604,6299.5105625
2025-03-26 13:00:00,6346.021,27,False,False,8.746,4.38,68.42,112,13,0,2,3,6.754,6394.674,6241.621,6220.113,6298.379645833334
2025-03-26 13:30:00,6290.142,28,False,False,8.709999999999999,4.622,64.7,112,13,30,2,3,6.790000000000001,6346.021,6280.365,6300.866,6300.554645833333
2025-03-26 14:00:00,6512.615,29,False,False,8.686,4.044,61.46,112,14,0,2,3,6.814,6290.142,6484.465,6442.081,6300.758333333332
2025-03-26 14:30:00,6564.28,30,False,False,9.108,3.3880000000000003,59.58,112,14,30,2,3,6.3919999999999995,6512.615,6611.696,6549.896,6301.344791666667
2025-03-26 15:00:00,6698.363,31,False,False,8.898,3.4840000000000004,39.5,112,15,0,2,3,6.602,6564.28,6691.577,6959.44,6300.356958333334
2025-03-26 15:30:00,6967.22,32,False,False,9.32,2.6239999999999997,51.54,112,15,30,2,3,6.18,6698.363,6912.874,6915.743,6300.498333333333
2025-03-26 16:00:00,7023.707,33,False,False,10.809999999999999,2.55,73.64,112,16,0,2,3,4.690000000000001,6967.22,7032.961,7079.581,6301.630541666666
2025-03-26 16:30:00,7231.835,34,False,False,9.831999999999999,4.68,53.779999999999994,112,16,30,2,3,5.668000000000001,7023.707,7188.959,7136.867,6301.43775
2025-03-26 17:00:00,7194.197,35,False,False,10.844,4.388,62.64,112,17,0,2,3,4.656000000000001,7231.835,7051.054,7323.447,6302.330999999999
2025-03-26 17:30:00,7122.675,36,False,False,10.809999999999999,2.444,58.14,112,17,30,2,3,4.690000000000001,7194.197,7032.697,7100.301,6305.313145833333
2025-03-26 18:00:00,6965.409,37,False,False,11.646,4.11,52.4,112,18,0,2,3,3.853999999999999,7122.675,6999.479,6931.238,6307.187687500001
2025-03-26 18:30:00,6875.726,38,False,False,11.184000000000001,4.5200000000000005,57.239999999999995,112,18,30,2,3,4.315999999999999,6965.409,6691.894,6843.078,6306.477895833334
2025-03-26 19:00:00,6616.064,39,False,False,11.267999999999999,5.351999999999999,64.64,112,19,0,2,3,4.232000000000001,6875.726,6598.339,6735.683,6310.307729166666
2025-03-26 19:30:00,6451.871,40,False,False,10.655,4.734,56.220000000000006,112,19,30,2,3,4.845000000000001,6616.064,6357.156,6479.266,6310.677
2025-03-26 20:00:00,6064.689,41,False,False,11.234,3.026,59.36,112,20,0,2,3,4.266,6451.871,6199.602,6130.983,6312.650229166666
2025-03-26 20:30:00,6262.1116848179545,42,False,False,10.428,4.76,58.3,112,20,30,2,3,5.071999999999999,6064.689,5877.103,5933.616,6309.839541666667
2025-03-26 21:00:00,5706.387,43,False,False,10.756,4.5120000000000005,59.339999999999996,112,21,0,2,3,4.744,6262.1116848179545,5740.766,5626.936,6317.860555933708
2025-03-26 21:30:00,5514.018,44,False,False,11.45,4.0280000000000005,70.25999999999999,112,21,30,2,3,4.050000000000001,5706.387,5514.468,5484.517,6317.144326767041
2025-03-26 22:00:00,5335.819,45,False,False,11.66,3.906,60.1,112,22,0,2,3,3.84,5514.018,5277.986,5421.2789999999995,6317.1349517670415
2025-03-26 22:30:00,5180.084,46,False,False,12.094,3.71,63.260000000000005,112,22,30,2,3,3.4060000000000006,5335.819,5258.547,5250.6,6318.339805933708
2025-03-26 23:00:00,5207.017,47,False,False,9.634,3.928,57.98,112,23,0,2,3,5.866,5180.084,5148.384,5208.822,6316.705160100374
2025-03-26 23:30:00,5129.133,48,False,False,10.925999999999998,5.534000000000001,54.260000000000005,112,23,30,2,3,4.574000000000002,5207.017,5086.037,5099.099,6317.926680933707
2025-03-27 00:00:00,4913.872,1,False,False,11.27,3.7700000000000005,50.28,112,0,0,3,3,4.23,5129.133,5031.824,5119.772,6318.824514267041
2025-03-27 00:30:00,5042.239,2,False,False,10.831999999999999,4.678,57.720000000000006,112,0,30,3,3,4.668000000000001,4913.872,5111.05,5027.209,6316.367180933707
2025-03-27 01:00:00,5015.641,3,False,False,9.331999999999999,3.914,60.08,112,1,0,3,3,6.168000000000001,5042.239,5045.251,5057.894,6314.933618433707
2025-03-27 01:30:00,5058.373,4,False,False,9.556000000000001,3.0740000000000003,67.3,112,1,30,3,3,5.943999999999999,5015.641,5079.826,5058.585,6314.316743433707
2025-03-27 02:00:00,5186.859,5,False,False,8.544,4.786,67.4,112,2,0,3,3,6.9559999999999995,5058.373,5080.726,5225.791,6313.8698059337075
2025-03-27 02:30:00,5207.117,6,False,False,9.074,3.2379999999999995,50.839999999999996,112,2,30,3,3,6.426,5186.859,5103.892,5133.318,6316.080910100375
2025-03-27 03:00:00,5144.67,7,False,False,8.774000000000001,4.946,64.38,112,3,0,3,3,6.725999999999999,5207.117,5234.184,5216.508,6318.231430933706
2025-03-27 03:30:00,5234.9,8,False,False,7.837000000000001,3.8520000000000003,55.779999999999994,112,3,30,3,3,7.662999999999999,5144.67,5271.505,5198.344,6316.366555933709
2025-03-27 04:00:00,5424.718,9,False,False,6.851999999999999,4.548,57.14,112,4,0,3,3,8.648,5234.9,5365.342,5433.0650000000005,6315.603951767041
2025-03-27 04:30:00,5497.176,10,False,False,7.498,2.96,55.92,112,4,30,3,3,8.001999999999999,5424.718,5463.921,5525.457,6316.840951767041
2025-03-27 05:00:00,5613.115,11,False,False,7.7780000000000005,4.384,66.72,112,5,0,3,3,7.7219999999999995,5497.176,5716.535,5665.652,6317.533764267041
2025-03-27 05:30:00,5893.705,12,False,False,8.136,3.2079999999999997,61.32000000000001,112,5,30,3,3,7.364000000000001,5613.115,5820.1539999999995,5956.047,6315.379180933708
2025-03-27 06:00:00,6256.358,13,False,False,7.258,4.568,54.4,112,6,0,3,3,8.242,5893.705,6128.609,6114.984,6316.911493433708
2025-03-27 06:30:00,6535.612,14,False,False,8.342,3.614,62.17999999999999,112,6,30,3,3,7.1579999999999995,6256.358,6525.651,6497.594,6319.572930933707
2025-03-27 07:00:00,6948.362,15,False,False,6.8,4.62,47.8,112,7,0,3,3,8.7,6535.612,7060.8099999999995,7016.706,6319.780451767041
2025-03-27 07:30:00,7310.655,16,False,False,7.725999999999999,6.56,54.46,112,7,30,3,3,7.774000000000001,6948.362,7407.821,7375.82,6317.437785100375
2025-03-27 08:00:00,7633.645,17,False,False,6.234,5.606,70.26,112,8,0,3,3,9.266,7310.655,7603.49,7696.625,6315.413493433706
2025-03-27 08:30:00,7892.186,18,False,False,7.322,4.54,54.32000000000001,112,8,30,3,3,8.178,7633.645,7845.519,7916.63,6316.041722600374
2025-03-27 09:00:00,7971.051,19,False,False,7.086,4.572,64.9,112,9,0,3,3,8.414,7892.186,7950.792,8028.275,6317.01395176704
2025-03-27 09:30:00,7914.035,20,False,False,7.202,3.5140000000000002,69.86,112,9,30,3,3,8.298,7971.051,7963.142,7931.421,6317.436014267041
2025-03-27 10:00:00,7675.399,21,False,False,7.539999999999999,1.952,58.6,112,10,0,3,3,7.960000000000001,7914.035,7779.345,7727.517,6316.412951767041
2025-03-27 10:30:00,7379.367,22,False,False,8.41,5.034000000000001,64.75999999999999,112,10,30,3,3,7.09,7675.399,7482.795,7501.569,6314.247410100373
2025-03-27 11:00:00,7647.315627134692,23,False,False,7.802,4.65,54.4,112,11,0,3,3,7.698,7379.367,7149.979,7110.005,6312.092660100374
2025-03-27 11:30:00,6766.926,24,False,False,7.851999999999999,4.322,59.14,112,11,30,3,3,7.648000000000001,7647.315627134692,6896.356,6791.67,6322.453839832347
2025-03-27 12:00:00,6572.588,25,False,False,8.528,4.422,67.17999999999999,112,12,0,3,3,6.9719999999999995,6766.926,6531.0,6574.575,6319.757381499014
2025-03-27 12:30:00,6414.1759999999995,26,False,False,7.656000000000001,3.1860000000000004,51.239999999999995,112,12,30,3,3,7.843999999999999,6572.588,6394.674,6410.347,6320.6237981656805
2025-03-27 13:00:00,6277.105,27,False,False,8.578,3.6160000000000005,50.839999999999996,112,13,0,3,3,6.922000000000001,6414.1759999999995,6346.021,6349.002,6321.030089832348
2025-03-27 13:30:00,6311.65,28,False,False,8.468,4.952,58.96,112,13,30,3,3,7.032,6277.105,6290.142,6223.666,6319.594339832347
2025-03-27 14:00:00,6454.193,29,False,False,9.1,4.484,68.96000000000001,112,14,0,3,3,6.4,6311.65,6512.615,6389.099,6320.042423165681
2025-03-27 14:30:00,6721.162,30,False,False,8.288,5.396,67.74,112,14,30,3,3,7.212,6454.193,6564.28,6589.669,6318.82529816568
2025-03-27 15:00:00,6754.783,31,False,False,9.664,2.658,72.66,112,15,0,3,3,5.836,6721.162,6698.363,6755.691,6322.09367316568
2025-03-27 15:30:00,6993.321,32,False,False,9.55,3.688,72.3,112,15,30,3,3,5.949999999999999,6754.783,6967.22,7004.549,6323.269089832346
2025-03-27 16:00:00,6980.573,33,False,False,11.27,4.082,45.18,112,16,0,3,3,4.23,6993.321,7023.707,7114.94,6323.81286066568
2025-03-27 16:30:00,7087.729,34,False,False,10.39,4.2780000000000005,69.14000000000001,112,16,30,3,3,5.109999999999999,6980.573,7231.835,7103.75,6322.914235665681
2025-03-27 17:00:00,7158.056,35,False,False,11.248,4.114,57.64,112,17,0,3,3,4.252000000000001,7087.729,7194.197,7152.819,6319.912027332347
2025-03-27 17:30:00,7061.678,36,False,False,10.596,4.572,72.44,112,17,30,3,3,4.904,7158.056,7122.675,7108.548,6319.1590898323475
2025-03-27 18:00:00,7064.923,37,False,False,11.011,4.438,61.1,112,18,0,3,3,4.489000000000001,7061.678,6965.409,6944.94,6317.888318999013
2025-03-27 18:30:00,6835.401,38,False,False,11.468,3.28,58.44,112,18,30,3,3,4.032,7064.923,6875.726,6858.847,6319.961527332347
2025-03-27 19:00:00,6735.976,39,False,False,10.703,4.09,50.839999999999996,112,19,0,3,3,4.797000000000001,6835.401,6616.064,6536.898,6319.12142316568
2025-03-27 19:30:00,6389.559,40,False,False,10.58,2.216,48.08,112,19,30,3,3,4.92,6735.976,6451.871,6432.231,6321.619589832347
2025-03-27 20:00:00,6107.003,41,False,False,11.51,3.6800000000000006,66.03999999999999,112,20,0,3,3,3.99,6389.559,6064.689,6164.5,6320.321423165681
2025-03-27 20:30:00,5945.972,42,False,False,10.464,3.008,78.52000000000001,112,20,30,3,3,5.036,6107.003,6262.1116848179545,5848.487,6321.202964832347
2025-03-27 21:00:00,5701.963,43,False,False,11.203999999999999,3.7600000000000002,57.739999999999995,112,21,0,3,3,4.296000000000001,5945.972,5706.387,5704.371,6314.616721398638
2025-03-27 21:30:00,5492.7119999999995,44,False,False,10.986,2.5460000000000003,52.58,112,21,30,3,3,4.513999999999999,5701.963,5514.018,5520.272,6314.524554731972
2025-03-27 22:00:00,5335.543,45,False,False,11.244,2.794,60.36,112,22,0,3,3,4.256,5492.7119999999995,5335.819,5371.809,6314.080679731972
2025-03-27 22:30:00,5147.072,46,False,False,12.606,3.3240000000000003,68.32000000000001,112,22,30,3,3,2.894,5335.543,5180.084,5318.358,6314.074929731972
2025-03-27 23:00:00,5303.566,47,False,False,10.559000000000001,3.7299999999999995,56.0,112,23,0,3,3,4.940999999999999,5147.072,5207.017,5145.274,6313.387179731973
2025-03-27 23:30:00,5061.093,48,False,False,11.424000000000001,4.828,53.46,112,23,30,3,3,4.075999999999999,5303.566,5129.133,5105.131,6315.398617231974
2025-03-28 00:00:00,5086.885,1,False,False,9.406,3.1,67.8,112,0,0,4,3,6.093999999999999,5061.093,4913.872,5042.631,6313.981117231972
2025-03-28 00:30:00,5042.159,2,False,False,10.18,3.66,54.220000000000006,112,0,30,4,3,5.32,5086.885,5042.239,4970.21,6317.585554731973
2025-03-28 01:00:00,5020.713,3,False,False,9.838,3.618,56.82000000000001,112,1,0,4,3,5.662000000000001,5042.159,5015.641,5044.588,6317.583888065306
2025-03-28 01:30:00,5159.548,4,False,False,8.341,3.16,73.92,112,1,30,4,3,7.159000000000001,5020.713,5058.373,5022.905,6317.689554731973
2025-03-28 02:00:00,5144.407,5,False,False,9.7,2.2560000000000002,53.2,112,2,0,4,3,5.800000000000001,5159.548,5186.859,5107.495,6319.797367231972
2025-03-28 02:30:00,5074.145,6,False,False,9.681999999999999,3.2560000000000002,54.5,112,2,30,4,3,5.818000000000001,5144.407,5207.117,5091.236,6318.912950565306
2025-03-28 03:00:00,5195.068,7,False,False,9.02,4.502000000000001,58.32000000000001,112,3,0,4,3,6.48,5074.145,5144.67,5259.791,6316.142700565307
2025-03-28 03:30:00,5247.823,8,False,False,8.962,2.7,38.260000000000005,112,3,30,4,3,6.538,5195.068,5234.9,5192.784,6317.192658898639
2025-03-28 04:00:00,5354.179,9,False,False,8.968,5.11,56.52,112,4,0,4,3,6.532,5247.823,5424.718,5402.18,6317.461888065306
2025-03-28 04:30:00,5393.366,10,False,False,8.608,4.956,51.52,112,4,30,4,3,6.8919999999999995,5354.179,5497.176,5414.404,6315.992325565306
2025-03-28 05:00:00,5616.871,11,False,False,7.678,4.3740000000000006,41.739999999999995,112,5,0,4,3,7.822,5393.366,5613.115,5746.231,6313.829617231972
2025-03-28 05:30:00,5863.225,12,False,False,7.886,2.906,54.339999999999996,112,5,30,4,3,7.614,5616.871,5893.705,5890.78,6313.907867231973
2025-03-28 06:00:00,6319.683,13,False,False,6.95,2.398,61.92,112,6,0,4,3,8.55,5863.225,6256.358,6210.781,6313.272867231972
2025-03-28 06:30:00,6559.15,14,False,False,7.382,4.1,59.46,112,6,30,4,3,8.118,6319.683,6535.612,6538.941,6314.592138065306
2025-03-28 07:00:00,6956.454,15,False,False,7.664,3.088,52.36,112,7,0,4,3,7.836,6559.15,6948.362,6974.931,6315.082513065307
2025-03-28 07:30:00,7443.792,16,False,False,5.792,5.888,49.779999999999994,112,7,30,4,3,9.708,6956.454,7310.655,7327.019,6315.251096398639
2025-03-28 08:00:00,7717.756,17,False,False,6.575999999999999,4.51,69.22,112,8,0,4,3,8.924000000000001,7443.792,7633.645,7721.701,6318.02478389864
2025-03-28 08:30:00,7872.033,18,False,False,7.05,3.678,52.56,112,8,30,4,3,8.45,7717.756,7892.186,7892.0779999999995,6319.7770963986395
2025-03-28 09:00:00,7977.28,19,False,False,7.5,4.816,63.64,112,9,0,4,3,8.0,7872.033,7971.051,7997.895,6319.357242231973
2025-03-28 09:30:00,7927.318,20,False,False,6.794,4.4799999999999995,52.779999999999994,112,9,30,4,3,8.706,7977.28,7914.035,7947.928,6319.487013065306
2025-03-28 10:00:00,7705.873,21,False,False,7.0200000000000005,3.7620000000000005,63.260000000000005,112,10,0,4,3,8.48,7927.318,7675.399,7686.912,6319.763742231972
2025-03-28 10:30:00,7501.395,22,False,False,6.814,4.95,63.17999999999999,112,10,30,4,3,8.686,7705.873,7379.367,7444.008,6320.398617231974
2025-03-28 11:00:00,7036.719,23,False,False,8.606,4.882,65.14,112,11,0,4,3,6.894,7501.395,7647.315627134692,7052.421,6322.940867231972
2025-03-28 11:30:00,6883.713,24,False,False,7.574,3.7939999999999996,55.94,112,11,30,4,3,7.926,7036.719,6766.926,6814.733,6310.220104166667
2025-03-28 12:00:00,6569.48,25,False,False,8.416,2.964,67.38,112,12,0,4,3,7.084,6883.713,6572.588,6578.163,6312.653166666667
2025-03-28 12:30:00,6415.543,26,False,False,8.6,4.002000000000001,72.12,112,12,30,4,3,6.9,6569.48,6414.1759999999995,6395.745,6312.5884166666665
2025-03-28 13:00:00,6274.96,27,False,False,9.442,4.58,69.53999999999999,112,13,0,4,3,6.058,6415.543,6277.105,6358.194,6312.616895833333
2025-03-28 13:30:00,6296.924,28,False,False,9.002,3.2199999999999998,69.08,112,13,30,4,3,6.497999999999999,6274.96,6311.65,6444.165,6312.572208333334
2025-03-28 14:00:00,6486.419,29,False,False,8.524000000000001,4.023999999999999,54.379999999999995,112,14,0,4,3,6.975999999999999,6296.924,6454.193,6523.077,6312.265416666666
2025-03-28 14:30:00,6613.259,30,False,False,9.584,4.108,58.44,112,14,30,4,3,5.916,6486.419,6721.162,6589.068,6312.936791666667
2025-03-28 15:00:00,6729.638,31,False,False,10.022,2.6719999999999997,64.53999999999999,112,15,0,4,3,5.478,6613.259,6754.783,6830.139,6310.6888125000005
2025-03-28 15:30:00,6850.454,32,False,False,10.052000000000001,3.9939999999999998,62.879999999999995,112,15,30,4,3,5.447999999999999,6729.638,6993.321,6929.309,6310.164958333334
2025-03-28 16:00:00,7059.576,33,False,False,9.912,5.1899999999999995,63.4,112,16,0,4,3,5.587999999999999,6850.454,6980.573,7079.121,6307.1885624999995
2025-03-28 16:30:00,7129.366,34,False,False,10.358,3.368,59.7,112,16,30,4,3,5.1419999999999995,7059.576,7087.729,7200.001,6308.834458333332
2025-03-28 17:00:00,7205.373,35,False,False,9.75,2.934,52.160000000000004,112,17,0,4,3,5.75,7129.366,7158.056,7171.18,6309.701895833333
2025-03-28 17:30:00,7132.848,36,False,False,10.324000000000002,4.851999999999999,73.34,112,17,30,4,3,5.175999999999998,7205.373,7061.678,7200.329,6310.687666666666
2025-03-28 18:00:00,6952.044,37,False,False,11.34,5.619999999999999,63.42,112,18,0,4,3,4.16,7132.848,7064.923,7024.58,6312.170374999999
2025-03-28 18:30:00,6786.43,38,False,False,11.437999999999999,3.194,71.0,112,18,30,4,3,4.062000000000001,6952.044,6835.401,6776.788,6309.818729166666
2025-03-28 19:00:00,6518.629,39,False,False,12.136,5.776,62.620000000000005,112,19,0,4,3,3.3640000000000008,6786.43,6735.976,6658.938,6308.798500000001
2025-03-28 19:30:00,6460.8460000000005,40,False,False,10.91,3.052,44.720000000000006,112,19,30,4,3,4.59,6518.629,6389.559,6393.211,6304.270437499999
2025-03-28 20:00:00,6055.071,41,False,False,12.344,3.6100000000000003,58.279999999999994,112,20,0,4,3,3.1560000000000006,6460.8460000000005,6107.003,6270.508,6305.755583333333
2025-03-28 20:30:00,5837.624,42,False,False,11.309999999999999,3.598,53.779999999999994,112,20,30,4,3,4.190000000000001,6055.071,5945.972,5865.052,6304.673666666667
2025-03-28 21:00:00,5742.165,43,False,False,10.958,4.215999999999999,48.92,112,21,0,4,3,4.542,5837.624,5701.963,5680.707,6302.416416666667
2025-03-28 21:30:00,5553.92,44,False,False,10.598,2.696,66.52000000000001,112,21,30,4,3,4.901999999999999,5742.165,5492.7119999999995,5533.0070000000005,6303.253958333334
2025-03-28 22:00:00,5326.555,45,False,False,11.742,2.1,50.1,112,22,0,4,3,3.757999999999999,5553.92,5335.543,5305.282,6304.529125000001
2025-03-28 22:30:00,5237.229,46,False,False,11.294,4.55,46.06,112,22,30,4,3,4.2059999999999995,5326.555,5147.072,5232.964,6304.341875000001
2025-03-28 23:00:00,5211.966,47,False,False,9.889999999999999,2.2680000000000002,68.96000000000001,112,23,0,4,3,5.610000000000001,5237.229,5303.566,5207.826,6306.220145833333
2025-03-28 23:30:00,5119.948,48,False,False,11.254,3.168,69.7,112,23,30,4,3,4.246,5211.966,5061.093,5159.491,6304.3118125
2025-03-29 00:00:00,4052.121,1,True,False,9.443999999999999,4.144,61.379999999999995,112,0,0,5,3,6.056000000000001,5119.948,5086.885,3956.651,6305.537958333333
2025-03-29 00:30:00,3889.689,2,True,False,11.059999999999999,3.5700000000000003,60.04,112,0,30,5,3,4.440000000000001,4052.121,5042.159,3897.972,6283.980374999999
2025-03-29 01:00:00,3972.89,3,True,False,10.094,4.16,64.26,112,1,0,5,3,5.406000000000001,3889.689,5020.713,4019.029,6259.970583333333
2025-03-29 01:30:00,4031.652,4,True,False,9.882,4.6979999999999995,64.62,112,1,30,5,3,5.618,3972.89,5159.548,4106.003,6238.1409375
2025-03-29 02:00:00,3979.963,5,True,False,9.08,5.832,45.42,112,2,0,5,3,6.42,4031.652,5144.407,4073.981,6214.6431041666665
2025-03-29 02:30:00,4068.312,6,True,False,9.056000000000001,3.286,64.88,112,2,30,5,3,6.443999999999999,3979.963,5074.145,4049.56,6190.383854166666
2025-03-29 03:00:00,4126.238,7,True,False,8.84,2.904,57.44,112,3,0,5,3,6.66,4068.312,5195.068,4104.085,6169.429
2025-03-29 03:30:00,3999.517,8,True,False,9.61,4.068,60.02,112,3,30,5,3,5.890000000000001,4126.238,5247.823,4177.61,6147.161708333333
2025-03-29 04:00:00,4155.516,9,True,False,9.364,4.478,55.48,112,4,0,5,3,6.135999999999999,3999.517,5354.179,4316.224,6121.155333333333
2025-03-29 04:30:00,4407.15,10,True,False,7.406000000000001,3.3920000000000003,66.36,112,4,30,5,3,8.094,4155.516,5393.366,4345.947,6096.1831875
2025-03-29 05:00:00,4426.256,11,True,False,8.024,3.9880000000000004,48.28,112,5,0,5,3,7.476000000000001,4407.15,5616.871,4633.164,6075.637020833333
2025-03-29 05:30:00,4581.244,12,True,False,8.012,4.228,60.86,112,5,30,5,3,7.4879999999999995,4426.256,5863.225,4687.953,6050.832541666667
2025-03-29 06:00:00,4896.867,13,True,False,7.997999999999999,4.7299999999999995,65.52000000000001,112,6,0,5,3,7.502000000000001,4581.244,6319.683,4865.17,6024.124604166667
2025-03-29 06:30:00,5145.342,14,True,False,8.062000000000001,3.4659999999999997,69.53999999999999,112,6,30,5,3,7.437999999999999,4896.867,6559.15,5245.248,5994.4826041666665
2025-03-29 07:00:00,5487.39,15,True,False,7.43,3.4859999999999998,54.42,112,7,0,5,3,8.07,5145.342,6956.454,5557.241,5965.0282708333325
2025-03-29 07:30:00,5809.382,16,True,False,7.134,5.858,33.72,112,7,30,5,3,8.366,5487.39,7443.792,5810.232,5934.422770833334
2025-03-29 08:00:00,6096.935,17,True,False,6.606,2.288,55.879999999999995,112,8,0,5,3,8.894,5809.382,7717.756,6062.948,5900.3725625
2025-03-29 08:30:00,6193.288,18,True,False,7.316,4.086,51.06,112,8,30,5,3,8.184000000000001,6096.935,7872.033,6232.169,5866.6054583333325
2025-03-29 09:00:00,6269.213,19,True,False,7.556,3.9879999999999995,57.4,112,9,0,5,3,7.944,6193.288,7977.28,6368.148,5831.631604166666
2025-03-29 09:30:00,6111.045,20,True,False,7.895999999999999,3.3840000000000003,61.98,112,9,30,5,3,7.604000000000001,6269.213,7927.318,6228.741,5796.046875
2025-03-29 10:00:00,6095.948,21,True,False,7.496,3.8920000000000003,62.67999999999999,112,10,0,5,3,8.004,6111.045,7705.873,6160.33,5758.207854166667
2025-03-29 10:30:00,5817.6179999999995,22,True,False,8.286,3.66,51.44,112,10,30,5,3,7.214,6095.948,7501.395,5821.831,5724.66775
2025-03-29 11:00:00,5683.044,23,True,False,6.812,4.294,62.279999999999994,112,11,0,5,3,8.687999999999999,5817.6179999999995,7036.719,5634.256,5689.5890625
2025-03-29 11:30:00,5377.124,24,True,False,8.596,4.052,66.02000000000001,112,11,30,5,3,6.904,5683.044,6883.713,5384.313,5661.3875
2025-03-29 12:00:00,5199.485,25,True,False,7.814,4.1579999999999995,52.82000000000001,112,12,0,5,3,7.686,5377.124,6569.48,5160.636,5630.000229166667
2025-03-29 12:30:00,5083.793,26,True,False,8.534,2.948,76.24000000000001,112,12,30,5,3,6.965999999999999,5199.485,6415.543,5079.209,5601.458666666666
2025-03-29 13:00:00,4942.637,27,True,False,8.398,5.2,55.260000000000005,112,13,0,5,3,7.102,5083.793,6274.96,4952.228,5573.713875
2025-03-29 13:30:00,5008.596,28,True,False,9.05,3.5140000000000002,61.1,112,13,30,5,3,6.449999999999999,4942.637,6296.924,5017.05,5545.957145833333
2025-03-29 14:00:00,5046.432,29,True,False,9.506,4.614,60.32000000000001,112,14,0,5,3,5.994,5008.596,6486.419,5137.504,5519.116979166666
2025-03-29 14:30:00,5231.2880000000005,30,True,False,8.736,3.068,41.7,112,14,30,5,3,6.763999999999999,5046.432,6613.259,5100.972,5489.117249999999
2025-03-29 15:00:00,5218.575,31,True,False,10.303999999999998,4.07,62.56,112,15,0,5,3,5.1960000000000015,5231.2880000000005,6729.638,5324.553,5460.3261875
2025-03-29 15:30:00,5459.058,32,True,False,9.632,4.436,58.81999999999999,112,15,30,5,3,5.868,5218.575,6850.454,5466.4220000000005,5428.845708333333
2025-03-29 16:00:00,5495.554,33,True,False,10.437999999999999,4.264,50.86,112,16,0,5,3,5.062000000000001,5459.058,7059.576,5685.68,5399.858291666666
2025-03-29 16:30:00,5527.599,34,True,False,10.276,3.9559999999999995,57.620000000000005,112,16,30,5,3,5.224,5495.554,7129.366,5662.59,5367.2745
2025-03-29 17:00:00,5675.828,35,True,False,10.07,2.83,62.06,112,17,0,5,3,5.43,5527.599,7205.373,5625.215,5333.904354166666
2025-03-29 17:30:00,5646.523,36,True,False,10.358,5.73,65.11999999999999,112,17,30,5,3,5.1419999999999995,5675.828,7132.848,5528.747,5302.038833333333
2025-03-29 18:00:00,5532.911,37,True,False,10.744,3.192,54.92,112,18,0,5,3,4.756,5646.523,6952.044,5445.609,5271.073729166666
2025-03-29 18:30:00,5330.097,38,True,False,11.474,4.274,64.36,112,18,30,5,3,4.026,5532.911,6786.43,5378.149,5241.508458333334
2025-03-29 19:00:00,5242.325,39,True,False,10.786,2.548,61.56,112,19,0,5,3,4.714,5330.097,6518.629,5201.891,5211.1681875
2025-03-29 19:30:00,4989.923,40,True,False,10.952,3.308,61.02,112,19,30,5,3,4.548,5242.325,6460.8460000000005,4991.695,5184.578520833334
2025-03-29 20:00:00,4835.902,41,True,False,10.552,4.512,59.54,112,20,0,5,3,4.948,4989.923,6055.071,4751.456,5153.934291666667
2025-03-29 20:30:00,4648.556,42,True,False,10.472,3.8840000000000003,58.4,112,20,30,5,3,5.0280000000000005,4835.902,5837.624,4604.51,5128.5349375
2025-03-29 21:00:00,4520.294,43,True,False,11.05,3.378,57.779999999999994,112,21,0,5,3,4.449999999999999,4648.556,5742.165,4485.2210000000005,5103.7626875
2025-03-29 21:30:00,4363.657,44,True,False,10.666,3.194,44.68,112,21,30,5,3,4.834,4520.294,5553.92,4302.146,5078.307041666666
2025-03-29 22:00:00,4160.587,45,True,False,11.084,4.3340000000000005,68.06,112,22,0,5,3,4.416,4363.657,5326.555,4202.631,5053.509895833334
2025-03-29 22:30:00,4138.912,46,True,False,11.15,3.972,64.28,112,22,30,5,3,4.35,4160.587,5237.229,4119.654,5029.218895833333
2025-03-29 23:00:00,4116.435,47,True,False,10.154,3.5759999999999996,54.739999999999995,112,23,0,5,3,5.346,4138.912,5211.966,4174.801,5006.337291666667
2025-03-29 23:30:00,4087.252,48,True,False,9.374,4.904,62.660000000000004,112,23,30,5,3,6.1259999999999994,4116.435,5119.948,4044.349,4983.513729166667
2025-03-30 00:00:00,3875.837,1,True,False,10.084,5.522,68.58,112,0,0,6,3,5.416,4087.252,4052.121,3900.631,4961.999229166667
2025-03-30 00:30:00,3922.976,2,True,False,10.962,3.306,49.8,112,0,30,6,3,4.538,3875.837,3889.689,4074.25,4958.326645833334
2025-03-30 01:00:00,4025.243,3,True,False,9.069999999999999,4.534000000000001,66.98,112,1,0,6,3,6.4300000000000015,3922.976,3972.89,4031.856,4959.020125
2025-03-30 01:30:00,3968.008,4,True,False,9.614,4.7,65.2,112,1,30,6,3,5.885999999999999,4025.243,4031.652,3988.394,4960.1108125
2025-03-30 02:00:00,4074.822,5,True,False,9.032,5.4159999999999995,53.36,112,2,0,6,3,6.468,3968.008,3979.963,3983.005,4958.784895833333
2025-03-30 02:30:00,3984.915,6,True,False,9.84,4.768,64.16,112,2,30,6,3,5.66,4074.822,4068.312,4012.142,4960.761125
2025-03-30 03:00:00,4018.952,7,True,False,9.786,4.524,65.78,112,3,0,6,3,5.714,3984.915,4126.238,4213.63,4959.0236875
2025-03-30 03:30:00,4124.623,8,True,False,8.394,3.848,44.36,112,3,30,6,3,7.106,4018.952,3999.517,4154.513,4956.7885625
2025-03-30 04:00:00,4259.338,9,True,False,8.664,3.428,64.74,112,4,0,6,3,6.836,4124.623,4155.516,4230.067,4959.3949375
2025-03-30 04:30:00,4256.073,10,True,False,8.001999999999999,5.204000000000001,53.239999999999995,112,4,30,6,3,7.498000000000001,4259.338,4407.15,4228.943,4961.557895833333
2025-03-30 05:00:00,4477.0869999999995,11,True,False,8.559999999999999,3.4839999999999995,69.78,112,5,0,6,3,6.940000000000001,4256.073,4426.256,4499.954,4958.410458333333
2025-03-30 05:30:00,4744.44,12,True,False,7.112,3.7,68.72,112,5,30,6,3,8.388,4477.0869999999995,4581.244,4612.416,4959.4694375
2025-03-30 06:00:00,4878.782,13,True,False,8.128,3.728,65.64,112,6,0,6,3,7.372,4744.44,4896.867,4965.182,4962.869354166666
2025-03-30 06:30:00,5229.872,14,True,False,7.0569999999999995,4.006,58.739999999999995,112,6,30,6,3,8.443000000000001,4878.782,5145.342,5252.03,4962.492583333334
2025-03-30 07:00:00,5498.963,15,True,False,7.644,3.62,67.42,112,7,0,6,3,7.856,5229.872,5487.39,5511.058,4964.253625
2025-03-30 07:30:00,5775.565,16,True,False,7.712000000000001,3.436,62.3,112,7,30,6,3,7.787999999999999,5498.963,5809.382,5693.332,4964.494729166667
2025-03-30 08:00:00,6126.543,17,True,False,7.160000000000001,3.168,62.04,112,8,0,6,3,8.34,5775.565,6096.935,6050.442,4963.790208333333
2025-03-30 08:30:00,6193.055,18,True,False,7.731999999999999,2.536,69.66,112,8,30,6,3,7.768000000000001,6126.543,6193.288,6216.307,4964.407041666666
2025-03-30 09:00:00,6232.836,19,True,False,6.452,4.5,60.2,112,9,0,6,3,9.048,6193.055,6269.213,6275.589,4964.4021875
2025-03-30 09:30:00,6220.085,20,True,False,7.768000000000001,4.522,66.64000000000001,112,9,30,6,3,7.731999999999999,6232.836,6111.045,6190.041,4963.644333333334
2025-03-30 10:00:00,6013.601,21,True,False,8.494,3.446,55.1,112,10,0,6,3,7.006,6220.085,6095.948,6161.459,4965.916
2025-03-30 10:30:00,5914.093,22,True,False,7.1579999999999995,5.754,65.1,112,10,30,6,3,8.342,6013.601,5817.6179999999995,5808.025,4964.2004375
2025-03-30 11:00:00,5619.244,23,True,False,7.946000000000001,4.4079999999999995,53.04,112,11,0,6,3,7.553999999999999,5914.093,5683.044,5614.876,4966.210333333333
2025-03-30 11:30:00,5345.778,24,True,False,8.315999999999999,3.6759999999999997,63.82000000000001,112,11,30,6,3,7.184000000000001,5619.244,5377.124,5405.813,4964.881166666667
2025-03-30 12:00:00,5144.022,25,True,False,8.57,4.652,60.339999999999996,112,12,0,6,3,6.93,5345.778,5199.485,5182.787,4964.228125
2025-03-30 12:30:00,5026.0199999999995,26,True,False,8.312000000000001,3.022,63.160000000000004,112,12,30,6,3,7.187999999999999,5144.022,5083.793,5068.119,4963.072645833334
2025-03-30 13:00:00,4960.651,27,True,False,8.492,3.556,56.52,112,13,0,6,3,7.007999999999999,5026.0199999999995,4942.637,5011.396,4961.869041666667
2025-03-30 13:30:00,4987.406,28,True,False,9.001999999999999,4.052,53.260000000000005,112,13,30,6,3,6.498000000000001,4960.651,5008.596,5168.877,4962.244333333333
2025-03-30 14:00:00,5039.237,29,True,False,8.790000000000001,2.024,74.28,112,14,0,6,3,6.709999999999999,4987.406,5046.432,5066.875,4961.802875
2025-03-30 14:30:00,5209.373,30,True,False,8.680000000000001,4.628,58.32000000000001,112,14,30,6,3,6.8199999999999985,5039.237,5231.2880000000005,5202.801,4961.652979166666
2025-03-30 15:00:00,5373.526,31,True,False,9.498000000000001,3.75,52.779999999999994,112,15,0,6,3,6.001999999999999,5209.373,5218.575,5380.804,4961.196416666667
2025-03-30 15:30:00,5492.075,32,True,False,9.940000000000001,4.504,52.18000000000001,112,15,30,6,3,5.559999999999999,5373.526,5459.058,5466.14,4964.4245625
2025-03-30 16:00:00,5535.584,33,True,False,10.6,4.316000000000001,62.0,112,16,0,6,3,4.9,5492.075,5495.554,5583.293,4965.112416666666
2025-03-30 16:30:00,5582.102,34,True,False,10.898,4.2379999999999995,54.879999999999995,112,16,30,6,3,4.602,5535.584,5527.599,5631.257,4965.9463749999995
2025-03-30 17:00:00,5580.067,35,True,False,10.931999999999999,3.968,63.660000000000004,112,17,0,6,3,4.568000000000001,5582.102,5675.828,5494.511,4967.081854166667
2025-03-30 17:30:00,5607.446,36,True,False,10.734,3.6719999999999997,70.64000000000001,112,17,30,6,3,4.766,5580.067,5646.523,5557.548,4965.086833333334
2025-03-30 18:00:00,5526.255,37,True,False,10.334,5.358,60.52,112,18,0,6,3,5.166,5607.446,5532.911,5560.856,4964.272729166667
2025-03-30 18:30:00,5350.6630000000005,38,True,False,10.26,4.162000000000001,54.14,112,18,30,6,3,5.24,5526.255,5330.097,5371.522,4964.1340625
2025-03-30 19:00:00,5157.335,39,True,False,11.412,3.87,62.339999999999996,112,19,0,6,3,4.087999999999999,5350.6630000000005,5242.325,5297.0869999999995,4964.562520833334
2025-03-30 19:30:00,4910.378,40,True,False,11.008,3.944,67.17999999999999,112,19,30,6,3,4.492000000000001,5157.335,4989.923,5029.77,4962.791895833333
2025-03-30 20:00:00,4847.689,41,True,False,11.474,2.306,53.32000000000001,112,20,0,6,3,4.026,4910.378,4835.902,4830.912,4961.134708333333
2025-03-30 20:30:00,4735.749,42,True,False,10.431999999999999,3.91,51.260000000000005,112,20,30,6,3,5.068000000000001,4847.689,4648.556,4534.232,4961.380270833333
2025-03-30 21:00:00,4459.715,43,True,False,11.581999999999999,3.13,58.14,112,21,0,6,3,3.918000000000001,4735.749,4520.294,4524.508,4963.196791666666
2025-03-30 21:30:00,4311.988,44,True,False,10.616,3.5460000000000003,46.0,112,21,30,6,3,4.884,4459.715,4363.657,4334.622,4961.934729166666
2025-03-30 22:00:00,4224.942,45,True,False,11.458,3.5760000000000005,67.8,112,22,0,6,3,4.042,4311.988,4160.587,4195.708,4960.858291666666
2025-03-30 22:30:00,4204.384,46,True,False,10.702000000000002,3.912,64.46,112,22,30,6,3,4.797999999999998,4224.942,4138.912,4199.932,4962.199020833333
2025-03-30 23:00:00,4051.794,47,True,False,11.018,3.052,54.67999999999999,112,23,0,6,3,4.481999999999999,4204.384,4116.435,4146.436,4963.563020833333
2025-03-30 23:30:00,4059.682,48,True,False,10.436000000000002,2.994,58.0,112,23,30,6,3,5.063999999999998,4051.794,4087.252,3983.529,4962.216333333333
2025-03-31 00:00:00,5053.256,1,False,False,9.93,3.464,70.82000000000001,112,0,0,0,3,5.57,4059.682,3875.837,5081.472,4961.641958333334
2025-03-31 00:30:00,5089.066,2,False,False,9.6,3.9200000000000004,62.58,112,0,30,0,3,5.9,5053.256,3922.976,5011.854,4986.1715208333335
2025-03-31 01:00:00,5122.931,3,False,False,9.906,5.4399999999999995,54.660000000000004,112,1,0,0,3,5.593999999999999,5089.066,4025.243,5124.159,5010.4650624999995
2025-03-31 01:30:00,5056.71,4,False,False,10.156,4.118,54.44,112,1,30,0,3,5.343999999999999,5122.931,3968.008,5148.978,5033.3335625
2025-03-31 02:00:00,5052.65,5,False,False,9.059999999999999,4.142,68.03999999999999,112,2,0,0,3,6.440000000000001,5056.71,4074.822,5194.371,5056.014854166667
2025-03-31 02:30:00,5113.407,6,False,False,8.83,4.184,47.68,112,2,30,0,3,6.67,5052.65,3984.915,5123.627,5076.386270833333
2025-03-31 03:00:00,5043.69,7,False,False,9.658,4.5920000000000005,64.32000000000001,112,3,0,0,3,5.8420000000000005,5113.407,4018.952,5241.495,5099.896520833333
2025-03-31 03:30:00,5147.05,8,False,False,10.162,4.2780000000000005,58.5,112,3,30,0,3,5.337999999999999,5043.69,4124.623,5195.371,5121.245229166666
2025-03-31 04:00:00,5277.611,9,False,False,8.42,4.3759999999999994,57.46,112,4,0,0,3,7.08,5147.05,4259.338,5407.653,5142.545791666666
2025-03-31 04:30:00,5491.796,10,False,False,7.784000000000001,3.0439999999999996,56.260000000000005,112,4,30,0,3,7.715999999999999,5277.611,4256.073,5455.901,5163.7598124999995
2025-03-31 05:00:00,5562.885,11,False,False,8.751999999999999,3.272,61.339999999999996,112,5,0,0,3,6.748000000000001,5491.796,4477.0869999999995,5623.077,5189.504041666666
2025-03-31 05:30:00,5835.308,12,False,False,7.934,3.7399999999999998,58.94,112,5,30,0,3,7.566,5562.885,4744.44,5859.908,5212.124833333333
2025-03-31 06:00:00,6255.277,13,False,False,7.1579999999999995,4.5760000000000005,54.160000000000004,112,6,0,0,3,8.342,5835.308,4878.782,6180.98,5234.85125
2025-03-31 06:30:00,6568.037,14,False,False,7.717999999999999,2.366,47.660000000000004,112,6,30,0,3,7.782000000000001,6255.277,5229.872,6583.499,5263.528229166666
2025-03-31 07:00:00,7033.881,15,False,False,7.268000000000001,3.9160000000000004,51.839999999999996,112,7,0,0,3,8.232,6568.037,5498.963,7063.456,5291.406666666667
2025-03-31 07:30:00,7336.074,16,False,False,7.5120000000000005,4.894,57.84000000000001,112,7,30,0,3,7.9879999999999995,7033.881,5775.565,7354.586,5323.384125
2025-03-31 08:00:00,7622.309,17,False,False,7.856,5.96,59.58,112,8,0,0,3,7.644,7336.074,6126.543,7702.491,5355.894729166666
2025-03-31 08:30:00,7806.081,18,False,False,7.392,5.114,58.9,112,8,30,0,3,8.108,7622.309,6193.055,7883.536,5387.056520833333
2025-03-31 09:00:00,7965.483,19,False,False,7.258,2.758,64.94,112,9,0,0,3,8.242,7806.081,6232.836,7938.23,5420.661229166667
2025-03-31 09:30:00,7878.838,20,False,False,8.34,3.2840000000000003,71.5,112,9,30,0,3,7.16,7965.483,6220.085,7845.348,5456.758041666667
2025-03-31 10:00:00,7637.536,21,False,False,7.6,4.066,72.5,112,10,0,0,3,7.9,7878.838,6013.601,7591.355,5491.315395833334
2025-03-31 10:30:00,7403.1050000000005,22,False,False,7.374,4.85,62.779999999999994,112,10,30,0,3,8.126000000000001,7637.536,5914.093,7474.1050000000005,5525.1473750000005
2025-03-31 11:00:00,7070.46,23,False,False,8.053999999999998,4.21,58.8,112,11,0,0,3,7.4460000000000015,7403.1050000000005,5619.244,7068.298,5556.168458333334
2025-03-31 11:30:00,6760.188,24,False,False,8.331999999999999,4.476,56.4,112,11,30,0,3,7.168000000000001,7070.46,5345.778,6889.7,5586.4021250000005
2025-03-31 12:00:00,6530.936,25,False,False,7.986,4.343999999999999,54.86,112,12,0,0,3,7.514,6760.188,5144.022,6545.262,5615.869
2025-03-31 12:30:00,6302.866,26,False,False,8.972,5.664,46.16,112,12,30,0,3,6.5280000000000005,6530.936,5026.0199999999995,6197.436,5644.763041666666
2025-03-31 13:00:00,6246.359,27,False,False,9.052000000000001,6.008,59.839999999999996,112,13,0,0,3,6.447999999999999,6302.866,4960.651,6261.762,5671.3640000000005
2025-03-31 13:30:00,6377.783,28,False,False,8.782,4.593999999999999,55.94000000000001,112,13,30,0,3,6.718,6246.359,4987.406,6294.542,5698.149583333333
2025-03-31 14:00:00,6488.253,29,False,False,9.852,4.038,71.67999999999999,112,14,0,0,3,5.648,6377.783,5039.237,6459.35,5727.115770833334
2025-03-31 14:30:00,6578.001,30,False,False,9.952000000000002,4.566,68.62,112,14,30,0,3,5.547999999999998,6488.253,5209.373,6589.818,5757.303604166666
2025-03-31 15:00:00,6751.863,31,False,False,9.292,2.65,71.6,112,15,0,0,3,6.208,6578.001,5373.526,6731.691,5785.8166875
2025-03-31 15:30:00,7060.461,32,False,False,8.906,5.194,66.97999999999999,112,15,30,0,3,6.593999999999999,6751.863,5492.075,6943.048,5814.532041666666
2025-03-31 16:00:00,7065.66,33,False,False,10.436,3.7560000000000002,58.4,112,16,0,0,3,5.064,7060.461,5535.584,7105.549622475069,5847.20675
2025-03-31 16:30:00,7010.521,34,False,False,10.809999999999999,4.401999999999999,59.739999999999995,112,16,30,0,3,4.690000000000001,7065.66,5582.102,7169.413,5879.083333333333
2025-03-31 17:00:00,7138.168,35,False,False,10.504000000000001,3.714,75.67999999999999,112,17,0,0,3,4.995999999999999,7010.521,5580.067,7147.061,5908.842062500001
2025-03-31 17:30:00,7196.315,36,False,False,9.854,5.0,68.06,112,17,30,0,3,5.646000000000001,7138.168,5607.446,7188.68,5941.302499999999
2025-03-31 18:00:00,7096.171,37,False,False,10.55,4.038,58.14,112,18,0,0,3,4.949999999999999,7196.315,5526.255,6996.851,5974.403937499999
2025-03-31 18:30:00,6757.646,38,False,False,10.930000000000001,4.776000000000001,67.14,112,18,30,0,3,4.5699999999999985,7096.171,5350.6630000000005,6896.122,6007.110520833333
2025-03-31 19:00:00,6705.297,39,False,False,10.754,4.926,57.08,112,19,0,0,3,4.746,6757.646,5157.335,6644.612,6036.422666666666
2025-03-31 19:30:00,6464.135,40,False,False,10.122,4.698,59.36,112,19,30,0,3,5.378,6705.297,4910.378,6353.657,6068.671875
2025-03-31 20:00:00,6140.606,41,False,False,10.536,4.336,46.62,112,20,0,0,3,4.964,6464.135,4847.689,6143.825,6101.0418125
2025-03-31 20:30:00,5847.403,42,False,False,11.484,4.0760000000000005,52.879999999999995,112,20,30,0,3,4.016,6140.606,4735.749,5827.631,6127.977583333333
2025-03-31 21:00:00,5709.849,43,False,False,11.34,5.798,55.279999999999994,112,21,0,0,3,4.16,5847.403,4459.715,5714.707,6151.137041666666
2025-03-31 21:30:00,5447.512,44,False,False,12.622,5.6,56.92,112,21,30,0,3,2.878,5709.849,4311.988,5532.369,6177.1815
2025-03-31 22:00:00,5384.3,45,False,False,10.948,4.654,53.339999999999996,112,22,0,0,3,4.552,5447.512,4224.942,5404.819,6200.83825
2025-03-31 22:30:00,5207.223,46,False,False,11.608,4.95,52.839999999999996,112,22,30,0,3,3.8919999999999995,5384.3,4204.384,5306.848,6224.991541666667
2025-03-31 23:00:00,5198.716,47,False,False,10.384,4.712000000000001,58.620000000000005,112,23,0,0,3,5.116,5207.223,4051.794,5216.261,6245.884020833334
2025-03-31 23:30:00,5098.611,48,False,False,10.392,3.8200000000000003,63.04,112,23,30,0,3,5.1080000000000005,5198.716,4059.682,5062.803,6269.778229166666
