region,timestamp,temperature_c,wind_speed_mps,cloud_cover_pct
MIDLANDS,2025-01-01 00:00:00,6.01,3.64,55.4
MIDLANDS,2025-01-01 00:30:00,5.52,4.41,41.8
MIDLANDS,2025-01-01 01:00:00,6.08,5.33,66.9
MIDLANDS,2025-01-01 01:30:00,5.9,4.59,96.6
MIDLANDS,2025-01-01 02:00:00,4.61,3.39,46.4
MIDLANDS,2025-01-01 02:30:00,3.48,1.51,44.0
MIDLANDS,2025-01-01 03:00:00,4.11,4.67,60.9
MIDLANDS,2025-01-01 03:30:00,3.28,5.8,73.3
MIDLANDS,2025-01-01 04:00:00,3.52,2.69,69.9
MIDLANDS,2025-01-01 04:30:00,3.94,1.1,58.8
MIDLANDS,2025-01-01 05:00:00,3.62,2.2,63.4
MIDLANDS,2025-01-01 05:30:00,1.55,6.67,82.5
MIDLANDS,2025-01-01 06:00:00,2.68,4.73,16.6
MIDLANDS,2025-01-01 06:30:00,1.6,3.41,40.7
MIDLANDS,2025-01-01 07:00:00,3.64,7.99,38.8
MIDLANDS,2025-01-01 07:30:00,1.78,4.47,89.0
MIDLANDS,2025-01-01 08:00:00,1.25,4.5,92.8
MIDLANDS,2025-01-01 08:30:00,0.73,1.44,52.4
MIDLANDS,2025-01-01 09:00:00,2.16,5.63,64.3
MIDLANDS,2025-01-01 09:30:00,0.65,5.03,49.6
MIDLANDS,2025-01-01 10:00:00,4.51,2.74,48.5
MIDLANDS,2025-01-01 10:30:00,3.63,5.53,68.1
MIDLANDS,2025-01-01 11:00:00,1.28,5.08,41.4
MIDLANDS,2025-01-01 11:30:00,3.58,1.15,68.0
MIDLANDS,2025-01-01 12:00:00,2.75,1.43,72.8
MIDLANDS,2025-01-01 12:30:00,4.0,2.77,86.1
MIDLANDS,2025-01-01 13:00:00,3.67,4.06,64.8
MIDLANDS,2025-01-01 13:30:00,3.45,4.94,50.4
MIDLANDS,2025-01-01 14:00:00,4.22,6.73,41.3
MIDLANDS,2025-01-01 14:30:00,1.82,7.22,105.9
MIDLANDS,2025-01-01 15:00:00,4.75,0.13,54.4
MIDLANDS,2025-01-01 15:30:00,4.89,3.62,40.0
MIDLANDS,2025-01-01 16:00:00,6.41,5.05,33.1
MIDLANDS,2025-01-01 16:30:00,6.55,8.11,63.1
MIDLANDS,2025-01-01 17:00:00,5.72,3.72,71.1
MIDLANDS,2025-01-01 17:30:00,4.05,4.33,53.0
MIDLANDS,2025-01-01 18:00:00,8.66,3.65,90.0
MIDLANDS,2025-01-01 18:30:00,5.12,5.17,65.7
MIDLANDS,2025-01-01 19:00:00,5.6,4.35,81.8
MIDLANDS,2025-01-01 19:30:00,6.26,0.62,59.7
MIDLANDS,2025-01-01 20:00:00,5.63,3.32,58.5
MIDLANDS,2025-01-01 20:30:00,4.67,0.77,68.7
MIDLANDS,2025-01-01 21:00:00,6.02,0.0,74.1
MIDLANDS,2025-01-01 21:30:00,6.97,2.57,36.3
MIDLANDS,2025-01-01 22:00:00,7.45,4.7,102.9
MIDLANDS,2025-01-01 22:30:00,6.95,4.78,57.0
MIDLANDS,2025-01-01 23:00:00,7.11,5.25,82.5
MIDLANDS,2025-01-01 23:30:00,5.5,3.13,51.4
MIDLANDS,2025-01-02 00:00:00,6.73,7.0,51.7
MIDLANDS,2025-01-02 00:30:00,5.27,4.63,55.6
MIDLANDS,2025-01-02 01:00:00,6.44,0.0,45.1
MIDLANDS,2025-01-02 01:30:00,4.36,0.0,42.7
MIDLANDS,2025-01-02 02:00:00,3.68,3.6,80.0
MIDLANDS,2025-01-02 02:30:00,4.49,1.94,59.0
MIDLANDS,2025-01-02 03:00:00,5.52,2.05,43.6
MIDLANDS,2025-01-02 03:30:00,4.93,3.56,71.7
MIDLANDS,2025-01-02 04:00:00,3.76,5.4,41.4
MIDLANDS,2025-01-02 04:30:00,3.77,3.58,38.1
MIDLANDS,2025-01-02 05:00:00,1.49,5.37,53.7
MIDLANDS,2025-01-02 05:30:00,2.14,3.81,80.3
MIDLANDS,2025-01-02 06:00:00,0.31,1.01,43.4
MIDLANDS,2025-01-02 06:30:00,4.8,4.57,73.8
MIDLANDS,2025-01-02 07:00:00,1.48,1.76,68.1
MIDLANDS,2025-01-02 07:30:00,2.92,5.1,56.6
MIDLANDS,2025-01-02 08:00:00,3.11,4.32,74.0
MIDLANDS,2025-01-02 08:30:00,3.75,0.76,19.5
MIDLANDS,2025-01-02 09:00:00,4.05,6.38,41.6
MIDLANDS,2025-01-02 09:30:00,0.62,4.2,76.8
MIDLANDS,2025-01-02 10:00:00,5.21,5.03,53.3
MIDLANDS,2025-01-02 10:30:00,1.98,4.02,54.6
MIDLANDS,2025-01-02 11:00:00,2.15,8.1,92.1
MIDLANDS,2025-01-02 11:30:00,4.73,2.16,75.4
MIDLANDS,2025-01-02 12:00:00,4.55,4.89,82.5
MIDLANDS,2025-01-02 12:30:00,4.54,5.48,71.5
MIDLANDS,2025-01-02 13:00:00,4.67,0.43,61.5
MIDLANDS,2025-01-02 13:30:00,3.6,1.44,90.3
MIDLANDS,2025-01-02 14:00:00,6.86,6.72,64.6
MIDLANDS,2025-01-02 14:30:00,6.4,4.02,63.7
MIDLANDS,2025-01-02 15:00:00,3.99,4.79,61.1
MIDLANDS,2025-01-02 15:30:00,3.73,3.9,58.6
MIDLANDS,2025-01-02 16:00:00,7.94,5.79,60.2
MIDLANDS,2025-01-02 16:30:00,6.08,4.09,56.3
MIDLANDS,2025-01-02 17:00:00,4.9,3.7,46.6
MIDLANDS,2025-01-02 17:30:00,4.69,5.02,67.0
MIDLANDS,2025-01-02 18:00:00,4.37,3.75,77.9
MIDLANDS,2025-01-02 18:30:00,7.78,6.05,60.7
MIDLANDS,2025-01-02 19:00:00,5.7,1.83,66.2
MIDLANDS,2025-01-02 19:30:00,7.17,6.57,79.8
MIDLANDS,2025-01-02 20:00:00,6.62,1.51,54.3
MIDLANDS,2025-01-02 20:30:00,7.04,3.6,49.6
MIDLANDS,2025-01-02 21:00:00,7.02,2.99,48.7
MIDLANDS,2025-01-02 21:30:00,7.09,3.2,64.4
MIDLANDS,2025-01-02 22:00:00,6.84,1.72,51.3
MIDLANDS,2025-01-02 22:30:00,8.24,1.68,21.9
MIDLANDS,2025-01-02 23:00:00,3.96,4.06,60.6
MIDLANDS,2025-01-02 23:30:00,6.05,6.43,11.9
MIDLANDS,2025-01-03 00:00:00,6.32,7.12,39.7
MIDLANDS,2025-01-03 00:30:00,5.39,2.49,43.9
MIDLANDS,2025-01-03 01:00:00,4.97,6.85,93.1
MIDLANDS,2025-01-03 01:30:00,4.96,7.81,60.6
MIDLANDS,2025-01-03 02:00:00,6.95,3.81,62.4
MIDLANDS,2025-01-03 02:30:00,5.28,10.36,75.3
MIDLANDS,2025-01-03 03:00:00,3.48,5.94,53.5
MIDLANDS,2025-01-03 03:30:00,3.74,5.82,60.6
MIDLANDS,2025-01-03 04:00:00,4.18,4.03,66.1
MIDLANDS,2025-01-03 04:30:00,4.36,0.13,72.0
MIDLANDS,2025-01-03 05:00:00,2.25,1.12,58.9
MIDLANDS,2025-01-03 05:30:00,3.53,2.61,75.0
MIDLANDS,2025-01-03 06:00:00,1.5,3.19,49.5
MIDLANDS,2025-01-03 06:30:00,3.06,4.56,41.9
MIDLANDS,2025-01-03 07:00:00,3.78,4.13,25.9
MIDLANDS,2025-01-03 07:30:00,0.56,3.98,56.0
MIDLANDS,2025-01-03 08:00:00,2.72,3.94,64.1
MIDLANDS,2025-01-03 08:30:00,3.98,1.78,38.9
MIDLANDS,2025-01-03 09:00:00,1.6,4.58,82.4
MIDLANDS,2025-01-03 09:30:00,2.4,0.0,29.3
MIDLANDS,2025-01-03 10:00:00,2.11,2.88,52.6
MIDLANDS,2025-01-03 10:30:00,3.16,3.38,78.9
MIDLANDS,2025-01-03 11:00:00,2.62,2.28,68.6
MIDLANDS,2025-01-03 11:30:00,1.59,4.78,61.8
MIDLANDS,2025-01-03 12:00:00,3.67,7.18,48.8
MIDLANDS,2025-01-03 12:30:00,6.32,3.55,37.0
MIDLANDS,2025-01-03 13:00:00,4.41,1.85,46.5
MIDLANDS,2025-01-03 13:30:00,4.8,5.11,48.8
MIDLANDS,2025-01-03 14:00:00,6.03,6.32,85.9
MIDLANDS,2025-01-03 14:30:00,5.48,6.73,26.1
MIDLANDS,2025-01-03 15:00:00,4.98,2.27,62.1
MIDLANDS,2025-01-03 15:30:00,4.68,3.67,93.9
MIDLANDS,2025-01-03 16:00:00,5.64,4.83,55.8
MIDLANDS,2025-01-03 16:30:00,5.94,4.01,68.1
MIDLANDS,2025-01-03 17:00:00,7.66,7.29,65.6
MIDLANDS,2025-01-03 17:30:00,6.97,1.7,58.4
MIDLANDS,2025-01-03 18:00:00,7.71,5.73,63.8
MIDLANDS,2025-01-03 18:30:00,7.64,4.98,81.6
MIDLANDS,2025-01-03 19:00:00,7.13,3.29,66.0
MIDLANDS,2025-01-03 19:30:00,3.26,4.77,0.0
MIDLANDS,2025-01-03 20:00:00,4.78,4.9,68.6
MIDLANDS,2025-01-03 20:30:00,5.45,2.58,84.7
MIDLANDS,2025-01-03 21:00:00,6.2,8.49,60.0
MIDLANDS,2025-01-03 21:30:00,7.27,7.23,62.4
MIDLANDS,2025-01-03 22:00:00,5.38,3.78,59.4
MIDLANDS,2025-01-03 22:30:00,4.94,3.49,46.6
MIDLANDS,2025-01-03 23:00:00,7.37,4.07,54.9
MIDLANDS,2025-01-03 23:30:00,6.13,4.45,71.1
MIDLANDS,2025-01-04 00:00:00,4.71,1.92,79.9
MIDLANDS,2025-01-04 00:30:00,5.42,1.17,68.0
MIDLANDS,2025-01-04 01:00:00,5.99,0.94,64.1
MIDLANDS,2025-01-04 01:30:00,6.31,4.75,71.4
MIDLANDS,2025-01-04 02:00:00,3.23,4.66,54.6
MIDLANDS,2025-01-04 02:30:00,4.33,5.74,86.6
MIDLANDS,2025-01-04 03:00:00,6.55,6.63,58.0
MIDLANDS,2025-01-04 03:30:00,4.82,5.53,62.2
MIDLANDS,2025-01-04 04:00:00,4.07,5.65,58.9
MIDLANDS,2025-01-04 04:30:00,3.04,3.17,71.4
MIDLANDS,2025-01-04 05:00:00,3.5,4.68,72.1
MIDLANDS,2025-01-04 05:30:00,3.05,5.51,66.8
MIDLANDS,2025-01-04 06:00:00,1.7,6.88,51.0
MIDLANDS,2025-01-04 06:30:00,1.19,1.91,41.6
MIDLANDS,2025-01-04 07:00:00,3.04,3.45,53.9
MIDLANDS,2025-01-04 07:30:00,3.72,4.68,65.7
MIDLANDS,2025-01-04 08:00:00,3.4,5.23,22.1
MIDLANDS,2025-01-04 08:30:00,2.47,0.0,60.6
MIDLANDS,2025-01-04 09:00:00,2.97,6.09,81.4
MIDLANDS,2025-01-04 09:30:00,3.22,3.0,68.7
MIDLANDS,2025-01-04 10:00:00,2.55,4.0,77.8
MIDLANDS,2025-01-04 10:30:00,2.51,5.61,72.2
MIDLANDS,2025-01-04 11:00:00,2.35,5.95,72.6
MIDLANDS,2025-01-04 11:30:00,3.62,2.48,44.5
MIDLANDS,2025-01-04 12:00:00,3.27,5.09,42.8
MIDLANDS,2025-01-04 12:30:00,4.44,1.52,56.3
MIDLANDS,2025-01-04 13:00:00,4.53,8.89,35.2
MIDLANDS,2025-01-04 13:30:00,6.16,4.3,67.4
MIDLANDS,2025-01-04 14:00:00,5.05,4.89,57.2
MIDLANDS,2025-01-04 14:30:00,6.66,3.09,80.4
MIDLANDS,2025-01-04 15:00:00,4.66,3.88,40.7
MIDLANDS,2025-01-04 15:30:00,5.98,6.89,58.6
MIDLANDS,2025-01-04 16:00:00,5.68,1.77,55.9
MIDLANDS,2025-01-04 16:30:00,4.0,2.17,64.1
MIDLANDS,2025-01-04 17:00:00,7.91,9.62,49.4
MIDLANDS,2025-01-04 17:30:00,8.05,4.49,57.3
MIDLANDS,2025-01-04 18:00:00,7.16,4.12,62.0
MIDLANDS,2025-01-04 18:30:00,6.15,1.2,32.2
MIDLANDS,2025-01-04 19:00:00,7.63,3.45,49.3
MIDLANDS,2025-01-04 19:30:00,6.85,5.59,63.2
MIDLANDS,2025-01-04 20:00:00,6.12,6.45,88.4
MIDLANDS,2025-01-04 20:30:00,7.51,5.95,82.4
MIDLANDS,2025-01-04 21:00:00,8.2,5.23,70.8
MIDLANDS,2025-01-04 21:30:00,7.47,1.81,72.6
MIDLANDS,2025-01-04 22:00:00,5.02,2.41,83.5
MIDLANDS,2025-01-04 22:30:00,7.65,6.97,55.1
MIDLANDS,2025-01-04 23:00:00,4.94,3.52,61.8
MIDLANDS,2025-01-04 23:30:00,6.42,6.27,53.5
MIDLANDS,2025-01-05 00:00:00,6.4,2.02,68.1
MIDLANDS,2025-01-05 00:30:00,5.98,2.5,55.8
MIDLANDS,2025-01-05 01:00:00,5.28,3.46,91.9
MIDLANDS,2025-01-05 01:30:00,4.595000000000001,3.51,22.2
MIDLANDS,2025-01-05 02:00:00,3.91,3.47,47.7
MIDLANDS,2025-01-05 02:30:00,6.64,3.67,83.2
MIDLANDS,2025-01-05 03:00:00,4.53,4.07,58.4
MIDLANDS,2025-01-05 03:30:00,4.47,7.44,18.2
MIDLANDS,2025-01-05 04:00:00,1.58,2.91,60.3
MIDLANDS,2025-01-05 04:30:00,4.81,4.95,53.1
MIDLANDS,2025-01-05 05:00:00,4.79,6.06,63.3
MIDLANDS,2025-01-05 05:30:00,4.72,4.55,49.9
MIDLANDS,2025-01-05 06:00:00,4.08,4.22,60.0
MIDLANDS,2025-01-05 06:30:00,5.01,0.0,34.5
MIDLANDS,2025-01-05 07:00:00,1.62,3.27,55.4
MIDLANDS,2025-01-05 07:30:00,1.24,2.03,44.5
MIDLANDS,2025-01-05 08:00:00,5.93,7.6,52.6
MIDLANDS,2025-01-05 08:30:00,2.54,1.7,25.7
MIDLANDS,2025-01-05 09:00:00,2.91,2.0,58.5
MIDLANDS,2025-01-05 09:30:00,1.13,2.48,62.7
MIDLANDS,2025-01-05 10:00:00,3.69,4.83,36.2
MIDLANDS,2025-01-05 10:30:00,4.27,2.4,71.4
MIDLANDS,2025-01-05 11:00:00,3.55,1.25,54.3
MIDLANDS,2025-01-05 11:30:00,4.0,5.23,57.5
MIDLANDS,2025-01-05 12:00:00,5.82,6.02,55.4
MIDLANDS,2025-01-05 12:30:00,4.88,7.87,95.3
MIDLANDS,2025-01-05 13:00:00,2.99,2.15,86.7
MIDLANDS,2025-01-05 13:30:00,3.19,1.35,51.2
MIDLANDS,2025-01-05 14:00:00,5.48,3.8,48.3
MIDLANDS,2025-01-05 14:30:00,4.17,2.58,44.2
MIDLANDS,2025-01-05 15:00:00,8.23,4.6,76.0
MIDLANDS,2025-01-05 15:30:00,4.91,3.63,47.2
MIDLANDS,2025-01-05 16:00:00,2.8,1.24,27.4
MIDLANDS,2025-01-05 16:30:00,3.28,1.61,83.8
MIDLANDS,2025-01-05 17:00:00,6.34,6.58,67.4
MIDLANDS,2025-01-05 17:30:00,7.33,2.2,69.4
MIDLANDS,2025-01-05 18:00:00,7.59,2.85,70.1
MIDLANDS,2025-01-05 18:30:00,7.39,2.9,39.8
MIDLANDS,2025-01-05 19:00:00,5.49,4.17,65.9
MIDLANDS,2025-01-05 19:30:00,5.96,4.05,70.3
MIDLANDS,2025-01-05 20:00:00,7.72,7.1,83.0
MIDLANDS,2025-01-05 20:30:00,5.78,7.37,50.4
MIDLANDS,2025-01-05 21:00:00,8.16,4.14,52.6
MIDLANDS,2025-01-05 21:30:00,4.74,3.66,31.9
MIDLANDS,2025-01-05 22:00:00,7.87,7.03,45.7
MIDLANDS,2025-01-05 22:30:00,7.07,2.55,48.7
MIDLANDS,2025-01-05 23:00:00,7.32,3.92,91.3
MIDLANDS,2025-01-05 23:30:00,5.81,6.0,61.8
MIDLANDS,2025-01-06 00:00:00,7.0,3.11,59.1
MIDLANDS,2025-01-06 00:30:00,5.91,2.33,71.9
MIDLANDS,2025-01-06 01:00:00,6.34,5.19,87.7
MIDLANDS,2025-01-06 01:30:00,7.3,3.25,66.7
MIDLANDS,2025-01-06 02:00:00,4.3,4.05,49.2
MIDLANDS,2025-01-06 02:30:00,6.99,4.73,56.1
MIDLANDS,2025-01-06 03:00:00,5.96,0.0,23.7
MIDLANDS,2025-01-06 03:30:00,5.48,4.12,64.5
MIDLANDS,2025-01-06 04:00:00,2.45,3.95,96.1
MIDLANDS,2025-01-06 04:30:00,5.03,4.34,52.1
MIDLANDS,2025-01-06 05:00:00,3.16,0.0,64.6
MIDLANDS,2025-01-06 05:30:00,4.65,0.85,48.1
MIDLANDS,2025-01-06 06:00:00,1.92,2.07,61.0
MIDLANDS,2025-01-06 06:30:00,0.81,5.23,73.6
MIDLANDS,2025-01-06 07:00:00,2.81,0.0,42.1
MIDLANDS,2025-01-06 07:30:00,4.59,0.0,53.7
MIDLANDS,2025-01-06 08:00:00,1.63,5.61,47.8
MIDLANDS,2025-01-06 08:30:00,3.53,5.13,93.1
MIDLANDS,2025-01-06 09:00:00,2.87,4.75,33.3
MIDLANDS,2025-01-06 09:30:00,4.54,2.48,49.9
MIDLANDS,2025-01-06 10:00:00,3.29,0.87,64.1
MIDLANDS,2025-01-06 10:30:00,4.47,4.59,31.4
MIDLANDS,2025-01-06 11:00:00,3.48,5.48,26.2
MIDLANDS,2025-01-06 11:30:00,2.34,5.75,64.9
MIDLANDS,2025-01-06 12:00:00,4.54,7.72,68.4
MIDLANDS,2025-01-06 12:30:00,4.83,9.42,56.2
MIDLANDS,2025-01-06 13:00:00,3.57,4.86,67.9
MIDLANDS,2025-01-06 13:30:00,3.9,1.94,101.6
MIDLANDS,2025-01-06 14:00:00,5.44,2.54,76.5
MIDLANDS,2025-01-06 14:30:00,4.91,3.49,70.1
MIDLANDS,2025-01-06 15:00:00,4.01,4.71,94.4
MIDLANDS,2025-01-06 15:30:00,6.12,3.25,50.9
MIDLANDS,2025-01-06 16:00:00,5.55,3.49,53.2
MIDLANDS,2025-01-06 16:30:00,7.14,0.53,75.5
MIDLANDS,2025-01-06 17:00:00,6.0,4.75,39.7
MIDLANDS,2025-01-06 17:30:00,8.05,6.49,77.3
MIDLANDS,2025-01-06 18:00:00,4.96,5.66,67.3
MIDLANDS,2025-01-06 18:30:00,4.85,3.95,66.6
MIDLANDS,2025-01-06 19:00:00,7.64,4.35,65.2
MIDLANDS,2025-01-06 19:30:00,8.75,6.45,8.4
MIDLANDS,2025-01-06 20:00:00,6.66,3.67,28.5
MIDLANDS,2025-01-06 20:30:00,7.16,6.5,40.4
MIDLANDS,2025-01-06 21:00:00,7.38,2.17,47.9
MIDLANDS,2025-01-06 21:30:00,8.75,2.91,68.3
MIDLANDS,2025-01-06 22:00:00,4.53,7.72,70.8
MIDLANDS,2025-01-06 22:30:00,6.56,5.15,34.6
MIDLANDS,2025-01-06 23:00:00,7.88,3.35,56.3
MIDLANDS,2025-01-06 23:30:00,5.87,2.84,72.5
MIDLANDS,2025-01-07 00:00:00,6.42,5.3,59.8
MIDLANDS,2025-01-07 00:30:00,6.73,3.16,100.1
MIDLANDS,2025-01-07 01:00:00,3.75,6.52,84.6
MIDLANDS,2025-01-07 01:30:00,4.61,8.46,77.9
MIDLANDS,2025-01-07 02:00:00,6.28,4.06,56.1
MIDLANDS,2025-01-07 02:30:00,4.86,4.78,85.2
MIDLANDS,2025-01-07 03:00:00,4.81,2.18,74.8
MIDLANDS,2025-01-07 03:30:00,5.7,5.31,73.4
MIDLANDS,2025-01-07 04:00:00,3.79,2.14,44.4
MIDLANDS,2025-01-07 04:30:00,2.15,4.47,58.5
MIDLANDS,2025-01-07 05:00:00,3.17,0.0,37.5
MIDLANDS,2025-01-07 05:30:00,5.04,2.67,66.5
MIDLANDS,2025-01-07 06:00:00,1.71,6.88,57.4
MIDLANDS,2025-01-07 06:30:00,3.73,8.65,87.3
MIDLANDS,2025-01-07 07:00:00,2.81,2.81,54.1
MIDLANDS,2025-01-07 07:30:00,3.79,3.79,52.9
MIDLANDS,2025-01-07 08:00:00,4.87,3.77,101.4
MIDLANDS,2025-01-07 08:30:00,3.22,7.57,66.4
MIDLANDS,2025-01-07 09:00:00,4.34,2.55,44.6
MIDLANDS,2025-01-07 09:30:00,3.73,5.98,60.7
MIDLANDS,2025-01-07 10:00:00,1.84,1.28,34.3
MIDLANDS,2025-01-07 10:30:00,1.26,4.22,80.3
MIDLANDS,2025-01-07 11:00:00,3.68,0.0,56.6
MIDLANDS,2025-01-07 11:30:00,3.5,8.19,33.8
MIDLANDS,2025-01-07 12:00:00,3.64,7.41,68.1
MIDLANDS,2025-01-07 12:30:00,4.79,4.23,65.9
MIDLANDS,2025-01-07 13:00:00,5.53,2.38,75.8
MIDLANDS,2025-01-07 13:30:00,2.95,4.66,63.2
MIDLANDS,2025-01-07 14:00:00,4.37,3.95,48.8
MIDLANDS,2025-01-07 14:30:00,3.83,3.29,40.1
MIDLANDS,2025-01-07 15:00:00,6.02,1.7,72.8
MIDLANDS,2025-01-07 15:30:00,4.21,2.87,48.8
MIDLANDS,2025-01-07 16:00:00,7.7,4.66,56.2
MIDLANDS,2025-01-07 16:30:00,6.71,0.0,59.2
MIDLANDS,2025-01-07 17:00:00,8.92,4.26,61.2
MIDLANDS,2025-01-07 17:30:00,7.18,5.79,24.0
MIDLANDS,2025-01-07 18:00:00,4.83,4.42,47.1
MIDLANDS,2025-01-07 18:30:00,8.42,3.37,25.2
MIDLANDS,2025-01-07 19:00:00,5.52,0.0,55.8
MIDLANDS,2025-01-07 19:30:00,6.82,3.15,79.4
MIDLANDS,2025-01-07 20:00:00,8.55,3.66,21.6
MIDLANDS,2025-01-07 20:30:00,7.85,5.11,65.6
MIDLANDS,2025-01-07 21:00:00,8.22,1.67,96.2
MIDLANDS,2025-01-07 21:30:00,5.89,5.5,29.6
MIDLANDS,2025-01-07 22:00:00,5.73,7.03,55.3
MIDLANDS,2025-01-07 22:30:00,7.85,4.47,58.1
MIDLANDS,2025-01-07 23:00:00,8.16,3.53,27.9
MIDLANDS,2025-01-07 23:30:00,5.56,5.1,67.1
MIDLANDS,2025-01-08 00:00:00,4.3,2.55,49.5
MIDLANDS,2025-01-08 00:30:00,5.74,1.25,48.7
MIDLANDS,2025-01-08 01:00:00,4.82,5.54,74.6
MIDLANDS,2025-01-08 01:30:00,5.52,3.22,62.5
MIDLANDS,2025-01-08 02:00:00,4.2,1.71,43.1
MIDLANDS,2025-01-08 02:30:00,4.42,1.67,62.9
MIDLANDS,2025-01-08 03:00:00,5.54,0.83,60.5
MIDLANDS,2025-01-08 03:30:00,4.4,4.68,59.8
MIDLANDS,2025-01-08 04:00:00,2.44,1.48,60.5
MIDLANDS,2025-01-08 04:30:00,5.41,0.0,66.2
MIDLANDS,2025-01-08 05:00:00,5.19,3.69,69.9
MIDLANDS,2025-01-08 05:30:00,2.92,3.76,30.8
MIDLANDS,2025-01-08 06:00:00,0.63,5.89,42.3
MIDLANDS,2025-01-08 06:30:00,2.9,1.23,34.6
MIDLANDS,2025-01-08 07:00:00,3.04,2.54,66.8
MIDLANDS,2025-01-08 07:30:00,3.79,4.64,64.3
MIDLANDS,2025-01-08 08:00:00,5.07,1.86,59.0
MIDLANDS,2025-01-08 08:30:00,4.54,6.53,34.4
MIDLANDS,2025-01-08 09:00:00,2.87,6.72,69.1
MIDLANDS,2025-01-08 09:30:00,3.48,3.56,53.1
MIDLANDS,2025-01-08 10:00:00,3.79,3.5,59.2
MIDLANDS,2025-01-08 10:30:00,3.54,2.64,69.6
MIDLANDS,2025-01-08 11:00:00,7.26,0.45,65.8
MIDLANDS,2025-01-08 11:30:00,2.85,5.15,60.8
MIDLANDS,2025-01-08 12:00:00,5.09,6.35,63.5
MIDLANDS,2025-01-08 12:30:00,5.54,0.0,88.6
MIDLANDS,2025-01-08 13:00:00,5.11,6.16,38.0
MIDLANDS,2025-01-08 13:30:00,3.67,4.29,59.7
MIDLANDS,2025-01-08 14:00:00,5.52,6.17,28.2
MIDLANDS,2025-01-08 14:30:00,6.35,4.02,56.3
MIDLANDS,2025-01-08 15:00:00,3.93,5.01,16.5
MIDLANDS,2025-01-08 15:30:00,6.48,1.02,61.0
MIDLANDS,2025-01-08 16:00:00,6.04,6.34,56.8
MIDLANDS,2025-01-08 16:30:00,5.35,2.99,82.9
MIDLANDS,2025-01-08 17:00:00,7.24,3.23,55.7
MIDLANDS,2025-01-08 17:30:00,4.71,4.78,28.3
MIDLANDS,2025-01-08 18:00:00,7.81,4.26,103.0
MIDLANDS,2025-01-08 18:30:00,5.59,3.79,92.4
MIDLANDS,2025-01-08 19:00:00,8.54,2.61,64.0
MIDLANDS,2025-01-08 19:30:00,7.11,4.56,47.4
MIDLANDS,2025-01-08 20:00:00,7.07,0.8,62.4
MIDLANDS,2025-01-08 20:30:00,7.72,3.55,30.9
MIDLANDS,2025-01-08 21:00:00,8.3,4.73,46.9
MIDLANDS,2025-01-08 21:30:00,6.77,1.0,41.5
MIDLANDS,2025-01-08 22:00:00,6.27,6.46,48.5
MIDLANDS,2025-01-08 22:30:00,7.68,2.92,64.5
MIDLANDS,2025-01-08 23:00:00,6.42,5.75,50.4
MIDLANDS,2025-01-08 23:30:00,4.71,1.24,50.4
MIDLANDS,2025-01-09 00:00:00,4.75,4.82,51.6
MIDLANDS,2025-01-09 00:30:00,9.1,0.52,63.7
MIDLANDS,2025-01-09 01:00:00,4.41,3.01,62.5
MIDLANDS,2025-01-09 01:30:00,2.97,4.47,94.3
MIDLANDS,2025-01-09 02:00:00,4.7,4.52,78.4
MIDLANDS,2025-01-09 02:30:00,5.05,2.84,19.0
MIDLANDS,2025-01-09 03:00:00,5.5,3.77,41.8
MIDLANDS,2025-01-09 03:30:00,4.88,2.83,50.5
MIDLANDS,2025-01-09 04:00:00,4.97,1.32,78.9
MIDLANDS,2025-01-09 04:30:00,2.57,2.67,94.6
MIDLANDS,2025-01-09 05:00:00,5.19,4.2,43.1
MIDLANDS,2025-01-09 05:30:00,3.2,4.15,60.7
MIDLANDS,2025-01-09 06:00:00,3.41,3.94,56.1
MIDLANDS,2025-01-09 06:30:00,1.78,2.97,76.5
MIDLANDS,2025-01-09 07:00:00,1.67,3.62,45.2
MIDLANDS,2025-01-09 07:30:00,3.45,3.22,86.6
MIDLANDS,2025-01-09 08:00:00,3.85,1.38,72.1
MIDLANDS,2025-01-09 08:30:00,2.32,2.85,65.6
MIDLANDS,2025-01-09 09:00:00,2.73,5.79,46.1
MIDLANDS,2025-01-09 09:30:00,2.57,2.69,49.8
MIDLANDS,2025-01-09 10:00:00,4.83,5.26,90.8
MIDLANDS,2025-01-09 10:30:00,6.24,1.94,61.3
MIDLANDS,2025-01-09 11:00:00,2.42,2.44,48.7
MIDLANDS,2025-01-09 11:30:00,2.56,1.9,57.4
MIDLANDS,2025-01-09 12:00:00,2.79,5.68,43.5
MIDLANDS,2025-01-09 12:30:00,7.62,3.1,61.3
MIDLANDS,2025-01-09 13:00:00,3.18,7.41,80.2
MIDLANDS,2025-01-09 13:30:00,5.09,1.31,63.8
MIDLANDS,2025-01-09 14:00:00,3.9,6.92,74.6
MIDLANDS,2025-01-09 14:30:00,5.36,0.0,42.3
MIDLANDS,2025-01-09 15:00:00,6.59,6.43,80.0
MIDLANDS,2025-01-09 15:30:00,3.85,4.6,78.3
MIDLANDS,2025-01-09 16:00:00,4.26,3.98,64.9
MIDLANDS,2025-01-09 16:30:00,5.89,0.3,54.1
MIDLANDS,2025-01-09 17:00:00,6.27,3.7,49.9
MIDLANDS,2025-01-09 17:30:00,6.13,3.92,68.0
MIDLANDS,2025-01-09 18:00:00,6.61,3.18,61.7
MIDLANDS,2025-01-09 18:30:00,4.67,4.95,60.0
MIDLANDS,2025-01-09 19:00:00,7.23,5.92,24.8
MIDLANDS,2025-01-09 19:30:00,4.81,4.55,59.9
MIDLANDS,2025-01-09 20:00:00,7.45,3.08,72.0
MIDLANDS,2025-01-09 20:30:00,8.37,4.97,55.3
MIDLANDS,2025-01-09 21:00:00,4.65,5.54,82.0
MIDLANDS,2025-01-09 21:30:00,7.95,2.24,72.1
MIDLANDS,2025-01-09 22:00:00,8.01,7.12,44.2
MIDLANDS,2025-01-09 22:30:00,6.71,5.49,61.0
MIDLANDS,2025-01-09 23:00:00,5.32,4.83,70.4
MIDLANDS,2025-01-09 23:30:00,6.77,4.44,55.3
MIDLANDS,2025-01-10 00:00:00,8.09,2.2,49.4
MIDLANDS,2025-01-10 00:30:00,6.33,5.76,33.0
MIDLANDS,2025-01-10 01:00:00,4.26,0.0,60.6
MIDLANDS,2025-01-10 01:30:00,4.49,3.23,71.9
MIDLANDS,2025-01-10 02:00:00,4.54,4.46,54.6
MIDLANDS,2025-01-10 02:30:00,6.12,4.95,47.5
MIDLANDS,2025-01-10 03:00:00,4.59,6.09,67.1
MIDLANDS,2025-01-10 03:30:00,3.12,5.31,40.5
MIDLANDS,2025-01-10 04:00:00,6.01,6.05,65.2
MIDLANDS,2025-01-10 04:30:00,4.5,3.58,72.2
MIDLANDS,2025-01-10 05:00:00,3.46,4.47,75.7
MIDLANDS,2025-01-10 05:30:00,3.23,2.77,38.5
MIDLANDS,2025-01-10 06:00:00,2.31,0.34,73.1
MIDLANDS,2025-01-10 06:30:00,5.75,6.85,30.7
MIDLANDS,2025-01-10 07:00:00,4.25,6.84,51.8
MIDLANDS,2025-01-10 07:30:00,3.5,0.0,64.8
MIDLANDS,2025-01-10 08:00:00,2.04,4.4,31.9
MIDLANDS,2025-01-10 08:30:00,3.97,6.05,45.9
MIDLANDS,2025-01-10 09:00:00,2.02,0.0,55.2
MIDLANDS,2025-01-10 09:30:00,2.69,0.9,68.2
MIDLANDS,2025-01-10 10:00:00,3.04,1.85,50.0
MIDLANDS,2025-01-10 10:30:00,4.87,5.21,57.7
MIDLANDS,2025-01-10 11:00:00,4.64,1.68,60.6
MIDLANDS,2025-01-10 11:30:00,4.08,3.06,67.8
MIDLANDS,2025-01-10 12:00:00,3.38,5.02,69.9
MIDLANDS,2025-01-10 12:30:00,0.81,6.38,5.1
MIDLANDS,2025-01-10 13:00:00,4.06,6.05,54.3
MIDLANDS,2025-01-10 13:30:00,3.04,1.81,78.5
MIDLANDS,2025-01-10 14:00:00,3.01,6.26,59.0
MIDLANDS,2025-01-10 14:30:00,3.88,2.83,41.7
MIDLANDS,2025-01-10 15:00:00,6.87,5.46,29.1
MIDLANDS,2025-01-10 15:30:00,5.35,2.27,83.3
MIDLANDS,2025-01-10 16:00:00,4.69,7.21,59.4
MIDLANDS,2025-01-10 16:30:00,4.92,2.65,45.6
MIDLANDS,2025-01-10 17:00:00,5.2,4.19,37.9
MIDLANDS,2025-01-10 17:30:00,4.11,3.24,27.5
MIDLANDS,2025-01-10 18:00:00,6.14,2.18,44.3
MIDLANDS,2025-01-10 18:30:00,9.45,4.11,64.4
MIDLANDS,2025-01-10 19:00:00,5.12,2.69,63.9
MIDLANDS,2025-01-10 19:30:00,6.02,5.82,38.4
MIDLANDS,2025-01-10 20:00:00,6.97,2.83,63.0
MIDLANDS,2025-01-10 20:30:00,6.55,3.46,55.7
MIDLANDS,2025-01-10 21:00:00,6.37,4.97,64.3
MIDLANDS,2025-01-10 21:30:00,7.14,3.14,74.3
MIDLANDS,2025-01-10 22:00:00,6.76,3.39,61.9
MIDLANDS,2025-01-10 22:30:00,9.08,1.32,73.9
MIDLANDS,2025-01-10 23:00:00,4.46,4.43,88.4
MIDLANDS,2025-01-10 23:30:00,7.32,4.34,49.9
MIDLANDS,2025-01-11 00:00:00,6.42,3.5,45.9
MIDLANDS,2025-01-11 00:30:00,6.03,4.4,46.2
MIDLANDS,2025-01-11 01:00:00,4.93,1.28,67.0
MIDLANDS,2025-01-11 01:30:00,6.55,4.46,77.4
MIDLANDS,2025-01-11 02:00:00,5.49,4.78,65.5
MIDLANDS,2025-01-11 02:30:00,5.27,2.94,99.9
MIDLANDS,2025-01-11 03:00:00,4.32,2.67,67.8
MIDLANDS,2025-01-11 03:30:00,5.17,1.19,80.2
MIDLANDS,2025-01-11 04:00:00,4.27,1.78,81.4
MIDLANDS,2025-01-11 04:30:00,5.13,1.47,92.0
MIDLANDS,2025-01-11 05:00:00,4.76,3.98,88.6
MIDLANDS,2025-01-11 05:30:00,4.16,3.94,48.1
MIDLANDS,2025-01-11 06:00:00,4.35,4.95,60.3
MIDLANDS,2025-01-11 06:30:00,2.7,4.26,58.7
MIDLANDS,2025-01-11 07:00:00,1.85,1.06,70.2
MIDLANDS,2025-01-11 07:30:00,0.33,4.41,51.4
MIDLANDS,2025-01-11 08:00:00,4.95,3.01,71.9
MIDLANDS,2025-01-11 08:30:00,2.91,4.23,73.3
MIDLANDS,2025-01-11 09:00:00,2.9,5.99,42.1
MIDLANDS,2025-01-11 09:30:00,3.8,5.85,71.9
MIDLANDS,2025-01-11 10:00:00,5.95,2.47,35.2
MIDLANDS,2025-01-11 10:30:00,2.46,5.32,69.0
MIDLANDS,2025-01-11 11:00:00,4.09,1.75,73.8
MIDLANDS,2025-01-11 11:30:00,2.5,6.32,111.4
MIDLANDS,2025-01-11 12:00:00,4.82,5.17,51.1
MIDLANDS,2025-01-11 12:30:00,2.21,2.79,40.3
MIDLANDS,2025-01-11 13:00:00,3.13,7.44,64.9
MIDLANDS,2025-01-11 13:30:00,5.32,3.38,56.9
MIDLANDS,2025-01-11 14:00:00,6.54,3.94,69.6
MIDLANDS,2025-01-11 14:30:00,5.15,3.32,34.7
MIDLANDS,2025-01-11 15:00:00,3.53,3.48,61.0
MIDLANDS,2025-01-11 15:30:00,4.36,3.93,61.0
MIDLANDS,2025-01-11 16:00:00,3.8,2.17,67.3
MIDLANDS,2025-01-11 16:30:00,6.85,1.69,62.9
MIDLANDS,2025-01-11 17:00:00,8.02,5.55,58.3
MIDLANDS,2025-01-11 17:30:00,6.24,2.74,68.4
MIDLANDS,2025-01-11 18:00:00,7.35,5.26,62.4
MIDLANDS,2025-01-11 18:30:00,8.1,4.19,74.1
MIDLANDS,2025-01-11 19:00:00,8.36,2.39,27.5
MIDLANDS,2025-01-11 19:30:00,9.17,4.51,29.1
MIDLANDS,2025-01-11 20:00:00,6.53,5.54,55.0
MIDLANDS,2025-01-11 20:30:00,6.77,6.8,41.1
MIDLANDS,2025-01-11 21:00:00,6.36,4.42,67.0
MIDLANDS,2025-01-11 21:30:00,7.91,5.82,63.6
MIDLANDS,2025-01-11 22:00:00,7.7,3.48,61.1
MIDLANDS,2025-01-11 22:30:00,7.24,4.43,73.9
MIDLANDS,2025-01-11 23:00:00,7.46,4.09,45.4
MIDLANDS,2025-01-11 23:30:00,6.88,3.94,63.5
MIDLANDS,2025-01-12 00:00:00,9.1,2.95,67.6
MIDLANDS,2025-01-12 00:30:00,7.73,4.2,102.1
MIDLANDS,2025-01-12 01:00:00,5.51,4.65,45.6
MIDLANDS,2025-01-12 01:30:00,5.55,4.5,75.2
MIDLANDS,2025-01-12 02:00:00,5.83,6.52,58.3
MIDLANDS,2025-01-12 02:30:00,5.05,9.41,67.1
MIDLANDS,2025-01-12 03:00:00,4.07,2.61,43.0
MIDLANDS,2025-01-12 03:30:00,6.06,3.27,62.3
MIDLANDS,2025-01-12 04:00:00,4.37,5.46,44.8
MIDLANDS,2025-01-12 04:30:00,3.16,4.45,70.8
MIDLANDS,2025-01-12 05:00:00,4.44,2.38,72.2
MIDLANDS,2025-01-12 05:30:00,3.14,2.96,43.0
MIDLANDS,2025-01-12 06:00:00,5.28,5.27,70.9
MIDLANDS,2025-01-12 06:30:00,5.22,9.63,29.2
MIDLANDS,2025-01-12 07:00:00,2.63,2.77,44.7
MIDLANDS,2025-01-12 07:30:00,2.23,3.4,38.1
MIDLANDS,2025-01-12 08:00:00,3.85,4.1,68.7
MIDLANDS,2025-01-12 08:30:00,4.06,5.21,53.3
MIDLANDS,2025-01-12 09:00:00,6.06,4.47,26.5
MIDLANDS,2025-01-12 09:30:00,2.32,0.52,60.3
MIDLANDS,2025-01-12 10:00:00,3.57,3.06,96.2
MIDLANDS,2025-01-12 10:30:00,4.38,5.45,43.2
MIDLANDS,2025-01-12 11:00:00,2.84,4.07,63.1
MIDLANDS,2025-01-12 11:30:00,1.81,3.64,60.3
MIDLANDS,2025-01-12 12:00:00,4.19,2.37,50.3
MIDLANDS,2025-01-12 12:30:00,4.24,4.18,70.9
MIDLANDS,2025-01-12 13:00:00,6.23,3.41,51.8
MIDLANDS,2025-01-12 13:30:00,5.46,5.22,52.2
MIDLANDS,2025-01-12 14:00:00,6.4,5.96,83.3
MIDLANDS,2025-01-12 14:30:00,7.58,2.27,60.3
MIDLANDS,2025-01-12 15:00:00,5.98,3.8,48.3
MIDLANDS,2025-01-12 15:30:00,4.19,4.19,46.2
MIDLANDS,2025-01-12 16:00:00,6.55,2.41,40.2
MIDLANDS,2025-01-12 16:30:00,6.73,4.3,70.4
MIDLANDS,2025-01-12 17:00:00,9.49,4.55,68.7
MIDLANDS,2025-01-12 17:30:00,5.57,1.43,88.5
MIDLANDS,2025-01-12 18:00:00,6.07,1.91,59.3
MIDLANDS,2025-01-12 18:30:00,7.07,2.19,54.5
MIDLANDS,2025-01-12 19:00:00,8.86,2.39,34.9
MIDLANDS,2025-01-12 19:30:00,8.51,4.98,48.8
MIDLANDS,2025-01-12 20:00:00,5.55,2.51,59.0
MIDLANDS,2025-01-12 20:30:00,8.85,1.93,58.5
MIDLANDS,2025-01-12 21:00:00,8.19,0.0,78.6
MIDLANDS,2025-01-12 21:30:00,5.96,4.66,64.4
MIDLANDS,2025-01-12 22:00:00,8.48,5.1,17.2
MIDLANDS,2025-01-12 22:30:00,6.24,4.28,56.5
MIDLANDS,2025-01-12 23:00:00,7.44,5.58,71.0
MIDLANDS,2025-01-12 23:30:00,6.61,0.31,51.8
MIDLANDS,2025-01-13 00:00:00,7.02,1.82,71.4
MIDLANDS,2025-01-13 00:30:00,7.61,4.25,4.9
MIDLANDS,2025-01-13 01:00:00,4.5,7.77,50.2
MIDLANDS,2025-01-13 01:30:00,3.66,6.47,60.2
MIDLANDS,2025-01-13 02:00:00,6.85,4.55,68.3
MIDLANDS,2025-01-13 02:30:00,5.95,5.39,101.0
MIDLANDS,2025-01-13 03:00:00,6.17,0.84,68.0
MIDLANDS,2025-01-13 03:30:00,6.37,6.41,52.3
MIDLANDS,2025-01-13 04:00:00,5.92,5.86,106.3
MIDLANDS,2025-01-13 04:30:00,3.62,2.99,54.5
MIDLANDS,2025-01-13 05:00:00,3.52,2.22,10.3
MIDLANDS,2025-01-13 05:30:00,3.58,4.74,51.1
MIDLANDS,2025-01-13 06:00:00,6.11,4.03,83.2
MIDLANDS,2025-01-13 06:30:00,4.1,5.65,65.0
MIDLANDS,2025-01-13 07:00:00,5.23,4.11,68.9
MIDLANDS,2025-01-13 07:30:00,4.03,3.42,67.3
MIDLANDS,2025-01-13 08:00:00,6.2,3.46,67.6
MIDLANDS,2025-01-13 08:30:00,5.03,6.28,60.2
MIDLANDS,2025-01-13 09:00:00,0.73,5.03,20.0
MIDLANDS,2025-01-13 09:30:00,5.35,4.34,78.0
MIDLANDS,2025-01-13 10:00:00,2.7,0.89,64.7
MIDLANDS,2025-01-13 10:30:00,3.75,3.02,61.5
MIDLANDS,2025-01-13 11:00:00,7.43,5.67,78.9
MIDLANDS,2025-01-13 11:30:00,5.12,6.96,56.6
MIDLANDS,2025-01-13 12:00:00,2.05,3.62,74.6
MIDLANDS,2025-01-13 12:30:00,3.36,3.65,47.5
MIDLANDS,2025-01-13 13:00:00,6.8,5.5,71.7
MIDLANDS,2025-01-13 13:30:00,5.75,3.93,63.6
MIDLANDS,2025-01-13 14:00:00,4.1,0.0,62.7
MIDLANDS,2025-01-13 14:30:00,5.91,6.42,88.3
MIDLANDS,2025-01-13 15:00:00,7.92,2.0,53.7
MIDLANDS,2025-01-13 15:30:00,6.61,9.06,86.6
MIDLANDS,2025-01-13 16:00:00,7.86,3.22,44.1
MIDLANDS,2025-01-13 16:30:00,7.47,1.8,55.7
MIDLANDS,2025-01-13 17:00:00,6.8,7.19,53.6
MIDLANDS,2025-01-13 17:30:00,4.01,5.01,47.4
MIDLANDS,2025-01-13 18:00:00,7.3,3.83,55.1
MIDLANDS,2025-01-13 18:30:00,8.2,0.93,50.7
MIDLANDS,2025-01-13 19:00:00,8.27,2.77,31.0
MIDLANDS,2025-01-13 19:30:00,8.25,6.25,59.2
MIDLANDS,2025-01-13 20:00:00,5.17,5.41,30.1
MIDLANDS,2025-01-13 20:30:00,7.89,2.23,39.1
MIDLANDS,2025-01-13 21:00:00,6.92,3.63,48.4
MIDLANDS,2025-01-13 21:30:00,8.16,3.11,77.6
MIDLANDS,2025-01-13 22:00:00,7.59,2.6,44.4
MIDLANDS,2025-01-13 22:30:00,5.27,4.58,53.6
MIDLANDS,2025-01-13 23:00:00,4.09,2.93,43.8
MIDLANDS,2025-01-13 23:30:00,8.82,0.59,34.1
MIDLANDS,2025-01-14 00:00:00,7.92,6.71,46.6
MIDLANDS,2025-01-14 00:30:00,5.83,5.23,18.1
MIDLANDS,2025-01-14 01:00:00,3.87,3.44,87.9
MIDLANDS,2025-01-14 01:30:00,5.58,4.2,80.4
MIDLANDS,2025-01-14 02:00:00,8.12,2.85,59.7
MIDLANDS,2025-01-14 02:30:00,7.77,0.96,78.5
MIDLANDS,2025-01-14 03:00:00,3.85,4.2,55.6
MIDLANDS,2025-01-14 03:30:00,3.92,2.03,65.0
MIDLANDS,2025-01-14 04:00:00,5.78,3.74,61.3
MIDLANDS,2025-01-14 04:30:00,5.27,2.06,73.3
MIDLANDS,2025-01-14 05:00:00,5.16,9.21,53.2
MIDLANDS,2025-01-14 05:30:00,3.62,5.54,74.7
MIDLANDS,2025-01-14 06:00:00,3.21,3.19,69.7
MIDLANDS,2025-01-14 06:30:00,2.86,3.18,61.6
MIDLANDS,2025-01-14 07:00:00,4.85,2.79,26.8
MIDLANDS,2025-01-14 07:30:00,1.36,1.48,36.4
MIDLANDS,2025-01-14 08:00:00,3.4,1.62,47.4
MIDLANDS,2025-01-14 08:30:00,2.66,3.12,83.8
MIDLANDS,2025-01-14 09:00:00,4.45,4.03,51.7
MIDLANDS,2025-01-14 09:30:00,3.14,4.66,70.5
MIDLANDS,2025-01-14 10:00:00,2.77,4.07,23.4
MIDLANDS,2025-01-14 10:30:00,4.11,5.52,55.0
MIDLANDS,2025-01-14 11:00:00,6.35,2.24,63.9
MIDLANDS,2025-01-14 11:30:00,4.13,3.8,57.9
MIDLANDS,2025-01-14 12:00:00,4.72,5.7,84.8
MIDLANDS,2025-01-14 12:30:00,4.58,5.63,47.4
MIDLANDS,2025-01-14 13:00:00,5.99,2.48,79.6
MIDLANDS,2025-01-14 13:30:00,7.72,3.76,20.5
MIDLANDS,2025-01-14 14:00:00,4.93,6.46,70.0
MIDLANDS,2025-01-14 14:30:00,5.89,6.02,68.7
MIDLANDS,2025-01-14 15:00:00,7.57,5.84,87.4
MIDLANDS,2025-01-14 15:30:00,6.54,5.81,54.5
MIDLANDS,2025-01-14 16:00:00,5.87,7.41,63.9
MIDLANDS,2025-01-14 16:30:00,7.55,4.25,49.4
MIDLANDS,2025-01-14 17:00:00,7.01,6.87,70.0
MIDLANDS,2025-01-14 17:30:00,4.95,3.57,92.1
MIDLANDS,2025-01-14 18:00:00,7.06,0.4,94.1
MIDLANDS,2025-01-14 18:30:00,8.14,3.86,53.3
MIDLANDS,2025-01-14 19:00:00,8.82,2.92,80.7
MIDLANDS,2025-01-14 19:30:00,8.17,4.49,62.6
MIDLANDS,2025-01-14 20:00:00,7.38,6.09,44.4
MIDLANDS,2025-01-14 20:30:00,5.64,5.23,71.4
MIDLANDS,2025-01-14 21:00:00,8.1,4.82,54.2
MIDLANDS,2025-01-14 21:30:00,8.46,3.91,51.2
MIDLANDS,2025-01-14 22:00:00,6.95,8.04,28.8
MIDLANDS,2025-01-14 22:30:00,7.92,0.64,58.1
MIDLANDS,2025-01-14 23:00:00,6.48,0.0,67.0
MIDLANDS,2025-01-14 23:30:00,6.55,0.0,75.1
MIDLANDS,2025-01-15 00:00:00,8.38,6.98,66.5
MIDLANDS,2025-01-15 00:30:00,6.71,6.66,90.3
MIDLANDS,2025-01-15 01:00:00,7.53,2.12,63.6
MIDLANDS,2025-01-15 01:30:00,6.7,0.38,68.4
MIDLANDS,2025-01-15 02:00:00,8.38,5.28,86.5
MIDLANDS,2025-01-15 02:30:00,5.88,3.85,66.9
MIDLANDS,2025-01-15 03:00:00,4.16,2.07,82.8
MIDLANDS,2025-01-15 03:30:00,6.79,2.02,77.4
MIDLANDS,2025-01-15 04:00:00,4.55,4.68,68.3
MIDLANDS,2025-01-15 04:30:00,5.85,4.17,85.4
MIDLANDS,2025-01-15 05:00:00,4.61,5.25,45.0
MIDLANDS,2025-01-15 05:30:00,6.83,4.94,72.8
MIDLANDS,2025-01-15 06:00:00,1.99,2.35,82.3
MIDLANDS,2025-01-15 06:30:00,4.27,0.17,78.7
MIDLANDS,2025-01-15 07:00:00,3.07,6.82,58.4
MIDLANDS,2025-01-15 07:30:00,3.97,6.36,43.8
MIDLANDS,2025-01-15 08:00:00,2.46,3.61,74.9
MIDLANDS,2025-01-15 08:30:00,2.06,0.66,74.8
MIDLANDS,2025-01-15 09:00:00,3.0,3.22,26.6
MIDLANDS,2025-01-15 09:30:00,2.91,3.98,76.7
MIDLANDS,2025-01-15 10:00:00,3.0,7.31,47.7
MIDLANDS,2025-01-15 10:30:00,3.1,7.07,63.8
MIDLANDS,2025-01-15 11:00:00,3.58,3.69,84.4
MIDLANDS,2025-01-15 11:30:00,6.0,2.37,59.2
MIDLANDS,2025-01-15 12:00:00,4.76,2.03,59.0
MIDLANDS,2025-01-15 12:30:00,4.66,6.28,81.7
MIDLANDS,2025-01-15 13:00:00,4.74,3.57,72.0
MIDLANDS,2025-01-15 13:30:00,4.44,5.18,58.4
MIDLANDS,2025-01-15 14:00:00,4.49,2.09,86.0
MIDLANDS,2025-01-15 14:30:00,5.47,7.28,50.8
MIDLANDS,2025-01-15 15:00:00,6.52,8.79,41.0
MIDLANDS,2025-01-15 15:30:00,3.9,6.57,45.1
MIDLANDS,2025-01-15 16:00:00,6.63,2.83,64.8
MIDLANDS,2025-01-15 16:30:00,5.52,3.64,68.1
MIDLANDS,2025-01-15 17:00:00,5.86,2.6,53.7
MIDLANDS,2025-01-15 17:30:00,5.36,3.15,62.1
MIDLANDS,2025-01-15 18:00:00,6.91,3.46,59.6
MIDLANDS,2025-01-15 18:30:00,6.6,5.38,85.8
MIDLANDS,2025-01-15 19:00:00,7.03,4.97,55.7
MIDLANDS,2025-01-15 19:30:00,8.03,7.13,69.2
MIDLANDS,2025-01-15 20:00:00,5.53,4.91,82.2
MIDLANDS,2025-01-15 20:30:00,7.39,5.99,47.6
MIDLANDS,2025-01-15 21:00:00,5.81,4.28,28.4
MIDLANDS,2025-01-15 21:30:00,7.3,6.57,25.6
MIDLANDS,2025-01-15 22:00:00,5.85,1.94,58.9
MIDLANDS,2025-01-15 22:30:00,6.95,6.8,77.2
MIDLANDS,2025-01-15 23:00:00,7.66,4.29,67.1
MIDLANDS,2025-01-15 23:30:00,6.04,5.71,40.0
MIDLANDS,2025-01-16 00:00:00,7.73,6.37,63.8
MIDLANDS,2025-01-16 00:30:00,6.51,4.8,8.5
MIDLANDS,2025-01-16 01:00:00,6.61,3.77,59.1
MIDLANDS,2025-01-16 01:30:00,7.09,3.85,39.5
MIDLANDS,2025-01-16 02:00:00,5.56,4.14,62.1
MIDLANDS,2025-01-16 02:30:00,5.92,6.08,40.5
MIDLANDS,2025-01-16 03:00:00,5.42,6.58,28.8
MIDLANDS,2025-01-16 03:30:00,5.42,2.83,53.3
MIDLANDS,2025-01-16 04:00:00,3.64,3.66,93.1
MIDLANDS,2025-01-16 04:30:00,3.21,1.66,36.6
MIDLANDS,2025-01-16 05:00:00,6.38,3.08,59.5
MIDLANDS,2025-01-16 05:30:00,3.83,2.11,55.8
MIDLANDS,2025-01-16 06:00:00,6.94,6.78,44.6
MIDLANDS,2025-01-16 06:30:00,4.77,2.34,28.0
MIDLANDS,2025-01-16 07:00:00,5.02,6.32,78.8
MIDLANDS,2025-01-16 07:30:00,3.23,3.67,73.5
MIDLANDS,2025-01-16 08:00:00,4.19,3.21,30.9
MIDLANDS,2025-01-16 08:30:00,3.86,6.16,38.4
MIDLANDS,2025-01-16 09:00:00,4.56,4.66,73.5
MIDLANDS,2025-01-16 09:30:00,4.84,2.61,30.9
MIDLANDS,2025-01-16 10:00:00,3.35,5.78,50.2
MIDLANDS,2025-01-16 10:30:00,3.16,0.36,91.5
MIDLANDS,2025-01-16 11:00:00,4.08,5.54,77.4
MIDLANDS,2025-01-16 11:30:00,5.0,3.51,57.1
MIDLANDS,2025-01-16 12:00:00,4.21,9.27,70.0
MIDLANDS,2025-01-16 12:30:00,4.17,4.93,41.8
MIDLANDS,2025-01-16 13:00:00,7.01,2.68,69.0
MIDLANDS,2025-01-16 13:30:00,6.49,4.77,61.7
MIDLANDS,2025-01-16 14:00:00,5.74,3.89,49.6
MIDLANDS,2025-01-16 14:30:00,5.19,6.96,58.0
MIDLANDS,2025-01-16 15:00:00,5.3,2.97,79.8
MIDLANDS,2025-01-16 15:30:00,7.05,5.12,55.4
MIDLANDS,2025-01-16 16:00:00,7.41,2.71,55.3
MIDLANDS,2025-01-16 16:30:00,7.89,5.75,42.3
MIDLANDS,2025-01-16 17:00:00,6.11,4.22,91.1
MIDLANDS,2025-01-16 17:30:00,4.84,4.56,35.2
MIDLANDS,2025-01-16 18:00:00,6.7,3.27,52.4
MIDLANDS,2025-01-16 18:30:00,6.82,4.01,50.4
MIDLANDS,2025-01-16 19:00:00,5.9,5.56,73.6
MIDLANDS,2025-01-16 19:30:00,8.67,0.92,65.4
MIDLANDS,2025-01-16 20:00:00,8.54,1.94,60.2
MIDLANDS,2025-01-16 20:30:00,7.59,7.68,94.6
MIDLANDS,2025-01-16 21:00:00,5.66,8.99,43.5
MIDLANDS,2025-01-16 21:30:00,8.83,5.94,42.1
MIDLANDS,2025-01-16 22:00:00,8.05,3.78,70.0
MIDLANDS,2025-01-16 22:30:00,7.73,6.39,61.4
MIDLANDS,2025-01-16 23:00:00,6.94,6.19,70.4
MIDLANDS,2025-01-16 23:30:00,8.02,2.67,41.2
MIDLANDS,2025-01-17 00:00:00,6.11,2.76,74.2
MIDLANDS,2025-01-17 00:30:00,7.96,3.69,85.8
MIDLANDS,2025-01-17 01:00:00,7.95,4.49,45.2
MIDLANDS,2025-01-17 01:30:00,8.2,3.88,62.3
MIDLANDS,2025-01-17 02:00:00,5.39,2.22,33.6
MIDLANDS,2025-01-17 02:30:00,6.55,2.43,115.1
MIDLANDS,2025-01-17 03:00:00,3.97,1.49,69.2
MIDLANDS,2025-01-17 03:30:00,7.11,4.13,70.3
MIDLANDS,2025-01-17 04:00:00,2.58,2.64,40.7
MIDLANDS,2025-01-17 04:30:00,2.52,4.23,19.6
MIDLANDS,2025-01-17 05:00:00,2.79,2.93,45.0
MIDLANDS,2025-01-17 05:30:00,4.85,4.61,76.1
MIDLANDS,2025-01-17 06:00:00,4.96,6.28,60.0
MIDLANDS,2025-01-17 06:30:00,4.43,5.02,62.5
MIDLANDS,2025-01-17 07:00:00,3.39,3.34,45.3
MIDLANDS,2025-01-17 07:30:00,4.37,3.81,48.1
MIDLANDS,2025-01-17 08:00:00,3.0,1.58,77.6
MIDLANDS,2025-01-17 08:30:00,3.89,2.27,74.6
MIDLANDS,2025-01-17 09:00:00,3.19,1.19,78.4
MIDLANDS,2025-01-17 09:30:00,3.22,3.18,60.7
MIDLANDS,2025-01-17 10:00:00,5.43,4.04,38.4
MIDLANDS,2025-01-17 10:30:00,4.71,3.03,94.0
MIDLANDS,2025-01-17 11:00:00,4.38,0.0,66.4
MIDLANDS,2025-01-17 11:30:00,6.71,7.15,93.0
MIDLANDS,2025-01-17 12:00:00,3.57,5.82,47.0
MIDLANDS,2025-01-17 12:30:00,5.06,1.45,48.4
MIDLANDS,2025-01-17 13:00:00,4.46,5.8,74.4
MIDLANDS,2025-01-17 13:30:00,5.61,1.3,54.4
MIDLANDS,2025-01-17 14:00:00,4.9,5.74,81.2
MIDLANDS,2025-01-17 14:30:00,7.06,2.49,10.7
MIDLANDS,2025-01-17 15:00:00,4.19,6.84,52.8
MIDLANDS,2025-01-17 15:30:00,5.41,7.29,82.8
MIDLANDS,2025-01-17 16:00:00,6.82,3.41,57.6
MIDLANDS,2025-01-17 16:30:00,7.07,7.2,67.6
MIDLANDS,2025-01-17 17:00:00,8.08,6.34,38.9
MIDLANDS,2025-01-17 17:30:00,8.11,3.41,14.7
MIDLANDS,2025-01-17 18:00:00,4.97,1.96,69.6
MIDLANDS,2025-01-17 18:30:00,7.66,4.37,95.1
MIDLANDS,2025-01-17 19:00:00,6.2,3.95,65.5
MIDLANDS,2025-01-17 19:30:00,6.84,4.06,31.2
MIDLANDS,2025-01-17 20:00:00,9.49,2.64,96.6
MIDLANDS,2025-01-17 20:30:00,7.75,6.06,59.0
MIDLANDS,2025-01-17 21:00:00,7.69,2.83,62.1
MIDLANDS,2025-01-17 21:30:00,8.11,2.43,57.7
MIDLANDS,2025-01-17 22:00:00,6.79,8.6,58.4
MIDLANDS,2025-01-17 22:30:00,9.38,3.61,64.7
MIDLANDS,2025-01-17 23:00:00,5.62,3.11,63.8
MIDLANDS,2025-01-17 23:30:00,9.11,4.44,84.9
MIDLANDS,2025-01-18 00:00:00,7.63,7.25,58.9
MIDLANDS,2025-01-18 00:30:00,9.73,3.03,46.2
MIDLANDS,2025-01-18 01:00:00,4.93,8.66,74.8
MIDLANDS,2025-01-18 01:30:00,5.98,6.5,72.4
MIDLANDS,2025-01-18 02:00:00,8.22,0.9,55.2
MIDLANDS,2025-01-18 02:30:00,5.31,0.05,79.1
MIDLANDS,2025-01-18 03:00:00,5.02,5.48,102.5
MIDLANDS,2025-01-18 03:30:00,4.92,3.16,62.1
MIDLANDS,2025-01-18 04:00:00,6.05,2.87,48.6
MIDLANDS,2025-01-18 04:30:00,6.13,4.76,23.2
MIDLANDS,2025-01-18 05:00:00,2.98,7.0,67.2
MIDLANDS,2025-01-18 05:30:00,3.53,3.66,60.2
MIDLANDS,2025-01-18 06:00:00,5.01,1.28,44.9
MIDLANDS,2025-01-18 06:30:00,4.46,3.8,70.3
MIDLANDS,2025-01-18 07:00:00,2.46,4.71,79.6
MIDLANDS,2025-01-18 07:30:00,4.51,4.28,58.3
MIDLANDS,2025-01-18 08:00:00,2.86,3.86,82.7
MIDLANDS,2025-01-18 08:30:00,3.72,2.22,51.1
MIDLANDS,2025-01-18 09:00:00,4.17,3.25,68.7
MIDLANDS,2025-01-18 09:30:00,4.56,5.78,85.6
MIDLANDS,2025-01-18 10:00:00,5.33,2.13,43.7
MIDLANDS,2025-01-18 10:30:00,4.04,3.1,39.5
MIDLANDS,2025-01-18 11:00:00,3.92,3.05,47.9
MIDLANDS,2025-01-18 11:30:00,4.07,6.36,63.6
MIDLANDS,2025-01-18 12:00:00,7.83,4.34,54.8
MIDLANDS,2025-01-18 12:30:00,4.87,4.51,67.8
MIDLANDS,2025-01-18 13:00:00,7.84,2.31,75.5
MIDLANDS,2025-01-18 13:30:00,5.59,0.86,73.9
MIDLANDS,2025-01-18 14:00:00,7.38,2.29,59.8
MIDLANDS,2025-01-18 14:30:00,3.79,1.48,78.9
MIDLANDS,2025-01-18 15:00:00,5.82,1.78,64.1
MIDLANDS,2025-01-18 15:30:00,5.75,3.06,73.3
MIDLANDS,2025-01-18 16:00:00,5.47,2.19,62.8
MIDLANDS,2025-01-18 16:30:00,8.03,6.48,48.0
MIDLANDS,2025-01-18 17:00:00,8.4,2.43,92.9
MIDLANDS,2025-01-18 17:30:00,5.92,6.66,48.2
MIDLANDS,2025-01-18 18:00:00,10.01,5.18,41.7
MIDLANDS,2025-01-18 18:30:00,6.97,5.56,78.9
MIDLANDS,2025-01-18 19:00:00,7.71,4.09,73.7
MIDLANDS,2025-01-18 19:30:00,7.95,1.41,45.4
MIDLANDS,2025-01-18 20:00:00,8.14,6.43,89.1
MIDLANDS,2025-01-18 20:30:00,8.8,4.57,73.5
MIDLANDS,2025-01-18 21:00:00,6.99,3.69,45.2
MIDLANDS,2025-01-18 21:30:00,6.3,4.67,63.3
MIDLANDS,2025-01-18 22:00:00,8.42,5.09,64.4
MIDLANDS,2025-01-18 22:30:00,8.26,3.91,67.4
MIDLANDS,2025-01-18 23:00:00,6.41,4.74,72.0
MIDLANDS,2025-01-18 23:30:00,6.47,4.1,48.8
MIDLANDS,2025-01-19 00:00:00,6.3,1.75,82.8
MIDLANDS,2025-01-19 00:30:00,8.21,5.07,95.5
MIDLANDS,2025-01-19 01:00:00,6.22,10.06,55.9
MIDLANDS,2025-01-19 01:30:00,6.76,3.2,66.7
MIDLANDS,2025-01-19 02:00:00,6.93,3.77,92.0
MIDLANDS,2025-01-19 02:30:00,6.22,4.54,43.6
MIDLANDS,2025-01-19 03:00:00,5.92,3.73,49.1
MIDLANDS,2025-01-19 03:30:00,4.48,9.34,55.3
MIDLANDS,2025-01-19 04:00:00,3.18,2.6,59.1
MIDLANDS,2025-01-19 04:30:00,5.59,5.11,72.2
MIDLANDS,2025-01-19 05:00:00,3.74,4.68,44.2
MIDLANDS,2025-01-19 05:30:00,3.77,2.16,38.6
MIDLANDS,2025-01-19 06:00:00,5.48,5.38,77.6
MIDLANDS,2025-01-19 06:30:00,4.25,5.55,28.3
MIDLANDS,2025-01-19 07:00:00,5.03,4.35,71.3
MIDLANDS,2025-01-19 07:30:00,4.46,2.03,33.0
MIDLANDS,2025-01-19 08:00:00,3.08,5.13,72.4
MIDLANDS,2025-01-19 08:30:00,2.29,2.04,47.0
MIDLANDS,2025-01-19 09:00:00,3.57,1.28,34.4
MIDLANDS,2025-01-19 09:30:00,3.01,4.17,38.7
MIDLANDS,2025-01-19 10:00:00,4.06,6.12,36.6
MIDLANDS,2025-01-19 10:30:00,3.95,6.05,52.5
MIDLANDS,2025-01-19 11:00:00,3.83,6.33,54.5
MIDLANDS,2025-01-19 11:30:00,5.84,4.86,53.8
MIDLANDS,2025-01-19 12:00:00,5.51,4.64,78.4
MIDLANDS,2025-01-19 12:30:00,4.27,4.08,58.9
MIDLANDS,2025-01-19 13:00:00,6.26,1.95,78.3
MIDLANDS,2025-01-19 13:30:00,5.97,1.37,81.7
MIDLANDS,2025-01-19 14:00:00,8.61,6.0,85.7
MIDLANDS,2025-01-19 14:30:00,6.03,0.68,26.8
MIDLANDS,2025-01-19 15:00:00,6.75,2.82,43.5
MIDLANDS,2025-01-19 15:30:00,6.37,5.23,33.9
MIDLANDS,2025-01-19 16:00:00,6.39,7.02,40.6
MIDLANDS,2025-01-19 16:30:00,7.97,3.03,69.8
MIDLANDS,2025-01-19 17:00:00,8.66,5.48,76.4
MIDLANDS,2025-01-19 17:30:00,5.96,6.23,44.7
MIDLANDS,2025-01-19 18:00:00,7.97,4.52,68.7
MIDLANDS,2025-01-19 18:30:00,8.07,2.31,35.7
MIDLANDS,2025-01-19 19:00:00,8.91,4.37,80.7
MIDLANDS,2025-01-19 19:30:00,7.81,1.19,77.4
MIDLANDS,2025-01-19 20:00:00,7.49,4.68,48.3
MIDLANDS,2025-01-19 20:30:00,9.9,2.25,53.9
MIDLANDS,2025-01-19 21:00:00,7.99,1.82,65.9
MIDLANDS,2025-01-19 21:30:00,9.8,3.02,67.1
MIDLANDS,2025-01-19 22:00:00,4.36,3.92,54.4
MIDLANDS,2025-01-19 22:30:00,6.68,6.16,54.1
MIDLANDS,2025-01-19 23:00:00,7.13,3.25,25.5
MIDLANDS,2025-01-19 23:30:00,5.99,5.92,22.0
MIDLANDS,2025-01-20 00:00:00,6.08,3.2,91.4
MIDLANDS,2025-01-20 00:30:00,7.92,2.89,83.5
MIDLANDS,2025-01-20 01:00:00,5.63,6.02,35.5
MIDLANDS,2025-01-20 01:30:00,7.81,3.19,41.5
MIDLANDS,2025-01-20 02:00:00,5.74,4.55,51.1
MIDLANDS,2025-01-20 02:30:00,6.66,2.83,71.2
MIDLANDS,2025-01-20 03:00:00,6.01,3.88,52.1
MIDLANDS,2025-01-20 03:30:00,5.66,5.1,97.1
MIDLANDS,2025-01-20 04:00:00,6.13,5.95,115.6
MIDLANDS,2025-01-20 04:30:00,5.62,4.97,72.7
MIDLANDS,2025-01-20 05:00:00,3.38,3.11,50.9
MIDLANDS,2025-01-20 05:30:00,5.36,3.65,62.5
MIDLANDS,2025-01-20 06:00:00,5.57,5.73,57.1
MIDLANDS,2025-01-20 06:30:00,3.46,6.27,73.9
MIDLANDS,2025-01-20 07:00:00,2.14,3.37,63.0
MIDLANDS,2025-01-20 07:30:00,5.0,5.82,65.1
MIDLANDS,2025-01-20 08:00:00,4.7,4.13,47.9
MIDLANDS,2025-01-20 08:30:00,3.69,4.04,59.4
MIDLANDS,2025-01-20 09:00:00,1.81,3.21,61.0
MIDLANDS,2025-01-20 09:30:00,3.73,3.51,68.8
MIDLANDS,2025-01-20 10:00:00,2.97,0.74,53.7
MIDLANDS,2025-01-20 10:30:00,5.18,7.38,74.1
MIDLANDS,2025-01-20 11:00:00,2.82,3.54,64.6
MIDLANDS,2025-01-20 11:30:00,4.8,5.08,43.5
MIDLANDS,2025-01-20 12:00:00,5.08,4.84,74.9
MIDLANDS,2025-01-20 12:30:00,4.03,3.31,11.3
MIDLANDS,2025-01-20 13:00:00,4.74,2.95,41.6
MIDLANDS,2025-01-20 13:30:00,5.68,3.89,19.3
MIDLANDS,2025-01-20 14:00:00,6.26,2.14,68.7
MIDLANDS,2025-01-20 14:30:00,4.46,4.06,54.9
MIDLANDS,2025-01-20 15:00:00,6.88,4.25,55.4
MIDLANDS,2025-01-20 15:30:00,4.67,1.05,49.5
MIDLANDS,2025-01-20 16:00:00,6.99,2.78,71.3
MIDLANDS,2025-01-20 16:30:00,6.66,2.07,55.0
MIDLANDS,2025-01-20 17:00:00,7.69,4.65,93.8
MIDLANDS,2025-01-20 17:30:00,6.61,3.85,67.7
MIDLANDS,2025-01-20 18:00:00,7.7,3.0,32.1
MIDLANDS,2025-01-20 18:30:00,7.12,1.85,28.9
MIDLANDS,2025-01-20 19:00:00,6.98,1.91,70.5
MIDLANDS,2025-01-20 19:30:00,8.65,2.19,55.3
MIDLANDS,2025-01-20 20:00:00,5.77,3.01,67.2
MIDLANDS,2025-01-20 20:30:00,8.99,2.57,78.9
MIDLANDS,2025-01-20 21:00:00,6.11,1.5,72.8
MIDLANDS,2025-01-20 21:30:00,9.94,4.99,59.3
MIDLANDS,2025-01-20 22:00:00,5.1,0.0,62.3
MIDLANDS,2025-01-20 22:30:00,7.3,1.79,61.2
MIDLANDS,2025-01-20 23:00:00,7.55,5.89,62.5
MIDLANDS,2025-01-20 23:30:00,8.89,4.02,57.9
MIDLANDS,2025-01-21 00:00:00,8.35,2.04,110.7
MIDLANDS,2025-01-21 00:30:00,7.52,4.76,69.5
MIDLANDS,2025-01-21 01:00:00,8.84,5.59,31.1
MIDLANDS,2025-01-21 01:30:00,8.27,3.32,61.9
MIDLANDS,2025-01-21 02:00:00,4.53,5.05,48.3
MIDLANDS,2025-01-21 02:30:00,6.19,3.43,94.7
MIDLANDS,2025-01-21 03:00:00,7.93,4.09,61.2
MIDLANDS,2025-01-21 03:30:00,5.1,6.21,54.1
MIDLANDS,2025-01-21 04:00:00,4.56,5.96,50.3
MIDLANDS,2025-01-21 04:30:00,5.02,0.84,72.7
MIDLANDS,2025-01-21 05:00:00,6.98,5.44,86.3
MIDLANDS,2025-01-21 05:30:00,3.64,4.47,43.0
MIDLANDS,2025-01-21 06:00:00,4.06,5.54,61.8
MIDLANDS,2025-01-21 06:30:00,2.64,1.37,35.1
MIDLANDS,2025-01-21 07:00:00,4.73,8.13,84.5
MIDLANDS,2025-01-21 07:30:00,1.86,6.84,76.9
MIDLANDS,2025-01-21 08:00:00,2.21,3.39,79.7
MIDLANDS,2025-01-21 08:30:00,4.73,1.38,71.0
MIDLANDS,2025-01-21 09:00:00,1.57,3.55,80.5
MIDLANDS,2025-01-21 09:30:00,4.16,3.0,76.0
MIDLANDS,2025-01-21 10:00:00,5.51,6.62,75.7
MIDLANDS,2025-01-21 10:30:00,5.63,5.47,64.8
MIDLANDS,2025-01-21 11:00:00,4.76,3.53,38.2
MIDLANDS,2025-01-21 11:30:00,3.51,3.44,64.3
MIDLANDS,2025-01-21 12:00:00,6.8,3.92,78.1
MIDLANDS,2025-01-21 12:30:00,6.36,3.54,70.7
MIDLANDS,2025-01-21 13:00:00,5.26,6.64,71.4
MIDLANDS,2025-01-21 13:30:00,4.12,4.32,89.7
MIDLANDS,2025-01-21 14:00:00,5.85,4.9,69.8
MIDLANDS,2025-01-21 14:30:00,4.82,5.02,34.9
MIDLANDS,2025-01-21 15:00:00,5.84,6.15,66.4
MIDLANDS,2025-01-21 15:30:00,6.22,4.89,58.9
MIDLANDS,2025-01-21 16:00:00,7.08,5.31,46.9
MIDLANDS,2025-01-21 16:30:00,7.12,3.38,31.5
MIDLANDS,2025-01-21 17:00:00,6.38,7.14,66.9
MIDLANDS,2025-01-21 17:30:00,5.89,0.92,58.0
MIDLANDS,2025-01-21 18:00:00,9.67,3.63,83.5
MIDLANDS,2025-01-21 18:30:00,8.22,4.94,36.0
MIDLANDS,2025-01-21 19:00:00,9.13,3.33,75.5
MIDLANDS,2025-01-21 19:30:00,7.02,4.35,66.3
MIDLANDS,2025-01-21 20:00:00,7.88,4.81,55.2
MIDLANDS,2025-01-21 20:30:00,7.29,7.21,78.9
MIDLANDS,2025-01-21 21:00:00,7.09,5.14,46.6
MIDLANDS,2025-01-21 21:30:00,6.58,6.07,29.3
MIDLANDS,2025-01-21 22:00:00,8.91,3.49,56.2
MIDLANDS,2025-01-21 22:30:00,8.29,5.16,45.1
MIDLANDS,2025-01-21 23:00:00,8.34,4.23,37.4
MIDLANDS,2025-01-21 23:30:00,7.28,6.76,90.2
MIDLANDS,2025-01-22 00:00:00,8.0,1.62,68.8
MIDLANDS,2025-01-22 00:30:00,8.16,5.45,74.1
MIDLANDS,2025-01-22 01:00:00,7.09,3.86,49.0
MIDLANDS,2025-01-22 01:30:00,4.38,4.68,63.3
MIDLANDS,2025-01-22 02:00:00,6.81,1.32,71.6
MIDLANDS,2025-01-22 02:30:00,8.6,4.16,58.9
MIDLANDS,2025-01-22 03:00:00,5.99,8.06,41.6
MIDLANDS,2025-01-22 03:30:00,5.86,2.4,50.2
MIDLANDS,2025-01-22 04:00:00,5.08,6.69,92.4
MIDLANDS,2025-01-22 04:30:00,5.68,3.25,104.9
MIDLANDS,2025-01-22 05:00:00,4.21,2.86,28.1
MIDLANDS,2025-01-22 05:30:00,6.4,5.94,103.5
MIDLANDS,2025-01-22 06:00:00,2.74,6.92,61.3
MIDLANDS,2025-01-22 06:30:00,5.37,0.7,86.4
MIDLANDS,2025-01-22 07:00:00,5.15,3.92,71.6
MIDLANDS,2025-01-22 07:30:00,3.29,2.84,51.7
MIDLANDS,2025-01-22 08:00:00,1.91,5.72,81.4
MIDLANDS,2025-01-22 08:30:00,3.3,4.7,55.2
MIDLANDS,2025-01-22 09:00:00,4.6,2.74,44.1
MIDLANDS,2025-01-22 09:30:00,5.47,3.87,96.4
MIDLANDS,2025-01-22 10:00:00,4.46,2.15,82.1
MIDLANDS,2025-01-22 10:30:00,5.16,5.45,81.4
MIDLANDS,2025-01-22 11:00:00,3.94,3.75,56.9
MIDLANDS,2025-01-22 11:30:00,3.17,3.47,84.1
MIDLANDS,2025-01-22 12:00:00,5.42,1.31,32.0
MIDLANDS,2025-01-22 12:30:00,7.14,3.82,48.3
MIDLANDS,2025-01-22 13:00:00,5.29,1.05,85.6
MIDLANDS,2025-01-22 13:30:00,5.15,6.73,60.9
MIDLANDS,2025-01-22 14:00:00,7.85,4.51,75.4
MIDLANDS,2025-01-22 14:30:00,7.0,5.25,66.3
MIDLANDS,2025-01-22 15:00:00,6.38,7.83,43.7
MIDLANDS,2025-01-22 15:30:00,6.66,4.03,67.2
MIDLANDS,2025-01-22 16:00:00,6.62,4.63,57.0
MIDLANDS,2025-01-22 16:30:00,5.24,4.02,40.2
MIDLANDS,2025-01-22 17:00:00,5.47,4.27,68.8
MIDLANDS,2025-01-22 17:30:00,8.18,5.13,25.2
MIDLANDS,2025-01-22 18:00:00,6.24,7.95,41.2
MIDLANDS,2025-01-22 18:30:00,8.6,2.63,61.4
MIDLANDS,2025-01-22 19:00:00,7.31,5.12,62.5
MIDLANDS,2025-01-22 19:30:00,7.53,1.9,64.8
MIDLANDS,2025-01-22 20:00:00,6.68,4.85,107.3
MIDLANDS,2025-01-22 20:30:00,9.76,5.44,58.5
MIDLANDS,2025-01-22 21:00:00,5.74,1.36,83.1
MIDLANDS,2025-01-22 21:30:00,7.12,2.6,57.0
MIDLANDS,2025-01-22 22:00:00,6.6,1.55,59.1
MIDLANDS,2025-01-22 22:30:00,6.8,2.52,45.9
MIDLANDS,2025-01-22 23:00:00,8.18,3.54,56.8
MIDLANDS,2025-01-22 23:30:00,8.27,3.72,55.0
MIDLANDS,2025-01-23 00:00:00,7.785,5.34,57.4
MIDLANDS,2025-01-23 00:30:00,7.3,2.44,44.5
MIDLANDS,2025-01-23 01:00:00,7.65,4.89,68.2
MIDLANDS,2025-01-23 01:30:00,7.06,4.09,72.5
MIDLANDS,2025-01-23 02:00:00,7.33,5.82,58.2
MIDLANDS,2025-01-23 02:30:00,7.87,4.46,71.4
MIDLANDS,2025-01-23 03:00:00,6.03,4.49,46.8
MIDLANDS,2025-01-23 03:30:00,6.53,9.69,53.3
MIDLANDS,2025-01-23 04:00:00,5.29,3.11,51.2
MIDLANDS,2025-01-23 04:30:00,7.06,2.65,51.5
MIDLANDS,2025-01-23 05:00:00,2.89,2.48,29.2
MIDLANDS,2025-01-23 05:30:00,5.55,9.6,53.4
MIDLANDS,2025-01-23 06:00:00,2.47,5.8,46.9
MIDLANDS,2025-01-23 06:30:00,6.03,3.44,48.6
MIDLANDS,2025-01-23 07:00:00,4.06,5.52,55.9
MIDLANDS,2025-01-23 07:30:00,3.68,3.6,37.1
MIDLANDS,2025-01-23 08:00:00,4.68,0.43,52.0
MIDLANDS,2025-01-23 08:30:00,5.12,4.61,70.6
MIDLANDS,2025-01-23 09:00:00,4.2,6.34,76.6
MIDLANDS,2025-01-23 09:30:00,4.81,5.86,73.5
MIDLANDS,2025-01-23 10:00:00,3.95,1.31,67.6
MIDLANDS,2025-01-23 10:30:00,5.13,6.18,43.1
MIDLANDS,2025-01-23 11:00:00,3.7,4.92,58.7
MIDLANDS,2025-01-23 11:30:00,2.53,4.75,26.7
MIDLANDS,2025-01-23 12:00:00,4.07,6.7,92.8
MIDLANDS,2025-01-23 12:30:00,3.75,3.34,60.8
MIDLANDS,2025-01-23 13:00:00,7.83,3.01,51.4
MIDLANDS,2025-01-23 13:30:00,7.55,3.25,73.0
MIDLANDS,2025-01-23 14:00:00,4.43,3.66,30.1
MIDLANDS,2025-01-23 14:30:00,4.94,5.68,59.1
MIDLANDS,2025-01-23 15:00:00,6.34,2.5,56.0
MIDLANDS,2025-01-23 15:30:00,7.09,5.97,12.7
MIDLANDS,2025-01-23 16:00:00,6.21,4.32,58.2
MIDLANDS,2025-01-23 16:30:00,7.69,4.54,54.5
MIDLANDS,2025-01-23 17:00:00,6.99,3.51,80.7
MIDLANDS,2025-01-23 17:30:00,6.74,3.87,63.3
MIDLANDS,2025-01-23 18:00:00,9.81,3.4,77.3
MIDLANDS,2025-01-23 18:30:00,9.42,3.87,56.2
MIDLANDS,2025-01-23 19:00:00,7.74,3.49,75.4
MIDLANDS,2025-01-23 19:30:00,8.42,4.47,39.7
MIDLANDS,2025-01-23 20:00:00,7.05,8.29,56.8
MIDLANDS,2025-01-23 20:30:00,7.28,6.86,65.1
MIDLANDS,2025-01-23 21:00:00,8.83,3.72,54.3
MIDLANDS,2025-01-23 21:30:00,7.93,1.23,58.4
MIDLANDS,2025-01-23 22:00:00,8.29,7.7,61.5
MIDLANDS,2025-01-23 22:30:00,5.14,3.81,109.3
MIDLANDS,2025-01-23 23:00:00,8.66,2.38,70.6
MIDLANDS,2025-01-23 23:30:00,6.73,1.29,53.7
MIDLANDS,2025-01-24 00:00:00,7.39,0.26,39.3
MIDLANDS,2025-01-24 00:30:00,7.29,3.18,67.1
MIDLANDS,2025-01-24 01:00:00,5.34,5.43,38.7
MIDLANDS,2025-01-24 01:30:00,8.76,0.57,40.3
MIDLANDS,2025-01-24 02:00:00,6.78,7.33,65.7
MIDLANDS,2025-01-24 02:30:00,6.95,4.04,41.5
MIDLANDS,2025-01-24 03:00:00,5.17,1.58,37.0
MIDLANDS,2025-01-24 03:30:00,6.24,1.75,65.8
MIDLANDS,2025-01-24 04:00:00,3.71,4.59,51.2
MIDLANDS,2025-01-24 04:30:00,6.96,4.65,82.2
MIDLANDS,2025-01-24 05:00:00,3.95,4.11,42.3
MIDLANDS,2025-01-24 05:30:00,4.36,3.48,46.9
MIDLANDS,2025-01-24 06:00:00,3.08,1.17,17.9
MIDLANDS,2025-01-24 06:30:00,3.28,5.25,31.2
MIDLANDS,2025-01-24 07:00:00,2.7,7.58,48.5
MIDLANDS,2025-01-24 07:30:00,4.73,5.28,71.9
MIDLANDS,2025-01-24 08:00:00,2.45,3.54,30.9
MIDLANDS,2025-01-24 08:30:00,7.21,0.81,41.1
MIDLANDS,2025-01-24 09:00:00,3.09,1.01,84.3
MIDLANDS,2025-01-24 09:30:00,7.25,3.05,36.2
MIDLANDS,2025-01-24 10:00:00,1.86,3.51,54.3
MIDLANDS,2025-01-24 10:30:00,3.76,4.44,67.1
MIDLANDS,2025-01-24 11:00:00,5.25,3.37,40.2
MIDLANDS,2025-01-24 11:30:00,5.66,4.03,76.0
MIDLANDS,2025-01-24 12:00:00,6.22,1.16,34.2
MIDLANDS,2025-01-24 12:30:00,4.37,1.89,73.6
MIDLANDS,2025-01-24 13:00:00,6.18,6.2,67.1
MIDLANDS,2025-01-24 13:30:00,6.01,6.4,68.5
MIDLANDS,2025-01-24 14:00:00,6.36,6.96,62.1
MIDLANDS,2025-01-24 14:30:00,5.91,2.32,72.7
MIDLANDS,2025-01-24 15:00:00,8.28,3.9,83.5
MIDLANDS,2025-01-24 15:30:00,4.43,3.89,59.3
MIDLANDS,2025-01-24 16:00:00,6.4,8.77,58.8
MIDLANDS,2025-01-24 16:30:00,6.79,4.05,23.9
MIDLANDS,2025-01-24 17:00:00,6.78,5.97,48.7
MIDLANDS,2025-01-24 17:30:00,6.69,6.62,84.1
MIDLANDS,2025-01-24 18:00:00,8.63,3.09,55.7
MIDLANDS,2025-01-24 18:30:00,7.04,2.01,41.2
MIDLANDS,2025-01-24 19:00:00,7.47,1.93,31.9
MIDLANDS,2025-01-24 19:30:00,8.47,4.47,90.6
MIDLANDS,2025-01-24 20:00:00,7.47,4.59,65.6
MIDLANDS,2025-01-24 20:30:00,7.97,5.49,74.0
MIDLANDS,2025-01-24 21:00:00,8.6,3.49,53.6
MIDLANDS,2025-01-24 21:30:00,6.57,2.39,48.8
MIDLANDS,2025-01-24 22:00:00,6.66,4.88,81.5
MIDLANDS,2025-01-24 22:30:00,6.92,4.57,41.4
MIDLANDS,2025-01-24 23:00:00,7.32,2.62,70.8
MIDLANDS,2025-01-24 23:30:00,6.87,6.02,55.6
MIDLANDS,2025-01-25 00:00:00,6.56,1.49,64.6
MIDLANDS,2025-01-25 00:30:00,8.42,4.55,100.3
MIDLANDS,2025-01-25 01:00:00,8.58,3.38,54.3
MIDLANDS,2025-01-25 01:30:00,7.43,2.32,81.0
MIDLANDS,2025-01-25 02:00:00,6.78,4.51,72.4
MIDLANDS,2025-01-25 02:30:00,8.41,4.34,58.0
MIDLANDS,2025-01-25 03:00:00,7.64,5.94,54.2
MIDLANDS,2025-01-25 03:30:00,5.83,4.39,66.5
MIDLANDS,2025-01-25 04:00:00,3.72,0.92,44.0
MIDLANDS,2025-01-25 04:30:00,4.19,2.71,71.4
MIDLANDS,2025-01-25 05:00:00,4.73,4.39,38.0
MIDLANDS,2025-01-25 05:30:00,4.38,5.17,70.7
MIDLANDS,2025-01-25 06:00:00,3.74,4.32,99.6
MIDLANDS,2025-01-25 06:30:00,4.59,2.61,56.9
MIDLANDS,2025-01-25 07:00:00,4.52,3.7,59.4
MIDLANDS,2025-01-25 07:30:00,2.68,2.07,57.3
MIDLANDS,2025-01-25 08:00:00,4.15,2.87,56.8
MIDLANDS,2025-01-25 08:30:00,4.42,5.78,58.2
MIDLANDS,2025-01-25 09:00:00,4.89,2.92,70.3
MIDLANDS,2025-01-25 09:30:00,4.86,5.73,72.8
MIDLANDS,2025-01-25 10:00:00,5.32,3.8,64.4
MIDLANDS,2025-01-25 10:30:00,5.89,2.7,48.7
MIDLANDS,2025-01-25 11:00:00,5.15,4.83,45.2
MIDLANDS,2025-01-25 11:30:00,4.84,3.81,20.1
MIDLANDS,2025-01-25 12:00:00,5.08,3.69,57.1
MIDLANDS,2025-01-25 12:30:00,7.04,1.57,45.2
MIDLANDS,2025-01-25 13:00:00,2.69,3.04,52.9
MIDLANDS,2025-01-25 13:30:00,5.21,6.22,75.5
MIDLANDS,2025-01-25 14:00:00,6.44,3.26,78.5
MIDLANDS,2025-01-25 14:30:00,6.32,2.36,29.1
MIDLANDS,2025-01-25 15:00:00,6.33,5.51,101.0
MIDLANDS,2025-01-25 15:30:00,6.94,2.47,38.7
MIDLANDS,2025-01-25 16:00:00,8.01,0.47,69.9
MIDLANDS,2025-01-25 16:30:00,8.33,4.87,56.0
MIDLANDS,2025-01-25 17:00:00,8.44,4.34,46.0
MIDLANDS,2025-01-25 17:30:00,9.98,3.3,74.0
MIDLANDS,2025-01-25 18:00:00,5.17,6.55,86.4
MIDLANDS,2025-01-25 18:30:00,8.11,5.12,70.1
MIDLANDS,2025-01-25 19:00:00,7.5,5.09,45.4
MIDLANDS,2025-01-25 19:30:00,7.55,6.25,77.5
MIDLANDS,2025-01-25 20:00:00,7.5,2.53,48.4
MIDLANDS,2025-01-25 20:30:00,9.22,2.0,66.4
MIDLANDS,2025-01-25 21:00:00,9.17,3.82,78.2
MIDLANDS,2025-01-25 21:30:00,7.91,3.57,42.4
MIDLANDS,2025-01-25 22:00:00,9.3,2.47,66.3
MIDLANDS,2025-01-25 22:30:00,7.99,1.89,49.0
MIDLANDS,2025-01-25 23:00:00,9.42,4.4,41.8
MIDLANDS,2025-01-25 23:30:00,8.12,3.71,122.2
MIDLANDS,2025-01-26 00:00:00,7.75,3.24,85.6
MIDLANDS,2025-01-26 00:30:00,5.2,4.19,95.9
MIDLANDS,2025-01-26 01:00:00,6.79,0.53,52.9
MIDLANDS,2025-01-26 01:30:00,8.68,4.75,44.9
MIDLANDS,2025-01-26 02:00:00,5.59,2.88,66.5
MIDLANDS,2025-01-26 02:30:00,8.02,6.1,68.2
MIDLANDS,2025-01-26 03:00:00,4.3,1.34,69.6
MIDLANDS,2025-01-26 03:30:00,4.28,3.55,65.5
MIDLANDS,2025-01-26 04:00:00,4.05,1.95,58.3
MIDLANDS,2025-01-26 04:30:00,6.02,6.12,70.9
MIDLANDS,2025-01-26 05:00:00,5.09,2.51,40.7
MIDLANDS,2025-01-26 05:30:00,4.39,4.82,66.1
MIDLANDS,2025-01-26 06:00:00,2.16,2.43,81.7
MIDLANDS,2025-01-26 06:30:00,4.78,1.17,102.4
MIDLANDS,2025-01-26 07:00:00,4.45,4.77,67.2
MIDLANDS,2025-01-26 07:30:00,4.04,2.54,98.2
MIDLANDS,2025-01-26 08:00:00,5.62,5.64,70.4
MIDLANDS,2025-01-26 08:30:00,3.21,6.56,44.8
MIDLANDS,2025-01-26 09:00:00,4.82,0.72,23.3
MIDLANDS,2025-01-26 09:30:00,4.86,2.38,24.2
MIDLANDS,2025-01-26 10:00:00,5.33,8.24,85.0
MIDLANDS,2025-01-26 10:30:00,4.37,4.02,76.0
MIDLANDS,2025-01-26 11:00:00,6.34,3.31,60.6
MIDLANDS,2025-01-26 11:30:00,5.36,5.11,57.6
MIDLANDS,2025-01-26 12:00:00,5.27,6.76,81.8
MIDLANDS,2025-01-26 12:30:00,5.99,7.44,53.0
MIDLANDS,2025-01-26 13:00:00,7.84,5.09,118.9
MIDLANDS,2025-01-26 13:30:00,4.46,2.62,67.5
MIDLANDS,2025-01-26 14:00:00,6.89,7.9,48.0
MIDLANDS,2025-01-26 14:30:00,7.5,6.32,72.7
MIDLANDS,2025-01-26 15:00:00,5.78,6.82,82.1
MIDLANDS,2025-01-26 15:30:00,7.65,4.41,64.1
MIDLANDS,2025-01-26 16:00:00,7.32,5.28,60.6
MIDLANDS,2025-01-26 16:30:00,6.39,1.9,46.5
MIDLANDS,2025-01-26 17:00:00,8.09,3.95,63.9
MIDLANDS,2025-01-26 17:30:00,8.43,2.75,86.4
MIDLANDS,2025-01-26 18:00:00,7.82,3.13,68.7
MIDLANDS,2025-01-26 18:30:00,5.94,2.42,77.7
MIDLANDS,2025-01-26 19:00:00,6.26,6.24,87.2
MIDLANDS,2025-01-26 19:30:00,7.9,4.58,80.1
MIDLANDS,2025-01-26 20:00:00,7.85,5.74,47.9
MIDLANDS,2025-01-26 20:30:00,7.84,2.4,66.2
MIDLANDS,2025-01-26 21:00:00,9.73,3.63,37.1
MIDLANDS,2025-01-26 21:30:00,7.05,4.79,93.2
MIDLANDS,2025-01-26 22:00:00,8.62,3.23,73.8
MIDLANDS,2025-01-26 22:30:00,7.86,3.24,42.7
MIDLANDS,2025-01-26 23:00:00,9.52,0.0,74.4
MIDLANDS,2025-01-26 23:30:00,7.27,3.18,90.5
MIDLANDS,2025-01-27 00:00:00,6.62,2.64,57.7
MIDLANDS,2025-01-27 00:30:00,7.98,3.12,31.7
MIDLANDS,2025-01-27 01:00:00,5.96,6.56,61.3
MIDLANDS,2025-01-27 01:30:00,7.54,3.48,48.1
MIDLANDS,2025-01-27 02:00:00,8.49,3.62,52.0
MIDLANDS,2025-01-27 02:30:00,7.8,2.56,49.3
MIDLANDS,2025-01-27 03:00:00,5.98,4.0,64.7
MIDLANDS,2025-01-27 03:30:00,8.47,4.67,17.2
MIDLANDS,2025-01-27 04:00:00,5.87,4.08,60.8
MIDLANDS,2025-01-27 04:30:00,5.78,3.94,59.1
MIDLANDS,2025-01-27 05:00:00,5.8,2.92,42.9
MIDLANDS,2025-01-27 05:30:00,8.7,2.57,61.8
MIDLANDS,2025-01-27 06:00:00,2.95,4.23,43.2
MIDLANDS,2025-01-27 06:30:00,4.22,6.09,68.5
MIDLANDS,2025-01-27 07:00:00,5.23,0.46,93.1
MIDLANDS,2025-01-27 07:30:00,3.12,7.06,78.4
MIDLANDS,2025-01-27 08:00:00,5.17,2.29,62.7
MIDLANDS,2025-01-27 08:30:00,3.92,4.06,55.5
MIDLANDS,2025-01-27 09:00:00,2.1,6.24,58.5
MIDLANDS,2025-01-27 09:30:00,3.97,2.88,66.5
MIDLANDS,2025-01-27 10:00:00,3.68,0.0,67.3
MIDLANDS,2025-01-27 10:30:00,5.37,3.6,39.3
MIDLANDS,2025-01-27 11:00:00,5.17,1.07,41.5
MIDLANDS,2025-01-27 11:30:00,4.17,5.69,53.5
MIDLANDS,2025-01-27 12:00:00,4.94,7.91,66.3
MIDLANDS,2025-01-27 12:30:00,5.89,3.26,49.3
MIDLANDS,2025-01-27 13:00:00,3.34,5.94,68.1
MIDLANDS,2025-01-27 13:30:00,5.75,3.73,73.3
MIDLANDS,2025-01-27 14:00:00,4.62,2.82,39.5
MIDLANDS,2025-01-27 14:30:00,8.61,5.75,20.4
MIDLANDS,2025-01-27 15:00:00,5.18,3.74,51.5
MIDLANDS,2025-01-27 15:30:00,5.41,7.89,65.6
MIDLANDS,2025-01-27 16:00:00,8.05,2.62,73.0
MIDLANDS,2025-01-27 16:30:00,7.02,3.43,71.0
MIDLANDS,2025-01-27 17:00:00,5.94,7.19,63.3
MIDLANDS,2025-01-27 17:30:00,9.43,1.85,43.4
MIDLANDS,2025-01-27 18:00:00,6.82,4.5,61.2
MIDLANDS,2025-01-27 18:30:00,7.66,1.97,37.2
MIDLANDS,2025-01-27 19:00:00,8.35,3.07,47.7
MIDLANDS,2025-01-27 19:30:00,10.27,3.84,82.9
MIDLANDS,2025-01-27 20:00:00,7.84,4.49,59.0
MIDLANDS,2025-01-27 20:30:00,6.44,6.86,57.6
MIDLANDS,2025-01-27 21:00:00,9.31,2.5,57.0
MIDLANDS,2025-01-27 21:30:00,7.37,6.47,65.6
MIDLANDS,2025-01-27 22:00:00,8.65,6.72,80.8
MIDLANDS,2025-01-27 22:30:00,9.13,1.16,47.5
MIDLANDS,2025-01-27 23:00:00,6.69,5.46,63.1
MIDLANDS,2025-01-27 23:30:00,6.23,3.62,33.1
MIDLANDS,2025-01-28 00:00:00,7.49,0.69,69.5
MIDLANDS,2025-01-28 00:30:00,8.0,7.82,75.3
MIDLANDS,2025-01-28 01:00:00,6.56,5.64,34.8
MIDLANDS,2025-01-28 01:30:00,5.91,4.67,21.2
MIDLANDS,2025-01-28 02:00:00,6.5,1.96,61.8
MIDLANDS,2025-01-28 02:30:00,5.26,4.85,60.3
MIDLANDS,2025-01-28 03:00:00,7.71,4.01,46.2
MIDLANDS,2025-01-28 03:30:00,5.74,1.31,67.3
MIDLANDS,2025-01-28 04:00:00,6.26,8.94,48.8
MIDLANDS,2025-01-28 04:30:00,5.23,2.85,63.8
MIDLANDS,2025-01-28 05:00:00,5.59,3.89,79.6
MIDLANDS,2025-01-28 05:30:00,4.39,5.97,69.7
MIDLANDS,2025-01-28 06:00:00,4.8,3.37,103.7
MIDLANDS,2025-01-28 06:30:00,3.84,4.6,46.5
MIDLANDS,2025-01-28 07:00:00,6.76,5.77,47.8
MIDLANDS,2025-01-28 07:30:00,5.23,4.52,50.7
MIDLANDS,2025-01-28 08:00:00,5.46,4.78,63.9
MIDLANDS,2025-01-28 08:30:00,4.5,4.86,64.1
MIDLANDS,2025-01-28 09:00:00,4.69,2.72,90.5
MIDLANDS,2025-01-28 09:30:00,3.36,4.86,54.2
MIDLANDS,2025-01-28 10:00:00,6.93,2.19,46.8
MIDLANDS,2025-01-28 10:30:00,3.65,4.65,35.3
MIDLANDS,2025-01-28 11:00:00,4.56,0.0,64.3
MIDLANDS,2025-01-28 11:30:00,4.53,1.02,79.5
MIDLANDS,2025-01-28 12:00:00,3.98,5.59,47.4
MIDLANDS,2025-01-28 12:30:00,7.47,5.5,41.9
MIDLANDS,2025-01-28 13:00:00,4.93,5.21,55.3
MIDLANDS,2025-01-28 13:30:00,5.83,6.54,46.5
MIDLANDS,2025-01-28 14:00:00,6.66,5.91,74.6
MIDLANDS,2025-01-28 14:30:00,6.36,3.42,28.7
MIDLANDS,2025-01-28 15:00:00,5.8,4.64,57.5
MIDLANDS,2025-01-28 15:30:00,7.16,6.08,38.6
MIDLANDS,2025-01-28 16:00:00,7.27,4.38,47.3
MIDLANDS,2025-01-28 16:30:00,9.27,5.82,65.2
MIDLANDS,2025-01-28 17:00:00,10.12,1.0,59.9
MIDLANDS,2025-01-28 17:30:00,8.4,2.17,65.4
MIDLANDS,2025-01-28 18:00:00,6.95,5.38,79.0
MIDLANDS,2025-01-28 18:30:00,8.61,0.29,42.6
MIDLANDS,2025-01-28 19:00:00,9.16,4.04,11.5
MIDLANDS,2025-01-28 19:30:00,9.97,4.27,45.3
MIDLANDS,2025-01-28 20:00:00,9.74,2.64,47.6
MIDLANDS,2025-01-28 20:30:00,8.98,7.56,89.2
MIDLANDS,2025-01-28 21:00:00,8.91,4.92,74.2
MIDLANDS,2025-01-28 21:30:00,6.97,5.29,46.8
MIDLANDS,2025-01-28 22:00:00,8.66,3.55,69.0
MIDLANDS,2025-01-28 22:30:00,8.42,0.0,63.2
MIDLANDS,2025-01-28 23:00:00,8.73,4.89,58.2
MIDLANDS,2025-01-28 23:30:00,9.93,4.62,67.9
MIDLANDS,2025-01-29 00:00:00,8.87,4.73,43.8
MIDLANDS,2025-01-29 00:30:00,4.69,3.05,73.7
MIDLANDS,2025-01-29 01:00:00,6.71,5.6,62.7
MIDLANDS,2025-01-29 01:30:00,8.68,3.41,68.4
MIDLANDS,2025-01-29 02:00:00,7.22,7.0,29.3
MIDLANDS,2025-01-29 02:30:00,6.07,5.7,87.8
MIDLANDS,2025-01-29 03:00:00,6.39,3.41,73.6
MIDLANDS,2025-01-29 03:30:00,7.14,3.28,65.9
MIDLANDS,2025-01-29 04:00:00,7.03,7.78,73.4
MIDLANDS,2025-01-29 04:30:00,5.67,3.89,70.0
MIDLANDS,2025-01-29 05:00:00,5.06,4.38,41.0
MIDLANDS,2025-01-29 05:30:00,6.76,1.72,52.2
MIDLANDS,2025-01-29 06:00:00,5.0,7.98,52.4
MIDLANDS,2025-01-29 06:30:00,4.09,2.9,89.9
MIDLANDS,2025-01-29 07:00:00,1.31,1.99,109.2
MIDLANDS,2025-01-29 07:30:00,5.39,1.79,59.2
MIDLANDS,2025-01-29 08:00:00,4.7,5.69,93.1
MIDLANDS,2025-01-29 08:30:00,5.08,2.92,74.2
MIDLANDS,2025-01-29 09:00:00,3.85,1.93,28.3
MIDLANDS,2025-01-29 09:30:00,2.81,2.21,38.8
MIDLANDS,2025-01-29 10:00:00,5.26,1.6,3.4
MIDLANDS,2025-01-29 10:30:00,3.63,3.06,49.1
MIDLANDS,2025-01-29 11:00:00,7.03,2.77,75.9
MIDLANDS,2025-01-29 11:30:00,5.18,3.92,45.0
MIDLANDS,2025-01-29 12:00:00,5.55,2.47,63.1
MIDLANDS,2025-01-29 12:30:00,5.33,2.11,77.9
MIDLANDS,2025-01-29 13:00:00,6.61,3.1,62.6
MIDLANDS,2025-01-29 13:30:00,6.0,2.26,61.3
MIDLANDS,2025-01-29 14:00:00,5.87,2.11,30.8
MIDLANDS,2025-01-29 14:30:00,6.19,5.13,47.5
MIDLANDS,2025-01-29 15:00:00,10.16,5.77,83.5
MIDLANDS,2025-01-29 15:30:00,8.09,7.71,45.8
MIDLANDS,2025-01-29 16:00:00,4.54,3.11,70.0
MIDLANDS,2025-01-29 16:30:00,7.8,4.55,83.8
MIDLANDS,2025-01-29 17:00:00,8.49,5.6,43.1
MIDLANDS,2025-01-29 17:30:00,6.72,7.23,61.8
MIDLANDS,2025-01-29 18:00:00,7.6,2.76,48.3
MIDLANDS,2025-01-29 18:30:00,7.5,1.43,33.0
MIDLANDS,2025-01-29 19:00:00,8.32,2.81,79.9
MIDLANDS,2025-01-29 19:30:00,8.9,4.53,46.6
MIDLANDS,2025-01-29 20:00:00,8.47,4.72,72.9
MIDLANDS,2025-01-29 20:30:00,8.5,6.16,60.1
MIDLANDS,2025-01-29 21:00:00,9.5,3.02,27.4
MIDLANDS,2025-01-29 21:30:00,8.87,5.45,70.4
MIDLANDS,2025-01-29 22:00:00,8.86,3.3,45.5
MIDLANDS,2025-01-29 22:30:00,9.01,4.85,49.9
MIDLANDS,2025-01-29 23:00:00,9.36,2.23,49.5
MIDLANDS,2025-01-29 23:30:00,10.0,5.74,53.6
MIDLANDS,2025-01-30 00:00:00,8.03,4.31,10.6
MIDLANDS,2025-01-30 00:30:00,6.6,3.9,53.6
MIDLANDS,2025-01-30 01:00:00,7.5,6.26,54.2
MIDLANDS,2025-01-30 01:30:00,5.93,4.65,54.1
MIDLANDS,2025-01-30 02:00:00,6.5,3.42,100.4
MIDLANDS,2025-01-30 02:30:00,4.0,3.22,59.9
MIDLANDS,2025-01-30 03:00:00,5.23,5.8,74.6
MIDLANDS,2025-01-30 03:30:00,6.11,3.46,58.0
MIDLANDS,2025-01-30 04:00:00,5.56,3.84,56.6
MIDLANDS,2025-01-30 04:30:00,5.99,5.51,37.9
MIDLANDS,2025-01-30 05:00:00,4.01,0.5,75.6
MIDLANDS,2025-01-30 05:30:00,5.57,5.01,34.3
MIDLANDS,2025-01-30 06:00:00,7.1,2.78,63.0
MIDLANDS,2025-01-30 06:30:00,5.98,2.03,50.2
MIDLANDS,2025-01-30 07:00:00,4.97,9.71,65.4
MIDLANDS,2025-01-30 07:30:00,6.68,6.41,66.6
MIDLANDS,2025-01-30 08:00:00,3.5,6.12,33.0
MIDLANDS,2025-01-30 08:30:00,6.61,4.4,12.3
MIDLANDS,2025-01-30 09:00:00,4.34,5.31,55.7
MIDLANDS,2025-01-30 09:30:00,5.61,2.3,36.5
MIDLANDS,2025-01-30 10:00:00,4.87,4.06,53.7
MIDLANDS,2025-01-30 10:30:00,6.43,2.3,65.6
MIDLANDS,2025-01-30 11:00:00,5.35,0.89,36.3
MIDLANDS,2025-01-30 11:30:00,5.29,7.96,70.4
MIDLANDS,2025-01-30 12:00:00,3.61,0.0,73.2
MIDLANDS,2025-01-30 12:30:00,5.57,6.28,44.1
MIDLANDS,2025-01-30 13:00:00,6.59,5.69,51.9
MIDLANDS,2025-01-30 13:30:00,5.66,4.05,69.8
MIDLANDS,2025-01-30 14:00:00,6.67,5.95,51.7
MIDLANDS,2025-01-30 14:30:00,5.09,7.95,49.1
MIDLANDS,2025-01-30 15:00:00,6.52,3.87,61.2
MIDLANDS,2025-01-30 15:30:00,6.74,3.97,59.3
MIDLANDS,2025-01-30 16:00:00,7.89,0.0,93.9
MIDLANDS,2025-01-30 16:30:00,7.51,5.16,35.2
MIDLANDS,2025-01-30 17:00:00,7.53,2.66,86.5
MIDLANDS,2025-01-30 17:30:00,7.4,5.52,48.3
MIDLANDS,2025-01-30 18:00:00,7.87,3.51,83.1
MIDLANDS,2025-01-30 18:30:00,6.15,1.37,24.9
MIDLANDS,2025-01-30 19:00:00,7.31,2.38,30.9
MIDLANDS,2025-01-30 19:30:00,7.74,0.0,41.7
MIDLANDS,2025-01-30 20:00:00,10.13,4.81,63.4
MIDLANDS,2025-01-30 20:30:00,7.48,0.93,39.5
MIDLANDS,2025-01-30 21:00:00,8.57,5.74,76.2
MIDLANDS,2025-01-30 21:30:00,9.37,2.52,60.4
MIDLANDS,2025-01-30 22:00:00,8.03,3.6,96.7
MIDLANDS,2025-01-30 22:30:00,6.3,3.53,81.8
MIDLANDS,2025-01-30 23:00:00,6.34,2.71,50.5
MIDLANDS,2025-01-30 23:30:00,7.83,0.81,70.7
MIDLANDS,2025-01-31 00:00:00,8.55,5.02,44.3
MIDLANDS,2025-01-31 00:30:00,7.86,2.2,54.0
MIDLANDS,2025-01-31 01:00:00,9.85,4.19,38.6
MIDLANDS,2025-01-31 01:30:00,7.49,1.3,38.4
MIDLANDS,2025-01-31 02:00:00,5.5,3.11,76.9
MIDLANDS,2025-01-31 02:30:00,7.45,5.05,40.2
MIDLANDS,2025-01-31 03:00:00,5.59,4.54,48.7
MIDLANDS,2025-01-31 03:30:00,5.9,4.88,53.7
MIDLANDS,2025-01-31 04:00:00,6.02,7.19,56.9
MIDLANDS,2025-01-31 04:30:00,7.17,5.12,33.6
MIDLANDS,2025-01-31 05:00:00,4.02,2.33,44.6
MIDLANDS,2025-01-31 05:30:00,5.23,5.23,82.6
MIDLANDS,2025-01-31 06:00:00,5.39,3.11,22.5
MIDLANDS,2025-01-31 06:30:00,5.11,4.05,63.3
MIDLANDS,2025-01-31 07:00:00,7.35,6.48,74.1
MIDLANDS,2025-01-31 07:30:00,3.67,2.97,58.3
MIDLANDS,2025-01-31 08:00:00,3.82,5.0,66.4
MIDLANDS,2025-01-31 08:30:00,3.45,6.39,61.8
MIDLANDS,2025-01-31 09:00:00,2.75,3.9,65.1
MIDLANDS,2025-01-31 09:30:00,5.99,3.33,74.9
MIDLANDS,2025-01-31 10:00:00,5.25,1.37,34.5
MIDLANDS,2025-01-31 10:30:00,6.37,6.39,65.8
MIDLANDS,2025-01-31 11:00:00,7.13,6.11,72.3
MIDLANDS,2025-01-31 11:30:00,4.25,7.46,69.7
MIDLANDS,2025-01-31 12:00:00,5.29,2.66,64.6
MIDLANDS,2025-01-31 12:30:00,3.75,5.4,42.8
MIDLANDS,2025-01-31 13:00:00,6.68,2.96,55.2
MIDLANDS,2025-01-31 13:30:00,5.33,3.68,94.0
MIDLANDS,2025-01-31 14:00:00,8.41,4.71,59.5
MIDLANDS,2025-01-31 14:30:00,7.77,6.26,45.1
MIDLANDS,2025-01-31 15:00:00,7.18,0.36,80.2
MIDLANDS,2025-01-31 15:30:00,9.75,4.16,21.7
MIDLANDS,2025-01-31 16:00:00,8.48,2.19,48.1
MIDLANDS,2025-01-31 16:30:00,8.5,4.51,51.2
MIDLANDS,2025-01-31 17:00:00,7.39,4.25,52.6
MIDLANDS,2025-01-31 17:30:00,6.84,3.33,66.1
MIDLANDS,2025-01-31 18:00:00,8.27,1.17,77.8
MIDLANDS,2025-01-31 18:30:00,5.2,3.11,48.8
MIDLANDS,2025-01-31 19:00:00,8.86,5.12,80.3
MIDLANDS,2025-01-31 19:30:00,7.83,5.17,63.5
MIDLANDS,2025-01-31 20:00:00,6.7,7.8,34.1
MIDLANDS,2025-01-31 20:30:00,9.26,4.78,65.0
MIDLANDS,2025-01-31 21:00:00,8.09,5.65,31.9
MIDLANDS,2025-01-31 21:30:00,8.61,2.87,47.8
MIDLANDS,2025-01-31 22:00:00,9.0,6.15,53.8
MIDLANDS,2025-01-31 22:30:00,9.42,4.1,43.9
MIDLANDS,2025-01-31 23:00:00,7.86,3.4,47.5
MIDLANDS,2025-01-31 23:30:00,8.68,4.47,31.4
MIDLANDS,2025-02-01 00:00:00,5.84,4.85,45.3
MIDLANDS,2025-02-01 00:30:00,8.18,5.56,37.1
MIDLANDS,2025-02-01 01:00:00,5.64,7.35,66.3
MIDLANDS,2025-02-01 01:30:00,6.83,2.13,50.8
MIDLANDS,2025-02-01 02:00:00,5.39,5.77,46.0
MIDLANDS,2025-02-01 02:30:00,8.13,3.2,41.2
MIDLANDS,2025-02-01 03:00:00,5.79,0.0,57.8
MIDLANDS,2025-02-01 03:30:00,6.1,5.65,26.0
MIDLANDS,2025-02-01 04:00:00,7.21,5.64,82.5
MIDLANDS,2025-02-01 04:30:00,5.76,6.03,33.5
MIDLANDS,2025-02-01 05:00:00,6.26,2.46,30.3
MIDLANDS,2025-02-01 05:30:00,4.06,4.01,45.2
MIDLANDS,2025-02-01 06:00:00,5.54,0.38,21.7
MIDLANDS,2025-02-01 06:30:00,6.74,5.81,41.1
MIDLANDS,2025-02-01 07:00:00,4.88,6.04,67.5
MIDLANDS,2025-02-01 07:30:00,5.07,6.19,46.8
MIDLANDS,2025-02-01 08:00:00,4.86,3.96,55.1
MIDLANDS,2025-02-01 08:30:00,4.35,4.15,60.6
MIDLANDS,2025-02-01 09:00:00,3.63,5.6,42.4
MIDLANDS,2025-02-01 09:30:00,4.63,3.41,66.4
MIDLANDS,2025-02-01 10:00:00,2.55,5.78,47.8
MIDLANDS,2025-02-01 10:30:00,6.55,3.04,59.1
MIDLANDS,2025-02-01 11:00:00,7.7,3.45,82.3
MIDLANDS,2025-02-01 11:30:00,5.45,4.83,61.3
MIDLANDS,2025-02-01 12:00:00,6.84,2.63,42.3
MIDLANDS,2025-02-01 12:30:00,5.05,4.2,56.0
MIDLANDS,2025-02-01 13:00:00,7.16,6.61,42.4
MIDLANDS,2025-02-01 13:30:00,5.42,1.13,96.5
MIDLANDS,2025-02-01 14:00:00,7.19,4.96,35.9
MIDLANDS,2025-02-01 14:30:00,6.82,5.02,55.5
MIDLANDS,2025-02-01 15:00:00,8.63,8.62,43.0
MIDLANDS,2025-02-01 15:30:00,6.11,2.24,88.9
MIDLANDS,2025-02-01 16:00:00,9.07,3.73,60.7
MIDLANDS,2025-02-01 16:30:00,6.84,5.78,53.2
MIDLANDS,2025-02-01 17:00:00,7.92,5.22,56.6
MIDLANDS,2025-02-01 17:30:00,7.95,4.02,74.3
MIDLANDS,2025-02-01 18:00:00,10.53,5.17,74.5
MIDLANDS,2025-02-01 18:30:00,8.31,2.58,71.8
MIDLANDS,2025-02-01 19:00:00,8.96,1.15,54.1
MIDLANDS,2025-02-01 19:30:00,8.65,2.98,86.7
MIDLANDS,2025-02-01 20:00:00,9.4,6.75,64.7
MIDLANDS,2025-02-01 20:30:00,8.92,2.13,60.2
MIDLANDS,2025-02-01 21:00:00,8.64,1.27,50.3
MIDLANDS,2025-02-01 21:30:00,8.36,4.83,68.3
MIDLANDS,2025-02-01 22:00:00,7.85,4.94,56.7
MIDLANDS,2025-02-01 22:30:00,5.11,3.03,79.4
MIDLANDS,2025-02-01 23:00:00,6.22,4.23,88.5
MIDLANDS,2025-02-01 23:30:00,7.32,4.0,36.5
MIDLANDS,2025-02-02 00:00:00,9.84,3.83,60.8
MIDLANDS,2025-02-02 00:30:00,9.51,5.32,44.2
MIDLANDS,2025-02-02 01:00:00,6.63,4.99,48.8
MIDLANDS,2025-02-02 01:30:00,4.86,3.89,33.4
MIDLANDS,2025-02-02 02:00:00,8.83,4.35,43.7
MIDLANDS,2025-02-02 02:30:00,6.05,0.22,40.2
MIDLANDS,2025-02-02 03:00:00,7.59,8.46,73.1
MIDLANDS,2025-02-02 03:30:00,6.26,3.14,42.8
MIDLANDS,2025-02-02 04:00:00,8.36,3.62,98.1
MIDLANDS,2025-02-02 04:30:00,7.56,0.52,48.0
MIDLANDS,2025-02-02 05:00:00,4.67,3.84,58.9
MIDLANDS,2025-02-02 05:30:00,9.07,1.85,64.1
MIDLANDS,2025-02-02 06:00:00,5.9,4.0,62.0
MIDLANDS,2025-02-02 06:30:00,3.9,4.21,69.2
MIDLANDS,2025-02-02 07:00:00,5.35,5.14,85.4
MIDLANDS,2025-02-02 07:30:00,6.08,4.14,38.9
MIDLANDS,2025-02-02 08:00:00,4.17,3.56,64.5
MIDLANDS,2025-02-02 08:30:00,4.31,2.13,38.6
MIDLANDS,2025-02-02 09:00:00,2.97,3.53,33.5
MIDLANDS,2025-02-02 09:30:00,3.76,3.21,36.0
MIDLANDS,2025-02-02 10:00:00,5.61,5.48,50.1
MIDLANDS,2025-02-02 10:30:00,4.63,5.07,47.1
MIDLANDS,2025-02-02 11:00:00,4.53,6.39,75.9
MIDLANDS,2025-02-02 11:30:00,6.2,5.85,24.4
MIDLANDS,2025-02-02 12:00:00,7.51,4.78,78.2
MIDLANDS,2025-02-02 12:30:00,6.35,4.1,55.0
MIDLANDS,2025-02-02 13:00:00,6.81,3.38,75.6
MIDLANDS,2025-02-02 13:30:00,4.47,2.92,96.8
MIDLANDS,2025-02-02 14:00:00,6.14,3.52,44.1
MIDLANDS,2025-02-02 14:30:00,7.29,2.53,56.7
MIDLANDS,2025-02-02 15:00:00,8.42,2.6,74.2
MIDLANDS,2025-02-02 15:30:00,8.39,6.11,62.5
MIDLANDS,2025-02-02 16:00:00,11.78,6.11,65.8
MIDLANDS,2025-02-02 16:30:00,6.84,3.81,85.7
MIDLANDS,2025-02-02 17:00:00,10.35,6.96,74.1
MIDLANDS,2025-02-02 17:30:00,6.8,4.97,37.7
MIDLANDS,2025-02-02 18:00:00,6.83,4.48,69.4
MIDLANDS,2025-02-02 18:30:00,9.7,4.99,69.6
MIDLANDS,2025-02-02 19:00:00,7.64,3.79,32.9
MIDLANDS,2025-02-02 19:30:00,6.42,5.48,46.4
MIDLANDS,2025-02-02 20:00:00,9.93,6.22,48.9
MIDLANDS,2025-02-02 20:30:00,9.6,2.68,26.8
MIDLANDS,2025-02-02 21:00:00,8.97,3.06,52.1
MIDLANDS,2025-02-02 21:30:00,11.19,0.95,66.9
MIDLANDS,2025-02-02 22:00:00,7.43,5.82,65.4
MIDLANDS,2025-02-02 22:30:00,9.07,2.11,46.2
MIDLANDS,2025-02-02 23:00:00,9.41,7.54,68.6
MIDLANDS,2025-02-02 23:30:00,7.22,4.68,103.7
MIDLANDS,2025-02-03 00:00:00,8.08,6.92,46.7
MIDLANDS,2025-02-03 00:30:00,7.9,5.24,67.2
MIDLANDS,2025-02-03 01:00:00,6.55,2.38,77.8
MIDLANDS,2025-02-03 01:30:00,8.9,7.02,92.5
MIDLANDS,2025-02-03 02:00:00,7.12,3.38,84.3
MIDLANDS,2025-02-03 02:30:00,7.81,2.04,41.4
MIDLANDS,2025-02-03 03:00:00,7.03,3.65,59.5
MIDLANDS,2025-02-03 03:30:00,7.72,5.52,83.9
MIDLANDS,2025-02-03 04:00:00,3.64,4.51,72.5
MIDLANDS,2025-02-03 04:30:00,4.12,2.69,44.9
MIDLANDS,2025-02-03 05:00:00,5.57,7.26,96.4
MIDLANDS,2025-02-03 05:30:00,4.56,5.05,70.1
MIDLANDS,2025-02-03 06:00:00,5.69,4.8,65.5
MIDLANDS,2025-02-03 06:30:00,7.25,6.2,40.9
MIDLANDS,2025-02-03 07:00:00,5.98,5.78,65.7
MIDLANDS,2025-02-03 07:30:00,6.38,4.38,63.6
MIDLANDS,2025-02-03 08:00:00,5.1,0.0,58.6
MIDLANDS,2025-02-03 08:30:00,4.15,1.63,85.8
MIDLANDS,2025-02-03 09:00:00,5.63,3.94,49.8
MIDLANDS,2025-02-03 09:30:00,5.38,5.98,45.1
MIDLANDS,2025-02-03 10:00:00,5.22,5.74,25.2
MIDLANDS,2025-02-03 10:30:00,5.15,3.14,57.6
MIDLANDS,2025-02-03 11:00:00,4.94,4.28,94.6
MIDLANDS,2025-02-03 11:30:00,5.15,4.58,95.9
MIDLANDS,2025-02-03 12:00:00,5.29,7.63,60.1
MIDLANDS,2025-02-03 12:30:00,8.09,5.5,65.5
MIDLANDS,2025-02-03 13:00:00,6.36,2.75,61.4
MIDLANDS,2025-02-03 13:30:00,7.51,3.97,54.3
MIDLANDS,2025-02-03 14:00:00,6.65,5.98,82.1
MIDLANDS,2025-02-03 14:30:00,6.15,2.66,66.8
MIDLANDS,2025-02-03 15:00:00,9.31,6.29,37.5
MIDLANDS,2025-02-03 15:30:00,7.16,2.14,55.2
MIDLANDS,2025-02-03 16:00:00,9.88,1.15,30.9
MIDLANDS,2025-02-03 16:30:00,6.96,4.57,71.2
MIDLANDS,2025-02-03 17:00:00,8.89,6.35,28.3
MIDLANDS,2025-02-03 17:30:00,9.79,3.38,73.2
MIDLANDS,2025-02-03 18:00:00,7.1,4.01,64.3
MIDLANDS,2025-02-03 18:30:00,10.07,0.83,60.6
MIDLANDS,2025-02-03 19:00:00,7.58,5.01,74.0
MIDLANDS,2025-02-03 19:30:00,10.43,2.93,76.7
MIDLANDS,2025-02-03 20:00:00,10.59,0.71,71.0
MIDLANDS,2025-02-03 20:30:00,10.1,3.48,38.2
MIDLANDS,2025-02-03 21:00:00,10.02,1.6,56.8
MIDLANDS,2025-02-03 21:30:00,8.84,5.43,48.7
MIDLANDS,2025-02-03 22:00:00,7.87,4.2,78.1
MIDLANDS,2025-02-03 22:30:00,11.43,0.99,65.7
MIDLANDS,2025-02-03 23:00:00,7.07,6.04,43.1
MIDLANDS,2025-02-03 23:30:00,7.56,2.82,58.6
MIDLANDS,2025-02-04 00:00:00,8.41,4.97,59.9
MIDLANDS,2025-02-04 00:30:00,6.43,5.46,59.0
MIDLANDS,2025-02-04 01:00:00,8.93,2.58,31.2
MIDLANDS,2025-02-04 01:30:00,7.5,6.59,62.9
MIDLANDS,2025-02-04 02:00:00,6.78,2.26,91.6
MIDLANDS,2025-02-04 02:30:00,5.79,2.55,70.3
MIDLANDS,2025-02-04 03:00:00,4.28,6.55,71.2
MIDLANDS,2025-02-04 03:30:00,7.58,5.12,57.1
MIDLANDS,2025-02-04 04:00:00,4.75,3.72,42.4
MIDLANDS,2025-02-04 04:30:00,6.6,5.61,86.6
MIDLANDS,2025-02-04 05:00:00,6.05,5.85,54.7
MIDLANDS,2025-02-04 05:30:00,5.03,4.95,53.0
MIDLANDS,2025-02-04 06:00:00,5.61,1.88,44.1
MIDLANDS,2025-02-04 06:30:00,6.05,5.77,42.3
MIDLANDS,2025-02-04 07:00:00,5.89,2.93,60.3
MIDLANDS,2025-02-04 07:30:00,6.79,5.61,74.3
MIDLANDS,2025-02-04 08:00:00,7.31,2.59,42.3
MIDLANDS,2025-02-04 08:30:00,4.15,3.49,17.6
MIDLANDS,2025-02-04 09:00:00,4.84,2.91,74.1
MIDLANDS,2025-02-04 09:30:00,5.51,2.8,70.6
MIDLANDS,2025-02-04 10:00:00,6.16,2.46,51.1
MIDLANDS,2025-02-04 10:30:00,2.62,1.82,46.6
MIDLANDS,2025-02-04 11:00:00,5.7,2.11,50.8
MIDLANDS,2025-02-04 11:30:00,4.14,4.34,67.7
MIDLANDS,2025-02-04 12:00:00,6.5,4.02,32.3
MIDLANDS,2025-02-04 12:30:00,5.28,3.19,52.7
MIDLANDS,2025-02-04 13:00:00,6.59,6.85,74.6
MIDLANDS,2025-02-04 13:30:00,5.32,5.36,71.5
MIDLANDS,2025-02-04 14:00:00,6.05,5.7,57.1
MIDLANDS,2025-02-04 14:30:00,5.33,4.91,63.9
MIDLANDS,2025-02-04 15:00:00,7.27,3.93,47.1
MIDLANDS,2025-02-04 15:30:00,8.27,3.91,63.0
MIDLANDS,2025-02-04 16:00:00,8.45,1.69,43.9
MIDLANDS,2025-02-04 16:30:00,5.37,5.13,38.2
MIDLANDS,2025-02-04 17:00:00,8.59,4.74,70.8
MIDLANDS,2025-02-04 17:30:00,6.99,3.87,90.1
MIDLANDS,2025-02-04 18:00:00,10.81,5.97,66.1
MIDLANDS,2025-02-04 18:30:00,7.55,5.44,57.2
MIDLANDS,2025-02-04 19:00:00,9.63,2.73,56.9
MIDLANDS,2025-02-04 19:30:00,9.15,4.49,68.9
MIDLANDS,2025-02-04 20:00:00,8.33,1.31,89.2
MIDLANDS,2025-02-04 20:30:00,12.01,4.89,36.2
MIDLANDS,2025-02-04 21:00:00,8.03,5.02,84.1
MIDLANDS,2025-02-04 21:30:00,7.5,3.75,63.5
MIDLANDS,2025-02-04 22:00:00,9.79,3.31,31.9
MIDLANDS,2025-02-04 22:30:00,9.5,6.25,58.5
MIDLANDS,2025-02-04 23:00:00,8.92,3.05,44.8
MIDLANDS,2025-02-04 23:30:00,9.67,4.77,68.8
MIDLANDS,2025-02-05 00:00:00,9.89,1.89,50.1
MIDLANDS,2025-02-05 00:30:00,8.28,2.87,74.1
MIDLANDS,2025-02-05 01:00:00,7.38,2.01,61.2
MIDLANDS,2025-02-05 01:30:00,7.81,5.87,67.1
MIDLANDS,2025-02-05 02:00:00,7.64,4.64,56.6
MIDLANDS,2025-02-05 02:30:00,6.23,4.58,54.0
MIDLANDS,2025-02-05 03:00:00,8.6,6.68,71.4
MIDLANDS,2025-02-05 03:30:00,7.02,3.82,37.3
MIDLANDS,2025-02-05 04:00:00,5.83,4.2,64.1
MIDLANDS,2025-02-05 04:30:00,6.65,5.84,47.5
MIDLANDS,2025-02-05 05:00:00,4.85,6.9,73.9
MIDLANDS,2025-02-05 05:30:00,5.2,3.79,58.2
MIDLANDS,2025-02-05 06:00:00,5.39,4.95,105.6
MIDLANDS,2025-02-05 06:30:00,5.58,5.33,29.6
MIDLANDS,2025-02-05 07:00:00,4.57,6.46,67.2
MIDLANDS,2025-02-05 07:30:00,-0.11,5.35,94.5
MIDLANDS,2025-02-05 08:00:00,2.69,7.04,10.1
MIDLANDS,2025-02-05 08:30:00,6.21,3.98,17.7
MIDLANDS,2025-02-05 09:00:00,5.69,6.3,66.5
MIDLANDS,2025-02-05 09:30:00,5.86,3.18,26.5
MIDLANDS,2025-02-05 10:00:00,6.19,7.5,80.3
MIDLANDS,2025-02-05 10:30:00,2.97,0.97,44.8
MIDLANDS,2025-02-05 11:00:00,3.76,4.09,67.1
MIDLANDS,2025-02-05 11:30:00,3.96,5.55,70.8
MIDLANDS,2025-02-05 12:00:00,5.43,3.65,24.9
MIDLANDS,2025-02-05 12:30:00,5.69,4.01,63.0
MIDLANDS,2025-02-05 13:00:00,7.02,4.49,55.2
MIDLANDS,2025-02-05 13:30:00,6.91,6.0,58.3
MIDLANDS,2025-02-05 14:00:00,7.47,3.63,48.4
MIDLANDS,2025-02-05 14:30:00,7.72,2.89,67.0
MIDLANDS,2025-02-05 15:00:00,7.64,3.39,54.1
MIDLANDS,2025-02-05 15:30:00,7.0,0.71,66.9
MIDLANDS,2025-02-05 16:00:00,8.37,5.7,50.4
MIDLANDS,2025-02-05 16:30:00,10.36,3.24,44.2
MIDLANDS,2025-02-05 17:00:00,7.31,0.53,87.6
MIDLANDS,2025-02-05 17:30:00,10.15,5.2,43.9
MIDLANDS,2025-02-05 18:00:00,10.99,3.3,55.2
MIDLANDS,2025-02-05 18:30:00,10.54,5.32,99.6
MIDLANDS,2025-02-05 19:00:00,9.32,3.21,49.0
MIDLANDS,2025-02-05 19:30:00,6.8,3.44,80.6
MIDLANDS,2025-02-05 20:00:00,9.81,4.04,42.1
MIDLANDS,2025-02-05 20:30:00,9.36,6.03,67.8
MIDLANDS,2025-02-05 21:00:00,9.22,2.41,75.6
MIDLANDS,2025-02-05 21:30:00,5.26,4.77,106.3
MIDLANDS,2025-02-05 22:00:00,7.01,3.52,59.9
MIDLANDS,2025-02-05 22:30:00,8.26,6.07,68.5
MIDLANDS,2025-02-05 23:00:00,8.68,5.59,60.3
MIDLANDS,2025-02-05 23:30:00,12.32,4.3,63.5
MIDLANDS,2025-02-06 00:00:00,6.1,2.91,80.7
MIDLANDS,2025-02-06 00:30:00,6.55,0.0,60.6
MIDLANDS,2025-02-06 01:00:00,9.32,4.08,53.9
MIDLANDS,2025-02-06 01:30:00,5.44,4.9,71.9
MIDLANDS,2025-02-06 02:00:00,5.02,6.27,73.8
MIDLANDS,2025-02-06 02:30:00,8.51,5.17,71.8
MIDLANDS,2025-02-06 03:00:00,7.26,5.74,27.3
MIDLANDS,2025-02-06 03:30:00,4.84,2.53,57.7
MIDLANDS,2025-02-06 04:00:00,6.62,4.65,80.1
MIDLANDS,2025-02-06 04:30:00,7.53,2.26,64.3
MIDLANDS,2025-02-06 05:00:00,4.72,3.62,65.8
MIDLANDS,2025-02-06 05:30:00,1.65,8.82,70.2
MIDLANDS,2025-02-06 06:00:00,4.71,7.85,53.7
MIDLANDS,2025-02-06 06:30:00,5.58,3.03,89.7
MIDLANDS,2025-02-06 07:00:00,5.1,4.3,81.7
MIDLANDS,2025-02-06 07:30:00,5.92,3.89,80.0
MIDLANDS,2025-02-06 08:00:00,8.2,4.63,62.1
MIDLANDS,2025-02-06 08:30:00,5.36,6.62,49.2
MIDLANDS,2025-02-06 09:00:00,4.89,0.93,38.7
MIDLANDS,2025-02-06 09:30:00,4.6,3.89,91.8
MIDLANDS,2025-02-06 10:00:00,6.07,2.18,46.9
MIDLANDS,2025-02-06 10:30:00,7.07,6.25,60.5
MIDLANDS,2025-02-06 11:00:00,5.21,6.25,42.1
MIDLANDS,2025-02-06 11:30:00,6.21,8.55,63.7
MIDLANDS,2025-02-06 12:00:00,5.22,4.82,51.5
MIDLANDS,2025-02-06 12:30:00,4.48,5.4,80.1
MIDLANDS,2025-02-06 13:00:00,6.26,3.25,42.7
MIDLANDS,2025-02-06 13:30:00,6.46,2.88,41.8
MIDLANDS,2025-02-06 14:00:00,9.42,4.93,70.3
MIDLANDS,2025-02-06 14:30:00,8.21,5.54,52.6
MIDLANDS,2025-02-06 15:00:00,8.0,3.46,67.9
MIDLANDS,2025-02-06 15:30:00,8.08,3.23,36.1
MIDLANDS,2025-02-06 16:00:00,8.33,3.59,26.0
MIDLANDS,2025-02-06 16:30:00,8.76,5.93,105.5
MIDLANDS,2025-02-06 17:00:00,8.1,2.92,40.0
MIDLANDS,2025-02-06 17:30:00,8.82,4.4,45.4
MIDLANDS,2025-02-06 18:00:00,8.68,0.04,76.7
MIDLANDS,2025-02-06 18:30:00,7.96,3.93,34.3
MIDLANDS,2025-02-06 19:00:00,8.39,3.44,59.8
MIDLANDS,2025-02-06 19:30:00,9.66,6.88,73.2
MIDLANDS,2025-02-06 20:00:00,10.31,6.89,70.3
MIDLANDS,2025-02-06 20:30:00,9.11,6.02,79.3
MIDLANDS,2025-02-06 21:00:00,9.86,1.09,44.9
MIDLANDS,2025-02-06 21:30:00,8.76,5.56,59.6
MIDLANDS,2025-02-06 22:00:00,10.25,6.63,81.6
MIDLANDS,2025-02-06 22:30:00,10.33,1.93,68.7
MIDLANDS,2025-02-06 23:00:00,7.84,0.7,54.8
MIDLANDS,2025-02-06 23:30:00,10.16,4.92,96.3
MIDLANDS,2025-02-07 00:00:00,8.43,8.9,63.2
MIDLANDS,2025-02-07 00:30:00,8.25,1.44,80.0
MIDLANDS,2025-02-07 01:00:00,7.13,2.71,83.1
MIDLANDS,2025-02-07 01:30:00,9.13,6.26,53.5
MIDLANDS,2025-02-07 02:00:00,7.16,3.88,74.1
MIDLANDS,2025-02-07 02:30:00,9.08,4.74,95.5
MIDLANDS,2025-02-07 03:00:00,7.78,3.53,74.9
MIDLANDS,2025-02-07 03:30:00,8.75,8.0,81.4
MIDLANDS,2025-02-07 04:00:00,6.25,3.57,70.4
MIDLANDS,2025-02-07 04:30:00,8.23,4.87,68.2
MIDLANDS,2025-02-07 05:00:00,5.87,3.34,57.1
MIDLANDS,2025-02-07 05:30:00,5.97,7.44,55.7
MIDLANDS,2025-02-07 06:00:00,5.55,2.27,72.9
MIDLANDS,2025-02-07 06:30:00,7.13,7.25,63.7
MIDLANDS,2025-02-07 07:00:00,5.98,3.69,69.5
MIDLANDS,2025-02-07 07:30:00,5.66,4.12,62.5
MIDLANDS,2025-02-07 08:00:00,5.76,3.41,55.6
MIDLANDS,2025-02-07 08:30:00,7.27,9.42,38.3
MIDLANDS,2025-02-07 09:00:00,3.78,2.09,58.1
MIDLANDS,2025-02-07 09:30:00,6.36,5.18,63.1
MIDLANDS,2025-02-07 10:00:00,6.12,2.62,55.6
MIDLANDS,2025-02-07 10:30:00,5.46,0.83,39.1
MIDLANDS,2025-02-07 11:00:00,4.46,5.53,64.4
MIDLANDS,2025-02-07 11:30:00,6.54,0.32,33.3
MIDLANDS,2025-02-07 12:00:00,7.02,0.0,82.0
MIDLANDS,2025-02-07 12:30:00,4.03,5.69,44.0
MIDLANDS,2025-02-07 13:00:00,7.96,10.42,19.1
MIDLANDS,2025-02-07 13:30:00,7.54,0.38,67.7
MIDLANDS,2025-02-07 14:00:00,6.97,4.26,43.6
MIDLANDS,2025-02-07 14:30:00,8.16,1.1,82.3
MIDLANDS,2025-02-07 15:00:00,7.25,1.19,88.7
MIDLANDS,2025-02-07 15:30:00,7.66,7.82,82.0
MIDLANDS,2025-02-07 16:00:00,7.26,3.83,62.2
MIDLANDS,2025-02-07 16:30:00,10.05,4.88,63.2
MIDLANDS,2025-02-07 17:00:00,8.39,3.9,83.5
MIDLANDS,2025-02-07 17:30:00,8.64,3.21,49.8
MIDLANDS,2025-02-07 18:00:00,8.29,1.2,46.5
MIDLANDS,2025-02-07 18:30:00,10.75,3.59,72.7
MIDLANDS,2025-02-07 19:00:00,6.18,5.14,57.1
MIDLANDS,2025-02-07 19:30:00,8.57,4.36,51.1
MIDLANDS,2025-02-07 20:00:00,6.67,5.84,64.4
MIDLANDS,2025-02-07 20:30:00,8.84,2.07,33.5
MIDLANDS,2025-02-07 21:00:00,9.42,7.23,63.7
MIDLANDS,2025-02-07 21:30:00,7.49,4.45,59.0
MIDLANDS,2025-02-07 22:00:00,9.99,5.21,6.3
MIDLANDS,2025-02-07 22:30:00,9.61,1.99,34.4
MIDLANDS,2025-02-07 23:00:00,8.41,4.82,30.5
MIDLANDS,2025-02-07 23:30:00,9.48,5.53,60.8
MIDLANDS,2025-02-08 00:00:00,7.24,2.04,78.5
MIDLANDS,2025-02-08 00:30:00,6.47,6.13,57.0
MIDLANDS,2025-02-08 01:00:00,7.69,0.58,57.4
MIDLANDS,2025-02-08 01:30:00,8.54,1.33,69.0
MIDLANDS,2025-02-08 02:00:00,7.39,2.71,75.4
MIDLANDS,2025-02-08 02:30:00,4.64,4.69,89.1
MIDLANDS,2025-02-08 03:00:00,8.5,4.78,54.6
MIDLANDS,2025-02-08 03:30:00,6.0,3.39,69.8
MIDLANDS,2025-02-08 04:00:00,5.32,5.51,98.4
MIDLANDS,2025-02-08 04:30:00,6.21,1.31,35.8
MIDLANDS,2025-02-08 05:00:00,6.8,3.88,75.8
MIDLANDS,2025-02-08 05:30:00,5.23,5.66,57.2
MIDLANDS,2025-02-08 06:00:00,4.67,3.2,38.5
MIDLANDS,2025-02-08 06:30:00,7.94,3.81,71.6
MIDLANDS,2025-02-08 07:00:00,4.71,1.9,55.8
MIDLANDS,2025-02-08 07:30:00,6.67,2.96,44.3
MIDLANDS,2025-02-08 08:00:00,5.47,5.0,89.6
MIDLANDS,2025-02-08 08:30:00,5.71,5.29,72.9
MIDLANDS,2025-02-08 09:00:00,3.97,2.07,40.5
MIDLANDS,2025-02-08 09:30:00,3.75,5.59,65.2
MIDLANDS,2025-02-08 10:00:00,5.65,0.0,97.0
MIDLANDS,2025-02-08 10:30:00,4.48,8.1,33.9
MIDLANDS,2025-02-08 11:00:00,4.9,0.0,66.5
MIDLANDS,2025-02-08 11:30:00,4.55,1.85,35.3
MIDLANDS,2025-02-08 12:00:00,7.22,5.42,92.6
MIDLANDS,2025-02-08 12:30:00,5.46,4.44,36.8
MIDLANDS,2025-02-08 13:00:00,6.37,2.96,68.4
MIDLANDS,2025-02-08 13:30:00,7.99,5.98,44.8
MIDLANDS,2025-02-08 14:00:00,8.48,3.91,54.2
MIDLANDS,2025-02-08 14:30:00,6.43,2.88,91.4
MIDLANDS,2025-02-08 15:00:00,8.17,4.35,55.3
MIDLANDS,2025-02-08 15:30:00,10.74,6.61,47.0
MIDLANDS,2025-02-08 16:00:00,7.96,3.57,62.6
MIDLANDS,2025-02-08 16:30:00,7.44,4.88,86.1
MIDLANDS,2025-02-08 17:00:00,7.12,1.74,51.3
MIDLANDS,2025-02-08 17:30:00,8.18,8.0,78.0
MIDLANDS,2025-02-08 18:00:00,10.15,3.47,54.8
MIDLANDS,2025-02-08 18:30:00,7.28,5.56,68.8
MIDLANDS,2025-02-08 19:00:00,10.76,3.58,57.4
MIDLANDS,2025-02-08 19:30:00,9.42,5.78,33.5
MIDLANDS,2025-02-08 20:00:00,10.17,3.96,40.9
MIDLANDS,2025-02-08 20:30:00,6.78,3.73,86.1
MIDLANDS,2025-02-08 21:00:00,11.23,4.71,95.3
MIDLANDS,2025-02-08 21:30:00,9.17,5.91,51.9
MIDLANDS,2025-02-08 22:00:00,8.4,2.64,22.9
MIDLANDS,2025-02-08 22:30:00,10.56,2.72,45.6
MIDLANDS,2025-02-08 23:00:00,7.28,3.59,91.7
MIDLANDS,2025-02-08 23:30:00,11.21,0.68,53.6
MIDLANDS,2025-02-09 00:00:00,7.11,5.98,65.2
MIDLANDS,2025-02-09 00:30:00,7.59,4.15,51.4
MIDLANDS,2025-02-09 01:00:00,9.8,5.09,72.1
MIDLANDS,2025-02-09 01:30:00,4.67,3.87,97.5
MIDLANDS,2025-02-09 02:00:00,8.94,0.31,54.4
MIDLANDS,2025-02-09 02:30:00,5.91,7.42,64.4
MIDLANDS,2025-02-09 03:00:00,5.91,4.07,13.1
MIDLANDS,2025-02-09 03:30:00,5.53,4.07,75.2
MIDLANDS,2025-02-09 04:00:00,4.02,3.24,78.2
MIDLANDS,2025-02-09 04:30:00,4.61,4.46,61.2
MIDLANDS,2025-02-09 05:00:00,7.99,3.54,56.9
MIDLANDS,2025-02-09 05:30:00,6.96,1.35,56.0
MIDLANDS,2025-02-09 06:00:00,5.07,3.72,75.3
MIDLANDS,2025-02-09 06:30:00,6.28,2.5,62.5
MIDLANDS,2025-02-09 07:00:00,7.21,2.34,62.6
MIDLANDS,2025-02-09 07:30:00,5.19,3.87,30.6
MIDLANDS,2025-02-09 08:00:00,7.04,2.45,78.5
MIDLANDS,2025-02-09 08:30:00,4.6,2.75,81.8
MIDLANDS,2025-02-09 09:00:00,6.61,4.42,73.7
MIDLANDS,2025-02-09 09:30:00,5.07,3.98,48.1
MIDLANDS,2025-02-09 10:00:00,6.7,2.61,86.7
MIDLANDS,2025-02-09 10:30:00,5.24,4.04,73.7
MIDLANDS,2025-02-09 11:00:00,5.96,3.4,59.5
MIDLANDS,2025-02-09 11:30:00,7.01,2.67,57.7
MIDLANDS,2025-02-09 12:00:00,6.36,5.73,58.2
MIDLANDS,2025-02-09 12:30:00,8.52,3.69,55.7
MIDLANDS,2025-02-09 13:00:00,6.63,1.37,41.3
MIDLANDS,2025-02-09 13:30:00,6.2,6.27,59.4
MIDLANDS,2025-02-09 14:00:00,6.77,6.45,87.9
MIDLANDS,2025-02-09 14:30:00,8.86,2.29,51.1
MIDLANDS,2025-02-09 15:00:00,10.04,4.48,55.2
MIDLANDS,2025-02-09 15:30:00,8.73,6.01,49.7
MIDLANDS,2025-02-09 16:00:00,8.61,5.85,39.1
MIDLANDS,2025-02-09 16:30:00,8.36,1.77,42.3
MIDLANDS,2025-02-09 17:00:00,8.09,4.95,54.2
MIDLANDS,2025-02-09 17:30:00,7.99,4.1,39.4
MIDLANDS,2025-02-09 18:00:00,9.6,6.26,58.6
MIDLANDS,2025-02-09 18:30:00,8.84,4.75,23.5
MIDLANDS,2025-02-09 19:00:00,9.93,10.2,57.8
MIDLANDS,2025-02-09 19:30:00,9.14,5.49,89.6
MIDLANDS,2025-02-09 20:00:00,10.52,0.0,70.1
MIDLANDS,2025-02-09 20:30:00,12.44,5.24,39.2
MIDLANDS,2025-02-09 21:00:00,9.62,1.44,82.2
MIDLANDS,2025-02-09 21:30:00,8.13,4.15,44.6
MIDLANDS,2025-02-09 22:00:00,8.43,6.97,61.9
MIDLANDS,2025-02-09 22:30:00,8.41,1.71,26.3
MIDLANDS,2025-02-09 23:00:00,7.26,4.22,77.6
MIDLANDS,2025-02-09 23:30:00,8.09,7.14,47.1
MIDLANDS,2025-02-10 00:00:00,8.13,1.84,77.8
MIDLANDS,2025-02-10 00:30:00,10.93,0.48,53.8
MIDLANDS,2025-02-10 01:00:00,9.45,1.11,70.2
MIDLANDS,2025-02-10 01:30:00,9.4,4.16,69.9
MIDLANDS,2025-02-10 02:00:00,9.53,7.9,58.9
MIDLANDS,2025-02-10 02:30:00,6.78,2.16,77.6
MIDLANDS,2025-02-10 03:00:00,5.25,3.49,61.8
MIDLANDS,2025-02-10 03:30:00,6.29,4.56,106.2
MIDLANDS,2025-02-10 04:00:00,6.27,3.13,78.3
MIDLANDS,2025-02-10 04:30:00,6.7,6.88,63.0
MIDLANDS,2025-02-10 05:00:00,5.7,0.43,30.8
MIDLANDS,2025-02-10 05:30:00,3.8,4.76,35.5
MIDLANDS,2025-02-10 06:00:00,7.19,4.06,55.6
MIDLANDS,2025-02-10 06:30:00,4.67,5.24,45.5
MIDLANDS,2025-02-10 07:00:00,4.3,6.38,66.4
MIDLANDS,2025-02-10 07:30:00,5.2,5.28,60.2
MIDLANDS,2025-02-10 08:00:00,5.87,2.37,97.3
MIDLANDS,2025-02-10 08:30:00,4.72,7.11,56.6
MIDLANDS,2025-02-10 09:00:00,6.45,5.47,80.6
MIDLANDS,2025-02-10 09:30:00,4.47,6.15,93.2
MIDLANDS,2025-02-10 10:00:00,5.37,4.07,50.6
MIDLANDS,2025-02-10 10:30:00,5.27,7.42,41.9
MIDLANDS,2025-02-10 11:00:00,4.87,7.22,71.2
MIDLANDS,2025-02-10 11:30:00,8.54,3.1,62.3
MIDLANDS,2025-02-10 12:00:00,5.62,4.29,28.1
MIDLANDS,2025-02-10 12:30:00,7.24,4.65,59.0
MIDLANDS,2025-02-10 13:00:00,6.43,2.21,73.1
MIDLANDS,2025-02-10 13:30:00,5.49,5.02,97.3
MIDLANDS,2025-02-10 14:00:00,9.2,0.99,50.3
MIDLANDS,2025-02-10 14:30:00,7.92,3.86,34.8
MIDLANDS,2025-02-10 15:00:00,8.39,3.98,94.5
MIDLANDS,2025-02-10 15:30:00,7.63,6.34,37.2
MIDLANDS,2025-02-10 16:00:00,7.18,5.44,79.5
MIDLANDS,2025-02-10 16:30:00,7.27,4.05,35.1
MIDLANDS,2025-02-10 17:00:00,8.61,5.67,52.2
MIDLANDS,2025-02-10 17:30:00,8.53,1.74,48.3
MIDLANDS,2025-02-10 18:00:00,11.26,4.15,42.0
MIDLANDS,2025-02-10 18:30:00,8.77,0.81,41.7
MIDLANDS,2025-02-10 19:00:00,10.98,3.72,94.0
MIDLANDS,2025-02-10 19:30:00,9.23,3.93,71.5
MIDLANDS,2025-02-10 20:00:00,6.21,4.41,59.1
MIDLANDS,2025-02-10 20:30:00,11.2,5.93,39.6
MIDLANDS,2025-02-10 21:00:00,10.84,3.48,43.7
MIDLANDS,2025-02-10 21:30:00,9.58,3.59,87.7
MIDLANDS,2025-02-10 22:00:00,9.56,4.41,76.2
MIDLANDS,2025-02-10 22:30:00,10.46,5.57,85.6
MIDLANDS,2025-02-10 23:00:00,9.56,4.34,82.3
MIDLANDS,2025-02-10 23:30:00,8.72,4.07,91.0
MIDLANDS,2025-02-11 00:00:00,10.43,3.98,51.8
MIDLANDS,2025-02-11 00:30:00,10.23,5.6,65.7
MIDLANDS,2025-02-11 01:00:00,7.61,4.66,59.6
MIDLANDS,2025-02-11 01:30:00,7.2,4.26,64.8
MIDLANDS,2025-02-11 02:00:00,7.03,5.81,83.2
MIDLANDS,2025-02-11 02:30:00,8.64,3.45,73.6
MIDLANDS,2025-02-11 03:00:00,7.05,1.53,72.1
MIDLANDS,2025-02-11 03:30:00,7.14,9.19,86.2
MIDLANDS,2025-02-11 04:00:00,7.33,4.5,62.9
MIDLANDS,2025-02-11 04:30:00,5.27,0.52,44.3
MIDLANDS,2025-02-11 05:00:00,6.01,0.0,50.2
MIDLANDS,2025-02-11 05:30:00,5.77,3.57,48.1
MIDLANDS,2025-02-11 06:00:00,5.34,7.45,71.9
MIDLANDS,2025-02-11 06:30:00,5.07,3.86,59.5
MIDLANDS,2025-02-11 07:00:00,4.63,2.46,78.2
MIDLANDS,2025-02-11 07:30:00,5.04,1.81,59.2
MIDLANDS,2025-02-11 08:00:00,5.62,0.05,59.3
MIDLANDS,2025-02-11 08:30:00,6.52,4.9,100.1
MIDLANDS,2025-02-11 09:00:00,7.05,6.9,110.4
MIDLANDS,2025-02-11 09:30:00,6.46,4.33,77.5
MIDLANDS,2025-02-11 10:00:00,5.08,4.22,48.3
MIDLANDS,2025-02-11 10:30:00,6.22,2.7,47.6
MIDLANDS,2025-02-11 11:00:00,6.56,3.72,25.3
MIDLANDS,2025-02-11 11:30:00,4.32,1.71,44.1
MIDLANDS,2025-02-11 12:00:00,5.85,4.44,79.2
MIDLANDS,2025-02-11 12:30:00,7.38,6.14,71.0
MIDLANDS,2025-02-11 13:00:00,7.21,6.2,76.5
MIDLANDS,2025-02-11 13:30:00,7.41,6.54,17.8
MIDLANDS,2025-02-11 14:00:00,7.13,3.39,80.7
MIDLANDS,2025-02-11 14:30:00,9.36,1.1,85.4
MIDLANDS,2025-02-11 15:00:00,6.59,1.72,55.8
MIDLANDS,2025-02-11 15:30:00,7.61,0.88,71.7
MIDLANDS,2025-02-11 16:00:00,9.29,6.11,52.2
MIDLANDS,2025-02-11 16:30:00,8.43,3.94,90.4
MIDLANDS,2025-02-11 17:00:00,5.49,2.09,60.1
MIDLANDS,2025-02-11 17:30:00,7.59,3.48,57.7
MIDLANDS,2025-02-11 18:00:00,8.42,4.13,71.3
MIDLANDS,2025-02-11 18:30:00,8.91,3.09,57.0
MIDLANDS,2025-02-11 19:00:00,9.4,0.52,68.3
MIDLANDS,2025-02-11 19:30:00,8.87,6.52,70.6
MIDLANDS,2025-02-11 20:00:00,10.88,1.98,53.3
MIDLANDS,2025-02-11 20:30:00,7.99,2.59,82.5
MIDLANDS,2025-02-11 21:00:00,11.2,1.7,51.8
MIDLANDS,2025-02-11 21:30:00,9.32,5.17,28.3
MIDLANDS,2025-02-11 22:00:00,7.29,4.98,24.9
MIDLANDS,2025-02-11 22:30:00,8.67,4.32,67.5
MIDLANDS,2025-02-11 23:00:00,8.72,3.27,75.2
MIDLANDS,2025-02-11 23:30:00,9.24,2.71,60.7
MIDLANDS,2025-02-12 00:00:00,9.0,7.44,74.2
MIDLANDS,2025-02-12 00:30:00,10.0,2.78,50.6
MIDLANDS,2025-02-12 01:00:00,7.78,3.71,41.9
MIDLANDS,2025-02-12 01:30:00,9.58,5.77,54.5
MIDLANDS,2025-02-12 02:00:00,8.31,4.45,73.0
MIDLANDS,2025-02-12 02:30:00,5.93,3.71,59.0
MIDLANDS,2025-02-12 03:00:00,7.77,2.74,15.0
MIDLANDS,2025-02-12 03:30:00,5.73,3.88,61.1
MIDLANDS,2025-02-12 04:00:00,8.56,5.17,61.5
MIDLANDS,2025-02-12 04:30:00,6.5,6.21,49.4
MIDLANDS,2025-02-12 05:00:00,5.96,1.82,85.5
MIDLANDS,2025-02-12 05:30:00,6.6,2.58,57.9
MIDLANDS,2025-02-12 06:00:00,6.42,3.5,50.4
MIDLANDS,2025-02-12 06:30:00,5.03,4.68,53.6
MIDLANDS,2025-02-12 07:00:00,5.07,1.33,61.4
MIDLANDS,2025-02-12 07:30:00,5.39,3.36,63.6
MIDLANDS,2025-02-12 08:00:00,6.44,5.4,69.9
MIDLANDS,2025-02-12 08:30:00,5.25,2.87,41.2
MIDLANDS,2025-02-12 09:00:00,4.9,4.04,45.8
MIDLANDS,2025-02-12 09:30:00,5.73,2.07,30.1
MIDLANDS,2025-02-12 10:00:00,6.79,3.05,44.9
MIDLANDS,2025-02-12 10:30:00,4.5,4.85,84.7
MIDLANDS,2025-02-12 11:00:00,5.64,3.57,79.3
MIDLANDS,2025-02-12 11:30:00,3.96,7.93,104.0
MIDLANDS,2025-02-12 12:00:00,3.3,3.8,47.1
MIDLANDS,2025-02-12 12:30:00,6.22,3.16,74.6
MIDLANDS,2025-02-12 13:00:00,6.89,2.18,56.9
MIDLANDS,2025-02-12 13:30:00,7.64,1.63,30.4
MIDLANDS,2025-02-12 14:00:00,9.93,2.72,57.5
MIDLANDS,2025-02-12 14:30:00,7.07,5.1,91.9
MIDLANDS,2025-02-12 15:00:00,8.76,0.96,35.1
MIDLANDS,2025-02-12 15:30:00,7.58,3.46,29.0
MIDLANDS,2025-02-12 16:00:00,9.53,1.83,86.9
MIDLANDS,2025-02-12 16:30:00,10.73,3.5,67.9
MIDLANDS,2025-02-12 17:00:00,7.48,5.25,51.0
MIDLANDS,2025-02-12 17:30:00,7.65,3.42,51.6
MIDLANDS,2025-02-12 18:00:00,8.88,5.9,45.9
MIDLANDS,2025-02-12 18:30:00,11.36,1.35,89.1
MIDLANDS,2025-02-12 19:00:00,8.25,4.0,51.2
MIDLANDS,2025-02-12 19:30:00,9.06,5.6,87.0
MIDLANDS,2025-02-12 20:00:00,10.97,3.19,63.3
MIDLANDS,2025-02-12 20:30:00,8.6,2.02,39.4
MIDLANDS,2025-02-12 21:00:00,8.95,4.5,25.6
MIDLANDS,2025-02-12 21:30:00,9.42,7.03,80.2
MIDLANDS,2025-02-12 22:00:00,8.57,1.21,68.3
MIDLANDS,2025-02-12 22:30:00,6.49,6.22,56.2
MIDLANDS,2025-02-12 23:00:00,11.15,0.55,76.5
MIDLANDS,2025-02-12 23:30:00,8.84,3.34,35.3
MIDLANDS,2025-02-13 00:00:00,9.32,5.35,92.1
MIDLANDS,2025-02-13 00:30:00,9.82,2.81,41.9
MIDLANDS,2025-02-13 01:00:00,6.48,6.95,46.0
MIDLANDS,2025-02-13 01:30:00,9.9,5.05,65.9
MIDLANDS,2025-02-13 02:00:00,7.24,5.32,59.7
MIDLANDS,2025-02-13 02:30:00,7.16,5.39,57.4
MIDLANDS,2025-02-13 03:00:00,6.13,5.2,58.8
MIDLANDS,2025-02-13 03:30:00,7.68,3.09,38.2
MIDLANDS,2025-02-13 04:00:00,8.69,7.09,75.9
MIDLANDS,2025-02-13 04:30:00,6.14,3.4,84.9
MIDLANDS,2025-02-13 05:00:00,5.77,2.73,93.7
MIDLANDS,2025-02-13 05:30:00,6.13,7.54,34.8
MIDLANDS,2025-02-13 06:00:00,6.5,8.14,60.5
MIDLANDS,2025-02-13 06:30:00,5.56,1.66,79.5
MIDLANDS,2025-02-13 07:00:00,4.75,3.81,37.8
MIDLANDS,2025-02-13 07:30:00,7.54,6.31,59.4
MIDLANDS,2025-02-13 08:00:00,4.22,7.07,53.4
MIDLANDS,2025-02-13 08:30:00,4.28,0.48,48.4
MIDLANDS,2025-02-13 09:00:00,3.93,2.75,73.4
MIDLANDS,2025-02-13 09:30:00,5.22,4.71,47.0
MIDLANDS,2025-02-13 10:00:00,5.95,7.84,53.7
MIDLANDS,2025-02-13 10:30:00,6.34,0.87,87.4
MIDLANDS,2025-02-13 11:00:00,5.62,6.1,57.8
MIDLANDS,2025-02-13 11:30:00,6.93,5.34,51.9
MIDLANDS,2025-02-13 12:00:00,7.92,2.48,74.0
MIDLANDS,2025-02-13 12:30:00,6.14,4.7,51.7
MIDLANDS,2025-02-13 13:00:00,7.15,1.85,64.5
MIDLANDS,2025-02-13 13:30:00,7.14,2.92,59.0
MIDLANDS,2025-02-13 14:00:00,7.77,2.77,57.7
MIDLANDS,2025-02-13 14:30:00,6.4,8.69,79.1
MIDLANDS,2025-02-13 15:00:00,8.45,6.34,24.4
MIDLANDS,2025-02-13 15:30:00,5.05,3.2,35.2
MIDLANDS,2025-02-13 16:00:00,8.32,4.41,76.6
MIDLANDS,2025-02-13 16:30:00,7.24,4.8,60.3
MIDLANDS,2025-02-13 17:00:00,9.44,2.96,84.9
MIDLANDS,2025-02-13 17:30:00,8.9,7.55,45.8
MIDLANDS,2025-02-13 18:00:00,10.23,3.88,54.1
MIDLANDS,2025-02-13 18:30:00,10.1,3.4,12.1
MIDLANDS,2025-02-13 19:00:00,5.86,6.54,82.1
MIDLANDS,2025-02-13 19:30:00,11.8,3.96,36.7
MIDLANDS,2025-02-13 20:00:00,9.1,4.02,41.9
MIDLANDS,2025-02-13 20:30:00,11.58,8.48,68.6
MIDLANDS,2025-02-13 21:00:00,9.52,1.41,87.8
MIDLANDS,2025-02-13 21:30:00,9.63,3.42,68.7
MIDLANDS,2025-02-13 22:00:00,8.64,4.29,34.0
MIDLANDS,2025-02-13 22:30:00,10.64,3.79,80.9
MIDLANDS,2025-02-13 23:00:00,8.78,3.73,38.2
MIDLANDS,2025-02-13 23:30:00,9.93,2.25,51.2
MIDLANDS,2025-02-14 00:00:00,8.67,4.24,29.3
MIDLANDS,2025-02-14 00:30:00,8.39,5.59,53.2
MIDLANDS,2025-02-14 01:00:00,7.92,4.32,57.7
MIDLANDS,2025-02-14 01:30:00,6.95,3.93,77.9
MIDLANDS,2025-02-14 02:00:00,6.41,3.25,35.1
MIDLANDS,2025-02-14 02:30:00,8.8,3.82,44.7
MIDLANDS,2025-02-14 03:00:00,7.26,1.59,41.4
MIDLANDS,2025-02-14 03:30:00,5.4,1.87,84.4
MIDLANDS,2025-02-14 04:00:00,5.79,4.93,44.9
MIDLANDS,2025-02-14 04:30:00,7.58,1.95,60.7
MIDLANDS,2025-02-14 05:00:00,6.32,8.66,71.3
MIDLANDS,2025-02-14 05:30:00,5.54,5.37,98.5
MIDLANDS,2025-02-14 06:00:00,3.98,2.32,55.7
MIDLANDS,2025-02-14 06:30:00,5.44,3.33,36.5
MIDLANDS,2025-02-14 07:00:00,7.42,1.15,56.4
MIDLANDS,2025-02-14 07:30:00,6.99,3.94,42.4
MIDLANDS,2025-02-14 08:00:00,4.05,3.54,46.4
MIDLANDS,2025-02-14 08:30:00,5.92,1.2,74.6
MIDLANDS,2025-02-14 09:00:00,5.88,4.38,85.9
MIDLANDS,2025-02-14 09:30:00,5.21,2.55,50.1
MIDLANDS,2025-02-14 10:00:00,5.71,3.82,45.0
MIDLANDS,2025-02-14 10:30:00,3.51,2.88,66.5
MIDLANDS,2025-02-14 11:00:00,6.42,6.4,95.2
MIDLANDS,2025-02-14 11:30:00,7.17,6.77,73.8
MIDLANDS,2025-02-14 12:00:00,8.72,7.7,77.1
MIDLANDS,2025-02-14 12:30:00,7.52,3.59,59.3
MIDLANDS,2025-02-14 13:00:00,6.75,5.24,47.0
MIDLANDS,2025-02-14 13:30:00,6.92,0.0,91.0
MIDLANDS,2025-02-14 14:00:00,7.4,4.91,86.2
MIDLANDS,2025-02-14 14:30:00,8.03,6.89,37.6
MIDLANDS,2025-02-14 15:00:00,11.06,6.17,63.8
MIDLANDS,2025-02-14 15:30:00,9.9,1.66,54.8
MIDLANDS,2025-02-14 16:00:00,10.4,0.27,70.1
MIDLANDS,2025-02-14 16:30:00,9.31,7.94,31.5
MIDLANDS,2025-02-14 17:00:00,11.01,2.88,52.0
MIDLANDS,2025-02-14 17:30:00,7.62,1.82,67.3
MIDLANDS,2025-02-14 18:00:00,8.07,5.48,48.1
MIDLANDS,2025-02-14 18:30:00,7.95,2.94,66.1
MIDLANDS,2025-02-14 19:00:00,9.27,4.07,72.5
MIDLANDS,2025-02-14 19:30:00,10.9,3.38,41.2
MIDLANDS,2025-02-14 20:00:00,9.76,4.94,33.7
MIDLANDS,2025-02-14 20:30:00,8.6,2.56,56.3
MIDLANDS,2025-02-14 21:00:00,8.69,5.41,31.1
MIDLANDS,2025-02-14 21:30:00,7.7,3.33,56.8
MIDLANDS,2025-02-14 22:00:00,7.66,2.79,52.8
MIDLANDS,2025-02-14 22:30:00,8.93,4.3,48.1
MIDLANDS,2025-02-14 23:00:00,10.86,4.98,45.5
MIDLANDS,2025-02-14 23:30:00,9.2,4.25,81.9
MIDLANDS,2025-02-15 00:00:00,8.01,5.53,60.8
MIDLANDS,2025-02-15 00:30:00,10.52,6.58,63.5
MIDLANDS,2025-02-15 01:00:00,7.93,5.01,56.8
MIDLANDS,2025-02-15 01:30:00,10.27,4.16,52.7
MIDLANDS,2025-02-15 02:00:00,7.18,1.57,70.0
MIDLANDS,2025-02-15 02:30:00,6.75,6.2,36.7
MIDLANDS,2025-02-15 03:00:00,7.37,6.3,21.3
MIDLANDS,2025-02-15 03:30:00,9.64,3.15,62.5
MIDLANDS,2025-02-15 04:00:00,7.42,5.45,64.9
MIDLANDS,2025-02-15 04:30:00,7.93,5.04,91.7
MIDLANDS,2025-02-15 05:00:00,6.94,7.93,76.2
MIDLANDS,2025-02-15 05:30:00,4.15,9.22,49.7
MIDLANDS,2025-02-15 06:00:00,7.79,4.05,79.1
MIDLANDS,2025-02-15 06:30:00,5.17,5.25,55.4
MIDLANDS,2025-02-15 07:00:00,7.69,4.88,76.8
MIDLANDS,2025-02-15 07:30:00,3.2,3.83,67.4
MIDLANDS,2025-02-15 08:00:00,6.0,5.92,53.4
MIDLANDS,2025-02-15 08:30:00,5.79,6.36,19.0
MIDLANDS,2025-02-15 09:00:00,6.51,3.33,43.6
MIDLANDS,2025-02-15 09:30:00,6.2,6.45,78.7
MIDLANDS,2025-02-15 10:00:00,5.84,5.75,75.6
MIDLANDS,2025-02-15 10:30:00,5.89,2.61,48.6
MIDLANDS,2025-02-15 11:00:00,7.32,3.92,41.2
MIDLANDS,2025-02-15 11:30:00,4.3,5.66,50.2
MIDLANDS,2025-02-15 12:00:00,7.13,6.48,36.4
MIDLANDS,2025-02-15 12:30:00,6.68,3.66,66.8
MIDLANDS,2025-02-15 13:00:00,8.7,1.34,70.3
MIDLANDS,2025-02-15 13:30:00,8.45,3.63,57.5
MIDLANDS,2025-02-15 14:00:00,8.23,4.69,70.5
MIDLANDS,2025-02-15 14:30:00,8.4,2.04,77.8
MIDLANDS,2025-02-15 15:00:00,9.65,4.37,33.1
MIDLANDS,2025-02-15 15:30:00,8.11,4.39,39.4
MIDLANDS,2025-02-15 16:00:00,8.3,1.18,70.9
MIDLANDS,2025-02-15 16:30:00,8.93,0.71,66.3
MIDLANDS,2025-02-15 17:00:00,9.08,5.03,53.0
MIDLANDS,2025-02-15 17:30:00,8.18,2.46,50.3
MIDLANDS,2025-02-15 18:00:00,9.49,4.3,56.6
MIDLANDS,2025-02-15 18:30:00,8.96,3.3,105.1
MIDLANDS,2025-02-15 19:00:00,8.74,2.88,119.3
MIDLANDS,2025-02-15 19:30:00,10.17,1.24,75.2
MIDLANDS,2025-02-15 20:00:00,8.64,5.82,56.2
MIDLANDS,2025-02-15 20:30:00,9.2,7.22,70.2
MIDLANDS,2025-02-15 21:00:00,10.83,4.87,52.0
MIDLANDS,2025-02-15 21:30:00,10.4,6.42,62.4
MIDLANDS,2025-02-15 22:00:00,11.63,5.7,63.8
MIDLANDS,2025-02-15 22:30:00,9.76,4.27,37.5
MIDLANDS,2025-02-15 23:00:00,9.04,4.44,52.5
MIDLANDS,2025-02-15 23:30:00,9.55,4.04,73.9
MIDLANDS,2025-02-16 00:00:00,9.59,4.33,35.4
MIDLANDS,2025-02-16 00:30:00,10.94,3.72,58.5
MIDLANDS,2025-02-16 01:00:00,7.9,3.02,87.8
MIDLANDS,2025-02-16 01:30:00,9.97,4.89,58.1
MIDLANDS,2025-02-16 02:00:00,8.54,4.15,56.6
MIDLANDS,2025-02-16 02:30:00,8.2,3.12,64.5
MIDLANDS,2025-02-16 03:00:00,7.52,5.21,48.9
MIDLANDS,2025-02-16 03:30:00,8.13,2.19,49.7
MIDLANDS,2025-02-16 04:00:00,6.16,1.86,78.3
MIDLANDS,2025-02-16 04:30:00,5.63,2.6,82.6
MIDLANDS,2025-02-16 05:00:00,5.69,3.62,41.8
MIDLANDS,2025-02-16 05:30:00,7.38,5.69,73.3
MIDLANDS,2025-02-16 06:00:00,6.71,4.15,50.6
MIDLANDS,2025-02-16 06:30:00,5.08,6.58,73.8
MIDLANDS,2025-02-16 07:00:00,5.03,4.08,54.6
MIDLANDS,2025-02-16 07:30:00,4.51,4.36,52.5
MIDLANDS,2025-02-16 08:00:00,4.65,1.04,31.9
MIDLANDS,2025-02-16 08:30:00,5.35,3.83,44.2
MIDLANDS,2025-02-16 09:00:00,6.64,3.87,70.4
MIDLANDS,2025-02-16 09:30:00,5.64,2.43,62.1
MIDLANDS,2025-02-16 10:00:00,4.55,5.08,43.1
MIDLANDS,2025-02-16 10:30:00,7.16,3.32,79.1
MIDLANDS,2025-02-16 11:00:00,5.03,2.64,66.9
MIDLANDS,2025-02-16 11:30:00,7.78,7.33,60.7
MIDLANDS,2025-02-16 12:00:00,9.0,3.42,79.8
MIDLANDS,2025-02-16 12:30:00,5.66,4.84,17.8
MIDLANDS,2025-02-16 13:00:00,5.93,4.93,36.4
MIDLANDS,2025-02-16 13:30:00,7.79,5.81,51.0
MIDLANDS,2025-02-16 14:00:00,6.63,3.05,42.6
MIDLANDS,2025-02-16 14:30:00,7.67,4.2,54.5
MIDLANDS,2025-02-16 15:00:00,10.32,2.56,85.0
MIDLANDS,2025-02-16 15:30:00,7.06,4.15,81.3
MIDLANDS,2025-02-16 16:00:00,10.15,3.16,70.0
MIDLANDS,2025-02-16 16:30:00,9.3,2.92,71.1
MIDLANDS,2025-02-16 17:00:00,11.44,4.94,70.2
MIDLANDS,2025-02-16 17:30:00,10.01,1.08,68.3
MIDLANDS,2025-02-16 18:00:00,8.3,2.82,98.9
MIDLANDS,2025-02-16 18:30:00,9.22,2.52,80.7
MIDLANDS,2025-02-16 19:00:00,8.59,3.11,82.5
MIDLANDS,2025-02-16 19:30:00,9.78,0.88,69.8
MIDLANDS,2025-02-16 20:00:00,9.32,7.08,49.1
MIDLANDS,2025-02-16 20:30:00,11.05,7.55,44.7
MIDLANDS,2025-02-16 21:00:00,9.49,4.78,44.6
MIDLANDS,2025-02-16 21:30:00,10.05,3.55,55.6
MIDLANDS,2025-02-16 22:00:00,9.58,4.14,62.9
MIDLANDS,2025-02-16 22:30:00,8.81,2.89,57.9
MIDLANDS,2025-02-16 23:00:00,9.15,3.12,65.8
MIDLANDS,2025-02-16 23:30:00,7.03,2.54,55.0
MIDLANDS,2025-02-17 00:00:00,7.83,7.26,60.3
MIDLANDS,2025-02-17 00:30:00,9.07,3.03,59.7
MIDLANDS,2025-02-17 01:00:00,6.91,3.66,43.1
MIDLANDS,2025-02-17 01:30:00,8.04,0.0,39.7
MIDLANDS,2025-02-17 02:00:00,9.61,5.66,83.7
MIDLANDS,2025-02-17 02:30:00,9.52,5.35,51.8
MIDLANDS,2025-02-17 03:00:00,6.09,6.29,61.2
MIDLANDS,2025-02-17 03:30:00,10.33,3.27,95.5
MIDLANDS,2025-02-17 04:00:00,6.67,6.67,90.5
MIDLANDS,2025-02-17 04:30:00,5.63,3.03,41.4
MIDLANDS,2025-02-17 05:00:00,4.96,5.33,56.5
MIDLANDS,2025-02-17 05:30:00,6.5,5.11,26.6
MIDLANDS,2025-02-17 06:00:00,7.67,3.3,69.6
MIDLANDS,2025-02-17 06:30:00,6.87,6.74,58.1
MIDLANDS,2025-02-17 07:00:00,3.37,4.11,63.6
MIDLANDS,2025-02-17 07:30:00,4.68,4.29,53.5
MIDLANDS,2025-02-17 08:00:00,4.24,5.34,49.9
MIDLANDS,2025-02-17 08:30:00,5.37,3.07,82.2
MIDLANDS,2025-02-17 09:00:00,5.87,4.16,52.1
MIDLANDS,2025-02-17 09:30:00,6.48,6.7,71.7
MIDLANDS,2025-02-17 10:00:00,6.95,5.21,35.2
MIDLANDS,2025-02-17 10:30:00,5.07,3.59,46.9
MIDLANDS,2025-02-17 11:00:00,5.16,0.26,35.8
MIDLANDS,2025-02-17 11:30:00,6.13,3.86,45.7
MIDLANDS,2025-02-17 12:00:00,6.95,3.13,79.6
MIDLANDS,2025-02-17 12:30:00,6.66,5.39,63.7
MIDLANDS,2025-02-17 13:00:00,5.65,3.82,37.8
MIDLANDS,2025-02-17 13:30:00,7.21,2.51,66.9
MIDLANDS,2025-02-17 14:00:00,6.24,4.03,70.3
MIDLANDS,2025-02-17 14:30:00,8.94,2.47,60.3
MIDLANDS,2025-02-17 15:00:00,8.59,7.09,33.3
MIDLANDS,2025-02-17 15:30:00,7.28,9.61,55.1
MIDLANDS,2025-02-17 16:00:00,6.59,2.83,10.2
MIDLANDS,2025-02-17 16:30:00,9.14,5.62,43.6
MIDLANDS,2025-02-17 17:00:00,8.7,5.85,28.5
MIDLANDS,2025-02-17 17:30:00,7.68,3.54,46.5
MIDLANDS,2025-02-17 18:00:00,9.23,1.47,63.9
MIDLANDS,2025-02-17 18:30:00,9.41,5.1,63.6
MIDLANDS,2025-02-17 19:00:00,10.03,1.11,68.9
MIDLANDS,2025-02-17 19:30:00,9.39,3.67,78.9
MIDLANDS,2025-02-17 20:00:00,8.99,6.7,86.0
MIDLANDS,2025-02-17 20:30:00,10.76,2.04,20.6
MIDLANDS,2025-02-17 21:00:00,11.08,4.22,46.6
MIDLANDS,2025-02-17 21:30:00,11.19,2.28,52.4
MIDLANDS,2025-02-17 22:00:00,10.22,1.77,58.0
MIDLANDS,2025-02-17 22:30:00,10.89,4.42,82.5
MIDLANDS,2025-02-17 23:00:00,10.63,4.02,17.9
MIDLANDS,2025-02-17 23:30:00,7.94,5.53,32.1
MIDLANDS,2025-02-18 00:00:00,8.52,4.68,86.5
MIDLANDS,2025-02-18 00:30:00,8.22,2.71,59.1
MIDLANDS,2025-02-18 01:00:00,8.85,3.69,78.9
MIDLANDS,2025-02-18 01:30:00,7.47,4.24,68.0
MIDLANDS,2025-02-18 02:00:00,7.43,5.68,62.7
MIDLANDS,2025-02-18 02:30:00,8.86,4.39,66.8
MIDLANDS,2025-02-18 03:00:00,6.64,2.74,82.0
MIDLANDS,2025-02-18 03:30:00,8.16,1.95,63.3
MIDLANDS,2025-02-18 04:00:00,4.07,2.85,77.3
MIDLANDS,2025-02-18 04:30:00,6.76,4.24,5.7
MIDLANDS,2025-02-18 05:00:00,6.03,4.68,68.4
MIDLANDS,2025-02-18 05:30:00,7.66,3.58,57.0
MIDLANDS,2025-02-18 06:00:00,4.58,3.59,37.3
MIDLANDS,2025-02-18 06:30:00,3.97,1.83,87.2
MIDLANDS,2025-02-18 07:00:00,5.66,4.44,50.8
MIDLANDS,2025-02-18 07:30:00,3.83,5.87,20.9
MIDLANDS,2025-02-18 08:00:00,5.25,3.89,64.1
MIDLANDS,2025-02-18 08:30:00,5.04,0.32,45.6
MIDLANDS,2025-02-18 09:00:00,5.08,2.45,77.5
MIDLANDS,2025-02-18 09:30:00,4.53,4.6,62.8
MIDLANDS,2025-02-18 10:00:00,7.34,3.73,74.2
MIDLANDS,2025-02-18 10:30:00,5.98,4.87,32.9
MIDLANDS,2025-02-18 11:00:00,3.33,4.76,67.8
MIDLANDS,2025-02-18 11:30:00,7.07,2.95,86.8
MIDLANDS,2025-02-18 12:00:00,6.36,4.84,70.7
MIDLANDS,2025-02-18 12:30:00,8.98,3.37,48.2
MIDLANDS,2025-02-18 13:00:00,5.6,7.1,67.6
MIDLANDS,2025-02-18 13:30:00,7.94,10.23,65.9
MIDLANDS,2025-02-18 14:00:00,6.35,3.61,42.5
MIDLANDS,2025-02-18 14:30:00,7.44,3.19,49.4
MIDLANDS,2025-02-18 15:00:00,6.76,7.19,65.4
MIDLANDS,2025-02-18 15:30:00,8.16,5.52,68.5
MIDLANDS,2025-02-18 16:00:00,9.25,5.37,62.4
MIDLANDS,2025-02-18 16:30:00,9.72,5.51,62.9
MIDLANDS,2025-02-18 17:00:00,9.06,7.06,51.4
MIDLANDS,2025-02-18 17:30:00,9.8,4.83,49.0
MIDLANDS,2025-02-18 18:00:00,8.68,3.29,51.1
MIDLANDS,2025-02-18 18:30:00,7.9,2.7,64.8
MIDLANDS,2025-02-18 19:00:00,11.37,5.11,13.2
MIDLANDS,2025-02-18 19:30:00,10.62,2.88,68.2
MIDLANDS,2025-02-18 20:00:00,9.9,3.61,58.2
MIDLANDS,2025-02-18 20:30:00,9.89,6.69,59.6
MIDLANDS,2025-02-18 21:00:00,11.15,5.88,72.0
MIDLANDS,2025-02-18 21:30:00,7.7,6.23,51.8
MIDLANDS,2025-02-18 22:00:00,10.51,2.05,38.7
MIDLANDS,2025-02-18 22:30:00,12.02,2.09,80.6
MIDLANDS,2025-02-18 23:00:00,9.47,3.16,59.2
MIDLANDS,2025-02-18 23:30:00,7.77,3.97,40.5
MIDLANDS,2025-02-19 00:00:00,8.5,5.85,64.6
MIDLANDS,2025-02-19 00:30:00,7.2,5.7,59.9
MIDLANDS,2025-02-19 01:00:00,7.84,5.49,57.0
MIDLANDS,2025-02-19 01:30:00,7.09,7.7,59.7
MIDLANDS,2025-02-19 02:00:00,7.88,3.19,81.2
MIDLANDS,2025-02-19 02:30:00,7.35,0.91,47.8
MIDLANDS,2025-02-19 03:00:00,9.05,5.66,55.4
MIDLANDS,2025-02-19 03:30:00,9.11,5.5,55.2
MIDLANDS,2025-02-19 04:00:00,6.78,4.66,45.0
MIDLANDS,2025-02-19 04:30:00,6.98,4.62,29.6
MIDLANDS,2025-02-19 05:00:00,6.33,3.39,78.5
MIDLANDS,2025-02-19 05:30:00,4.35,3.24,51.3
MIDLANDS,2025-02-19 06:00:00,7.4,3.91,92.3
MIDLANDS,2025-02-19 06:30:00,7.04,3.18,64.3
MIDLANDS,2025-02-19 07:00:00,5.62,5.72,36.0
MIDLANDS,2025-02-19 07:30:00,5.05,4.91,82.1
MIDLANDS,2025-02-19 08:00:00,3.33,6.75,57.5
MIDLANDS,2025-02-19 08:30:00,3.71,0.0,32.5
MIDLANDS,2025-02-19 09:00:00,6.02,3.87,71.4
MIDLANDS,2025-02-19 09:30:00,5.38,1.78,52.6
MIDLANDS,2025-02-19 10:00:00,6.28,4.46,45.8
MIDLANDS,2025-02-19 10:30:00,7.32,2.76,44.3
MIDLANDS,2025-02-19 11:00:00,5.91,6.15,57.6
MIDLANDS,2025-02-19 11:30:00,5.73,5.85,98.6
MIDLANDS,2025-02-19 12:00:00,7.23,6.47,78.6
MIDLANDS,2025-02-19 12:30:00,6.25,4.05,36.9
MIDLANDS,2025-02-19 13:00:00,7.21,2.75,52.7
MIDLANDS,2025-02-19 13:30:00,6.56,3.43,69.6
MIDLANDS,2025-02-19 14:00:00,7.83,0.27,46.6
MIDLANDS,2025-02-19 14:30:00,6.15,4.49,69.1
MIDLANDS,2025-02-19 15:00:00,8.8,2.43,64.4
MIDLANDS,2025-02-19 15:30:00,7.93,1.72,73.4
MIDLANDS,2025-02-19 16:00:00,9.96,5.9,49.0
MIDLANDS,2025-02-19 16:30:00,10.39,3.01,71.8
MIDLANDS,2025-02-19 17:00:00,8.78,3.55,16.4
MIDLANDS,2025-02-19 17:30:00,9.03,4.18,52.6
MIDLANDS,2025-02-19 18:00:00,11.81,1.68,49.9
MIDLANDS,2025-02-19 18:30:00,8.62,2.87,78.6
MIDLANDS,2025-02-19 19:00:00,11.68,2.6,47.0
MIDLANDS,2025-02-19 19:30:00,8.52,6.61,80.2
MIDLANDS,2025-02-19 20:00:00,9.85,1.21,36.5
MIDLANDS,2025-02-19 20:30:00,10.18,5.1,22.8
MIDLANDS,2025-02-19 21:00:00,9.52,7.24,56.1
MIDLANDS,2025-02-19 21:30:00,11.69,5.3,40.5
MIDLANDS,2025-02-19 22:00:00,9.36,3.74,42.9
MIDLANDS,2025-02-19 22:30:00,8.54,7.01,42.4
MIDLANDS,2025-02-19 23:00:00,10.68,3.13,59.5
MIDLANDS,2025-02-19 23:30:00,10.06,2.8,70.2
MIDLANDS,2025-02-20 00:00:00,6.58,4.88,15.6
MIDLANDS,2025-02-20 00:30:00,8.76,5.71,71.2
MIDLANDS,2025-02-20 01:00:00,6.99,1.66,47.6
MIDLANDS,2025-02-20 01:30:00,8.78,0.0,59.8
MIDLANDS,2025-02-20 02:00:00,8.41,3.43,69.5
MIDLANDS,2025-02-20 02:30:00,8.3,2.92,25.1
MIDLANDS,2025-02-20 03:00:00,7.68,2.09,49.6
MIDLANDS,2025-02-20 03:30:00,8.09,6.83,59.3
MIDLANDS,2025-02-20 04:00:00,7.7,1.11,64.4
MIDLANDS,2025-02-20 04:30:00,6.96,6.46,50.3
MIDLANDS,2025-02-20 05:00:00,6.33,6.12,58.3
MIDLANDS,2025-02-20 05:30:00,5.29,9.1,40.6
MIDLANDS,2025-02-20 06:00:00,6.22,4.69,64.8
MIDLANDS,2025-02-20 06:30:00,6.07,3.63,55.8
MIDLANDS,2025-02-20 07:00:00,4.76,8.3,56.0
MIDLANDS,2025-02-20 07:30:00,6.82,3.33,53.6
MIDLANDS,2025-02-20 08:00:00,5.49,0.9,57.1
MIDLANDS,2025-02-20 08:30:00,5.55,6.34,38.5
MIDLANDS,2025-02-20 09:00:00,5.41,2.2,86.0
MIDLANDS,2025-02-20 09:30:00,5.06,5.12,77.5
MIDLANDS,2025-02-20 10:00:00,6.13,1.25,35.4
MIDLANDS,2025-02-20 10:30:00,7.33,1.48,67.1
MIDLANDS,2025-02-20 11:00:00,6.76,4.75,68.5
MIDLANDS,2025-02-20 11:30:00,5.5,2.05,72.9
MIDLANDS,2025-02-20 12:00:00,6.28,0.0,71.7
MIDLANDS,2025-02-20 12:30:00,5.79,4.93,85.1
MIDLANDS,2025-02-20 13:00:00,7.54,5.99,62.8
MIDLANDS,2025-02-20 13:30:00,9.42,1.88,59.9
MIDLANDS,2025-02-20 14:00:00,8.84,3.62,80.7
MIDLANDS,2025-02-20 14:30:00,7.52,8.14,98.2
MIDLANDS,2025-02-20 15:00:00,8.89,5.11,81.5
MIDLANDS,2025-02-20 15:30:00,7.13,1.38,82.6
MIDLANDS,2025-02-20 16:00:00,9.36,3.55,60.2
MIDLANDS,2025-02-20 16:30:00,6.17,3.62,46.4
MIDLANDS,2025-02-20 17:00:00,10.55,5.99,70.4
MIDLANDS,2025-02-20 17:30:00,9.92,1.01,70.6
MIDLANDS,2025-02-20 18:00:00,10.52,6.49,98.1
MIDLANDS,2025-02-20 18:30:00,7.74,3.22,46.6
MIDLANDS,2025-02-20 19:00:00,10.17,4.03,55.8
MIDLANDS,2025-02-20 19:30:00,11.2,1.8,41.3
MIDLANDS,2025-02-20 20:00:00,8.81,3.28,37.9
MIDLANDS,2025-02-20 20:30:00,9.98,3.67,45.8
MIDLANDS,2025-02-20 21:00:00,11.02,3.88,79.1
MIDLANDS,2025-02-20 21:30:00,9.73,3.95,49.9
MIDLANDS,2025-02-20 22:00:00,9.76,5.42,52.6
MIDLANDS,2025-02-20 22:30:00,10.39,2.37,73.7
MIDLANDS,2025-02-20 23:00:00,8.75,5.7,61.1
MIDLANDS,2025-02-20 23:30:00,11.27,1.69,33.4
MIDLANDS,2025-02-21 00:00:00,8.35,1.23,35.1
MIDLANDS,2025-02-21 00:30:00,9.84,3.99,51.4
MIDLANDS,2025-02-21 01:00:00,8.15,2.81,89.7
MIDLANDS,2025-02-21 01:30:00,7.73,1.36,74.3
MIDLANDS,2025-02-21 02:00:00,7.83,8.08,50.5
MIDLANDS,2025-02-21 02:30:00,9.11,6.16,50.6
MIDLANDS,2025-02-21 03:00:00,6.68,5.48,70.3
MIDLANDS,2025-02-21 03:30:00,5.88,1.74,14.3
MIDLANDS,2025-02-21 04:00:00,7.81,3.48,57.1
MIDLANDS,2025-02-21 04:30:00,5.06,1.8,51.4
MIDLANDS,2025-02-21 05:00:00,5.87,4.24,70.5
MIDLANDS,2025-02-21 05:30:00,9.4,3.96,80.1
MIDLANDS,2025-02-21 06:00:00,5.37,0.65,53.7
MIDLANDS,2025-02-21 06:30:00,4.44,4.03,46.0
MIDLANDS,2025-02-21 07:00:00,3.82,7.47,50.3
MIDLANDS,2025-02-21 07:30:00,4.2,5.8,46.9
MIDLANDS,2025-02-21 08:00:00,7.4,2.53,50.3
MIDLANDS,2025-02-21 08:30:00,6.51,5.19,73.8
MIDLANDS,2025-02-21 09:00:00,6.05,5.06,73.4
MIDLANDS,2025-02-21 09:30:00,6.4,3.71,34.0
MIDLANDS,2025-02-21 10:00:00,7.08,4.08,52.6
MIDLANDS,2025-02-21 10:30:00,7.89,1.14,89.6
MIDLANDS,2025-02-21 11:00:00,6.65,4.64,52.9
MIDLANDS,2025-02-21 11:30:00,4.68,3.72,66.0
MIDLANDS,2025-02-21 12:00:00,7.91,3.6,20.5
MIDLANDS,2025-02-21 12:30:00,5.24,8.1,40.3
MIDLANDS,2025-02-21 13:00:00,9.29,2.13,56.7
MIDLANDS,2025-02-21 13:30:00,8.33,2.36,88.7
MIDLANDS,2025-02-21 14:00:00,8.18,4.92,55.2
MIDLANDS,2025-02-21 14:30:00,8.88,7.16,57.6
MIDLANDS,2025-02-21 15:00:00,10.69,2.78,73.8
MIDLANDS,2025-02-21 15:30:00,9.2,1.86,63.8
MIDLANDS,2025-02-21 16:00:00,9.1,2.29,66.4
MIDLANDS,2025-02-21 16:30:00,9.27,3.85,58.8
MIDLANDS,2025-02-21 17:00:00,9.4,3.26,62.5
MIDLANDS,2025-02-21 17:30:00,8.74,9.31,34.6
MIDLANDS,2025-02-21 18:00:00,9.12,2.99,96.7
MIDLANDS,2025-02-21 18:30:00,8.24,4.85,64.5
MIDLANDS,2025-02-21 19:00:00,10.43,6.47,81.9
MIDLANDS,2025-02-21 19:30:00,9.48,4.39,26.4
MIDLANDS,2025-02-21 20:00:00,10.21,2.41,56.6
MIDLANDS,2025-02-21 20:30:00,8.07,4.81,29.5
MIDLANDS,2025-02-21 21:00:00,10.2,1.55,44.7
MIDLANDS,2025-02-21 21:30:00,11.41,5.18,80.7
MIDLANDS,2025-02-21 22:00:00,11.7,2.45,87.0
MIDLANDS,2025-02-21 22:30:00,8.07,5.49,51.1
MIDLANDS,2025-02-21 23:00:00,8.39,5.23,77.0
MIDLANDS,2025-02-21 23:30:00,10.61,4.43,62.4
MIDLANDS,2025-02-22 00:00:00,9.78,4.61,69.7
MIDLANDS,2025-02-22 00:30:00,9.4,5.69,30.7
MIDLANDS,2025-02-22 01:00:00,8.51,1.23,65.0
MIDLANDS,2025-02-22 01:30:00,10.64,3.05,62.3
MIDLANDS,2025-02-22 02:00:00,9.06,0.0,50.6
MIDLANDS,2025-02-22 02:30:00,8.59,0.0,42.4
MIDLANDS,2025-02-22 03:00:00,8.96,6.01,66.7
MIDLANDS,2025-02-22 03:30:00,8.69,4.43,70.0
MIDLANDS,2025-02-22 04:00:00,6.77,4.23,48.6
MIDLANDS,2025-02-22 04:30:00,8.67,7.04,84.8
MIDLANDS,2025-02-22 05:00:00,6.25,2.09,83.0
MIDLANDS,2025-02-22 05:30:00,7.39,4.66,48.6
MIDLANDS,2025-02-22 06:00:00,6.93,1.83,71.4
MIDLANDS,2025-02-22 06:30:00,8.07,7.26,72.8
MIDLANDS,2025-02-22 07:00:00,4.56,4.39,98.5
MIDLANDS,2025-02-22 07:30:00,5.18,3.88,85.4
MIDLANDS,2025-02-22 08:00:00,6.89,8.96,46.8
MIDLANDS,2025-02-22 08:30:00,4.96,6.45,38.5
MIDLANDS,2025-02-22 09:00:00,5.98,3.87,78.6
MIDLANDS,2025-02-22 09:30:00,6.96,4.91,52.8
MIDLANDS,2025-02-22 10:00:00,7.88,12.05,72.4
MIDLANDS,2025-02-22 10:30:00,6.54,1.4,48.5
MIDLANDS,2025-02-22 11:00:00,6.48,2.93,59.7
MIDLANDS,2025-02-22 11:30:00,8.87,6.49,57.1
MIDLANDS,2025-02-22 12:00:00,5.7,6.67,59.1
MIDLANDS,2025-02-22 12:30:00,5.08,5.42,78.5
MIDLANDS,2025-02-22 13:00:00,4.72,2.35,58.0
MIDLANDS,2025-02-22 13:30:00,8.52,2.97,45.0
MIDLANDS,2025-02-22 14:00:00,9.02,3.06,69.8
MIDLANDS,2025-02-22 14:30:00,6.82,1.3,73.6
MIDLANDS,2025-02-22 15:00:00,8.97,5.84,50.4
MIDLANDS,2025-02-22 15:30:00,7.72,6.72,32.6
MIDLANDS,2025-02-22 16:00:00,10.65,6.64,75.5
MIDLANDS,2025-02-22 16:30:00,8.33,2.37,56.2
MIDLANDS,2025-02-22 17:00:00,8.01,2.08,71.6
MIDLANDS,2025-02-22 17:30:00,10.35,1.9,72.2
MIDLANDS,2025-02-22 18:00:00,10.43,7.02,70.2
MIDLANDS,2025-02-22 18:30:00,11.15,4.95,77.6
MIDLANDS,2025-02-22 19:00:00,8.54,3.76,59.3
MIDLANDS,2025-02-22 19:30:00,9.79,4.89,71.4
MIDLANDS,2025-02-22 20:00:00,10.62,3.65,46.8
MIDLANDS,2025-02-22 20:30:00,11.47,4.7,41.7
MIDLANDS,2025-02-22 21:00:00,9.85,0.51,60.6
MIDLANDS,2025-02-22 21:30:00,9.85,2.85,88.5
MIDLANDS,2025-02-22 22:00:00,8.5,5.41,99.4
MIDLANDS,2025-02-22 22:30:00,11.18,3.94,39.6
MIDLANDS,2025-02-22 23:00:00,7.93,3.18,47.6
MIDLANDS,2025-02-22 23:30:00,8.7,3.35,58.2
MIDLANDS,2025-02-23 00:00:00,9.79,1.52,47.7
MIDLANDS,2025-02-23 00:30:00,9.02,3.61,93.1
MIDLANDS,2025-02-23 01:00:00,9.01,0.77,67.5
MIDLANDS,2025-02-23 01:30:00,9.38,3.75,38.2
MIDLANDS,2025-02-23 02:00:00,10.32,1.86,71.9
MIDLANDS,2025-02-23 02:30:00,8.45,5.2,90.7
MIDLANDS,2025-02-23 03:00:00,8.37,2.88,79.9
MIDLANDS,2025-02-23 03:30:00,6.93,4.33,36.7
MIDLANDS,2025-02-23 04:00:00,5.97,4.1,66.6
MIDLANDS,2025-02-23 04:30:00,5.17,4.99,45.3
MIDLANDS,2025-02-23 05:00:00,8.33,3.3,39.8
MIDLANDS,2025-02-23 05:30:00,6.89,2.17,82.8
MIDLANDS,2025-02-23 06:00:00,6.48,3.7,70.7
MIDLANDS,2025-02-23 06:30:00,5.27,1.42,67.4
MIDLANDS,2025-02-23 07:00:00,4.96,1.8,75.1
MIDLANDS,2025-02-23 07:30:00,6.91,1.49,48.9
MIDLANDS,2025-02-23 08:00:00,5.13,7.55,76.3
MIDLANDS,2025-02-23 08:30:00,5.7,5.15,35.6
MIDLANDS,2025-02-23 09:00:00,5.47,4.21,68.1
MIDLANDS,2025-02-23 09:30:00,6.16,4.5,61.4
MIDLANDS,2025-02-23 10:00:00,6.28,3.41,52.3
MIDLANDS,2025-02-23 10:30:00,6.76,4.82,63.6
MIDLANDS,2025-02-23 11:00:00,5.38,2.0,67.2
MIDLANDS,2025-02-23 11:30:00,8.56,4.3,52.6
MIDLANDS,2025-02-23 12:00:00,7.48,1.73,83.6
MIDLANDS,2025-02-23 12:30:00,7.43,2.66,57.0
MIDLANDS,2025-02-23 13:00:00,7.06,6.62,56.4
MIDLANDS,2025-02-23 13:30:00,7.88,5.15,46.7
MIDLANDS,2025-02-23 14:00:00,8.44,4.55,32.0
MIDLANDS,2025-02-23 14:30:00,8.51,3.91,62.3
MIDLANDS,2025-02-23 15:00:00,8.77,4.52,84.1
MIDLANDS,2025-02-23 15:30:00,7.31,3.32,72.0
MIDLANDS,2025-02-23 16:00:00,9.79,4.92,109.6
MIDLANDS,2025-02-23 16:30:00,9.95,6.26,54.5
MIDLANDS,2025-02-23 17:00:00,8.43,3.37,72.8
MIDLANDS,2025-02-23 17:30:00,10.11,4.81,56.1
MIDLANDS,2025-02-23 18:00:00,9.49,3.64,73.0
MIDLANDS,2025-02-23 18:30:00,10.95,1.99,73.7
MIDLANDS,2025-02-23 19:00:00,9.36,4.94,56.5
MIDLANDS,2025-02-23 19:30:00,12.02,3.16,63.2
MIDLANDS,2025-02-23 20:00:00,10.94,2.25,58.7
MIDLANDS,2025-02-23 20:30:00,9.89,2.97,52.1
MIDLANDS,2025-02-23 21:00:00,11.48,2.8,70.2
MIDLANDS,2025-02-23 21:30:00,10.52,1.21,69.3
MIDLANDS,2025-02-23 22:00:00,8.25,5.26,50.9
MIDLANDS,2025-02-23 22:30:00,9.95,1.41,62.2
MIDLANDS,2025-02-23 23:00:00,10.74,2.39,49.1
MIDLANDS,2025-02-23 23:30:00,10.17,4.96,16.2
MIDLANDS,2025-02-24 00:00:00,11.69,5.06,72.5
MIDLANDS,2025-02-24 00:30:00,9.09,0.29,72.1
MIDLANDS,2025-02-24 01:00:00,8.11,5.09,56.1
MIDLANDS,2025-02-24 01:30:00,9.07,2.45,75.6
MIDLANDS,2025-02-24 02:00:00,6.84,8.49,100.3
MIDLANDS,2025-02-24 02:30:00,10.23,6.55,58.5
MIDLANDS,2025-02-24 03:00:00,9.15,3.81,32.0
MIDLANDS,2025-02-24 03:30:00,9.55,6.26,59.4
MIDLANDS,2025-02-24 04:00:00,5.8,2.83,27.2
MIDLANDS,2025-02-24 04:30:00,8.4,0.79,65.2
MIDLANDS,2025-02-24 05:00:00,5.84,1.15,64.3
MIDLANDS,2025-02-24 05:30:00,6.45,5.68,37.2
MIDLANDS,2025-02-24 06:00:00,5.63,0.0,20.7
MIDLANDS,2025-02-24 06:30:00,8.69,8.17,61.7
MIDLANDS,2025-02-24 07:00:00,5.35,3.4,75.7
MIDLANDS,2025-02-24 07:30:00,5.72,4.48,59.8
MIDLANDS,2025-02-24 08:00:00,5.58,2.95,65.3
MIDLANDS,2025-02-24 08:30:00,5.09,4.9,51.5
MIDLANDS,2025-02-24 09:00:00,6.49,6.77,57.0
MIDLANDS,2025-02-24 09:30:00,7.44,0.42,51.5
MIDLANDS,2025-02-24 10:00:00,6.57,7.85,24.7
MIDLANDS,2025-02-24 10:30:00,6.42,6.91,45.9
MIDLANDS,2025-02-24 11:00:00,6.6,4.66,63.3
MIDLANDS,2025-02-24 11:30:00,8.73,4.9,83.9
MIDLANDS,2025-02-24 12:00:00,6.83,2.52,55.9
MIDLANDS,2025-02-24 12:30:00,5.88,4.97,53.1
MIDLANDS,2025-02-24 13:00:00,6.94,5.0,39.4
MIDLANDS,2025-02-24 13:30:00,8.67,3.04,80.9
MIDLANDS,2025-02-24 14:00:00,7.8,5.26,63.2
MIDLANDS,2025-02-24 14:30:00,9.16,4.22,30.1
MIDLANDS,2025-02-24 15:00:00,9.99,3.82,74.2
MIDLANDS,2025-02-24 15:30:00,9.61,2.45,43.5
MIDLANDS,2025-02-24 16:00:00,10.05,3.39,76.9
MIDLANDS,2025-02-24 16:30:00,9.05,6.05,67.6
MIDLANDS,2025-02-24 17:00:00,10.03,3.25,64.2
MIDLANDS,2025-02-24 17:30:00,11.11,3.89,69.6
MIDLANDS,2025-02-24 18:00:00,10.05,4.25,91.0
MIDLANDS,2025-02-24 18:30:00,11.44,4.16,63.9
MIDLANDS,2025-02-24 19:00:00,9.36,3.65,65.6
MIDLANDS,2025-02-24 19:30:00,11.22,5.5,40.0
MIDLANDS,2025-02-24 20:00:00,11.44,3.82,42.2
MIDLANDS,2025-02-24 20:30:00,11.87,6.93,64.7
MIDLANDS,2025-02-24 21:00:00,11.05,5.53,85.1
MIDLANDS,2025-02-24 21:30:00,11.07,1.34,96.2
MIDLANDS,2025-02-24 22:00:00,11.28,2.98,41.5
MIDLANDS,2025-02-24 22:30:00,10.6,3.44,65.9
MIDLANDS,2025-02-24 23:00:00,10.57,2.87,39.9
MIDLANDS,2025-02-24 23:30:00,10.14,2.93,62.6
MIDLANDS,2025-02-25 00:00:00,7.71,3.5,72.9
MIDLANDS,2025-02-25 00:30:00,10.05,2.42,39.0
MIDLANDS,2025-02-25 01:00:00,8.86,5.12,67.3
MIDLANDS,2025-02-25 01:30:00,8.23,4.6,87.0
MIDLANDS,2025-02-25 02:00:00,8.57,0.73,63.7
MIDLANDS,2025-02-25 02:30:00,10.78,1.43,60.5
MIDLANDS,2025-02-25 03:00:00,7.53,4.19,63.5
MIDLANDS,2025-02-25 03:30:00,9.17,4.17,83.0
MIDLANDS,2025-02-25 04:00:00,7.18,3.3,48.0
MIDLANDS,2025-02-25 04:30:00,5.14,4.55,97.0
MIDLANDS,2025-02-25 05:00:00,7.46,5.37,52.6
MIDLANDS,2025-02-25 05:30:00,6.62,5.97,96.2
MIDLANDS,2025-02-25 06:00:00,8.38,5.61,60.6
MIDLANDS,2025-02-25 06:30:00,6.84,2.49,33.9
MIDLANDS,2025-02-25 07:00:00,5.04,4.1,54.7
MIDLANDS,2025-02-25 07:30:00,4.63,3.93,54.3
MIDLANDS,2025-02-25 08:00:00,4.92,3.26,54.2
MIDLANDS,2025-02-25 08:30:00,5.58,5.85,25.7
MIDLANDS,2025-02-25 09:00:00,4.01,4.01,61.7
MIDLANDS,2025-02-25 09:30:00,6.88,2.92,43.5
MIDLANDS,2025-02-25 10:00:00,6.58,3.12,87.9
MIDLANDS,2025-02-25 10:30:00,6.2,3.89,104.6
MIDLANDS,2025-02-25 11:00:00,6.68,5.11,71.6
MIDLANDS,2025-02-25 11:30:00,7.79,4.58,63.5
MIDLANDS,2025-02-25 12:00:00,7.44,2.85,65.9
MIDLANDS,2025-02-25 12:30:00,9.76,6.42,65.5
MIDLANDS,2025-02-25 13:00:00,8.83,2.26,55.3
MIDLANDS,2025-02-25 13:30:00,8.94,6.97,46.1
MIDLANDS,2025-02-25 14:00:00,7.74,8.36,61.7
MIDLANDS,2025-02-25 14:30:00,10.51,4.41,64.4
MIDLANDS,2025-02-25 15:00:00,8.47,5.89,84.4
MIDLANDS,2025-02-25 15:30:00,7.6,3.3,76.5
MIDLANDS,2025-02-25 16:00:00,9.17,3.01,78.2
MIDLANDS,2025-02-25 16:30:00,10.65,3.1,63.8
MIDLANDS,2025-02-25 17:00:00,8.29,2.21,62.2
MIDLANDS,2025-02-25 17:30:00,9.78,2.07,47.1
MIDLANDS,2025-02-25 18:00:00,8.78,4.91,24.6
MIDLANDS,2025-02-25 18:30:00,8.84,0.27,67.5
MIDLANDS,2025-02-25 19:00:00,8.09,4.06,89.5
MIDLANDS,2025-02-25 19:30:00,12.26,0.39,65.4
MIDLANDS,2025-02-25 20:00:00,9.14,1.61,58.0
MIDLANDS,2025-02-25 20:30:00,11.8,5.2,47.1
MIDLANDS,2025-02-25 21:00:00,11.1,0.0,46.4
MIDLANDS,2025-02-25 21:30:00,9.27,4.16,56.3
MIDLANDS,2025-02-25 22:00:00,9.89,3.65,60.4
MIDLANDS,2025-02-25 22:30:00,10.7,4.3,54.9
MIDLANDS,2025-02-25 23:00:00,10.22,5.65,50.0
MIDLANDS,2025-02-25 23:30:00,9.67,6.32,40.2
MIDLANDS,2025-02-26 00:00:00,11.54,1.32,53.8
MIDLANDS,2025-02-26 00:30:00,8.24,8.38,50.9
MIDLANDS,2025-02-26 01:00:00,8.3,3.26,61.7
MIDLANDS,2025-02-26 01:30:00,8.5,3.73,0.0
MIDLANDS,2025-02-26 02:00:00,8.45,4.04,78.7
MIDLANDS,2025-02-26 02:30:00,9.95,3.62,74.7
MIDLANDS,2025-02-26 03:00:00,6.54,5.53,49.7
MIDLANDS,2025-02-26 03:30:00,6.44,3.63,85.2
MIDLANDS,2025-02-26 04:00:00,7.6,6.99,46.5
MIDLANDS,2025-02-26 04:30:00,8.64,2.7,64.1
MIDLANDS,2025-02-26 05:00:00,7.22,5.32,64.5
MIDLANDS,2025-02-26 05:30:00,6.08,5.76,91.2
MIDLANDS,2025-02-26 06:00:00,5.95,0.33,69.0
MIDLANDS,2025-02-26 06:30:00,6.25,3.74,70.0
MIDLANDS,2025-02-26 07:00:00,5.9,3.46,58.2
MIDLANDS,2025-02-26 07:30:00,8.21,4.06,37.8
MIDLANDS,2025-02-26 08:00:00,4.94,4.28,39.7
MIDLANDS,2025-02-26 08:30:00,4.5,5.27,72.3
MIDLANDS,2025-02-26 09:00:00,6.01,4.59,63.4
MIDLANDS,2025-02-26 09:30:00,7.17,5.21,13.1
MIDLANDS,2025-02-26 10:00:00,6.36,5.04,52.6
MIDLANDS,2025-02-26 10:30:00,6.69,5.5,61.5
MIDLANDS,2025-02-26 11:00:00,8.77,6.25,57.9
MIDLANDS,2025-02-26 11:30:00,6.73,0.0,54.1
MIDLANDS,2025-02-26 12:00:00,5.75,4.44,62.8
MIDLANDS,2025-02-26 12:30:00,8.21,6.79,59.5
MIDLANDS,2025-02-26 13:00:00,10.6,4.46,36.4
MIDLANDS,2025-02-26 13:30:00,7.19,3.25,70.7
MIDLANDS,2025-02-26 14:00:00,7.24,3.4,57.1
MIDLANDS,2025-02-26 14:30:00,7.84,5.62,71.5
MIDLANDS,2025-02-26 15:00:00,10.3,3.34,81.6
MIDLANDS,2025-02-26 15:30:00,7.26,1.22,38.2
MIDLANDS,2025-02-26 16:00:00,9.39,6.4,49.2
MIDLANDS,2025-02-26 16:30:00,8.81,3.57,70.3
MIDLANDS,2025-02-26 17:00:00,9.22,2.93,35.8
MIDLANDS,2025-02-26 17:30:00,9.11,6.35,61.6
MIDLANDS,2025-02-26 18:00:00,9.22,6.47,49.5
MIDLANDS,2025-02-26 18:30:00,11.81,6.81,61.0
MIDLANDS,2025-02-26 19:00:00,8.51,8.58,67.0
MIDLANDS,2025-02-26 19:30:00,9.92,5.91,72.6
MIDLANDS,2025-02-26 20:00:00,11.95,2.68,65.7
MIDLANDS,2025-02-26 20:30:00,8.96,5.33,59.6
MIDLANDS,2025-02-26 21:00:00,10.65,3.71,55.5
MIDLANDS,2025-02-26 21:30:00,9.27,5.58,86.8
MIDLANDS,2025-02-26 22:00:00,9.44,5.11,67.8
MIDLANDS,2025-02-26 22:30:00,10.12,0.95,36.6
MIDLANDS,2025-02-26 23:00:00,8.86,0.0,85.3
MIDLANDS,2025-02-26 23:30:00,10.23,3.94,20.6
MIDLANDS,2025-02-27 00:00:00,7.25,4.0,95.5
MIDLANDS,2025-02-27 00:30:00,8.6,5.73,51.4
MIDLANDS,2025-02-27 01:00:00,9.02,6.43,53.8
MIDLANDS,2025-02-27 01:30:00,8.12,6.84,60.8
MIDLANDS,2025-02-27 02:00:00,9.74,2.63,85.3
MIDLANDS,2025-02-27 02:30:00,8.76,4.87,62.4
MIDLANDS,2025-02-27 03:00:00,7.31,4.0,52.0
MIDLANDS,2025-02-27 03:30:00,9.07,3.59,33.1
MIDLANDS,2025-02-27 04:00:00,5.42,0.55,71.1
MIDLANDS,2025-02-27 04:30:00,6.05,4.6,62.5
MIDLANDS,2025-02-27 05:00:00,6.94,4.88,62.8
MIDLANDS,2025-02-27 05:30:00,3.77,3.35,67.7
MIDLANDS,2025-02-27 06:00:00,8.67,7.37,35.5
MIDLANDS,2025-02-27 06:30:00,6.28,0.87,87.4
MIDLANDS,2025-02-27 07:00:00,7.72,4.7,63.0
MIDLANDS,2025-02-27 07:30:00,8.16,6.42,80.8
MIDLANDS,2025-02-27 08:00:00,6.98,3.3,73.8
MIDLANDS,2025-02-27 08:30:00,7.41,3.62,53.7
MIDLANDS,2025-02-27 09:00:00,7.86,7.33,46.5
MIDLANDS,2025-02-27 09:30:00,6.19,4.7,68.8
MIDLANDS,2025-02-27 10:00:00,6.08,7.77,67.6
MIDLANDS,2025-02-27 10:30:00,7.34,7.52,51.9
MIDLANDS,2025-02-27 11:00:00,6.91,1.49,56.9
MIDLANDS,2025-02-27 11:30:00,5.23,5.5,67.6
MIDLANDS,2025-02-27 12:00:00,7.1,3.8,73.7
MIDLANDS,2025-02-27 12:30:00,6.07,4.41,72.6
MIDLANDS,2025-02-27 13:00:00,5.78,5.37,29.9
MIDLANDS,2025-02-27 13:30:00,7.78,1.67,85.8
MIDLANDS,2025-02-27 14:00:00,7.05,0.7,62.4
MIDLANDS,2025-02-27 14:30:00,7.94,0.99,69.5
MIDLANDS,2025-02-27 15:00:00,6.56,1.93,49.6
MIDLANDS,2025-02-27 15:30:00,9.91,6.59,79.9
MIDLANDS,2025-02-27 16:00:00,9.25,0.0,67.0
MIDLANDS,2025-02-27 16:30:00,11.2,6.47,68.3
MIDLANDS,2025-02-27 17:00:00,8.42,2.95,94.8
MIDLANDS,2025-02-27 17:30:00,8.15,1.7,77.0
MIDLANDS,2025-02-27 18:00:00,9.65,1.64,87.5
MIDLANDS,2025-02-27 18:30:00,10.72,3.24,39.4
MIDLANDS,2025-02-27 19:00:00,12.82,3.95,85.2
MIDLANDS,2025-02-27 19:30:00,11.44,2.96,50.8
MIDLANDS,2025-02-27 20:00:00,12.17,6.93,26.2
MIDLANDS,2025-02-27 20:30:00,11.09,3.76,41.4
MIDLANDS,2025-02-27 21:00:00,10.68,1.3,51.6
MIDLANDS,2025-02-27 21:30:00,9.41,3.0,58.7
MIDLANDS,2025-02-27 22:00:00,8.95,7.15,68.9
MIDLANDS,2025-02-27 22:30:00,12.32,3.68,50.1
MIDLANDS,2025-02-27 23:00:00,11.96,2.84,56.8
MIDLANDS,2025-02-27 23:30:00,10.71,1.52,72.8
MIDLANDS,2025-02-28 00:00:00,10.19,6.54,76.0
MIDLANDS,2025-02-28 00:30:00,11.05,3.78,44.5
MIDLANDS,2025-02-28 01:00:00,11.54,0.95,34.3
MIDLANDS,2025-02-28 01:30:00,9.68,7.25,63.4
MIDLANDS,2025-02-28 02:00:00,9.69,0.01,51.0
MIDLANDS,2025-02-28 02:30:00,6.24,5.56,32.1
MIDLANDS,2025-02-28 03:00:00,6.44,5.03,79.1
MIDLANDS,2025-02-28 03:30:00,7.78,5.14,69.7
MIDLANDS,2025-02-28 04:00:00,7.23,1.81,70.2
MIDLANDS,2025-02-28 04:30:00,8.22,5.79,65.6
MIDLANDS,2025-02-28 05:00:00,5.67,5.38,60.0
MIDLANDS,2025-02-28 05:30:00,6.49,3.41,47.6
MIDLANDS,2025-02-28 06:00:00,7.82,1.16,42.1
MIDLANDS,2025-02-28 06:30:00,6.36,7.23,79.0
MIDLANDS,2025-02-28 07:00:00,4.59,6.7,84.3
MIDLANDS,2025-02-28 07:30:00,5.15,0.0,58.7
MIDLANDS,2025-02-28 08:00:00,7.84,7.18,44.3
MIDLANDS,2025-02-28 08:30:00,8.59,0.0,53.4
MIDLANDS,2025-02-28 09:00:00,6.06,6.3,83.4
MIDLANDS,2025-02-28 09:30:00,7.7,1.3,75.5
MIDLANDS,2025-02-28 10:00:00,7.37,0.66,22.8
MIDLANDS,2025-02-28 10:30:00,8.0,3.64,36.9
MIDLANDS,2025-02-28 11:00:00,6.82,4.73,58.5
MIDLANDS,2025-02-28 11:30:00,5.21,7.77,78.1
MIDLANDS,2025-02-28 12:00:00,7.09,3.41,66.5
MIDLANDS,2025-02-28 12:30:00,6.13,4.65,36.0
MIDLANDS,2025-02-28 13:00:00,7.89,1.66,39.9
MIDLANDS,2025-02-28 13:30:00,9.95,4.12,63.7
MIDLANDS,2025-02-28 14:00:00,6.07,2.81,68.3
MIDLANDS,2025-02-28 14:30:00,8.72,0.0,63.7
MIDLANDS,2025-02-28 15:00:00,9.45,6.57,48.2
MIDLANDS,2025-02-28 15:30:00,6.32,2.01,40.3
MIDLANDS,2025-02-28 16:00:00,10.37,0.0,51.9
MIDLANDS,2025-02-28 16:30:00,11.2,4.01,76.1
MIDLANDS,2025-02-28 17:00:00,7.93,0.8,85.9
MIDLANDS,2025-02-28 17:30:00,10.02,4.21,39.9
MIDLANDS,2025-02-28 18:00:00,10.34,1.71,81.4
MIDLANDS,2025-02-28 18:30:00,13.49,4.97,48.6
MIDLANDS,2025-02-28 19:00:00,7.38,0.63,88.0
MIDLANDS,2025-02-28 19:30:00,9.19,3.26,71.8
MIDLANDS,2025-02-28 20:00:00,12.27,3.6,52.7
MIDLANDS,2025-02-28 20:30:00,10.57,2.74,49.7
MIDLANDS,2025-02-28 21:00:00,10.91,4.37,98.4
MIDLANDS,2025-02-28 21:30:00,10.95,6.3,40.7
MIDLANDS,2025-02-28 22:00:00,10.85,2.55,67.1
MIDLANDS,2025-02-28 22:30:00,11.05,4.1,103.3
MIDLANDS,2025-02-28 23:00:00,11.62,6.35,73.8
MIDLANDS,2025-02-28 23:30:00,12.02,1.13,84.7
MIDLANDS,2025-03-01 00:00:00,8.35,2.87,70.1
MIDLANDS,2025-03-01 00:30:00,11.02,1.69,50.8
MIDLANDS,2025-03-01 01:00:00,9.18,3.63,75.4
MIDLANDS,2025-03-01 01:30:00,13.18,4.84,46.8
MIDLANDS,2025-03-01 02:00:00,6.99,3.35,43.1
MIDLANDS,2025-03-01 02:30:00,9.1,4.9,51.7
MIDLANDS,2025-03-01 03:00:00,10.41,2.53,57.9
MIDLANDS,2025-03-01 03:30:00,8.79,5.78,83.0
MIDLANDS,2025-03-01 04:00:00,8.06,6.1,48.0
MIDLANDS,2025-03-01 04:30:00,8.64,5.81,87.2
MIDLANDS,2025-03-01 05:00:00,5.13,2.19,74.8
MIDLANDS,2025-03-01 05:30:00,3.95,4.98,79.1
MIDLANDS,2025-03-01 06:00:00,6.12,3.14,40.7
MIDLANDS,2025-03-01 06:30:00,6.18,3.01,47.7
MIDLANDS,2025-03-01 07:00:00,5.72,3.46,54.9
MIDLANDS,2025-03-01 07:30:00,8.86,3.21,66.2
MIDLANDS,2025-03-01 08:00:00,5.85,2.82,29.3
MIDLANDS,2025-03-01 08:30:00,4.66,1.59,63.3
MIDLANDS,2025-03-01 09:00:00,7.9,0.43,50.1
MIDLANDS,2025-03-01 09:30:00,4.97,3.47,79.4
MIDLANDS,2025-03-01 10:00:00,6.27,3.9,86.2
MIDLANDS,2025-03-01 10:30:00,7.36,2.48,62.9
MIDLANDS,2025-03-01 11:00:00,6.13,4.84,69.3
MIDLANDS,2025-03-01 11:30:00,5.49,4.35,57.9
MIDLANDS,2025-03-01 12:00:00,8.2,5.66,68.6
MIDLANDS,2025-03-01 12:30:00,7.18,5.87,44.3
MIDLANDS,2025-03-01 13:00:00,6.44,0.0,58.7
MIDLANDS,2025-03-01 13:30:00,7.105,4.8,24.5
MIDLANDS,2025-03-01 14:00:00,7.77,4.94,41.5
MIDLANDS,2025-03-01 14:30:00,9.03,2.89,59.4
MIDLANDS,2025-03-01 15:00:00,9.77,5.91,61.7
MIDLANDS,2025-03-01 15:30:00,8.08,3.08,71.5
MIDLANDS,2025-03-01 16:00:00,8.32,3.64,53.1
MIDLANDS,2025-03-01 16:30:00,9.42,1.98,26.7
MIDLANDS,2025-03-01 17:00:00,10.58,5.93,27.7
MIDLANDS,2025-03-01 17:30:00,10.4,6.17,70.7
MIDLANDS,2025-03-01 18:00:00,9.77,2.11,61.5
MIDLANDS,2025-03-01 18:30:00,10.57,4.19,56.8
MIDLANDS,2025-03-01 19:00:00,9.17,4.85,68.5
MIDLANDS,2025-03-01 19:30:00,10.71,4.22,90.2
MIDLANDS,2025-03-01 20:00:00,9.79,6.56,46.8
MIDLANDS,2025-03-01 20:30:00,11.87,6.47,54.7
MIDLANDS,2025-03-01 21:00:00,12.47,4.94,44.2
MIDLANDS,2025-03-01 21:30:00,10.02,6.27,76.6
MIDLANDS,2025-03-01 22:00:00,9.0,3.72,63.7
MIDLANDS,2025-03-01 22:30:00,9.66,8.72,64.2
MIDLANDS,2025-03-01 23:00:00,9.88,6.38,53.4
MIDLANDS,2025-03-01 23:30:00,11.16,0.66,51.8
MIDLANDS,2025-03-02 00:00:00,10.85,7.14,46.1
MIDLANDS,2025-03-02 00:30:00,8.53,5.13,48.8
MIDLANDS,2025-03-02 01:00:00,8.79,5.75,50.2
MIDLANDS,2025-03-02 01:30:00,6.75,1.4,60.2
MIDLANDS,2025-03-02 02:00:00,6.36,3.41,34.9
MIDLANDS,2025-03-02 02:30:00,10.56,8.33,41.0
MIDLANDS,2025-03-02 03:00:00,8.38,2.08,54.4
MIDLANDS,2025-03-02 03:30:00,10.24,3.07,54.9
MIDLANDS,2025-03-02 04:00:00,6.46,6.29,1.3
MIDLANDS,2025-03-02 04:30:00,7.06,3.91,48.1
MIDLANDS,2025-03-02 05:00:00,8.22,6.4,34.6
MIDLANDS,2025-03-02 05:30:00,9.69,1.15,83.2
MIDLANDS,2025-03-02 06:00:00,7.04,2.99,52.6
MIDLANDS,2025-03-02 06:30:00,6.82,4.42,43.4
MIDLANDS,2025-03-02 07:00:00,6.38,2.46,38.1
MIDLANDS,2025-03-02 07:30:00,5.68,1.7,52.4
MIDLANDS,2025-03-02 08:00:00,7.11,4.24,95.5
MIDLANDS,2025-03-02 08:30:00,3.94,4.94,60.1
MIDLANDS,2025-03-02 09:00:00,7.64,5.43,57.0
MIDLANDS,2025-03-02 09:30:00,6.87,2.51,71.0
MIDLANDS,2025-03-02 10:00:00,4.61,5.55,59.6
MIDLANDS,2025-03-02 10:30:00,6.28,3.53,57.1
MIDLANDS,2025-03-02 11:00:00,8.74,10.47,82.0
MIDLANDS,2025-03-02 11:30:00,6.5,5.26,72.1
MIDLANDS,2025-03-02 12:00:00,6.48,1.48,58.9
MIDLANDS,2025-03-02 12:30:00,8.56,0.78,47.0
MIDLANDS,2025-03-02 13:00:00,8.76,4.08,85.5
MIDLANDS,2025-03-02 13:30:00,6.38,8.7,32.3
MIDLANDS,2025-03-02 14:00:00,6.16,3.88,39.6
MIDLANDS,2025-03-02 14:30:00,8.55,3.85,56.5
MIDLANDS,2025-03-02 15:00:00,8.1,4.87,54.3
MIDLANDS,2025-03-02 15:30:00,10.44,3.64,42.6
MIDLANDS,2025-03-02 16:00:00,7.57,3.66,37.2
MIDLANDS,2025-03-02 16:30:00,7.97,5.05,28.0
MIDLANDS,2025-03-02 17:00:00,11.7,4.32,59.2
MIDLANDS,2025-03-02 17:30:00,8.77,5.53,59.9
MIDLANDS,2025-03-02 18:00:00,9.5,4.4,29.7
MIDLANDS,2025-03-02 18:30:00,8.36,1.76,66.3
MIDLANDS,2025-03-02 19:00:00,10.52,6.1,43.4
MIDLANDS,2025-03-02 19:30:00,11.22,3.77,43.0
MIDLANDS,2025-03-02 20:00:00,11.06,3.87,48.7
MIDLANDS,2025-03-02 20:30:00,10.64,3.74,57.2
MIDLANDS,2025-03-02 21:00:00,10.03,1.39,61.3
MIDLANDS,2025-03-02 21:30:00,9.56,1.96,55.7
MIDLANDS,2025-03-02 22:00:00,11.21,4.37,50.4
MIDLANDS,2025-03-02 22:30:00,9.64,5.27,16.9
MIDLANDS,2025-03-02 23:00:00,10.97,0.25,34.5
MIDLANDS,2025-03-02 23:30:00,9.39,8.34,90.2
MIDLANDS,2025-03-03 00:00:00,10.49,4.71,26.5
MIDLANDS,2025-03-03 00:30:00,9.83,2.9,45.3
MIDLANDS,2025-03-03 01:00:00,9.35,3.06,75.6
MIDLANDS,2025-03-03 01:30:00,6.84,4.15,44.2
MIDLANDS,2025-03-03 02:00:00,8.15,4.61,39.9
MIDLANDS,2025-03-03 02:30:00,8.84,3.58,48.1
MIDLANDS,2025-03-03 03:00:00,7.56,3.69,46.2
MIDLANDS,2025-03-03 03:30:00,8.14,3.44,49.0
MIDLANDS,2025-03-03 04:00:00,9.55,4.83,53.1
MIDLANDS,2025-03-03 04:30:00,7.82,1.95,52.1
MIDLANDS,2025-03-03 05:00:00,6.85,1.51,67.0
MIDLANDS,2025-03-03 05:30:00,6.63,3.29,49.8
MIDLANDS,2025-03-03 06:00:00,10.47,2.67,22.8
MIDLANDS,2025-03-03 06:30:00,4.99,5.52,84.1
MIDLANDS,2025-03-03 07:00:00,5.9,6.56,73.3
MIDLANDS,2025-03-03 07:30:00,6.49,3.48,63.3
MIDLANDS,2025-03-03 08:00:00,7.7,4.79,47.8
MIDLANDS,2025-03-03 08:30:00,6.44,7.96,64.5
MIDLANDS,2025-03-03 09:00:00,7.76,5.08,64.9
MIDLANDS,2025-03-03 09:30:00,6.85,5.79,72.9
MIDLANDS,2025-03-03 10:00:00,7.23,2.61,66.9
MIDLANDS,2025-03-03 10:30:00,6.83,3.38,108.2
MIDLANDS,2025-03-03 11:00:00,5.39,5.92,44.5
MIDLANDS,2025-03-03 11:30:00,7.39,9.14,42.7
MIDLANDS,2025-03-03 12:00:00,6.78,3.96,44.8
MIDLANDS,2025-03-03 12:30:00,8.71,2.93,71.8
MIDLANDS,2025-03-03 13:00:00,6.53,0.39,55.9
MIDLANDS,2025-03-03 13:30:00,6.25,7.04,32.5
MIDLANDS,2025-03-03 14:00:00,7.4,4.83,49.4
MIDLANDS,2025-03-03 14:30:00,6.82,8.08,42.0
MIDLANDS,2025-03-03 15:00:00,8.93,3.58,72.8
MIDLANDS,2025-03-03 15:30:00,9.72,2.35,54.1
MIDLANDS,2025-03-03 16:00:00,9.37,5.5,39.0
MIDLANDS,2025-03-03 16:30:00,12.07,2.48,59.8
MIDLANDS,2025-03-03 17:00:00,8.67,1.4,44.3
MIDLANDS,2025-03-03 17:30:00,8.9,3.17,42.4
MIDLANDS,2025-03-03 18:00:00,11.21,2.43,43.9
MIDLANDS,2025-03-03 18:30:00,9.91,5.99,63.9
MIDLANDS,2025-03-03 19:00:00,10.46,1.13,39.4
MIDLANDS,2025-03-03 19:30:00,9.04,6.61,69.6
MIDLANDS,2025-03-03 20:00:00,9.61,2.87,45.1
MIDLANDS,2025-03-03 20:30:00,9.58,4.92,54.8
MIDLANDS,2025-03-03 21:00:00,13.08,6.5,83.6
MIDLANDS,2025-03-03 21:30:00,11.38,3.15,70.8
MIDLANDS,2025-03-03 22:00:00,9.96,7.26,67.3
MIDLANDS,2025-03-03 22:30:00,10.69,4.25,91.3
MIDLANDS,2025-03-03 23:00:00,8.34,7.68,56.6
MIDLANDS,2025-03-03 23:30:00,8.37,2.5,30.3
MIDLANDS,2025-03-04 00:00:00,10.48,1.92,63.0
MIDLANDS,2025-03-04 00:30:00,11.06,2.66,55.2
MIDLANDS,2025-03-04 01:00:00,7.65,3.22,106.3
MIDLANDS,2025-03-04 01:30:00,10.15,3.47,49.0
MIDLANDS,2025-03-04 02:00:00,8.65,4.26,52.5
MIDLANDS,2025-03-04 02:30:00,9.33,2.09,42.7
MIDLANDS,2025-03-04 03:00:00,8.62,1.66,73.1
MIDLANDS,2025-03-04 03:30:00,8.16,0.34,62.0
MIDLANDS,2025-03-04 04:00:00,5.68,5.39,55.5
MIDLANDS,2025-03-04 04:30:00,9.92,6.14,40.9
MIDLANDS,2025-03-04 05:00:00,4.86,2.49,38.0
MIDLANDS,2025-03-04 05:30:00,9.47,3.98,76.8
MIDLANDS,2025-03-04 06:00:00,6.62,3.64,59.4
MIDLANDS,2025-03-04 06:30:00,8.29,4.62,41.0
MIDLANDS,2025-03-04 07:00:00,8.71,3.41,51.8
MIDLANDS,2025-03-04 07:30:00,3.37,5.27,61.8
MIDLANDS,2025-03-04 08:00:00,6.82,3.19,49.6
MIDLANDS,2025-03-04 08:30:00,6.25,4.93,71.5
MIDLANDS,2025-03-04 09:00:00,6.49,5.9,58.6
MIDLANDS,2025-03-04 09:30:00,6.16,4.4,35.5
MIDLANDS,2025-03-04 10:00:00,7.24,0.92,41.5
MIDLANDS,2025-03-04 10:30:00,4.54,3.65,89.0
MIDLANDS,2025-03-04 11:00:00,7.14,5.29,102.3
MIDLANDS,2025-03-04 11:30:00,7.77,2.47,48.7
MIDLANDS,2025-03-04 12:00:00,7.7,2.73,50.0
MIDLANDS,2025-03-04 12:30:00,8.88,6.05,30.4
MIDLANDS,2025-03-04 13:00:00,7.2,3.07,70.8
MIDLANDS,2025-03-04 13:30:00,9.55,9.4,51.6
MIDLANDS,2025-03-04 14:00:00,8.2,5.18,47.7
MIDLANDS,2025-03-04 14:30:00,8.53,3.17,12.8
MIDLANDS,2025-03-04 15:00:00,9.36,3.64,82.9
MIDLANDS,2025-03-04 15:30:00,9.22,1.49,55.4
MIDLANDS,2025-03-04 16:00:00,7.19,1.58,71.4
MIDLANDS,2025-03-04 16:30:00,9.4,5.85,24.6
MIDLANDS,2025-03-04 17:00:00,9.82,3.05,77.2
MIDLANDS,2025-03-04 17:30:00,10.92,5.28,87.7
MIDLANDS,2025-03-04 18:00:00,9.99,6.67,41.2
MIDLANDS,2025-03-04 18:30:00,9.13,5.51,32.9
MIDLANDS,2025-03-04 19:00:00,11.32,4.2,79.3
MIDLANDS,2025-03-04 19:30:00,10.56,4.11,69.2
MIDLANDS,2025-03-04 20:00:00,9.9,2.59,68.5
MIDLANDS,2025-03-04 20:30:00,10.66,3.19,58.5
MIDLANDS,2025-03-04 21:00:00,12.54,3.11,51.5
MIDLANDS,2025-03-04 21:30:00,8.58,3.92,71.8
MIDLANDS,2025-03-04 22:00:00,11.43,4.22,77.2
MIDLANDS,2025-03-04 22:30:00,11.31,6.23,77.7
MIDLANDS,2025-03-04 23:00:00,12.0,3.66,36.1
MIDLANDS,2025-03-04 23:30:00,10.91,5.56,88.3
MIDLANDS,2025-03-05 00:00:00,11.29,7.89,71.2
MIDLANDS,2025-03-05 00:30:00,10.02,1.23,65.5
MIDLANDS,2025-03-05 01:00:00,8.6,4.42,61.0
MIDLANDS,2025-03-05 01:30:00,9.83,3.81,76.8
MIDLANDS,2025-03-05 02:00:00,5.48,4.38,81.6
MIDLANDS,2025-03-05 02:30:00,10.99,5.46,90.3
MIDLANDS,2025-03-05 03:00:00,8.43,4.01,69.5
MIDLANDS,2025-03-05 03:30:00,8.23,2.44,50.7
MIDLANDS,2025-03-05 04:00:00,6.41,5.06,60.2
MIDLANDS,2025-03-05 04:30:00,7.32,2.87,69.1
MIDLANDS,2025-03-05 05:00:00,8.27,1.74,36.8
MIDLANDS,2025-03-05 05:30:00,8.48,1.25,69.9
MIDLANDS,2025-03-05 06:00:00,8.96,7.24,73.3
MIDLANDS,2025-03-05 06:30:00,7.87,8.5,18.0
MIDLANDS,2025-03-05 07:00:00,6.26,5.7,53.9
MIDLANDS,2025-03-05 07:30:00,8.3,3.92,62.4
MIDLANDS,2025-03-05 08:00:00,6.42,2.95,50.2
MIDLANDS,2025-03-05 08:30:00,7.07,2.45,77.2
MIDLANDS,2025-03-05 09:00:00,7.6,6.2,39.7
MIDLANDS,2025-03-05 09:30:00,4.78,3.99,112.2
MIDLANDS,2025-03-05 10:00:00,8.54,2.89,67.6
MIDLANDS,2025-03-05 10:30:00,7.89,1.26,84.7
MIDLANDS,2025-03-05 11:00:00,7.13,3.82,60.4
MIDLANDS,2025-03-05 11:30:00,8.71,2.49,29.3
MIDLANDS,2025-03-05 12:00:00,8.14,0.0,54.6
MIDLANDS,2025-03-05 12:30:00,9.17,5.16,78.8
MIDLANDS,2025-03-05 13:00:00,8.940000000000001,8.82,49.4
MIDLANDS,2025-03-05 13:30:00,8.71,3.12,77.2
MIDLANDS,2025-03-05 14:00:00,8.67,7.44,50.4
MIDLANDS,2025-03-05 14:30:00,10.44,5.19,59.4
MIDLANDS,2025-03-05 15:00:00,9.92,4.52,66.4
MIDLANDS,2025-03-05 15:30:00,9.02,2.6,54.0
MIDLANDS,2025-03-05 16:00:00,7.73,5.68,37.8
MIDLANDS,2025-03-05 16:30:00,9.49,5.3,75.1
MIDLANDS,2025-03-05 17:00:00,8.03,3.82,68.3
MIDLANDS,2025-03-05 17:30:00,10.22,6.69,45.2
MIDLANDS,2025-03-05 18:00:00,8.02,5.62,50.3
MIDLANDS,2025-03-05 18:30:00,8.37,3.68,82.2
MIDLANDS,2025-03-05 19:00:00,9.16,8.67,44.9
MIDLANDS,2025-03-05 19:30:00,10.78,1.56,60.7
MIDLANDS,2025-03-05 20:00:00,10.59,1.02,110.9
MIDLANDS,2025-03-05 20:30:00,10.15,3.01,77.4
MIDLANDS,2025-03-05 21:00:00,12.86,6.25,38.4
MIDLANDS,2025-03-05 21:30:00,10.94,0.24,76.2
MIDLANDS,2025-03-05 22:00:00,8.52,2.39,59.9
MIDLANDS,2025-03-05 22:30:00,11.01,3.48,87.3
MIDLANDS,2025-03-05 23:00:00,11.03,5.29,37.9
MIDLANDS,2025-03-05 23:30:00,12.2,2.39,91.3
MIDLANDS,2025-03-06 00:00:00,12.22,5.03,78.6
MIDLANDS,2025-03-06 00:30:00,6.1,3.61,79.8
MIDLANDS,2025-03-06 01:00:00,10.42,1.56,54.7
MIDLANDS,2025-03-06 01:30:00,6.27,4.83,26.1
MIDLANDS,2025-03-06 02:00:00,10.15,6.37,51.5
MIDLANDS,2025-03-06 02:30:00,9.42,3.57,64.4
MIDLANDS,2025-03-06 03:00:00,6.9,5.24,30.5
MIDLANDS,2025-03-06 03:30:00,7.51,3.76,56.2
MIDLANDS,2025-03-06 04:00:00,8.12,2.7,93.9
MIDLANDS,2025-03-06 04:30:00,7.99,4.47,63.6
MIDLANDS,2025-03-06 05:00:00,8.59,5.15,68.0
MIDLANDS,2025-03-06 05:30:00,8.27,0.35,27.8
MIDLANDS,2025-03-06 06:00:00,6.97,3.6,70.4
MIDLANDS,2025-03-06 06:30:00,7.09,5.16,37.6
MIDLANDS,2025-03-06 07:00:00,6.85,1.32,67.0
MIDLANDS,2025-03-06 07:30:00,4.61,4.7,33.6
MIDLANDS,2025-03-06 08:00:00,6.34,5.79,64.1
MIDLANDS,2025-03-06 08:30:00,4.82,2.66,33.0
MIDLANDS,2025-03-06 09:00:00,4.83,4.24,70.1
MIDLANDS,2025-03-06 09:30:00,7.39,5.21,59.8
MIDLANDS,2025-03-06 10:00:00,6.74,1.85,52.1
MIDLANDS,2025-03-06 10:30:00,5.48,2.31,61.6
MIDLANDS,2025-03-06 11:00:00,7.24,10.13,35.8
MIDLANDS,2025-03-06 11:30:00,7.23,1.15,53.0
MIDLANDS,2025-03-06 12:00:00,7.38,5.69,51.9
MIDLANDS,2025-03-06 12:30:00,7.57,3.14,34.8
MIDLANDS,2025-03-06 13:00:00,7.5,3.24,61.3
MIDLANDS,2025-03-06 13:30:00,8.95,3.53,55.5
MIDLANDS,2025-03-06 14:00:00,6.73,5.08,47.5
MIDLANDS,2025-03-06 14:30:00,9.69,6.63,56.6
MIDLANDS,2025-03-06 15:00:00,8.09,3.97,66.3
MIDLANDS,2025-03-06 15:30:00,8.94,2.87,70.1
MIDLANDS,2025-03-06 16:00:00,10.39,3.31,30.2
MIDLANDS,2025-03-06 16:30:00,10.35,2.47,63.9
MIDLANDS,2025-03-06 17:00:00,10.39,0.22,61.5
MIDLANDS,2025-03-06 17:30:00,10.83,5.27,62.1
MIDLANDS,2025-03-06 18:00:00,8.16,6.55,67.4
MIDLANDS,2025-03-06 18:30:00,9.09,2.42,64.2
MIDLANDS,2025-03-06 19:00:00,11.55,3.02,74.9
MIDLANDS,2025-03-06 19:30:00,8.58,1.92,22.8
MIDLANDS,2025-03-06 20:00:00,9.72,7.02,97.0
MIDLANDS,2025-03-06 20:30:00,11.08,2.72,56.0
MIDLANDS,2025-03-06 21:00:00,11.3,0.87,49.7
MIDLANDS,2025-03-06 21:30:00,12.45,1.91,46.5
MIDLANDS,2025-03-06 22:00:00,10.55,4.57,48.7
MIDLANDS,2025-03-06 22:30:00,10.62,5.22,95.3
MIDLANDS,2025-03-06 23:00:00,10.06,3.92,87.5
MIDLANDS,2025-03-06 23:30:00,9.55,1.35,64.5
MIDLANDS,2025-03-07 00:00:00,11.14,4.72,58.3
MIDLANDS,2025-03-07 00:30:00,8.11,3.88,82.2
MIDLANDS,2025-03-07 01:00:00,7.88,3.51,53.0
MIDLANDS,2025-03-07 01:30:00,8.53,4.5,68.0
MIDLANDS,2025-03-07 02:00:00,9.37,2.05,30.4
MIDLANDS,2025-03-07 02:30:00,9.16,2.99,93.1
MIDLANDS,2025-03-07 03:00:00,10.59,7.98,43.1
MIDLANDS,2025-03-07 03:30:00,9.01,5.74,73.7
MIDLANDS,2025-03-07 04:00:00,7.42,6.56,60.0
MIDLANDS,2025-03-07 04:30:00,8.0,0.92,71.6
MIDLANDS,2025-03-07 05:00:00,7.12,4.93,64.2
MIDLANDS,2025-03-07 05:30:00,7.65,3.91,74.2
MIDLANDS,2025-03-07 06:00:00,6.88,1.09,70.2
MIDLANDS,2025-03-07 06:30:00,6.14,1.35,41.6
MIDLANDS,2025-03-07 07:00:00,7.25,3.81,21.6
MIDLANDS,2025-03-07 07:30:00,6.45,6.34,51.9
MIDLANDS,2025-03-07 08:00:00,6.65,6.09,74.3
MIDLANDS,2025-03-07 08:30:00,8.07,0.0,91.2
MIDLANDS,2025-03-07 09:00:00,7.68,8.92,45.9
MIDLANDS,2025-03-07 09:30:00,4.8,4.01,55.0
MIDLANDS,2025-03-07 10:00:00,7.9,6.15,58.4
MIDLANDS,2025-03-07 10:30:00,6.83,5.05,55.4
MIDLANDS,2025-03-07 11:00:00,7.02,6.07,82.7
MIDLANDS,2025-03-07 11:30:00,8.73,3.66,21.5
MIDLANDS,2025-03-07 12:00:00,7.67,2.48,57.7
MIDLANDS,2025-03-07 12:30:00,7.04,3.96,41.3
MIDLANDS,2025-03-07 13:00:00,6.79,6.45,42.5
MIDLANDS,2025-03-07 13:30:00,8.33,5.91,76.5
MIDLANDS,2025-03-07 14:00:00,9.8,4.61,73.0
MIDLANDS,2025-03-07 14:30:00,10.49,4.85,26.9
MIDLANDS,2025-03-07 15:00:00,8.73,5.39,48.7
MIDLANDS,2025-03-07 15:30:00,11.31,3.87,61.5
MIDLANDS,2025-03-07 16:00:00,11.2,3.63,63.2
MIDLANDS,2025-03-07 16:30:00,10.93,1.06,54.9
MIDLANDS,2025-03-07 17:00:00,11.26,4.13,86.4
MIDLANDS,2025-03-07 17:30:00,8.37,0.62,73.9
MIDLANDS,2025-03-07 18:00:00,11.62,3.61,67.2
MIDLANDS,2025-03-07 18:30:00,11.47,2.37,47.3
MIDLANDS,2025-03-07 19:00:00,11.01,5.81,39.0
MIDLANDS,2025-03-07 19:30:00,10.54,3.51,67.5
MIDLANDS,2025-03-07 20:00:00,10.84,2.91,82.5
MIDLANDS,2025-03-07 20:30:00,10.2,3.42,31.4
MIDLANDS,2025-03-07 21:00:00,9.92,5.03,65.8
MIDLANDS,2025-03-07 21:30:00,11.5,5.1,97.6
MIDLANDS,2025-03-07 22:00:00,9.68,0.76,41.1
MIDLANDS,2025-03-07 22:30:00,9.73,2.05,61.7
MIDLANDS,2025-03-07 23:00:00,11.76,7.08,69.1
MIDLANDS,2025-03-07 23:30:00,12.83,3.29,30.6
MIDLANDS,2025-03-08 00:00:00,11.16,0.32,46.4
MIDLANDS,2025-03-08 00:30:00,10.52,3.8,56.6
MIDLANDS,2025-03-08 01:00:00,8.0,3.98,78.1
MIDLANDS,2025-03-08 01:30:00,9.44,2.34,37.5
MIDLANDS,2025-03-08 02:00:00,7.92,4.78,66.2
MIDLANDS,2025-03-08 02:30:00,7.93,0.0,67.6
MIDLANDS,2025-03-08 03:00:00,7.3,5.38,46.4
MIDLANDS,2025-03-08 03:30:00,7.19,4.31,102.4
MIDLANDS,2025-03-08 04:00:00,8.79,4.27,66.5
MIDLANDS,2025-03-08 04:30:00,5.79,1.76,14.8
MIDLANDS,2025-03-08 05:00:00,9.56,7.05,67.1
MIDLANDS,2025-03-08 05:30:00,7.64,0.9,56.1
MIDLANDS,2025-03-08 06:00:00,9.31,4.26,49.8
MIDLANDS,2025-03-08 06:30:00,5.05,6.76,58.7
MIDLANDS,2025-03-08 07:00:00,4.85,2.15,37.0
MIDLANDS,2025-03-08 07:30:00,6.8,4.41,50.9
MIDLANDS,2025-03-08 08:00:00,7.83,4.16,79.1
MIDLANDS,2025-03-08 08:30:00,6.47,10.09,49.8
MIDLANDS,2025-03-08 09:00:00,5.88,1.95,56.2
MIDLANDS,2025-03-08 09:30:00,4.9,4.59,25.7
MIDLANDS,2025-03-08 10:00:00,7.36,1.3,53.1
MIDLANDS,2025-03-08 10:30:00,7.89,8.61,40.6
MIDLANDS,2025-03-08 11:00:00,7.3,2.55,44.3
MIDLANDS,2025-03-08 11:30:00,6.62,5.65,51.2
MIDLANDS,2025-03-08 12:00:00,10.59,4.83,41.8
MIDLANDS,2025-03-08 12:30:00,7.45,2.4,74.4
MIDLANDS,2025-03-08 13:00:00,6.41,1.32,49.4
MIDLANDS,2025-03-08 13:30:00,9.2,6.47,84.8
MIDLANDS,2025-03-08 14:00:00,9.53,3.83,74.3
MIDLANDS,2025-03-08 14:30:00,7.52,0.31,67.9
MIDLANDS,2025-03-08 15:00:00,8.21,3.87,62.2
MIDLANDS,2025-03-08 15:30:00,9.71,5.88,75.0
MIDLANDS,2025-03-08 16:00:00,10.13,3.12,61.9
MIDLANDS,2025-03-08 16:30:00,9.18,3.61,107.1
MIDLANDS,2025-03-08 17:00:00,10.53,4.9,47.3
MIDLANDS,2025-03-08 17:30:00,11.53,5.52,73.8
MIDLANDS,2025-03-08 18:00:00,10.88,6.07,82.9
MIDLANDS,2025-03-08 18:30:00,10.97,3.77,76.1
MIDLANDS,2025-03-08 19:00:00,9.74,2.56,59.0
MIDLANDS,2025-03-08 19:30:00,8.74,5.66,42.7
MIDLANDS,2025-03-08 20:00:00,10.33,3.57,60.7
MIDLANDS,2025-03-08 20:30:00,10.48,3.87,58.9
MIDLANDS,2025-03-08 21:00:00,10.29,2.45,79.5
MIDLANDS,2025-03-08 21:30:00,8.3,3.59,51.6
MIDLANDS,2025-03-08 22:00:00,11.13,1.09,51.0
MIDLANDS,2025-03-08 22:30:00,10.5,6.14,66.0
MIDLANDS,2025-03-08 23:00:00,8.89,3.03,75.9
MIDLANDS,2025-03-08 23:30:00,8.87,3.84,59.8
MIDLANDS,2025-03-09 00:00:00,9.48,9.39,52.6
MIDLANDS,2025-03-09 00:30:00,10.48,2.47,69.5
MIDLANDS,2025-03-09 01:00:00,10.5,2.82,59.0
MIDLANDS,2025-03-09 01:30:00,8.38,1.71,78.7
MIDLANDS,2025-03-09 02:00:00,8.28,0.0,91.8
MIDLANDS,2025-03-09 02:30:00,7.98,3.51,89.5
MIDLANDS,2025-03-09 03:00:00,8.25,3.67,37.9
MIDLANDS,2025-03-09 03:30:00,6.46,3.67,66.5
MIDLANDS,2025-03-09 04:00:00,8.31,3.04,60.4
MIDLANDS,2025-03-09 04:30:00,5.74,4.92,62.9
MIDLANDS,2025-03-09 05:00:00,9.9,4.01,43.0
MIDLANDS,2025-03-09 05:30:00,7.47,3.34,67.8
MIDLANDS,2025-03-09 06:00:00,7.24,1.48,30.6
MIDLANDS,2025-03-09 06:30:00,7.53,6.77,61.4
MIDLANDS,2025-03-09 07:00:00,7.99,6.03,64.8
MIDLANDS,2025-03-09 07:30:00,6.03,4.39,81.7
MIDLANDS,2025-03-09 08:00:00,7.58,5.5,51.7
MIDLANDS,2025-03-09 08:30:00,6.7,3.76,59.1
MIDLANDS,2025-03-09 09:00:00,8.41,0.0,60.5
MIDLANDS,2025-03-09 09:30:00,6.91,1.26,72.1
MIDLANDS,2025-03-09 10:00:00,6.34,3.29,93.3
MIDLANDS,2025-03-09 10:30:00,8.42,5.15,66.9
MIDLANDS,2025-03-09 11:00:00,7.33,8.0,74.4
MIDLANDS,2025-03-09 11:30:00,6.63,1.2,70.2
MIDLANDS,2025-03-09 12:00:00,7.87,1.14,67.7
MIDLANDS,2025-03-09 12:30:00,7.62,5.06,68.0
MIDLANDS,2025-03-09 13:00:00,7.69,5.27,51.0
MIDLANDS,2025-03-09 13:30:00,7.9,2.94,80.4
MIDLANDS,2025-03-09 14:00:00,8.6,6.74,92.1
MIDLANDS,2025-03-09 14:30:00,8.06,0.0,78.8
MIDLANDS,2025-03-09 15:00:00,9.05,2.27,49.4
MIDLANDS,2025-03-09 15:30:00,8.96,6.59,62.9
MIDLANDS,2025-03-09 16:00:00,11.48,4.99,54.4
MIDLANDS,2025-03-09 16:30:00,9.47,5.12,74.8
MIDLANDS,2025-03-09 17:00:00,11.55,3.48,63.2
MIDLANDS,2025-03-09 17:30:00,11.06,3.23,39.6
MIDLANDS,2025-03-09 18:00:00,9.71,3.52,71.9
MIDLANDS,2025-03-09 18:30:00,12.18,1.29,49.2
MIDLANDS,2025-03-09 19:00:00,10.44,5.59,50.5
MIDLANDS,2025-03-09 19:30:00,10.36,1.18,68.7
MIDLANDS,2025-03-09 20:00:00,10.75,2.69,55.3
MIDLANDS,2025-03-09 20:30:00,12.29,1.99,44.9
MIDLANDS,2025-03-09 21:00:00,12.38,4.15,72.1
MIDLANDS,2025-03-09 21:30:00,11.36,3.93,53.7
MIDLANDS,2025-03-09 22:00:00,11.67,6.32,79.5
MIDLANDS,2025-03-09 22:30:00,9.25,6.61,53.6
MIDLANDS,2025-03-09 23:00:00,9.45,3.66,75.0
MIDLANDS,2025-03-09 23:30:00,11.0,3.49,75.1
MIDLANDS,2025-03-10 00:00:00,10.16,2.85,47.3
MIDLANDS,2025-03-10 00:30:00,10.48,3.83,35.2
MIDLANDS,2025-03-10 01:00:00,10.52,3.04,88.7
MIDLANDS,2025-03-10 01:30:00,7.82,3.64,47.4
MIDLANDS,2025-03-10 02:00:00,7.82,3.03,91.9
MIDLANDS,2025-03-10 02:30:00,9.16,2.42,27.1
MIDLANDS,2025-03-10 03:00:00,6.4,2.93,48.6
MIDLANDS,2025-03-10 03:30:00,8.2,0.0,58.3
MIDLANDS,2025-03-10 04:00:00,9.22,7.25,25.9
MIDLANDS,2025-03-10 04:30:00,7.03,2.29,62.6
MIDLANDS,2025-03-10 05:00:00,6.11,7.36,60.8
MIDLANDS,2025-03-10 05:30:00,7.43,7.19,59.7
MIDLANDS,2025-03-10 06:00:00,7.74,2.5,35.3
MIDLANDS,2025-03-10 06:30:00,6.52,8.37,71.4
MIDLANDS,2025-03-10 07:00:00,7.39,2.05,76.4
MIDLANDS,2025-03-10 07:30:00,5.43,0.87,49.9
MIDLANDS,2025-03-10 08:00:00,9.33,7.8,51.9
MIDLANDS,2025-03-10 08:30:00,6.18,0.72,61.4
MIDLANDS,2025-03-10 09:00:00,7.25,5.58,76.4
MIDLANDS,2025-03-10 09:30:00,6.82,5.11,47.4
MIDLANDS,2025-03-10 10:00:00,7.9,2.99,68.3
MIDLANDS,2025-03-10 10:30:00,7.71,4.14,74.3
MIDLANDS,2025-03-10 11:00:00,5.69,1.87,55.1
MIDLANDS,2025-03-10 11:30:00,5.84,3.19,53.3
MIDLANDS,2025-03-10 12:00:00,9.56,4.29,78.5
MIDLANDS,2025-03-10 12:30:00,8.35,2.93,62.4
MIDLANDS,2025-03-10 13:00:00,9.35,6.39,57.6
MIDLANDS,2025-03-10 13:30:00,6.49,0.56,54.1
MIDLANDS,2025-03-10 14:00:00,6.18,7.59,70.7
MIDLANDS,2025-03-10 14:30:00,8.23,1.78,78.5
MIDLANDS,2025-03-10 15:00:00,8.17,1.96,46.2
MIDLANDS,2025-03-10 15:30:00,9.64,5.24,81.5
MIDLANDS,2025-03-10 16:00:00,11.24,4.0,78.4
MIDLANDS,2025-03-10 16:30:00,9.18,0.36,47.9
MIDLANDS,2025-03-10 17:00:00,9.43,2.74,42.7
MIDLANDS,2025-03-10 17:30:00,9.85,5.24,90.9
MIDLANDS,2025-03-10 18:00:00,8.65,1.42,45.8
MIDLANDS,2025-03-10 18:30:00,11.64,3.59,47.0
MIDLANDS,2025-03-10 19:00:00,11.78,5.91,59.7
MIDLANDS,2025-03-10 19:30:00,9.94,4.54,55.8
MIDLANDS,2025-03-10 20:00:00,10.7,2.98,76.6
MIDLANDS,2025-03-10 20:30:00,11.29,6.07,84.1
MIDLANDS,2025-03-10 21:00:00,11.47,2.99,78.7
MIDLANDS,2025-03-10 21:30:00,11.48,9.21,65.6
MIDLANDS,2025-03-10 22:00:00,11.56,4.58,58.2
MIDLANDS,2025-03-10 22:30:00,10.41,4.59,69.4
MIDLANDS,2025-03-10 23:00:00,11.79,4.62,51.7
MIDLANDS,2025-03-10 23:30:00,10.01,1.35,89.9
MIDLANDS,2025-03-11 00:00:00,9.38,5.93,65.0
MIDLANDS,2025-03-11 00:30:00,10.4,3.77,45.8
MIDLANDS,2025-03-11 01:00:00,8.39,7.46,62.1
MIDLANDS,2025-03-11 01:30:00,10.9,6.77,52.6
MIDLANDS,2025-03-11 02:00:00,9.54,4.09,39.2
MIDLANDS,2025-03-11 02:30:00,8.81,5.18,51.0
MIDLANDS,2025-03-11 03:00:00,8.13,3.65,98.0
MIDLANDS,2025-03-11 03:30:00,6.31,5.0,55.4
MIDLANDS,2025-03-11 04:00:00,7.26,3.44,72.0
MIDLANDS,2025-03-11 04:30:00,8.9,4.37,79.7
MIDLANDS,2025-03-11 05:00:00,9.14,5.63,50.2
MIDLANDS,2025-03-11 05:30:00,8.21,5.0,45.3
MIDLANDS,2025-03-11 06:00:00,5.42,0.0,61.3
MIDLANDS,2025-03-11 06:30:00,7.66,1.64,78.8
MIDLANDS,2025-03-11 07:00:00,7.28,6.7,66.7
MIDLANDS,2025-03-11 07:30:00,5.82,4.92,72.1
MIDLANDS,2025-03-11 08:00:00,6.38,1.12,61.8
MIDLANDS,2025-03-11 08:30:00,5.83,6.24,52.7
MIDLANDS,2025-03-11 09:00:00,9.17,0.0,62.4
MIDLANDS,2025-03-11 09:30:00,8.82,2.22,57.1
MIDLANDS,2025-03-11 10:00:00,6.82,2.63,64.4
MIDLANDS,2025-03-11 10:30:00,5.75,3.78,69.3
MIDLANDS,2025-03-11 11:00:00,7.36,2.0,78.5
MIDLANDS,2025-03-11 11:30:00,8.5,1.92,36.7
MIDLANDS,2025-03-11 12:00:00,6.89,5.09,65.0
MIDLANDS,2025-03-11 12:30:00,8.98,3.35,43.4
MIDLANDS,2025-03-11 13:00:00,9.62,2.89,63.4
MIDLANDS,2025-03-11 13:30:00,6.66,2.86,78.2
MIDLANDS,2025-03-11 14:00:00,8.17,5.63,18.0
MIDLANDS,2025-03-11 14:30:00,8.36,3.66,91.4
MIDLANDS,2025-03-11 15:00:00,8.15,5.34,79.0
MIDLANDS,2025-03-11 15:30:00,8.69,3.25,62.5
MIDLANDS,2025-03-11 16:00:00,8.26,3.09,83.0
MIDLANDS,2025-03-11 16:30:00,10.66,3.69,62.0
MIDLANDS,2025-03-11 17:00:00,11.14,5.54,50.0
MIDLANDS,2025-03-11 17:30:00,12.29,6.63,72.2
MIDLANDS,2025-03-11 18:00:00,9.75,1.96,54.1
MIDLANDS,2025-03-11 18:30:00,10.84,0.46,68.9
MIDLANDS,2025-03-11 19:00:00,12.51,5.15,47.8
MIDLANDS,2025-03-11 19:30:00,10.01,4.6,57.2
MIDLANDS,2025-03-11 20:00:00,11.56,5.2,79.7
MIDLANDS,2025-03-11 20:30:00,9.67,4.44,53.5
MIDLANDS,2025-03-11 21:00:00,10.85,5.73,77.5
MIDLANDS,2025-03-11 21:30:00,12.64,4.85,58.0
MIDLANDS,2025-03-11 22:00:00,10.46,0.53,84.1
MIDLANDS,2025-03-11 22:30:00,10.38,5.01,72.2
MIDLANDS,2025-03-11 23:00:00,8.95,2.15,87.8
MIDLANDS,2025-03-11 23:30:00,10.8,2.84,57.7
MIDLANDS,2025-03-12 00:00:00,11.38,5.87,33.6
MIDLANDS,2025-03-12 00:30:00,12.04,5.93,57.3
MIDLANDS,2025-03-12 01:00:00,8.17,6.11,68.6
MIDLANDS,2025-03-12 01:30:00,7.85,3.54,116.3
MIDLANDS,2025-03-12 02:00:00,9.524999999999999,2.52,41.8
MIDLANDS,2025-03-12 02:30:00,11.2,5.7,85.3
MIDLANDS,2025-03-12 03:00:00,8.86,6.51,44.7
MIDLANDS,2025-03-12 03:30:00,8.76,4.57,84.9
MIDLANDS,2025-03-12 04:00:00,8.46,2.75,61.2
MIDLANDS,2025-03-12 04:30:00,6.07,0.0,75.0
MIDLANDS,2025-03-12 05:00:00,7.21,3.48,75.0
MIDLANDS,2025-03-12 05:30:00,9.34,5.07,94.7
MIDLANDS,2025-03-12 06:00:00,7.95,4.6,64.3
MIDLANDS,2025-03-12 06:30:00,5.8,5.91,16.0
MIDLANDS,2025-03-12 07:00:00,6.44,4.05,45.8
MIDLANDS,2025-03-12 07:30:00,6.6,7.68,79.9
MIDLANDS,2025-03-12 08:00:00,6.25,3.06,37.0
MIDLANDS,2025-03-12 08:30:00,7.92,3.5,24.6
MIDLANDS,2025-03-12 09:00:00,7.27,4.88,77.3
MIDLANDS,2025-03-12 09:30:00,7.06,3.25,95.8
MIDLANDS,2025-03-12 10:00:00,7.35,5.44,50.3
MIDLANDS,2025-03-12 10:30:00,8.17,1.09,51.7
MIDLANDS,2025-03-12 11:00:00,6.21,2.79,82.5
MIDLANDS,2025-03-12 11:30:00,6.93,5.44,87.3
MIDLANDS,2025-03-12 12:00:00,8.04,5.99,69.6
MIDLANDS,2025-03-12 12:30:00,8.22,5.5,93.1
MIDLANDS,2025-03-12 13:00:00,7.8,2.08,41.7
MIDLANDS,2025-03-12 13:30:00,9.75,6.26,50.3
MIDLANDS,2025-03-12 14:00:00,6.51,2.65,69.9
MIDLANDS,2025-03-12 14:30:00,9.0,4.36,50.6
MIDLANDS,2025-03-12 15:00:00,10.81,4.69,70.6
MIDLANDS,2025-03-12 15:30:00,9.79,5.05,68.3
MIDLANDS,2025-03-12 16:00:00,8.96,4.75,74.2
MIDLANDS,2025-03-12 16:30:00,11.46,4.83,42.6
MIDLANDS,2025-03-12 17:00:00,9.52,3.13,63.4
MIDLANDS,2025-03-12 17:30:00,10.35,1.75,39.7
MIDLANDS,2025-03-12 18:00:00,8.29,0.0,57.6
MIDLANDS,2025-03-12 18:30:00,13.59,7.59,42.4
MIDLANDS,2025-03-12 19:00:00,11.19,1.07,36.4
MIDLANDS,2025-03-12 19:30:00,9.57,3.55,56.7
MIDLANDS,2025-03-12 20:00:00,11.38,5.33,53.9
MIDLANDS,2025-03-12 20:30:00,11.12,1.81,35.8
MIDLANDS,2025-03-12 21:00:00,9.21,5.3,53.9
MIDLANDS,2025-03-12 21:30:00,8.76,3.87,37.5
MIDLANDS,2025-03-12 22:00:00,12.8,2.84,72.3
MIDLANDS,2025-03-12 22:30:00,12.12,2.09,61.4
MIDLANDS,2025-03-12 23:00:00,11.16,4.23,66.5
MIDLANDS,2025-03-12 23:30:00,8.9,5.11,51.2
MIDLANDS,2025-03-13 00:00:00,10.54,5.84,72.0
MIDLANDS,2025-03-13 00:30:00,10.54,5.28,72.4
MIDLANDS,2025-03-13 01:00:00,11.43,3.93,63.0
MIDLANDS,2025-03-13 01:30:00,10.76,3.02,36.0
MIDLANDS,2025-03-13 02:00:00,9.71,3.59,38.3
MIDLANDS,2025-03-13 02:30:00,9.72,6.86,30.7
MIDLANDS,2025-03-13 03:00:00,9.83,0.0,52.8
MIDLANDS,2025-03-13 03:30:00,10.81,3.34,61.6
MIDLANDS,2025-03-13 04:00:00,9.04,0.57,61.3
MIDLANDS,2025-03-13 04:30:00,8.2,7.72,37.8
MIDLANDS,2025-03-13 05:00:00,7.25,2.14,41.4
MIDLANDS,2025-03-13 05:30:00,9.06,4.05,50.0
MIDLANDS,2025-03-13 06:00:00,6.77,2.87,51.5
MIDLANDS,2025-03-13 06:30:00,5.87,3.48,53.5
MIDLANDS,2025-03-13 07:00:00,6.28,4.31,64.3
MIDLANDS,2025-03-13 07:30:00,6.52,3.71,98.9
MIDLANDS,2025-03-13 08:00:00,9.67,1.89,43.5
MIDLANDS,2025-03-13 08:30:00,5.85,6.11,52.8
MIDLANDS,2025-03-13 09:00:00,7.48,7.99,59.8
MIDLANDS,2025-03-13 09:30:00,8.04,5.04,49.4
MIDLANDS,2025-03-13 10:00:00,8.66,2.3,84.1
MIDLANDS,2025-03-13 10:30:00,6.68,3.04,40.4
MIDLANDS,2025-03-13 11:00:00,6.6,3.15,16.2
MIDLANDS,2025-03-13 11:30:00,7.43,2.98,74.2
MIDLANDS,2025-03-13 12:00:00,8.63,2.58,51.7
MIDLANDS,2025-03-13 12:30:00,7.84,6.97,45.2
MIDLANDS,2025-03-13 13:00:00,7.74,1.74,33.3
MIDLANDS,2025-03-13 13:30:00,8.97,4.41,83.1
MIDLANDS,2025-03-13 14:00:00,10.37,8.79,58.7
MIDLANDS,2025-03-13 14:30:00,8.81,1.4,72.5
MIDLANDS,2025-03-13 15:00:00,9.78,5.3,39.5
MIDLANDS,2025-03-13 15:30:00,10.06,4.41,62.5
MIDLANDS,2025-03-13 16:00:00,9.3,6.38,96.9
MIDLANDS,2025-03-13 16:30:00,8.79,5.44,8.2
MIDLANDS,2025-03-13 17:00:00,11.34,0.26,50.6
MIDLANDS,2025-03-13 17:30:00,8.96,3.57,75.1
MIDLANDS,2025-03-13 18:00:00,8.62,3.28,50.8
MIDLANDS,2025-03-13 18:30:00,12.75,4.86,38.8
MIDLANDS,2025-03-13 19:00:00,10.49,7.11,72.9
MIDLANDS,2025-03-13 19:30:00,9.95,3.47,55.8
MIDLANDS,2025-03-13 20:00:00,10.48,0.58,47.8
MIDLANDS,2025-03-13 20:30:00,12.79,3.24,58.1
MIDLANDS,2025-03-13 21:00:00,11.22,8.44,60.2
MIDLANDS,2025-03-13 21:30:00,12.37,2.8,55.3
MIDLANDS,2025-03-13 22:00:00,10.87,2.45,56.3
MIDLANDS,2025-03-13 22:30:00,11.92,2.4,60.0
MIDLANDS,2025-03-13 23:00:00,11.39,2.35,79.7
MIDLANDS,2025-03-13 23:30:00,10.62,3.67,23.9
MIDLANDS,2025-03-14 00:00:00,9.72,4.74,91.4
MIDLANDS,2025-03-14 00:30:00,10.85,6.25,38.2
MIDLANDS,2025-03-14 01:00:00,9.53,6.44,44.0
MIDLANDS,2025-03-14 01:30:00,10.84,5.47,64.9
MIDLANDS,2025-03-14 02:00:00,8.77,2.03,92.0
MIDLANDS,2025-03-14 02:30:00,9.92,4.68,52.6
MIDLANDS,2025-03-14 03:00:00,8.69,4.33,67.2
MIDLANDS,2025-03-14 03:30:00,9.53,2.44,33.6
MIDLANDS,2025-03-14 04:00:00,8.26,0.51,54.2
MIDLANDS,2025-03-14 04:30:00,7.55,4.98,95.7
MIDLANDS,2025-03-14 05:00:00,5.42,8.55,55.8
MIDLANDS,2025-03-14 05:30:00,8.17,1.17,77.9
MIDLANDS,2025-03-14 06:00:00,7.48,3.88,25.1
MIDLANDS,2025-03-14 06:30:00,7.52,5.69,55.7
MIDLANDS,2025-03-14 07:00:00,8.64,6.27,48.5
MIDLANDS,2025-03-14 07:30:00,9.15,4.09,60.9
MIDLANDS,2025-03-14 08:00:00,7.28,4.14,12.7
MIDLANDS,2025-03-14 08:30:00,6.94,1.27,89.3
MIDLANDS,2025-03-14 09:00:00,9.14,5.7,55.7
MIDLANDS,2025-03-14 09:30:00,6.02,2.68,95.0
MIDLANDS,2025-03-14 10:00:00,6.6,0.0,78.5
MIDLANDS,2025-03-14 10:30:00,9.23,7.32,78.7
MIDLANDS,2025-03-14 11:00:00,9.19,4.11,22.6
MIDLANDS,2025-03-14 11:30:00,7.78,5.24,57.6
MIDLANDS,2025-03-14 12:00:00,7.95,2.07,42.0
MIDLANDS,2025-03-14 12:30:00,10.37,7.75,60.0
MIDLANDS,2025-03-14 13:00:00,8.98,2.04,71.6
MIDLANDS,2025-03-14 13:30:00,10.76,0.94,68.3
MIDLANDS,2025-03-14 14:00:00,9.81,5.06,89.6
MIDLANDS,2025-03-14 14:30:00,11.61,3.53,72.1
MIDLANDS,2025-03-14 15:00:00,9.78,2.74,64.9
MIDLANDS,2025-03-14 15:30:00,10.49,4.43,44.1
MIDLANDS,2025-03-14 16:00:00,9.61,3.09,44.8
MIDLANDS,2025-03-14 16:30:00,10.54,4.84,77.6
MIDLANDS,2025-03-14 17:00:00,9.55,2.85,88.0
MIDLANDS,2025-03-14 17:30:00,10.38,4.06,56.8
MIDLANDS,2025-03-14 18:00:00,12.26,6.34,80.0
MIDLANDS,2025-03-14 18:30:00,10.93,2.26,94.7
MIDLANDS,2025-03-14 19:00:00,12.12,3.09,85.6
MIDLANDS,2025-03-14 19:30:00,10.45,6.82,86.6
MIDLANDS,2025-03-14 20:00:00,10.06,5.16,74.1
MIDLANDS,2025-03-14 20:30:00,14.3,2.52,85.8
MIDLANDS,2025-03-14 21:00:00,11.12,1.52,57.8
MIDLANDS,2025-03-14 21:30:00,11.1,1.88,65.6
MIDLANDS,2025-03-14 22:00:00,12.05,4.48,50.2
MIDLANDS,2025-03-14 22:30:00,10.72,3.99,63.9
MIDLANDS,2025-03-14 23:00:00,11.91,4.54,34.8
MIDLANDS,2025-03-14 23:30:00,9.9,4.33,80.2
MIDLANDS,2025-03-15 00:00:00,11.76,7.55,62.4
MIDLANDS,2025-03-15 00:30:00,11.12,1.09,67.7
MIDLANDS,2025-03-15 01:00:00,8.43,3.87,114.5
MIDLANDS,2025-03-15 01:30:00,10.09,2.27,67.3
MIDLANDS,2025-03-15 02:00:00,8.58,2.08,97.9
MIDLANDS,2025-03-15 02:30:00,10.49,4.69,52.9
MIDLANDS,2025-03-15 03:00:00,8.31,7.08,65.5
MIDLANDS,2025-03-15 03:30:00,4.99,8.84,63.3
MIDLANDS,2025-03-15 04:00:00,8.62,6.17,68.4
MIDLANDS,2025-03-15 04:30:00,9.1,3.15,37.9
MIDLANDS,2025-03-15 05:00:00,8.13,6.86,48.3
MIDLANDS,2025-03-15 05:30:00,6.92,6.44,51.8
MIDLANDS,2025-03-15 06:00:00,6.98,3.25,58.8
MIDLANDS,2025-03-15 06:30:00,5.59,2.92,64.1
MIDLANDS,2025-03-15 07:00:00,7.54,6.32,93.1
MIDLANDS,2025-03-15 07:30:00,9.09,5.83,57.3
MIDLANDS,2025-03-15 08:00:00,6.46,4.04,70.5
MIDLANDS,2025-03-15 08:30:00,8.19,5.25,57.8
MIDLANDS,2025-03-15 09:00:00,8.22,6.52,75.8
MIDLANDS,2025-03-15 09:30:00,7.24,2.33,44.6
MIDLANDS,2025-03-15 10:00:00,6.66,4.51,69.4
MIDLANDS,2025-03-15 10:30:00,5.78,2.99,64.4
MIDLANDS,2025-03-15 11:00:00,6.71,4.87,54.5
MIDLANDS,2025-03-15 11:30:00,6.92,4.11,67.1
MIDLANDS,2025-03-15 12:00:00,7.19,3.51,68.4
MIDLANDS,2025-03-15 12:30:00,7.29,0.68,32.3
MIDLANDS,2025-03-15 13:00:00,8.19,1.36,53.7
MIDLANDS,2025-03-15 13:30:00,10.69,1.24,54.9
MIDLANDS,2025-03-15 14:00:00,11.76,4.82,53.4
MIDLANDS,2025-03-15 14:30:00,9.02,4.86,90.5
MIDLANDS,2025-03-15 15:00:00,9.09,2.48,35.2
MIDLANDS,2025-03-15 15:30:00,9.85,1.19,51.7
MIDLANDS,2025-03-15 16:00:00,9.12,6.15,50.8
MIDLANDS,2025-03-15 16:30:00,10.68,0.79,62.4
MIDLANDS,2025-03-15 17:00:00,9.18,3.15,99.8
MIDLANDS,2025-03-15 17:30:00,11.74,3.74,117.6
MIDLANDS,2025-03-15 18:00:00,9.84,6.33,32.4
MIDLANDS,2025-03-15 18:30:00,10.64,1.3,64.6
MIDLANDS,2025-03-15 19:00:00,11.2,3.38,79.7
MIDLANDS,2025-03-15 19:30:00,10.46,4.65,74.8
MIDLANDS,2025-03-15 20:00:00,9.43,2.5,61.0
MIDLANDS,2025-03-15 20:30:00,11.96,6.84,56.1
MIDLANDS,2025-03-15 21:00:00,10.76,2.25,65.9
MIDLANDS,2025-03-15 21:30:00,10.78,3.45,58.3
MIDLANDS,2025-03-15 22:00:00,11.6,2.87,46.1
MIDLANDS,2025-03-15 22:30:00,11.46,0.0,49.1
MIDLANDS,2025-03-15 23:00:00,9.24,6.41,52.1
MIDLANDS,2025-03-15 23:30:00,9.95,3.9,49.3
MIDLANDS,2025-03-16 00:00:00,9.76,4.19,52.4
MIDLANDS,2025-03-16 00:30:00,9.73,1.98,39.2
MIDLANDS,2025-03-16 01:00:00,9.84,4.61,34.3
MIDLANDS,2025-03-16 01:30:00,10.68,5.53,77.5
MIDLANDS,2025-03-16 02:00:00,9.61,5.27,99.3
MIDLANDS,2025-03-16 02:30:00,8.88,1.91,32.4
MIDLANDS,2025-03-16 03:00:00,10.84,7.54,43.4
MIDLANDS,2025-03-16 03:30:00,7.86,3.35,82.0
MIDLANDS,2025-03-16 04:00:00,6.7,0.07,99.0
MIDLANDS,2025-03-16 04:30:00,8.62,4.91,56.3
MIDLANDS,2025-03-16 05:00:00,8.39,0.97,44.9
MIDLANDS,2025-03-16 05:30:00,7.96,0.0,54.6
MIDLANDS,2025-03-16 06:00:00,7.08,3.39,50.1
MIDLANDS,2025-03-16 06:30:00,6.32,0.36,62.6
MIDLANDS,2025-03-16 07:00:00,6.95,1.25,61.1
MIDLANDS,2025-03-16 07:30:00,6.96,3.08,21.2
MIDLANDS,2025-03-16 08:00:00,8.07,1.53,61.1
MIDLANDS,2025-03-16 08:30:00,6.28,3.22,80.7
MIDLANDS,2025-03-16 09:00:00,7.95,6.26,65.9
MIDLANDS,2025-03-16 09:30:00,7.79,0.44,54.3
MIDLANDS,2025-03-16 10:00:00,7.24,6.45,50.9
MIDLANDS,2025-03-16 10:30:00,7.83,4.45,80.8
MIDLANDS,2025-03-16 11:00:00,7.67,5.66,29.3
MIDLANDS,2025-03-16 11:30:00,5.9,0.0,74.1
MIDLANDS,2025-03-16 12:00:00,9.05,5.79,47.8
MIDLANDS,2025-03-16 12:30:00,7.57,3.76,86.0
MIDLANDS,2025-03-16 13:00:00,10.76,5.59,66.0
MIDLANDS,2025-03-16 13:30:00,10.33,3.49,53.0
MIDLANDS,2025-03-16 14:00:00,9.09,2.04,56.8
MIDLANDS,2025-03-16 14:30:00,7.91,6.05,69.8
MIDLANDS,2025-03-16 15:00:00,11.48,0.74,94.2
MIDLANDS,2025-03-16 15:30:00,7.88,1.6,48.8
MIDLANDS,2025-03-16 16:00:00,11.82,4.45,55.6
MIDLANDS,2025-03-16 16:30:00,9.3,1.25,80.4
MIDLANDS,2025-03-16 17:00:00,11.62,6.7,67.1
MIDLANDS,2025-03-16 17:30:00,7.49,1.51,68.4
MIDLANDS,2025-03-16 18:00:00,10.53,2.88,40.1
MIDLANDS,2025-03-16 18:30:00,12.12,4.91,69.0
MIDLANDS,2025-03-16 19:00:00,10.42,4.35,35.9
MIDLANDS,2025-03-16 19:30:00,11.02,0.0,31.8
MIDLANDS,2025-03-16 20:00:00,10.385,8.75,27.6
MIDLANDS,2025-03-16 20:30:00,9.75,4.43,91.8
MIDLANDS,2025-03-16 21:00:00,11.42,5.4,53.9
MIDLANDS,2025-03-16 21:30:00,10.57,4.16,48.2
MIDLANDS,2025-03-16 22:00:00,11.85,0.79,76.0
MIDLANDS,2025-03-16 22:30:00,11.03,3.57,30.4
MIDLANDS,2025-03-16 23:00:00,9.48,6.4,56.2
MIDLANDS,2025-03-16 23:30:00,10.99,2.24,59.5
MIDLANDS,2025-03-17 00:00:00,8.64,4.2,66.7
MIDLANDS,2025-03-17 00:30:00,10.67,2.19,53.8
MIDLANDS,2025-03-17 01:00:00,10.45,3.58,54.8
MIDLANDS,2025-03-17 01:30:00,12.09,2.1,79.4
MIDLANDS,2025-03-17 02:00:00,7.9,5.31,72.7
MIDLANDS,2025-03-17 02:30:00,8.67,1.57,24.5
MIDLANDS,2025-03-17 03:00:00,8.03,5.05,40.6
MIDLANDS,2025-03-17 03:30:00,8.88,1.05,55.8
MIDLANDS,2025-03-17 04:00:00,6.91,3.84,51.0
MIDLANDS,2025-03-17 04:30:00,6.86,2.68,43.2
MIDLANDS,2025-03-17 05:00:00,6.29,6.17,53.5
MIDLANDS,2025-03-17 05:30:00,5.23,2.75,76.5
MIDLANDS,2025-03-17 06:00:00,6.64,7.0,44.6
MIDLANDS,2025-03-17 06:30:00,8.16,6.07,68.1
MIDLANDS,2025-03-17 07:00:00,5.7,2.12,81.1
MIDLANDS,2025-03-17 07:30:00,6.39,5.95,52.3
MIDLANDS,2025-03-17 08:00:00,7.46,1.23,49.1
MIDLANDS,2025-03-17 08:30:00,6.24,4.45,61.7
MIDLANDS,2025-03-17 09:00:00,7.91,3.02,43.3
MIDLANDS,2025-03-17 09:30:00,7.57,1.94,79.4
MIDLANDS,2025-03-17 10:00:00,7.42,3.35,68.3
MIDLANDS,2025-03-17 10:30:00,7.46,0.68,40.9
MIDLANDS,2025-03-17 11:00:00,9.14,4.17,29.7
MIDLANDS,2025-03-17 11:30:00,8.29,2.88,44.3
MIDLANDS,2025-03-17 12:00:00,6.91,6.0,24.6
MIDLANDS,2025-03-17 12:30:00,7.28,4.24,88.4
MIDLANDS,2025-03-17 13:00:00,9.43,2.31,87.5
MIDLANDS,2025-03-17 13:30:00,7.14,4.53,68.8
MIDLANDS,2025-03-17 14:00:00,8.23,5.4,50.7
MIDLANDS,2025-03-17 14:30:00,10.12,0.32,66.0
MIDLANDS,2025-03-17 15:00:00,9.31,6.3,59.2
MIDLANDS,2025-03-17 15:30:00,11.3,5.02,57.7
MIDLANDS,2025-03-17 16:00:00,11.23,5.59,68.5
MIDLANDS,2025-03-17 16:30:00,7.54,2.03,84.9
MIDLANDS,2025-03-17 17:00:00,9.19,5.76,72.7
MIDLANDS,2025-03-17 17:30:00,9.83,0.01,49.8
MIDLANDS,2025-03-17 18:00:00,13.51,2.27,45.7
MIDLANDS,2025-03-17 18:30:00,9.82,6.43,55.6
MIDLANDS,2025-03-17 19:00:00,10.47,6.83,70.4
MIDLANDS,2025-03-17 19:30:00,10.11,1.55,80.8
MIDLANDS,2025-03-17 20:00:00,11.31,0.9,27.9
MIDLANDS,2025-03-17 20:30:00,9.95,1.52,23.2
MIDLANDS,2025-03-17 21:00:00,9.9,2.16,51.7
MIDLANDS,2025-03-17 21:30:00,13.25,3.47,57.0
MIDLANDS,2025-03-17 22:00:00,11.63,3.53,67.2
MIDLANDS,2025-03-17 22:30:00,11.35,4.25,109.8
MIDLANDS,2025-03-17 23:00:00,11.79,1.84,66.7
MIDLANDS,2025-03-17 23:30:00,9.75,4.89,35.2
MIDLANDS,2025-03-18 00:00:00,9.0,4.69,78.0
MIDLANDS,2025-03-18 00:30:00,10.93,5.71,66.7
MIDLANDS,2025-03-18 01:00:00,10.05,2.99,74.6
MIDLANDS,2025-03-18 01:30:00,11.07,3.87,57.9
MIDLANDS,2025-03-18 02:00:00,11.23,3.96,61.4
MIDLANDS,2025-03-18 02:30:00,9.91,3.8,45.2
MIDLANDS,2025-03-18 03:00:00,9.26,3.92,93.2
MIDLANDS,2025-03-18 03:30:00,9.75,2.81,73.1
MIDLANDS,2025-03-18 04:00:00,8.69,6.62,50.6
MIDLANDS,2025-03-18 04:30:00,8.55,3.8,61.1
MIDLANDS,2025-03-18 05:00:00,6.85,5.15,67.5
MIDLANDS,2025-03-18 05:30:00,9.45,3.98,52.6
MIDLANDS,2025-03-18 06:00:00,8.54,2.41,79.5
MIDLANDS,2025-03-18 06:30:00,8.89,6.51,66.8
MIDLANDS,2025-03-18 07:00:00,6.81,4.22,66.8
MIDLANDS,2025-03-18 07:30:00,6.72,6.67,70.4
MIDLANDS,2025-03-18 08:00:00,6.25,7.77,61.8
MIDLANDS,2025-03-18 08:30:00,6.01,2.34,86.8
MIDLANDS,2025-03-18 09:00:00,9.58,6.02,83.7
MIDLANDS,2025-03-18 09:30:00,8.85,5.11,65.9
MIDLANDS,2025-03-18 10:00:00,8.24,5.47,46.7
MIDLANDS,2025-03-18 10:30:00,8.47,6.92,56.3
MIDLANDS,2025-03-18 11:00:00,7.53,4.95,48.3
MIDLANDS,2025-03-18 11:30:00,6.33,6.3,51.9
MIDLANDS,2025-03-18 12:00:00,8.35,2.78,83.0
MIDLANDS,2025-03-18 12:30:00,9.35,3.52,38.8
MIDLANDS,2025-03-18 13:00:00,8.39,5.14,63.4
MIDLANDS,2025-03-18 13:30:00,8.94,4.42,73.7
MIDLANDS,2025-03-18 14:00:00,9.27,4.9,42.2
MIDLANDS,2025-03-18 14:30:00,12.39,3.43,63.7
MIDLANDS,2025-03-18 15:00:00,10.52,3.18,60.1
MIDLANDS,2025-03-18 15:30:00,9.84,2.17,67.9
MIDLANDS,2025-03-18 16:00:00,8.35,7.51,74.3
MIDLANDS,2025-03-18 16:30:00,11.09,0.53,45.7
MIDLANDS,2025-03-18 17:00:00,12.41,12.3,81.5
MIDLANDS,2025-03-18 17:30:00,11.98,5.05,44.7
MIDLANDS,2025-03-18 18:00:00,12.25,1.8,38.2
MIDLANDS,2025-03-18 18:30:00,9.53,5.95,59.0
MIDLANDS,2025-03-18 19:00:00,11.38,3.97,39.7
MIDLANDS,2025-03-18 19:30:00,10.45,2.76,34.7
MIDLANDS,2025-03-18 20:00:00,10.72,1.84,70.4
MIDLANDS,2025-03-18 20:30:00,12.12,1.41,54.7
MIDLANDS,2025-03-18 21:00:00,13.48,2.04,67.7
MIDLANDS,2025-03-18 21:30:00,11.38,6.19,65.3
MIDLANDS,2025-03-18 22:00:00,10.54,4.13,61.5
MIDLANDS,2025-03-18 22:30:00,10.95,1.36,82.4
MIDLANDS,2025-03-18 23:00:00,12.02,1.91,54.6
MIDLANDS,2025-03-18 23:30:00,10.79,1.69,26.4
MIDLANDS,2025-03-19 00:00:00,9.56,3.29,34.1
MIDLANDS,2025-03-19 00:30:00,10.57,6.33,75.2
MIDLANDS,2025-03-19 01:00:00,9.73,0.32,72.9
MIDLANDS,2025-03-19 01:30:00,10.06,4.85,94.8
MIDLANDS,2025-03-19 02:00:00,8.37,0.0,41.0
MIDLANDS,2025-03-19 02:30:00,9.95,4.05,38.1
MIDLANDS,2025-03-19 03:00:00,7.14,3.29,37.6
MIDLANDS,2025-03-19 03:30:00,9.47,3.18,48.7
MIDLANDS,2025-03-19 04:00:00,7.45,4.53,60.8
MIDLANDS,2025-03-19 04:30:00,8.6,4.36,58.7
MIDLANDS,2025-03-19 05:00:00,6.71,2.54,52.9
MIDLANDS,2025-03-19 05:30:00,10.43,1.3,52.5
MIDLANDS,2025-03-19 06:00:00,7.75,3.39,79.3
MIDLANDS,2025-03-19 06:30:00,7.26,3.53,74.7
MIDLANDS,2025-03-19 07:00:00,9.6,6.81,57.5
MIDLANDS,2025-03-19 07:30:00,7.37,4.09,62.6
MIDLANDS,2025-03-19 08:00:00,6.35,5.87,63.7
MIDLANDS,2025-03-19 08:30:00,7.31,1.46,61.1
MIDLANDS,2025-03-19 09:00:00,5.16,2.84,49.9
MIDLANDS,2025-03-19 09:30:00,7.78,7.76,70.3
MIDLANDS,2025-03-19 10:00:00,9.37,5.29,80.3
MIDLANDS,2025-03-19 10:30:00,9.86,2.54,45.7
MIDLANDS,2025-03-19 11:00:00,8.75,3.99,64.0
MIDLANDS,2025-03-19 11:30:00,7.65,2.81,89.2
MIDLANDS,2025-03-19 12:00:00,7.04,5.37,69.4
MIDLANDS,2025-03-19 12:30:00,6.47,2.34,48.1
MIDLANDS,2025-03-19 13:00:00,9.52,3.27,58.5
MIDLANDS,2025-03-19 13:30:00,7.1,8.65,61.3
MIDLANDS,2025-03-19 14:00:00,9.96,2.92,48.3
MIDLANDS,2025-03-19 14:30:00,11.66,0.17,65.0
MIDLANDS,2025-03-19 15:00:00,8.43,3.19,48.5
MIDLANDS,2025-03-19 15:30:00,8.7,4.07,13.8
MIDLANDS,2025-03-19 16:00:00,9.98,3.82,35.5
MIDLANDS,2025-03-19 16:30:00,12.18,2.81,55.7
MIDLANDS,2025-03-19 17:00:00,10.07,3.84,83.5
MIDLANDS,2025-03-19 17:30:00,13.74,5.49,79.6
MIDLANDS,2025-03-19 18:00:00,13.15,4.5,88.3
MIDLANDS,2025-03-19 18:30:00,12.05,4.29,66.3
MIDLANDS,2025-03-19 19:00:00,9.11,4.58,32.2
MIDLANDS,2025-03-19 19:30:00,9.34,4.39,39.9
MIDLANDS,2025-03-19 20:00:00,11.35,4.28,63.3
MIDLANDS,2025-03-19 20:30:00,10.28,5.8,58.4
MIDLANDS,2025-03-19 21:00:00,11.82,1.61,56.8
MIDLANDS,2025-03-19 21:30:00,12.61,5.94,45.6
MIDLANDS,2025-03-19 22:00:00,10.44,2.02,48.2
MIDLANDS,2025-03-19 22:30:00,9.42,3.72,71.4
MIDLANDS,2025-03-19 23:00:00,9.83,3.82,56.0
MIDLANDS,2025-03-19 23:30:00,12.04,2.78,49.6
MIDLANDS,2025-03-20 00:00:00,9.38,1.72,69.5
MIDLANDS,2025-03-20 00:30:00,10.24,4.11,82.9
MIDLANDS,2025-03-20 01:00:00,11.52,0.71,71.7
MIDLANDS,2025-03-20 01:30:00,10.19,3.08,65.9
MIDLANDS,2025-03-20 02:00:00,7.33,6.93,69.3
MIDLANDS,2025-03-20 02:30:00,8.36,2.83,29.3
MIDLANDS,2025-03-20 03:00:00,8.5,3.03,36.1
MIDLANDS,2025-03-20 03:30:00,9.81,6.55,59.5
MIDLANDS,2025-03-20 04:00:00,8.03,4.87,59.6
MIDLANDS,2025-03-20 04:30:00,7.1,2.69,54.7
MIDLANDS,2025-03-20 05:00:00,8.28,4.02,63.8
MIDLANDS,2025-03-20 05:30:00,6.16,5.33,60.1
MIDLANDS,2025-03-20 06:00:00,10.73,3.22,65.8
MIDLANDS,2025-03-20 06:30:00,11.06,4.39,58.8
MIDLANDS,2025-03-20 07:00:00,6.28,7.06,39.1
MIDLANDS,2025-03-20 07:30:00,7.98,3.05,56.6
MIDLANDS,2025-03-20 08:00:00,5.69,6.69,55.0
MIDLANDS,2025-03-20 08:30:00,5.94,6.51,50.9
MIDLANDS,2025-03-20 09:00:00,7.87,5.68,68.5
MIDLANDS,2025-03-20 09:30:00,4.83,5.39,58.2
MIDLANDS,2025-03-20 10:00:00,7.27,3.78,31.0
MIDLANDS,2025-03-20 10:30:00,7.9,1.27,54.9
MIDLANDS,2025-03-20 11:00:00,8.17,6.15,45.2
MIDLANDS,2025-03-20 11:30:00,9.73,5.89,52.3
MIDLANDS,2025-03-20 12:00:00,7.07,1.11,64.9
MIDLANDS,2025-03-20 12:30:00,7.51,6.4,47.8
MIDLANDS,2025-03-20 13:00:00,7.8,4.47,47.7
MIDLANDS,2025-03-20 13:30:00,8.89,5.97,62.1
MIDLANDS,2025-03-20 14:00:00,9.54,4.41,29.5
MIDLANDS,2025-03-20 14:30:00,9.87,4.32,76.1
MIDLANDS,2025-03-20 15:00:00,10.64,3.6,78.6
MIDLANDS,2025-03-20 15:30:00,9.57,4.49,54.4
MIDLANDS,2025-03-20 16:00:00,10.95,3.25,89.7
MIDLANDS,2025-03-20 16:30:00,12.82,5.75,87.7
MIDLANDS,2025-03-20 17:00:00,8.97,1.16,54.2
MIDLANDS,2025-03-20 17:30:00,10.86,3.6,30.4
MIDLANDS,2025-03-20 18:00:00,12.51,8.31,83.1
MIDLANDS,2025-03-20 18:30:00,12.43,4.45,44.8
MIDLANDS,2025-03-20 19:00:00,11.42,8.21,53.7
MIDLANDS,2025-03-20 19:30:00,10.79,6.21,81.1
MIDLANDS,2025-03-20 20:00:00,10.38,3.48,51.0
MIDLANDS,2025-03-20 20:30:00,11.48,6.21,45.5
MIDLANDS,2025-03-20 21:00:00,12.64,4.2,101.9
MIDLANDS,2025-03-20 21:30:00,11.71,3.81,70.3
MIDLANDS,2025-03-20 22:00:00,10.73,0.41,55.7
MIDLANDS,2025-03-20 22:30:00,10.82,0.82,58.7
MIDLANDS,2025-03-20 23:00:00,8.33,3.3,64.4
MIDLANDS,2025-03-20 23:30:00,10.93,3.18,58.5
MIDLANDS,2025-03-21 00:00:00,9.49,4.02,61.0
MIDLANDS,2025-03-21 00:30:00,9.35,4.54,64.7
MIDLANDS,2025-03-21 01:00:00,9.75,8.84,57.5
MIDLANDS,2025-03-21 01:30:00,9.62,3.16,42.5
MIDLANDS,2025-03-21 02:00:00,10.26,2.63,49.8
MIDLANDS,2025-03-21 02:30:00,8.79,2.03,28.5
MIDLANDS,2025-03-21 03:00:00,8.36,5.75,63.5
MIDLANDS,2025-03-21 03:30:00,10.79,5.5,69.4
MIDLANDS,2025-03-21 04:00:00,10.69,3.81,61.1
MIDLANDS,2025-03-21 04:30:00,8.42,7.09,60.0
MIDLANDS,2025-03-21 05:00:00,7.24,5.18,45.3
MIDLANDS,2025-03-21 05:30:00,8.66,4.83,56.6
MIDLANDS,2025-03-21 06:00:00,8.38,1.02,62.9
MIDLANDS,2025-03-21 06:30:00,7.15,9.72,62.8
MIDLANDS,2025-03-21 07:00:00,6.79,1.24,83.5
MIDLANDS,2025-03-21 07:30:00,7.08,2.42,66.1
MIDLANDS,2025-03-21 08:00:00,8.21,5.27,60.4
MIDLANDS,2025-03-21 08:30:00,7.63,4.46,66.1
MIDLANDS,2025-03-21 09:00:00,8.01,6.19,61.0
MIDLANDS,2025-03-21 09:30:00,6.52,3.71,73.6
MIDLANDS,2025-03-21 10:00:00,5.56,0.44,76.5
MIDLANDS,2025-03-21 10:30:00,9.53,1.47,61.8
MIDLANDS,2025-03-21 11:00:00,7.54,3.48,65.5
MIDLANDS,2025-03-21 11:30:00,6.47,1.79,54.6
MIDLANDS,2025-03-21 12:00:00,8.26,1.75,74.2
MIDLANDS,2025-03-21 12:30:00,7.93,3.16,65.1
MIDLANDS,2025-03-21 13:00:00,8.76,5.67,43.2
MIDLANDS,2025-03-21 13:30:00,7.24,3.38,61.1
MIDLANDS,2025-03-21 14:00:00,7.95,1.22,63.3
MIDLANDS,2025-03-21 14:30:00,8.53,1.09,77.4
MIDLANDS,2025-03-21 15:00:00,9.19,6.3,60.5
MIDLANDS,2025-03-21 15:30:00,10.31,3.58,12.2
MIDLANDS,2025-03-21 16:00:00,9.07,3.75,66.6
MIDLANDS,2025-03-21 16:30:00,8.29,3.89,39.8
MIDLANDS,2025-03-21 17:00:00,11.13,3.96,73.4
MIDLANDS,2025-03-21 17:30:00,12.13,4.92,75.5
MIDLANDS,2025-03-21 18:00:00,10.75,9.65,38.1
MIDLANDS,2025-03-21 18:30:00,10.53,5.8,73.5
MIDLANDS,2025-03-21 19:00:00,11.95,5.35,22.5
MIDLANDS,2025-03-21 19:30:00,13.27,3.59,82.4
MIDLANDS,2025-03-21 20:00:00,8.99,4.51,49.9
MIDLANDS,2025-03-21 20:30:00,12.12,4.63,66.6
MIDLANDS,2025-03-21 21:00:00,10.1,3.89,56.8
MIDLANDS,2025-03-21 21:30:00,11.96,5.98,62.7
MIDLANDS,2025-03-21 22:00:00,9.64,4.22,107.0
MIDLANDS,2025-03-21 22:30:00,13.14,0.0,61.1
MIDLANDS,2025-03-21 23:00:00,11.97,3.64,51.7
MIDLANDS,2025-03-21 23:30:00,10.53,5.1,39.3
MIDLANDS,2025-03-22 00:00:00,11.9,3.89,43.2
MIDLANDS,2025-03-22 00:30:00,11.82,0.91,50.0
MIDLANDS,2025-03-22 01:00:00,9.3,8.29,47.7
MIDLANDS,2025-03-22 01:30:00,7.4,2.84,68.2
MIDLANDS,2025-03-22 02:00:00,10.41,8.55,85.3
MIDLANDS,2025-03-22 02:30:00,9.7,2.22,89.2
MIDLANDS,2025-03-22 03:00:00,8.51,2.68,52.5
MIDLANDS,2025-03-22 03:30:00,7.45,3.07,55.8
MIDLANDS,2025-03-22 04:00:00,9.35,3.22,37.2
MIDLANDS,2025-03-22 04:30:00,6.55,4.42,61.3
MIDLANDS,2025-03-22 05:00:00,7.39,3.07,67.0
MIDLANDS,2025-03-22 05:30:00,9.72,2.44,61.6
MIDLANDS,2025-03-22 06:00:00,8.89,2.45,59.7
MIDLANDS,2025-03-22 06:30:00,7.69,1.38,63.0
MIDLANDS,2025-03-22 07:00:00,7.58,5.11,38.6
MIDLANDS,2025-03-22 07:30:00,7.55,6.76,97.4
MIDLANDS,2025-03-22 08:00:00,9.01,1.65,68.1
MIDLANDS,2025-03-22 08:30:00,6.89,4.57,46.1
MIDLANDS,2025-03-22 09:00:00,5.48,3.31,73.0
MIDLANDS,2025-03-22 09:30:00,7.88,4.81,63.9
MIDLANDS,2025-03-22 10:00:00,8.22,5.06,55.1
MIDLANDS,2025-03-22 10:30:00,7.84,7.49,62.6
MIDLANDS,2025-03-22 11:00:00,8.11,4.21,56.1
MIDLANDS,2025-03-22 11:30:00,7.53,4.42,50.9
MIDLANDS,2025-03-22 12:00:00,8.3,2.42,61.9
MIDLANDS,2025-03-22 12:30:00,9.17,3.58,23.8
MIDLANDS,2025-03-22 13:00:00,9.66,4.24,42.1
MIDLANDS,2025-03-22 13:30:00,9.88,1.2,78.8
MIDLANDS,2025-03-22 14:00:00,9.4,0.0,63.2
MIDLANDS,2025-03-22 14:30:00,8.98,2.89,46.7
MIDLANDS,2025-03-22 15:00:00,9.83,3.03,26.6
MIDLANDS,2025-03-22 15:30:00,11.51,3.51,46.8
MIDLANDS,2025-03-22 16:00:00,9.12,5.54,36.6
MIDLANDS,2025-03-22 16:30:00,10.63,2.83,50.5
MIDLANDS,2025-03-22 17:00:00,9.56,2.76,60.2
MIDLANDS,2025-03-22 17:30:00,11.17,2.43,58.4
MIDLANDS,2025-03-22 18:00:00,12.27,0.67,59.9
MIDLANDS,2025-03-22 18:30:00,10.06,1.89,64.7
MIDLANDS,2025-03-22 19:00:00,10.75,1.57,83.8
MIDLANDS,2025-03-22 19:30:00,12.51,0.14,33.5
MIDLANDS,2025-03-22 20:00:00,12.18,3.43,87.0
MIDLANDS,2025-03-22 20:30:00,12.21,4.6,41.6
MIDLANDS,2025-03-22 21:00:00,11.99,1.45,83.5
MIDLANDS,2025-03-22 21:30:00,11.91,2.35,74.5
MIDLANDS,2025-03-22 22:00:00,13.89,3.56,69.9
MIDLANDS,2025-03-22 22:30:00,10.68,4.17,32.9
MIDLANDS,2025-03-22 23:00:00,10.88,4.09,92.4
MIDLANDS,2025-03-22 23:30:00,8.73,3.44,83.2
MIDLANDS,2025-03-23 00:00:00,10.21,3.66,45.0
MIDLANDS,2025-03-23 00:30:00,9.38,0.35,48.7
MIDLANDS,2025-03-23 01:00:00,8.83,4.24,45.8
MIDLANDS,2025-03-23 01:30:00,9.45,3.1,59.1
MIDLANDS,2025-03-23 02:00:00,8.87,1.88,61.5
MIDLANDS,2025-03-23 02:30:00,10.78,4.26,49.0
MIDLANDS,2025-03-23 03:00:00,8.84,0.0,57.5
MIDLANDS,2025-03-23 03:30:00,8.51,2.13,46.5
MIDLANDS,2025-03-23 04:00:00,8.01,5.98,79.7
MIDLANDS,2025-03-23 04:30:00,7.39,2.96,51.1
MIDLANDS,2025-03-23 05:00:00,9.06,4.29,61.7
MIDLANDS,2025-03-23 05:30:00,8.73,2.81,84.5
MIDLANDS,2025-03-23 06:00:00,7.77,2.29,55.9
MIDLANDS,2025-03-23 06:30:00,9.25,3.15,77.1
MIDLANDS,2025-03-23 07:00:00,6.82,2.47,71.9
MIDLANDS,2025-03-23 07:30:00,6.52,5.65,66.3
MIDLANDS,2025-03-23 08:00:00,6.46,3.86,50.1
MIDLANDS,2025-03-23 08:30:00,7.92,7.78,53.3
MIDLANDS,2025-03-23 09:00:00,8.21,4.05,60.4
MIDLANDS,2025-03-23 09:30:00,7.37,2.29,66.0
MIDLANDS,2025-03-23 10:00:00,7.43,2.19,78.3
MIDLANDS,2025-03-23 10:30:00,7.89,3.54,84.1
MIDLANDS,2025-03-23 11:00:00,5.89,6.55,44.2
MIDLANDS,2025-03-23 11:30:00,8.34,2.82,43.4
MIDLANDS,2025-03-23 12:00:00,10.08,7.71,56.0
MIDLANDS,2025-03-23 12:30:00,8.91,4.11,91.1
MIDLANDS,2025-03-23 13:00:00,6.45,4.75,46.9
MIDLANDS,2025-03-23 13:30:00,6.16,3.28,93.3
MIDLANDS,2025-03-23 14:00:00,8.72,5.58,81.6
MIDLANDS,2025-03-23 14:30:00,9.49,4.24,29.1
MIDLANDS,2025-03-23 15:00:00,9.16,5.81,61.1
MIDLANDS,2025-03-23 15:30:00,10.46,4.27,99.5
MIDLANDS,2025-03-23 16:00:00,9.99,7.21,62.4
MIDLANDS,2025-03-23 16:30:00,12.54,1.55,63.3
MIDLANDS,2025-03-23 17:00:00,10.45,4.28,82.0
MIDLANDS,2025-03-23 17:30:00,11.37,6.44,47.9
MIDLANDS,2025-03-23 18:00:00,10.25,4.03,59.3
MIDLANDS,2025-03-23 18:30:00,11.01,2.08,81.6
MIDLANDS,2025-03-23 19:00:00,11.0,6.85,60.2
MIDLANDS,2025-03-23 19:30:00,12.21,5.12,45.2
MIDLANDS,2025-03-23 20:00:00,11.94,7.86,64.5
MIDLANDS,2025-03-23 20:30:00,12.59,5.39,65.5
MIDLANDS,2025-03-23 21:00:00,11.66,5.09,73.7
MIDLANDS,2025-03-23 21:30:00,9.81,4.49,56.7
MIDLANDS,2025-03-23 22:00:00,10.77,6.59,46.8
MIDLANDS,2025-03-23 22:30:00,9.56,5.59,34.4
MIDLANDS,2025-03-23 23:00:00,8.6,5.82,62.9
MIDLANDS,2025-03-23 23:30:00,11.49,3.12,35.1
MIDLANDS,2025-03-24 00:00:00,9.11,3.46,37.1
MIDLANDS,2025-03-24 00:30:00,10.9,3.08,63.3
MIDLANDS,2025-03-24 01:00:00,10.24,4.77,69.0
MIDLANDS,2025-03-24 01:30:00,9.64,4.37,64.2
MIDLANDS,2025-03-24 02:00:00,6.62,5.29,62.7
MIDLANDS,2025-03-24 02:30:00,10.21,1.43,54.3
MIDLANDS,2025-03-24 03:00:00,7.71,5.49,34.7
MIDLANDS,2025-03-24 03:30:00,7.9,5.07,48.7
MIDLANDS,2025-03-24 04:00:00,7.42,5.81,77.1
MIDLANDS,2025-03-24 04:30:00,9.4,5.7,55.8
MIDLANDS,2025-03-24 05:00:00,7.88,2.7,63.0
MIDLANDS,2025-03-24 05:30:00,7.49,3.13,70.8
MIDLANDS,2025-03-24 06:00:00,9.23,4.8,92.3
MIDLANDS,2025-03-24 06:30:00,6.96,0.32,72.9
MIDLANDS,2025-03-24 07:00:00,6.68,3.45,28.1
MIDLANDS,2025-03-24 07:30:00,6.53,1.0,52.2
MIDLANDS,2025-03-24 08:00:00,7.06,4.18,82.3
MIDLANDS,2025-03-24 08:30:00,8.35,0.76,70.9
MIDLANDS,2025-03-24 09:00:00,7.74,3.8,59.6
MIDLANDS,2025-03-24 09:30:00,7.85,2.62,56.7
MIDLANDS,2025-03-24 10:00:00,9.22,2.59,41.5
MIDLANDS,2025-03-24 10:30:00,7.73,1.74,29.0
MIDLANDS,2025-03-24 11:00:00,7.71,6.9,59.3
MIDLANDS,2025-03-24 11:30:00,8.34,0.0,67.9
MIDLANDS,2025-03-24 12:00:00,8.65,2.67,63.2
MIDLANDS,2025-03-24 12:30:00,8.74,1.88,66.0
MIDLANDS,2025-03-24 13:00:00,10.46,3.54,44.4
MIDLANDS,2025-03-24 13:30:00,8.81,5.71,37.9
MIDLANDS,2025-03-24 14:00:00,10.23,2.64,64.4
MIDLANDS,2025-03-24 14:30:00,8.86,2.87,87.4
MIDLANDS,2025-03-24 15:00:00,8.36,4.97,91.2
MIDLANDS,2025-03-24 15:30:00,10.88,1.34,36.9
MIDLANDS,2025-03-24 16:00:00,9.63,4.32,64.1
MIDLANDS,2025-03-24 16:30:00,9.01,2.25,45.4
MIDLANDS,2025-03-24 17:00:00,10.73,7.97,43.2
MIDLANDS,2025-03-24 17:30:00,9.78,1.73,71.4
MIDLANDS,2025-03-24 18:00:00,11.22,2.21,53.5
MIDLANDS,2025-03-24 18:30:00,10.32,4.59,108.3
MIDLANDS,2025-03-24 19:00:00,12.13,3.81,48.0
MIDLANDS,2025-03-24 19:30:00,9.86,5.47,72.2
MIDLANDS,2025-03-24 20:00:00,10.98,6.43,60.4
MIDLANDS,2025-03-24 20:30:00,12.47,4.59,56.8
MIDLANDS,2025-03-24 21:00:00,10.32,3.71,75.2
MIDLANDS,2025-03-24 21:30:00,10.86,4.88,40.5
MIDLANDS,2025-03-24 22:00:00,12.2,4.63,38.4
MIDLANDS,2025-03-24 22:30:00,11.0,5.86,37.3
MIDLANDS,2025-03-24 23:00:00,9.67,3.86,98.4
MIDLANDS,2025-03-24 23:30:00,10.14,4.99,64.7
MIDLANDS,2025-03-25 00:00:00,9.86,4.32,51.9
MIDLANDS,2025-03-25 00:30:00,10.14,0.68,59.6
MIDLANDS,2025-03-25 01:00:00,11.16,4.11,79.6
MIDLANDS,2025-03-25 01:30:00,10.78,3.88,48.7
MIDLANDS,2025-03-25 02:00:00,8.98,1.06,55.2
MIDLANDS,2025-03-25 02:30:00,9.74,7.43,69.5
MIDLANDS,2025-03-25 03:00:00,8.01,1.12,56.3
MIDLANDS,2025-03-25 03:30:00,10.02,3.56,69.8
MIDLANDS,2025-03-25 04:00:00,8.35,5.43,31.2
MIDLANDS,2025-03-25 04:30:00,10.49,1.78,74.3
MIDLANDS,2025-03-25 05:00:00,7.83,3.77,55.7
MIDLANDS,2025-03-25 05:30:00,8.46,4.92,79.1
MIDLANDS,2025-03-25 06:00:00,9.53,4.66,90.8
MIDLANDS,2025-03-25 06:30:00,7.95,6.15,67.7
MIDLANDS,2025-03-25 07:00:00,6.98,4.36,69.1
MIDLANDS,2025-03-25 07:30:00,7.6,4.83,75.6
MIDLANDS,2025-03-25 08:00:00,7.54,0.0,90.2
MIDLANDS,2025-03-25 08:30:00,7.21,2.35,39.8
MIDLANDS,2025-03-25 09:00:00,7.23,2.87,46.7
MIDLANDS,2025-03-25 09:30:00,6.82,5.06,96.5
MIDLANDS,2025-03-25 10:00:00,8.82,6.25,53.2
MIDLANDS,2025-03-25 10:30:00,7.96,4.85,48.1
MIDLANDS,2025-03-25 11:00:00,7.64,5.71,79.6
MIDLANDS,2025-03-25 11:30:00,8.23,1.61,54.7
MIDLANDS,2025-03-25 12:00:00,6.84,4.15,64.6
MIDLANDS,2025-03-25 12:30:00,8.24,4.48,67.5
MIDLANDS,2025-03-25 13:00:00,9.36,1.6,55.4
MIDLANDS,2025-03-25 13:30:00,9.54,7.16,55.1
MIDLANDS,2025-03-25 14:00:00,10.245,5.76,56.5
MIDLANDS,2025-03-25 14:30:00,10.95,6.4,84.8
MIDLANDS,2025-03-25 15:00:00,10.64,8.72,48.9
MIDLANDS,2025-03-25 15:30:00,12.63,5.54,84.1
MIDLANDS,2025-03-25 16:00:00,10.18,5.69,85.7
MIDLANDS,2025-03-25 16:30:00,9.26,3.67,21.5
MIDLANDS,2025-03-25 17:00:00,10.77,2.37,56.1
MIDLANDS,2025-03-25 17:30:00,14.49,7.44,34.1
MIDLANDS,2025-03-25 18:00:00,11.97,5.6,53.9
MIDLANDS,2025-03-25 18:30:00,11.51,4.55,35.8
MIDLANDS,2025-03-25 19:00:00,10.26,4.34,61.8
MIDLANDS,2025-03-25 19:30:00,10.65,2.41,58.4
MIDLANDS,2025-03-25 20:00:00,12.63,3.85,89.2
MIDLANDS,2025-03-25 20:30:00,10.73,4.39,53.6
MIDLANDS,2025-03-25 21:00:00,12.21,2.44,94.7
MIDLANDS,2025-03-25 21:30:00,9.47,7.43,61.6
MIDLANDS,2025-03-25 22:00:00,11.96,6.67,75.4
MIDLANDS,2025-03-25 22:30:00,10.42,5.2,93.6
MIDLANDS,2025-03-25 23:00:00,9.92,8.24,66.9
MIDLANDS,2025-03-25 23:30:00,10.46,2.21,56.0
MIDLANDS,2025-03-26 00:00:00,8.25,3.17,55.3
MIDLANDS,2025-03-26 00:30:00,9.31,5.5,56.1
MIDLANDS,2025-03-26 01:00:00,9.35,3.35,66.4
MIDLANDS,2025-03-26 01:30:00,10.2,2.6,62.3
MIDLANDS,2025-03-26 02:00:00,9.54,1.72,54.8
MIDLANDS,2025-03-26 02:30:00,10.29,5.14,55.9
MIDLANDS,2025-03-26 03:00:00,9.89,2.04,42.9
MIDLANDS,2025-03-26 03:30:00,8.78,7.0,62.9
MIDLANDS,2025-03-26 04:00:00,8.27,7.09,54.8
MIDLANDS,2025-03-26 04:30:00,11.28,2.98,41.8
MIDLANDS,2025-03-26 05:00:00,7.98,3.5,45.5
MIDLANDS,2025-03-26 05:30:00,11.31,4.64,68.4
MIDLANDS,2025-03-26 06:00:00,7.31,2.84,78.5
MIDLANDS,2025-03-26 06:30:00,5.86,1.71,55.5
MIDLANDS,2025-03-26 07:00:00,9.29,3.25,67.5
MIDLANDS,2025-03-26 07:30:00,7.7,6.59,31.5
MIDLANDS,2025-03-26 08:00:00,8.48,3.6,76.6
MIDLANDS,2025-03-26 08:30:00,6.62,4.05,58.2
MIDLANDS,2025-03-26 09:00:00,6.46,1.44,49.6
MIDLANDS,2025-03-26 09:30:00,7.82,2.49,54.1
MIDLANDS,2025-03-26 10:00:00,5.6,3.26,78.4
MIDLANDS,2025-03-26 10:30:00,8.71,3.83,64.4
MIDLANDS,2025-03-26 11:00:00,7.19,7.25,97.2
MIDLANDS,2025-03-26 11:30:00,8.38,9.18,47.8
MIDLANDS,2025-03-26 12:00:00,7.1,2.58,56.0
MIDLANDS,2025-03-26 12:30:00,11.37,3.44,44.5
MIDLANDS,2025-03-26 13:00:00,8.0,6.28,78.0
MIDLANDS,2025-03-26 13:30:00,8.5,0.25,39.7
MIDLANDS,2025-03-26 14:00:00,11.66,5.38,61.2
MIDLANDS,2025-03-26 14:30:00,11.84,7.92,59.4
MIDLANDS,2025-03-26 15:00:00,10.1,2.84,54.9
MIDLANDS,2025-03-26 15:30:00,8.33,1.02,29.0
MIDLANDS,2025-03-26 16:00:00,11.9,0.88,95.1
MIDLANDS,2025-03-26 16:30:00,9.72,7.47,53.4
MIDLANDS,2025-03-26 17:00:00,9.13,6.57,85.2
MIDLANDS,2025-03-26 17:30:00,9.93,3.34,43.7
MIDLANDS,2025-03-26 18:00:00,11.19,4.22,53.7
MIDLANDS,2025-03-26 18:30:00,9.15,2.84,72.7
MIDLANDS,2025-03-26 19:00:00,11.28,3.35,43.2
MIDLANDS,2025-03-26 19:30:00,10.8,6.82,39.5
MIDLANDS,2025-03-26 20:00:00,12.46,4.09,64.4
MIDLANDS,2025-03-26 20:30:00,10.72,3.3,59.9
MIDLANDS,2025-03-26 21:00:00,10.91,4.66,68.2
MIDLANDS,2025-03-26 21:30:00,14.14,4.56,25.6
MIDLANDS,2025-03-26 22:00:00,12.73,3.59,96.2
MIDLANDS,2025-03-26 22:30:00,13.1,2.99,73.0
MIDLANDS,2025-03-26 23:00:00,10.3,4.01,72.2
MIDLANDS,2025-03-26 23:30:00,12.35,5.79,61.3
MIDLANDS,2025-03-27 00:00:00,13.61,3.27,31.1
MIDLANDS,2025-03-27 00:30:00,8.93,6.95,58.6
MIDLANDS,2025-03-27 01:00:00,10.34,2.91,51.9
MIDLANDS,2025-03-27 01:30:00,9.2,4.94,58.2
MIDLANDS,2025-03-27 02:00:00,10.15,4.68,52.3
MIDLANDS,2025-03-27 02:30:00,7.88,0.91,114.5
MIDLANDS,2025-03-27 03:00:00,10.88,6.68,47.9
MIDLANDS,2025-03-27 03:30:00,9.12,2.37,36.4
MIDLANDS,2025-03-27 04:00:00,7.92,6.65,75.1
MIDLANDS,2025-03-27 04:30:00,7.46,3.37,73.5
MIDLANDS,2025-03-27 05:00:00,7.53,4.16,67.2
MIDLANDS,2025-03-27 05:30:00,8.68,4.51,48.2
MIDLANDS,2025-03-27 06:00:00,7.23,1.73,31.9
MIDLANDS,2025-03-27 06:30:00,7.76,5.63,35.2
MIDLANDS,2025-03-27 07:00:00,8.02,5.57,26.9
MIDLANDS,2025-03-27 07:30:00,7.37,7.29,69.9
MIDLANDS,2025-03-27 08:00:00,5.38,5.32,46.5
MIDLANDS,2025-03-27 08:30:00,8.46,2.62,59.0
MIDLANDS,2025-03-27 09:00:00,7.05,4.01,49.8
MIDLANDS,2025-03-27 09:30:00,7.43,1.65,68.8
MIDLANDS,2025-03-27 10:00:00,8.11,0.77,77.9
MIDLANDS,2025-03-27 10:30:00,7.68,4.32,73.8
MIDLANDS,2025-03-27 11:00:00,8.61,6.33,54.7
MIDLANDS,2025-03-27 11:30:00,9.46,4.25,69.1
MIDLANDS,2025-03-27 12:00:00,9.11,6.48,73.0
MIDLANDS,2025-03-27 12:30:00,8.1,2.72,59.1
MIDLANDS,2025-03-27 13:00:00,8.2,1.9,21.7
MIDLANDS,2025-03-27 13:30:00,7.25,7.97,48.2
MIDLANDS,2025-03-27 14:00:00,11.91,4.81,59.1
MIDLANDS,2025-03-27 14:30:00,7.83,4.01,94.1
MIDLANDS,2025-03-27 15:00:00,12.01,4.55,39.3
MIDLANDS,2025-03-27 15:30:00,9.0,2.29,83.0
MIDLANDS,2025-03-27 16:00:00,12.59,4.39,54.5
MIDLANDS,2025-03-27 16:30:00,12.49,2.04,60.9
MIDLANDS,2025-03-27 17:00:00,11.6,2.27,48.6
MIDLANDS,2025-03-27 17:30:00,10.19,6.83,94.5
MIDLANDS,2025-03-27 18:00:00,10.774999999999999,3.46,49.2
MIDLANDS,2025-03-27 18:30:00,11.36,2.9,58.3
MIDLANDS,2025-03-27 19:00:00,12.06,3.19,56.6
MIDLANDS,2025-03-27 19:30:00,11.34,3.36,52.1
MIDLANDS,2025-03-27 20:00:00,12.54,0.46,88.3
MIDLANDS,2025-03-27 20:30:00,11.79,5.22,73.1
MIDLANDS,2025-03-27 21:00:00,10.71,2.17,41.4
MIDLANDS,2025-03-27 21:30:00,11.26,5.4,49.5
MIDLANDS,2025-03-27 22:00:00,12.09,0.0,53.1
MIDLANDS,2025-03-27 22:30:00,12.76,3.66,45.1
MIDLANDS,2025-03-27 23:00:00,10.25,0.0,41.8
MIDLANDS,2025-03-27 23:30:00,12.31,2.83,51.6
MIDLANDS,2025-03-28 00:00:00,7.86,0.74,81.4
MIDLANDS,2025-03-28 00:30:00,11.4,1.41,48.6
MIDLANDS,2025-03-28 01:00:00,10.14,1.61,23.9
MIDLANDS,2025-03-28 01:30:00,9.98,5.15,70.7
MIDLANDS,2025-03-28 02:00:00,10.71,0.89,61.0
MIDLANDS,2025-03-28 02:30:00,9.33,3.83,56.2
MIDLANDS,2025-03-28 03:00:00,8.35,0.0,80.9
MIDLANDS,2025-03-28 03:30:00,9.53,1.03,68.5
MIDLANDS,2025-03-28 04:00:00,8.12,3.16,46.2
MIDLANDS,2025-03-28 04:30:00,9.3,2.4,40.3
MIDLANDS,2025-03-28 05:00:00,9.6,3.64,57.3
MIDLANDS,2025-03-28 05:30:00,9.07,2.66,51.6
MIDLANDS,2025-03-28 06:00:00,8.29,0.92,64.0
MIDLANDS,2025-03-28 06:30:00,7.02,5.71,69.8
MIDLANDS,2025-03-28 07:00:00,8.22,0.79,58.1
MIDLANDS,2025-03-28 07:30:00,6.31,3.93,18.3
MIDLANDS,2025-03-28 08:00:00,5.81,6.38,66.6
MIDLANDS,2025-03-28 08:30:00,7.23,2.18,40.5
MIDLANDS,2025-03-28 09:00:00,7.96,3.31,87.8
MIDLANDS,2025-03-28 09:30:00,7.5,4.12,35.0
MIDLANDS,2025-03-28 10:00:00,7.49,4.35,53.3
MIDLANDS,2025-03-28 10:30:00,7.34,4.65,87.3
MIDLANDS,2025-03-28 11:00:00,8.42,6.29,71.2
MIDLANDS,2025-03-28 11:30:00,9.54,2.78,56.3
MIDLANDS,2025-03-28 12:00:00,8.41,5.09,74.3
MIDLANDS,2025-03-28 12:30:00,8.81,5.75,49.9
MIDLANDS,2025-03-28 13:00:00,10.2,6.03,72.2
MIDLANDS,2025-03-28 13:30:00,9.3,5.43,43.9
MIDLANDS,2025-03-28 14:00:00,9.89,4.6,36.1
MIDLANDS,2025-03-28 14:30:00,10.23,1.5,52.3
MIDLANDS,2025-03-28 15:00:00,10.22,2.54,61.5
MIDLANDS,2025-03-28 15:30:00,10.25,2.36,70.2
MIDLANDS,2025-03-28 16:00:00,9.74,8.58,58.0
MIDLANDS,2025-03-28 16:30:00,9.25,2.03,80.7
MIDLANDS,2025-03-28 17:00:00,10.58,1.27,75.4
MIDLANDS,2025-03-28 17:30:00,10.57,5.31,76.8
MIDLANDS,2025-03-28 18:00:00,11.72,8.79,29.0
MIDLANDS,2025-03-28 18:30:00,10.41,3.49,100.7
MIDLANDS,2025-03-28 19:00:00,13.75,6.58,45.7
MIDLANDS,2025-03-28 19:30:00,10.78,2.34,45.9
MIDLANDS,2025-03-28 20:00:00,13.45,3.51,58.0
MIDLANDS,2025-03-28 20:30:00,12.59,0.67,60.9
MIDLANDS,2025-03-28 21:00:00,10.27,3.41,49.4
MIDLANDS,2025-03-28 21:30:00,10.82,4.45,64.0
MIDLANDS,2025-03-28 22:00:00,11.12,4.74,44.4
MIDLANDS,2025-03-28 22:30:00,12.21,3.59,51.3
MIDLANDS,2025-03-28 23:00:00,10.12,3.52,93.7
MIDLANDS,2025-03-28 23:30:00,10.99,1.71,76.5
MIDLANDS,2025-03-29 00:00:00,10.12,4.57,49.1
MIDLANDS,2025-03-29 00:30:00,12.22,2.82,85.2
MIDLANDS,2025-03-29 01:00:00,8.94,3.41,85.2
MIDLANDS,2025-03-29 01:30:00,10.4,8.54,55.2
MIDLANDS,2025-03-29 02:00:00,9.99,7.81,32.7
MIDLANDS,2025-03-29 02:30:00,7.72,2.41,74.6
MIDLANDS,2025-03-29 03:00:00,7.23,5.19,69.5
MIDLANDS,2025-03-29 03:30:00,11.58,6.09,66.6
MIDLANDS,2025-03-29 04:00:00,10.31,5.08,51.7
MIDLANDS,2025-03-29 04:30:00,7.31,2.86,59.3
MIDLANDS,2025-03-29 05:00:00,8.48,0.0,56.0
MIDLANDS,2025-03-29 05:30:00,8.3,5.1,89.3
MIDLANDS,2025-03-29 06:00:00,8.17,2.18,27.3
MIDLANDS,2025-03-29 06:30:00,8.78,2.26,75.6
MIDLANDS,2025-03-29 07:00:00,9.43,0.91,70.0
MIDLANDS,2025-03-29 07:30:00,9.3,6.04,22.3
MIDLANDS,2025-03-29 08:00:00,6.66,1.44,69.4
MIDLANDS,2025-03-29 08:30:00,8.18,0.0,54.6
MIDLANDS,2025-03-29 09:00:00,8.71,4.3,62.6
MIDLANDS,2025-03-29 09:30:00,7.31,1.88,59.7
MIDLANDS,2025-03-29 10:00:00,8.01,5.23,72.5
MIDLANDS,2025-03-29 10:30:00,8.05,6.19,53.3
MIDLANDS,2025-03-29 11:00:00,6.54,4.95,62.3
MIDLANDS,2025-03-29 11:30:00,8.87,1.47,92.2
MIDLANDS,2025-03-29 12:00:00,9.54,3.42,43.2
MIDLANDS,2025-03-29 12:30:00,9.98,1.8,100.7
MIDLANDS,2025-03-29 13:00:00,8.43,7.44,56.7
MIDLANDS,2025-03-29 13:30:00,11.06,2.53,60.3
MIDLANDS,2025-03-29 14:00:00,10.65,5.32,79.8
MIDLANDS,2025-03-29 14:30:00,9.1,4.17,82.5
MIDLANDS,2025-03-29 15:00:00,9.36,5.15,56.1
MIDLANDS,2025-03-29 15:30:00,10.45,4.17,45.8
MIDLANDS,2025-03-29 16:00:00,10.37,4.29,58.2
MIDLANDS,2025-03-29 16:30:00,12.57,6.02,65.2
MIDLANDS,2025-03-29 17:00:00,10.18,2.35,95.5
MIDLANDS,2025-03-29 17:30:00,9.89,4.23,66.5
MIDLANDS,2025-03-29 18:00:00,11.04,2.0,45.9
MIDLANDS,2025-03-29 18:30:00,10.76,2.58,83.9
MIDLANDS,2025-03-29 19:00:00,11.6,2.95,61.9
MIDLANDS,2025-03-29 19:30:00,12.42,3.31,76.2
MIDLANDS,2025-03-29 20:00:00,10.16,6.34,59.8
MIDLANDS,2025-03-29 20:30:00,11.63,2.61,37.9
MIDLANDS,2025-03-29 21:00:00,9.62,2.47,70.6
MIDLANDS,2025-03-29 21:30:00,10.46,0.9,43.6
MIDLANDS,2025-03-29 22:00:00,10.95,3.31,57.7
MIDLANDS,2025-03-29 22:30:00,12.66,6.5,96.1
MIDLANDS,2025-03-29 23:00:00,9.15,2.29,72.6
MIDLANDS,2025-03-29 23:30:00,10.55,5.72,63.7
MIDLANDS,2025-03-30 00:00:00,12.61,6.09,79.1
MIDLANDS,2025-03-30 00:30:00,10.22,3.81,54.5
MIDLANDS,2025-03-30 01:00:00,8.42,6.94,73.4
MIDLANDS,2025-03-30 01:30:00,9.81,6.61,48.7
MIDLANDS,2025-03-30 02:00:00,7.5,6.01,37.0
MIDLANDS,2025-03-30 02:30:00,9.48,4.41,66.9
MIDLANDS,2025-03-30 03:00:00,10.21,5.16,69.9
MIDLANDS,2025-03-30 03:30:00,8.24,4.59,32.9
MIDLANDS,2025-03-30 04:00:00,10.58,1.19,53.8
MIDLANDS,2025-03-30 04:30:00,7.13,2.54,60.2
MIDLANDS,2025-03-30 05:00:00,7.66,6.29,64.1
MIDLANDS,2025-03-30 05:30:00,7.74,3.73,82.0
MIDLANDS,2025-03-30 06:00:00,9.07,1.72,47.7
MIDLANDS,2025-03-30 06:30:00,8.55,4.71,41.1
MIDLANDS,2025-03-30 07:00:00,8.68,2.22,83.5
MIDLANDS,2025-03-30 07:30:00,8.41,1.74,50.5
MIDLANDS,2025-03-30 08:00:00,7.05,4.32,56.3
MIDLANDS,2025-03-30 08:30:00,6.34,1.21,69.9
MIDLANDS,2025-03-30 09:00:00,8.12,4.21,64.9
MIDLANDS,2025-03-30 09:30:00,7.04,4.37,105.7
MIDLANDS,2025-03-30 10:00:00,9.39,3.42,50.6
MIDLANDS,2025-03-30 10:30:00,4.55,6.14,74.2
MIDLANDS,2025-03-30 11:00:00,7.64,1.14,39.2
MIDLANDS,2025-03-30 11:30:00,8.83,3.82,72.4
MIDLANDS,2025-03-30 12:00:00,8.81,5.93,66.7
MIDLANDS,2025-03-30 12:30:00,9.7,0.0,37.8
MIDLANDS,2025-03-30 13:00:00,8.76,6.16,93.8
MIDLANDS,2025-03-30 13:30:00,9.0,2.78,24.8
MIDLANDS,2025-03-30 14:00:00,10.75,2.9,113.3
MIDLANDS,2025-03-30 14:30:00,8.82,8.21,73.5
MIDLANDS,2025-03-30 15:00:00,8.99,4.46,73.9
MIDLANDS,2025-03-30 15:30:00,9.96,5.68,74.7
MIDLANDS,2025-03-30 16:00:00,11.43,3.97,38.9
MIDLANDS,2025-03-30 16:30:00,10.62,4.35,26.2
MIDLANDS,2025-03-30 17:00:00,11.33,3.81,36.7
MIDLANDS,2025-03-30 17:30:00,10.72,3.38,94.7
MIDLANDS,2025-03-30 18:00:00,11.71,6.07,57.9
MIDLANDS,2025-03-30 18:30:00,9.19,5.34,48.2
MIDLANDS,2025-03-30 19:00:00,11.24,1.89,61.3
MIDLANDS,2025-03-30 19:30:00,12.92,5.87,88.6
MIDLANDS,2025-03-30 20:00:00,13.78,0.0,38.5
MIDLANDS,2025-03-30 20:30:00,9.54,5.26,47.5
MIDLANDS,2025-03-30 21:00:00,11.06,3.57,66.9
MIDLANDS,2025-03-30 21:30:00,9.86,1.48,60.0
MIDLANDS,2025-03-30 22:00:00,12.88,3.95,45.8
MIDLANDS,2025-03-30 22:30:00,8.86,5.91,46.8
MIDLANDS,2025-03-30 23:00:00,9.75,0.57,34.1
MIDLANDS,2025-03-30 23:30:00,9.97,3.52,38.2
MIDLANDS,2025-03-31 00:00:00,10.96,3.51,100.0
MIDLANDS,2025-03-31 00:30:00,8.69,4.32,63.1
MIDLANDS,2025-03-31 01:00:00,9.02,4.19,73.9
MIDLANDS,2025-03-31 01:30:00,10.37,6.77,20.8
MIDLANDS,2025-03-31 02:00:00,8.72,6.95,76.4
MIDLANDS,2025-03-31 02:30:00,10.38,6.47,25.5
MIDLANDS,2025-03-31 03:00:00,10.17,6.13,48.1
MIDLANDS,2025-03-31 03:30:00,12.37,4.39,20.5
MIDLANDS,2025-03-31 04:00:00,9.19,2.56,81.0
MIDLANDS,2025-03-31 04:30:00,9.39,2.8,87.0
MIDLANDS,2025-03-31 05:00:00,9.45,2.34,57.3
MIDLANDS,2025-03-31 05:30:00,8.94,3.27,54.0
MIDLANDS,2025-03-31 06:00:00,8.05,1.87,19.8
MIDLANDS,2025-03-31 06:30:00,8.29,0.02,42.1
MIDLANDS,2025-03-31 07:00:00,5.68,0.7,67.7
MIDLANDS,2025-03-31 07:30:00,7.54,3.48,36.3
MIDLANDS,2025-03-31 08:00:00,6.95,4.75,59.1
MIDLANDS,2025-03-31 08:30:00,8.72,5.93,55.5
MIDLANDS,2025-03-31 09:00:00,5.58,2.49,58.2
MIDLANDS,2025-03-31 09:30:00,6.87,1.89,61.3
MIDLANDS,2025-03-31 10:00:00,10.92,3.02,59.9
MIDLANDS,2025-03-31 10:30:00,6.43,6.49,75.7
MIDLANDS,2025-03-31 11:00:00,9.29,6.72,52.3
MIDLANDS,2025-03-31 11:30:00,7.96,7.42,71.4
MIDLANDS,2025-03-31 12:00:00,6.07,4.91,49.5
MIDLANDS,2025-03-31 12:30:00,9.81,4.82,28.7
MIDLANDS,2025-03-31 13:00:00,9.54,4.42,66.5
MIDLANDS,2025-03-31 13:30:00,9.91,6.99,67.5
MIDLANDS,2025-03-31 14:00:00,9.76,6.3,100.4
MIDLANDS,2025-03-31 14:30:00,10.83,4.41,67.8
MIDLANDS,2025-03-31 15:00:00,10.56,4.04,99.0
MIDLANDS,2025-03-31 15:30:00,9.35,6.31,57.7
MIDLANDS,2025-03-31 16:00:00,8.96,3.62,50.2
MIDLANDS,2025-03-31 16:30:00,11.43,4.18,41.6
MIDLANDS,2025-03-31 17:00:00,12.91,6.18,88.5
MIDLANDS,2025-03-31 17:30:00,11.43,3.93,72.7
MIDLANDS,2025-03-31 18:00:00,10.77,4.26,56.8
MIDLANDS,2025-03-31 18:30:00,9.71,4.25,52.1
MIDLANDS,2025-03-31 19:00:00,11.38,4.73,82.9
MIDLANDS,2025-03-31 19:30:00,10.65,3.33,46.2
MIDLANDS,2025-03-31 20:00:00,10.74,2.81,56.5
MIDLANDS,2025-03-31 20:30:00,12.44,4.64,41.0
MIDLANDS,2025-03-31 21:00:00,13.22,5.89,43.8
MIDLANDS,2025-03-31 21:30:00,13.14,4.65,57.2
MIDLANDS,2025-03-31 22:00:00,11.9,3.95,69.8
MIDLANDS,2025-03-31 22:30:00,11.69,3.33,23.5
MIDLANDS,2025-03-31 23:00:00,11.78,3.25,74.0
MIDLANDS,2025-03-31 23:30:00,11.73,3.3,78.4
NORTH,2025-01-01 00:00:00,3.71,0.62,59.7
NORTH,2025-01-01 00:30:00,4.24,3.87,84.8
NORTH,2025-01-01 01:00:00,4.19,5.59,55.5
NORTH,2025-01-01 01:30:00,4.24,1.38,64.6
NORTH,2025-01-01 02:00:00,2.31,6.64,61.4
NORTH,2025-01-01 02:30:00,4.01,4.52,92.5
NORTH,2025-01-01 03:00:00,0.82,3.77,42.7
NORTH,2025-01-01 03:30:00,0.24,1.95,81.1
NORTH,2025-01-01 04:00:00,2.18,3.56,73.9
NORTH,2025-01-01 04:30:00,2.35,5.23,65.8
NORTH,2025-01-01 05:00:00,2.45,3.1,78.8
NORTH,2025-01-01 05:30:00,0.35,3.83,79.7
NORTH,2025-01-01 06:00:00,1.3,3.14,101.2
NORTH,2025-01-01 06:30:00,3.19,4.28,42.5
NORTH,2025-01-01 07:00:00,-1.16,5.42,82.8
NORTH,2025-01-01 07:30:00,1.76,0.58,62.9
NORTH,2025-01-01 08:00:00,0.63,4.32,95.0
NORTH,2025-01-01 08:30:00,2.16,5.15,59.2
NORTH,2025-01-01 09:00:00,1.78,2.55,70.0
NORTH,2025-01-01 09:30:00,1.05,2.36,74.7
NORTH,2025-01-01 10:00:00,-1.19,2.91,71.0
NORTH,2025-01-01 10:30:00,2.95,4.94,47.9
NORTH,2025-01-01 11:00:00,1.74,4.58,88.1
NORTH,2025-01-01 11:30:00,2.91,5.86,61.2
NORTH,2025-01-01 12:00:00,0.93,1.19,54.6
NORTH,2025-01-01 12:30:00,3.05,3.0,70.3
NORTH,2025-01-01 13:00:00,1.74,2.72,85.3
NORTH,2025-01-01 13:30:00,3.62,3.39,45.1
NORTH,2025-01-01 14:00:00,4.35,5.75,71.5
NORTH,2025-01-01 14:30:00,3.0,1.81,59.7
NORTH,2025-01-01 15:00:00,5.42,2.18,60.9
NORTH,2025-01-01 15:30:00,5.7,3.39,57.7
NORTH,2025-01-01 16:00:00,2.59,5.25,46.7
NORTH,2025-01-01 16:30:00,2.35,2.09,63.8
NORTH,2025-01-01 17:00:00,2.73,1.23,70.1
NORTH,2025-01-01 17:30:00,4.54,2.17,54.2
NORTH,2025-01-01 18:00:00,7.03,6.56,58.1
NORTH,2025-01-01 18:30:00,5.93,4.24,28.1
NORTH,2025-01-01 19:00:00,2.8,2.18,31.6
NORTH,2025-01-01 19:30:00,5.47,2.9,67.7
NORTH,2025-01-01 20:00:00,5.74,5.38,43.2
NORTH,2025-01-01 20:30:00,5.83,2.09,72.8
NORTH,2025-01-01 21:00:00,6.61,5.45,56.8
NORTH,2025-01-01 21:30:00,5.83,0.93,28.3
NORTH,2025-01-01 22:00:00,5.51,6.62,37.8
NORTH,2025-01-01 22:30:00,4.97,4.88,48.9
NORTH,2025-01-01 23:00:00,4.22,5.23,61.9
NORTH,2025-01-01 23:30:00,4.76,2.04,59.4
NORTH,2025-01-02 00:00:00,3.8,3.31,50.3
NORTH,2025-01-02 00:30:00,4.25,2.26,60.2
NORTH,2025-01-02 01:00:00,3.36,2.14,24.9
NORTH,2025-01-02 01:30:00,4.93,5.49,45.5
NORTH,2025-01-02 02:00:00,4.1,1.95,54.5
NORTH,2025-01-02 02:30:00,2.64,3.44,71.6
NORTH,2025-01-02 03:00:00,2.28,3.32,73.4
NORTH,2025-01-02 03:30:00,2.84,2.82,64.3
NORTH,2025-01-02 04:00:00,3.47,6.11,36.2
NORTH,2025-01-02 04:30:00,0.75,6.0,54.8
NORTH,2025-01-02 05:00:00,-0.77,2.54,52.1
NORTH,2025-01-02 05:30:00,1.49,5.53,43.3
NORTH,2025-01-02 06:00:00,2.67,4.57,36.8
NORTH,2025-01-02 06:30:00,1.16,4.99,60.7
NORTH,2025-01-02 07:00:00,1.8,2.83,70.0
NORTH,2025-01-02 07:30:00,0.87,9.09,36.2
NORTH,2025-01-02 08:00:00,4.52,2.1,82.9
NORTH,2025-01-02 08:30:00,2.27,2.18,70.8
NORTH,2025-01-02 09:00:00,0.75,4.55,62.7
NORTH,2025-01-02 09:30:00,0.93,3.14,66.1
NORTH,2025-01-02 10:00:00,0.46,2.27,77.2
NORTH,2025-01-02 10:30:00,2.06,1.39,41.9
NORTH,2025-01-02 11:00:00,-0.7,5.82,72.4
NORTH,2025-01-02 11:30:00,0.56,5.3,95.7
NORTH,2025-01-02 12:00:00,0.43,2.77,31.9
NORTH,2025-01-02 12:30:00,3.42,3.81,52.8
NORTH,2025-01-02 13:00:00,3.04,2.89,52.8
NORTH,2025-01-02 13:30:00,3.09,2.78,51.6
NORTH,2025-01-02 14:00:00,3.09,4.18,70.8
NORTH,2025-01-02 14:30:00,3.98,1.0,85.3
NORTH,2025-01-02 15:00:00,3.87,3.34,43.7
NORTH,2025-01-02 15:30:00,6.18,8.72,93.6
NORTH,2025-01-02 16:00:00,4.43,4.69,86.8
NORTH,2025-01-02 16:30:00,3.99,5.08,64.1
NORTH,2025-01-02 17:00:00,7.0,6.87,57.5
NORTH,2025-01-02 17:30:00,6.52,3.99,50.2
NORTH,2025-01-02 18:00:00,4.67,4.29,45.9
NORTH,2025-01-02 18:30:00,4.39,1.11,45.2
NORTH,2025-01-02 19:00:00,5.49,6.08,76.5
NORTH,2025-01-02 19:30:00,5.73,0.94,44.5
NORTH,2025-01-02 20:00:00,5.04,5.93,50.0
NORTH,2025-01-02 20:30:00,3.82,6.9,46.8
NORTH,2025-01-02 21:00:00,3.86,4.45,59.1
NORTH,2025-01-02 21:30:00,4.61,4.0,43.3
NORTH,2025-01-02 22:00:00,4.4,3.93,23.4
NORTH,2025-01-02 22:30:00,6.16,1.25,43.1
NORTH,2025-01-02 23:00:00,5.89,5.14,61.6
NORTH,2025-01-02 23:30:00,2.64,2.79,56.1
NORTH,2025-01-03 00:00:00,4.17,6.28,95.9
NORTH,2025-01-03 00:30:00,5.08,2.93,81.9
NORTH,2025-01-03 01:00:00,3.16,0.0,37.5
NORTH,2025-01-03 01:30:00,1.02,3.23,56.8
NORTH,2025-01-03 02:00:00,1.43,2.29,34.3
NORTH,2025-01-03 02:30:00,3.19,2.29,78.2
NORTH,2025-01-03 03:00:00,3.03,7.21,51.8
NORTH,2025-01-03 03:30:00,5.4,4.01,50.5
NORTH,2025-01-03 04:00:00,5.24,0.34,50.1
NORTH,2025-01-03 04:30:00,0.35,0.32,22.8
NORTH,2025-01-03 05:00:00,2.67,1.34,55.4
NORTH,2025-01-03 05:30:00,3.0,4.93,67.5
NORTH,2025-01-03 06:00:00,3.07,7.22,37.5
NORTH,2025-01-03 06:30:00,2.19,3.46,57.4
NORTH,2025-01-03 07:00:00,-0.4,2.94,52.4
NORTH,2025-01-03 07:30:00,3.13,1.69,17.1
NORTH,2025-01-03 08:00:00,1.34,1.49,57.5
NORTH,2025-01-03 08:30:00,2.14,3.8,52.2
NORTH,2025-01-03 09:00:00,1.23,5.69,39.2
NORTH,2025-01-03 09:30:00,2.29,1.99,70.8
NORTH,2025-01-03 10:00:00,-0.24,5.09,58.2
NORTH,2025-01-03 10:30:00,1.73,5.92,45.2
NORTH,2025-01-03 11:00:00,1.9,4.61,54.6
NORTH,2025-01-03 11:30:00,2.79,4.66,49.6
NORTH,2025-01-03 12:00:00,3.86,5.12,44.8
NORTH,2025-01-03 12:30:00,1.32,3.56,68.1
NORTH,2025-01-03 13:00:00,0.17,2.4,49.6
NORTH,2025-01-03 13:30:00,1.1,1.96,62.5
NORTH,2025-01-03 14:00:00,2.76,3.18,35.2
NORTH,2025-01-03 14:30:00,3.09,0.99,86.3
NORTH,2025-01-03 15:00:00,5.96,3.05,39.8
NORTH,2025-01-03 15:30:00,4.89,5.18,93.7
NORTH,2025-01-03 16:00:00,6.92,0.0,80.9
NORTH,2025-01-03 16:30:00,4.08,5.1,74.0
NORTH,2025-01-03 17:00:00,5.64,6.0,49.9
NORTH,2025-01-03 17:30:00,3.62,6.37,44.3
NORTH,2025-01-03 18:00:00,7.31,2.47,53.1
NORTH,2025-01-03 18:30:00,4.85,0.92,32.3
NORTH,2025-01-03 19:00:00,6.37,0.56,105.4
NORTH,2025-01-03 19:30:00,5.16,1.94,67.6
NORTH,2025-01-03 20:00:00,2.39,3.33,56.3
NORTH,2025-01-03 20:30:00,3.83,2.74,87.5
NORTH,2025-01-03 21:00:00,5.5,4.8,45.8
NORTH,2025-01-03 21:30:00,3.69,3.52,15.8
NORTH,2025-01-03 22:00:00,3.76,1.5,23.3
NORTH,2025-01-03 22:30:00,5.86,3.74,48.8
NORTH,2025-01-03 23:00:00,5.57,0.71,35.8
NORTH,2025-01-03 23:30:00,6.1,8.56,72.3
NORTH,2025-01-04 00:00:00,4.98,2.84,49.9
NORTH,2025-01-04 00:30:00,4.68,6.75,67.7
NORTH,2025-01-04 01:00:00,5.08,2.17,71.1
NORTH,2025-01-04 01:30:00,3.12,4.28,71.1
NORTH,2025-01-04 02:00:00,2.77,1.97,66.5
NORTH,2025-01-04 02:30:00,3.25,4.27,71.8
NORTH,2025-01-04 03:00:00,4.46,5.33,69.6
NORTH,2025-01-04 03:30:00,2.29,3.31,68.2
NORTH,2025-01-04 04:00:00,1.98,4.9,45.3
NORTH,2025-01-04 04:30:00,4.73,4.39,62.3
NORTH,2025-01-04 05:00:00,1.42,7.83,37.4
NORTH,2025-01-04 05:30:00,1.15,5.71,64.3
NORTH,2025-01-04 06:00:00,0.99,2.9,54.8
NORTH,2025-01-04 06:30:00,1.8,7.11,70.9
NORTH,2025-01-04 07:00:00,2.71,3.13,69.3
NORTH,2025-01-04 07:30:00,-0.39,4.36,62.1
NORTH,2025-01-04 08:00:00,3.6,7.12,55.3
NORTH,2025-01-04 08:30:00,0.43,2.42,54.7
NORTH,2025-01-04 09:00:00,3.04,4.83,69.3
NORTH,2025-01-04 09:30:00,2.45,2.01,47.2
NORTH,2025-01-04 10:00:00,2.3,2.44,32.5
NORTH,2025-01-04 10:30:00,0.38,6.11,53.3
NORTH,2025-01-04 11:00:00,2.27,1.93,66.8
NORTH,2025-01-04 11:30:00,1.67,4.89,51.4
NORTH,2025-01-04 12:00:00,3.02,2.95,58.6
NORTH,2025-01-04 12:30:00,2.09,4.05,65.0
NORTH,2025-01-04 13:00:00,2.3,3.76,63.4
NORTH,2025-01-04 13:30:00,3.5,3.85,44.0
NORTH,2025-01-04 14:00:00,3.52,5.34,36.0
NORTH,2025-01-04 14:30:00,1.83,2.68,56.5
NORTH,2025-01-04 15:00:00,1.29,5.15,56.7
NORTH,2025-01-04 15:30:00,1.11,1.77,54.6
NORTH,2025-01-04 16:00:00,2.29,5.94,63.4
NORTH,2025-01-04 16:30:00,5.23,1.94,67.4
NORTH,2025-01-04 17:00:00,4.03,3.62,66.4
NORTH,2025-01-04 17:30:00,4.74,5.62,62.5
NORTH,2025-01-04 18:00:00,4.59,5.69,79.0
NORTH,2025-01-04 18:30:00,5.25,6.67,55.8
NORTH,2025-01-04 19:00:00,5.19,4.01,57.7
NORTH,2025-01-04 19:30:00,4.97,2.57,42.1
NORTH,2025-01-04 20:00:00,5.55,6.4,74.7
NORTH,2025-01-04 20:30:00,5.88,6.5,60.3
NORTH,2025-01-04 21:00:00,4.16,3.3,58.9
NORTH,2025-01-04 21:30:00,4.73,5.22,76.8
NORTH,2025-01-04 22:00:00,3.07,3.71,7.7
NORTH,2025-01-04 22:30:00,5.03,3.79,92.0
NORTH,2025-01-04 23:00:00,6.6,5.86,42.7
NORTH,2025-01-04 23:30:00,3.61,1.81,87.5
NORTH,2025-01-05 00:00:00,3.39,3.23,43.8
NORTH,2025-01-05 00:30:00,2.97,4.67,62.8
NORTH,2025-01-05 01:00:00,1.33,1.4,64.6
NORTH,2025-01-05 01:30:00,3.91,3.2,70.9
NORTH,2025-01-05 02:00:00,1.75,2.81,69.3
NORTH,2025-01-05 02:30:00,2.7,4.63,39.4
NORTH,2025-01-05 03:00:00,1.97,0.44,23.0
NORTH,2025-01-05 03:30:00,2.39,4.9,57.9
NORTH,2025-01-05 04:00:00,3.87,3.21,21.8
NORTH,2025-01-05 04:30:00,2.89,1.84,62.3
NORTH,2025-01-05 05:00:00,-0.68,3.45,72.6
NORTH,2025-01-05 05:30:00,2.76,3.5,59.1
NORTH,2025-01-05 06:00:00,1.15,3.4,71.3
NORTH,2025-01-05 06:30:00,0.85,2.7,31.6
NORTH,2025-01-05 07:00:00,2.32,3.36,37.3
NORTH,2025-01-05 07:30:00,2.53,3.8,45.7
NORTH,2025-01-05 08:00:00,2.48,3.21,30.8
NORTH,2025-01-05 08:30:00,2.56,2.21,113.4
NORTH,2025-01-05 09:00:00,0.95,0.0,90.6
NORTH,2025-01-05 09:30:00,1.41,4.4,65.9
NORTH,2025-01-05 10:00:00,0.05,0.0,94.2
NORTH,2025-01-05 10:30:00,-0.19,7.17,68.5
NORTH,2025-01-05 11:00:00,2.21,2.96,100.6
NORTH,2025-01-05 11:30:00,1.17,2.56,71.1
NORTH,2025-01-05 12:00:00,1.61,1.87,58.0
NORTH,2025-01-05 12:30:00,3.24,7.65,96.5
NORTH,2025-01-05 13:00:00,0.75,5.98,41.3
NORTH,2025-01-05 13:30:00,1.78,2.82,48.2
NORTH,2025-01-05 14:00:00,2.13,0.0,85.1
NORTH,2025-01-05 14:30:00,4.49,3.86,41.7
NORTH,2025-01-05 15:00:00,5.42,3.77,48.7
NORTH,2025-01-05 15:30:00,1.96,4.97,53.1
NORTH,2025-01-05 16:00:00,4.73,4.24,70.5
NORTH,2025-01-05 16:30:00,4.68,3.29,69.1
NORTH,2025-01-05 17:00:00,5.97,6.99,38.9
NORTH,2025-01-05 17:30:00,6.17,0.72,77.4
NORTH,2025-01-05 18:00:00,4.44,5.58,86.0
NORTH,2025-01-05 18:30:00,5.43,3.91,58.2
NORTH,2025-01-05 19:00:00,4.85,6.25,58.1
NORTH,2025-01-05 19:30:00,2.8,5.77,75.0
NORTH,2025-01-05 20:00:00,5.53,2.42,39.1
NORTH,2025-01-05 20:30:00,4.54,4.4,26.8
NORTH,2025-01-05 21:00:00,5.92,4.15,83.2
NORTH,2025-01-05 21:30:00,6.25,2.55,29.6
NORTH,2025-01-05 22:00:00,4.23,6.76,65.3
NORTH,2025-01-05 22:30:00,5.93,2.74,68.7
NORTH,2025-01-05 23:00:00,3.07,5.87,39.2
NORTH,2025-01-05 23:30:00,2.52,8.52,62.4
NORTH,2025-01-06 00:00:00,4.67,0.26,71.2
NORTH,2025-01-06 00:30:00,5.61,3.6,76.0
NORTH,2025-01-06 01:00:00,5.47,5.05,21.0
NORTH,2025-01-06 01:30:00,2.68,7.37,61.5
NORTH,2025-01-06 02:00:00,3.65,2.34,48.5
NORTH,2025-01-06 02:30:00,4.98,7.0,74.3
NORTH,2025-01-06 03:00:00,3.69,5.25,58.7
NORTH,2025-01-06 03:30:00,1.58,1.16,83.7
NORTH,2025-01-06 04:00:00,2.51,4.95,63.8
NORTH,2025-01-06 04:30:00,2.86,4.69,72.6
NORTH,2025-01-06 05:00:00,1.21,6.36,46.7
NORTH,2025-01-06 05:30:00,2.42,1.63,57.0
NORTH,2025-01-06 06:00:00,1.02,4.05,73.2
NORTH,2025-01-06 06:30:00,1.9,7.92,74.3
NORTH,2025-01-06 07:00:00,1.34,3.83,66.8
NORTH,2025-01-06 07:30:00,2.46,1.53,71.5
NORTH,2025-01-06 08:00:00,0.1,5.08,79.8
NORTH,2025-01-06 08:30:00,1.9,0.0,27.9
NORTH,2025-01-06 09:00:00,2.29,0.0,71.0
NORTH,2025-01-06 09:30:00,2.8,6.27,55.7
NORTH,2025-01-06 10:00:00,2.34,4.42,33.5
NORTH,2025-01-06 10:30:00,2.71,6.78,72.4
NORTH,2025-01-06 11:00:00,1.53,5.48,83.4
NORTH,2025-01-06 11:30:00,3.53,6.05,31.3
NORTH,2025-01-06 12:00:00,3.02,5.29,78.7
NORTH,2025-01-06 12:30:00,3.16,7.1,27.1
NORTH,2025-01-06 13:00:00,3.7,4.96,76.2
NORTH,2025-01-06 13:30:00,4.88,2.22,87.2
NORTH,2025-01-06 14:00:00,4.52,3.63,43.6
NORTH,2025-01-06 14:30:00,3.78,4.57,66.1
NORTH,2025-01-06 15:00:00,3.31,5.22,52.7
NORTH,2025-01-06 15:30:00,5.52,7.42,45.4
NORTH,2025-01-06 16:00:00,4.62,5.94,65.0
NORTH,2025-01-06 16:30:00,2.92,5.73,49.1
NORTH,2025-01-06 17:00:00,5.2,2.01,74.3
NORTH,2025-01-06 17:30:00,4.45,5.8,56.1
NORTH,2025-01-06 18:00:00,4.7,4.82,40.7
NORTH,2025-01-06 18:30:00,7.44,4.37,49.8
NORTH,2025-01-06 19:00:00,5.0,4.04,77.9
NORTH,2025-01-06 19:30:00,4.4,3.26,59.1
NORTH,2025-01-06 20:00:00,7.4,6.0,88.6
NORTH,2025-01-06 20:30:00,5.58,6.87,82.8
NORTH,2025-01-06 21:00:00,6.31,5.55,49.3
NORTH,2025-01-06 21:30:00,7.67,3.51,70.1
NORTH,2025-01-06 22:00:00,6.09,1.26,59.1
NORTH,2025-01-06 22:30:00,5.52,3.77,59.3
NORTH,2025-01-06 23:00:00,6.75,2.35,37.2
NORTH,2025-01-06 23:30:00,4.26,5.49,75.2
NORTH,2025-01-07 00:00:00,5.34,5.82,64.6
NORTH,2025-01-07 00:30:00,3.99,2.11,37.3
NORTH,2025-01-07 01:00:00,3.86,5.58,64.3
NORTH,2025-01-07 01:30:00,4.16,1.89,106.4
NORTH,2025-01-07 02:00:00,2.62,4.24,78.1
NORTH,2025-01-07 02:30:00,3.66,2.39,74.6
NORTH,2025-01-07 03:00:00,1.49,7.48,65.1
NORTH,2025-01-07 03:30:00,2.79,1.17,39.3
NORTH,2025-01-07 04:00:00,2.55,7.79,64.2
NORTH,2025-01-07 04:30:00,3.03,4.77,102.6
NORTH,2025-01-07 05:00:00,1.67,7.13,52.8
NORTH,2025-01-07 05:30:00,1.35,3.84,58.5
NORTH,2025-01-07 06:00:00,2.55,0.0,62.7
NORTH,2025-01-07 06:30:00,1.16,2.55,36.7
NORTH,2025-01-07 07:00:00,1.24,2.97,52.3
NORTH,2025-01-07 07:30:00,-0.29,4.2,45.8
NORTH,2025-01-07 08:00:00,-0.35,2.9,46.1
NORTH,2025-01-07 08:30:00,1.66,2.88,33.9
NORTH,2025-01-07 09:00:00,0.61,0.55,80.5
NORTH,2025-01-07 09:30:00,3.24,6.84,49.4
NORTH,2025-01-07 10:00:00,3.44,4.81,45.2
NORTH,2025-01-07 10:30:00,1.13,3.66,61.8
NORTH,2025-01-07 11:00:00,2.63,4.0,53.7
NORTH,2025-01-07 11:30:00,3.82,3.77,56.9
NORTH,2025-01-07 12:00:00,2.35,3.77,35.5
NORTH,2025-01-07 12:30:00,1.41,8.89,30.3
NORTH,2025-01-07 13:00:00,3.42,4.69,78.2
NORTH,2025-01-07 13:30:00,3.53,7.78,64.3
NORTH,2025-01-07 14:00:00,5.23,6.08,87.8
NORTH,2025-01-07 14:30:00,3.64,4.8,53.4
NORTH,2025-01-07 15:00:00,4.32,4.43,22.6
NORTH,2025-01-07 15:30:00,3.96,5.78,35.7
NORTH,2025-01-07 16:00:00,3.43,6.31,84.2
NORTH,2025-01-07 16:30:00,3.87,4.35,58.6
NORTH,2025-01-07 17:00:00,6.44,2.93,53.2
NORTH,2025-01-07 17:30:00,6.64,1.99,51.0
NORTH,2025-01-07 18:00:00,5.5,7.05,38.5
NORTH,2025-01-07 18:30:00,4.49,5.19,73.4
NORTH,2025-01-07 19:00:00,5.8,3.77,62.3
NORTH,2025-01-07 19:30:00,3.74,4.2,86.7
NORTH,2025-01-07 20:00:00,4.03,2.43,52.9
NORTH,2025-01-07 20:30:00,5.21,7.68,43.2
NORTH,2025-01-07 21:00:00,4.19,5.54,48.4
NORTH,2025-01-07 21:30:00,6.49,3.61,68.3
NORTH,2025-01-07 22:00:00,3.46,4.91,63.9
NORTH,2025-01-07 22:30:00,5.04,1.53,63.9
NORTH,2025-01-07 23:00:00,5.9,2.94,50.8
NORTH,2025-01-07 23:30:00,5.98,7.42,76.9
NORTH,2025-01-08 00:00:00,4.95,3.51,59.5
NORTH,2025-01-08 00:30:00,3.09,3.69,80.2
NORTH,2025-01-08 01:00:00,4.24,2.75,47.1
NORTH,2025-01-08 01:30:00,4.16,1.53,43.6
NORTH,2025-01-08 02:00:00,5.52,1.93,45.6
NORTH,2025-01-08 02:30:00,4.03,3.12,61.6
NORTH,2025-01-08 03:00:00,4.2,0.91,73.6
NORTH,2025-01-08 03:30:00,2.46,3.43,94.6
NORTH,2025-01-08 04:00:00,1.0,5.18,80.3
NORTH,2025-01-08 04:30:00,1.86,2.66,53.4
NORTH,2025-01-08 05:00:00,1.44,4.13,76.1
NORTH,2025-01-08 05:30:00,1.83,5.86,85.2
NORTH,2025-01-08 06:00:00,2.46,5.05,49.3
NORTH,2025-01-08 06:30:00,-1.2,5.17,74.3
NORTH,2025-01-08 07:00:00,2.04,5.82,50.1
NORTH,2025-01-08 07:30:00,2.37,6.94,72.0
NORTH,2025-01-08 08:00:00,3.29,6.7,38.0
NORTH,2025-01-08 08:30:00,2.54,2.74,40.1
NORTH,2025-01-08 09:00:00,1.4,7.51,50.2
NORTH,2025-01-08 09:30:00,-0.36,1.11,68.6
NORTH,2025-01-08 10:00:00,1.04,0.0,34.7
NORTH,2025-01-08 10:30:00,2.15,5.56,52.0
NORTH,2025-01-08 11:00:00,3.04,5.83,45.9
NORTH,2025-01-08 11:30:00,2.12,2.8,69.7
NORTH,2025-01-08 12:00:00,1.94,1.57,60.9
NORTH,2025-01-08 12:30:00,4.01,5.02,78.1
NORTH,2025-01-08 13:00:00,4.26,4.08,49.2
NORTH,2025-01-08 13:30:00,2.12,0.83,81.4
NORTH,2025-01-08 14:00:00,3.28,0.59,82.2
NORTH,2025-01-08 14:30:00,3.79,5.94,55.3
NORTH,2025-01-08 15:00:00,3.25,4.89,69.5
NORTH,2025-01-08 15:30:00,3.86,6.63,77.0
NORTH,2025-01-08 16:00:00,5.36,1.78,37.5
NORTH,2025-01-08 16:30:00,6.12,0.0,58.4
NORTH,2025-01-08 17:00:00,5.27,3.02,59.4
NORTH,2025-01-08 17:30:00,5.6,2.83,75.9
NORTH,2025-01-08 18:00:00,6.11,3.64,45.1
NORTH,2025-01-08 18:30:00,5.3,8.22,46.4
NORTH,2025-01-08 19:00:00,7.45,0.49,44.5
NORTH,2025-01-08 19:30:00,4.96,5.9,61.0
NORTH,2025-01-08 20:00:00,7.25,3.33,59.0
NORTH,2025-01-08 20:30:00,5.29,8.05,39.8
NORTH,2025-01-08 21:00:00,5.0,2.04,70.3
NORTH,2025-01-08 21:30:00,4.24,7.64,61.5
NORTH,2025-01-08 22:00:00,5.91,4.93,59.6
NORTH,2025-01-08 22:30:00,5.56,4.17,69.3
NORTH,2025-01-08 23:00:00,4.11,2.02,74.8
NORTH,2025-01-08 23:30:00,5.09,0.0,51.4
NORTH,2025-01-09 00:00:00,6.58,3.68,50.4
NORTH,2025-01-09 00:30:00,2.95,2.86,39.1
NORTH,2025-01-09 01:00:00,4.78,4.1,53.5
NORTH,2025-01-09 01:30:00,3.35,7.05,47.3
NORTH,2025-01-09 02:00:00,2.91,3.51,58.1
NORTH,2025-01-09 02:30:00,4.33,5.86,75.4
NORTH,2025-01-09 03:00:00,6.15,0.61,64.2
NORTH,2025-01-09 03:30:00,2.6,8.02,63.2
NORTH,2025-01-09 04:00:00,0.31,4.87,64.8
NORTH,2025-01-09 04:30:00,3.66,2.55,65.9
NORTH,2025-01-09 05:00:00,2.01,2.66,66.2
NORTH,2025-01-09 05:30:00,2.52,6.1,60.5
NORTH,2025-01-09 06:00:00,2.74,1.59,85.1
NORTH,2025-01-09 06:30:00,1.08,5.81,64.7
NORTH,2025-01-09 07:00:00,1.98,5.52,21.5
NORTH,2025-01-09 07:30:00,1.13,5.49,94.6
NORTH,2025-01-09 08:00:00,1.72,0.0,54.3
NORTH,2025-01-09 08:30:00,1.67,6.22,60.9
NORTH,2025-01-09 09:00:00,0.28,5.93,70.2
NORTH,2025-01-09 09:30:00,0.98,5.44,50.2
NORTH,2025-01-09 10:00:00,1.66,2.94,54.4
NORTH,2025-01-09 10:30:00,3.1,0.43,79.9
NORTH,2025-01-09 11:00:00,2.54,3.22,60.4
NORTH,2025-01-09 11:30:00,1.24,0.74,44.1
NORTH,2025-01-09 12:00:00,0.47,1.29,30.8
NORTH,2025-01-09 12:30:00,4.22,1.43,59.3
NORTH,2025-01-09 13:00:00,4.57,5.7,54.7
NORTH,2025-01-09 13:30:00,2.88,4.36,98.0
NORTH,2025-01-09 14:00:00,4.24,5.34,100.8
NORTH,2025-01-09 14:30:00,4.08,6.3,68.6
NORTH,2025-01-09 15:00:00,4.82,2.07,39.7
NORTH,2025-01-09 15:30:00,3.65,5.76,75.0
NORTH,2025-01-09 16:00:00,6.35,3.98,69.7
NORTH,2025-01-09 16:30:00,5.4,3.79,54.2
NORTH,2025-01-09 17:00:00,3.38,3.69,58.1
NORTH,2025-01-09 17:30:00,6.52,6.47,62.6
NORTH,2025-01-09 18:00:00,7.96,4.38,78.6
NORTH,2025-01-09 18:30:00,5.36,1.72,52.3
NORTH,2025-01-09 19:00:00,7.45,3.47,51.6
NORTH,2025-01-09 19:30:00,5.67,3.22,81.5
NORTH,2025-01-09 20:00:00,8.01,4.01,69.7
NORTH,2025-01-09 20:30:00,6.91,4.22,44.2
NORTH,2025-01-09 21:00:00,5.19,4.82,67.1
NORTH,2025-01-09 21:30:00,3.53,3.13,46.7
NORTH,2025-01-09 22:00:00,6.54,2.6,51.7
NORTH,2025-01-09 22:30:00,4.88,5.58,77.4
NORTH,2025-01-09 23:00:00,5.75,6.21,82.2
NORTH,2025-01-09 23:30:00,2.99,5.18,53.3
NORTH,2025-01-10 00:00:00,3.31,3.36,73.2
NORTH,2025-01-10 00:30:00,6.56,1.31,71.1
NORTH,2025-01-10 01:00:00,6.69,7.66,0.0
NORTH,2025-01-10 01:30:00,6.95,5.92,18.5
NORTH,2025-01-10 02:00:00,2.9,6.52,66.5
NORTH,2025-01-10 02:30:00,3.13,4.13,69.8
NORTH,2025-01-10 03:00:00,2.6,3.75,76.1
NORTH,2025-01-10 03:30:00,2.46,1.29,48.5
NORTH,2025-01-10 04:00:00,1.75,2.79,28.9
NORTH,2025-01-10 04:30:00,3.1,5.74,45.4
NORTH,2025-01-10 05:00:00,1.62,3.63,43.6
NORTH,2025-01-10 05:30:00,3.58,2.22,50.5
NORTH,2025-01-10 06:00:00,1.17,6.01,55.8
NORTH,2025-01-10 06:30:00,4.47,4.71,80.9
NORTH,2025-01-10 07:00:00,1.49,2.11,59.4
NORTH,2025-01-10 07:30:00,1.07,0.0,78.2
NORTH,2025-01-10 08:00:00,1.85,2.6,66.8
NORTH,2025-01-10 08:30:00,1.87,6.82,67.8
NORTH,2025-01-10 09:00:00,1.69,5.39,59.4
NORTH,2025-01-10 09:30:00,2.1,6.45,39.0
NORTH,2025-01-10 10:00:00,1.05,3.16,55.1
NORTH,2025-01-10 10:30:00,3.47,1.17,59.5
NORTH,2025-01-10 11:00:00,1.74,7.4,75.9
NORTH,2025-01-10 11:30:00,2.69,5.94,36.3
NORTH,2025-01-10 12:00:00,5.25,2.32,82.6
NORTH,2025-01-10 12:30:00,3.48,4.53,81.9
NORTH,2025-01-10 13:00:00,4.49,4.21,52.4
NORTH,2025-01-10 13:30:00,3.44,3.79,66.4
NORTH,2025-01-10 14:00:00,5.04,4.94,63.3
NORTH,2025-01-10 14:30:00,3.03,4.65,29.5
NORTH,2025-01-10 15:00:00,3.38,5.21,75.9
NORTH,2025-01-10 15:30:00,4.31,4.4,66.7
NORTH,2025-01-10 16:00:00,5.63,3.6,42.3
NORTH,2025-01-10 16:30:00,5.28,7.92,43.4
NORTH,2025-01-10 17:00:00,5.08,3.23,103.4
NORTH,2025-01-10 17:30:00,4.08,3.68,53.4
NORTH,2025-01-10 18:00:00,4.04,1.38,70.2
NORTH,2025-01-10 18:30:00,6.4,2.88,85.4
NORTH,2025-01-10 19:00:00,3.05,1.48,45.2
NORTH,2025-01-10 19:30:00,5.74,3.1,56.4
NORTH,2025-01-10 20:00:00,6.4,6.91,74.4
NORTH,2025-01-10 20:30:00,5.88,3.84,79.8
NORTH,2025-01-10 21:00:00,8.01,5.28,51.2
NORTH,2025-01-10 21:30:00,6.06,5.16,50.0
NORTH,2025-01-10 22:00:00,6.59,4.53,81.0
NORTH,2025-01-10 22:30:00,4.37,0.52,52.9
NORTH,2025-01-10 23:00:00,5.26,0.4,49.0
NORTH,2025-01-10 23:30:00,6.77,5.07,62.5
NORTH,2025-01-11 00:00:00,3.62,6.5,52.5
NORTH,2025-01-11 00:30:00,5.0,4.81,63.1
NORTH,2025-01-11 01:00:00,6.19,5.15,66.1
NORTH,2025-01-11 01:30:00,4.3,4.86,56.2
NORTH,2025-01-11 02:00:00,4.11,3.32,51.0
NORTH,2025-01-11 02:30:00,2.78,3.46,53.9
NORTH,2025-01-11 03:00:00,5.56,5.98,57.6
NORTH,2025-01-11 03:30:00,2.86,5.23,95.0
NORTH,2025-01-11 04:00:00,3.84,0.56,75.5
NORTH,2025-01-11 04:30:00,4.13,8.4,55.5
NORTH,2025-01-11 05:00:00,2.63,4.9,46.2
NORTH,2025-01-11 05:30:00,1.44,4.8,32.2
NORTH,2025-01-11 06:00:00,0.57,5.63,69.0
NORTH,2025-01-11 06:30:00,3.65,4.93,60.2
NORTH,2025-01-11 07:00:00,3.5,3.15,54.0
NORTH,2025-01-11 07:30:00,1.87,4.9,58.8
NORTH,2025-01-11 08:00:00,0.1,3.47,59.4
NORTH,2025-01-11 08:30:00,2.02,3.1,69.1
NORTH,2025-01-11 09:00:00,0.02,4.83,92.3
NORTH,2025-01-11 09:30:00,1.22,4.12,55.6
NORTH,2025-01-11 10:00:00,1.87,1.94,95.8
NORTH,2025-01-11 10:30:00,2.61,2.66,45.9
NORTH,2025-01-11 11:00:00,2.54,0.0,79.0
NORTH,2025-01-11 11:30:00,1.85,4.78,67.8
NORTH,2025-01-11 12:00:00,4.04,4.99,73.4
NORTH,2025-01-11 12:30:00,4.11,3.34,98.7
NORTH,2025-01-11 13:00:00,3.79,3.94,44.9
NORTH,2025-01-11 13:30:00,3.12,4.8,61.7
NORTH,2025-01-11 14:00:00,6.08,3.22,72.2
NORTH,2025-01-11 14:30:00,2.53,8.37,38.5
NORTH,2025-01-11 15:00:00,6.89,3.73,19.8
NORTH,2025-01-11 15:30:00,6.02,4.16,51.8
NORTH,2025-01-11 16:00:00,5.65,5.33,67.5
NORTH,2025-01-11 16:30:00,6.24,4.51,71.7
NORTH,2025-01-11 17:00:00,4.67,5.53,50.7
NORTH,2025-01-11 17:30:00,3.95,3.59,55.0
NORTH,2025-01-11 18:00:00,6.73,1.09,79.7
NORTH,2025-01-11 18:30:00,4.87,0.0,38.3
NORTH,2025-01-11 19:00:00,5.45,4.89,57.6
NORTH,2025-01-11 19:30:00,4.36,2.44,38.5
NORTH,2025-01-11 20:00:00,6.19,3.82,71.0
NORTH,2025-01-11 20:30:00,3.76,2.93,96.5
NORTH,2025-01-11 21:00:00,6.58,3.41,42.2
NORTH,2025-01-11 21:30:00,7.14,7.07,39.3
NORTH,2025-01-11 22:00:00,4.35,4.56,66.7
NORTH,2025-01-11 22:30:00,6.19,7.69,42.5
NORTH,2025-01-11 23:00:00,5.34,5.44,72.8
NORTH,2025-01-11 23:30:00,4.52,2.78,51.7
NORTH,2025-01-12 00:00:00,7.0,2.04,54.2
NORTH,2025-01-12 00:30:00,5.88,1.82,64.6
NORTH,2025-01-12 01:00:00,2.19,4.39,60.9
NORTH,2025-01-12 01:30:00,4.66,2.26,64.1
NORTH,2025-01-12 02:00:00,3.9,6.6,71.5
NORTH,2025-01-12 02:30:00,2.21,2.33,48.9
NORTH,2025-01-12 03:00:00,3.65,3.66,56.9
NORTH,2025-01-12 03:30:00,6.81,2.97,85.0
NORTH,2025-01-12 04:00:00,2.77,0.0,63.4
NORTH,2025-01-12 04:30:00,4.29,5.27,64.6
NORTH,2025-01-12 05:00:00,2.57,3.01,76.1
NORTH,2025-01-12 05:30:00,2.02,2.72,67.4
NORTH,2025-01-12 06:00:00,1.86,6.56,68.4
NORTH,2025-01-12 06:30:00,1.29,1.71,49.7
NORTH,2025-01-12 07:00:00,4.82,3.52,73.6
NORTH,2025-01-12 07:30:00,0.45,1.83,56.6
NORTH,2025-01-12 08:00:00,3.99,1.42,48.7
NORTH,2025-01-12 08:30:00,3.03,7.19,67.9
NORTH,2025-01-12 09:00:00,2.83,2.21,36.2
NORTH,2025-01-12 09:30:00,0.64,2.25,64.1
NORTH,2025-01-12 10:00:00,0.76,4.5,54.3
NORTH,2025-01-12 10:30:00,1.54,5.77,42.7
NORTH,2025-01-12 11:00:00,4.26,5.66,42.2
NORTH,2025-01-12 11:30:00,3.98,1.78,83.3
NORTH,2025-01-12 12:00:00,3.35,0.84,36.7
NORTH,2025-01-12 12:30:00,2.46,5.74,56.9
NORTH,2025-01-12 13:00:00,3.2,4.08,24.1
NORTH,2025-01-12 13:30:00,4.42,6.68,74.2
NORTH,2025-01-12 14:00:00,3.44,2.23,40.5
NORTH,2025-01-12 14:30:00,2.59,8.53,58.6
NORTH,2025-01-12 15:00:00,5.55,5.7,62.6
NORTH,2025-01-12 15:30:00,3.35,5.04,40.5
NORTH,2025-01-12 16:00:00,5.67,1.93,52.1
NORTH,2025-01-12 16:30:00,4.43,6.8,16.2
NORTH,2025-01-12 17:00:00,8.16,2.39,57.8
NORTH,2025-01-12 17:30:00,5.86,4.66,75.2
NORTH,2025-01-12 18:00:00,6.42,8.07,73.2
NORTH,2025-01-12 18:30:00,5.54,2.89,49.6
NORTH,2025-01-12 19:00:00,7.43,7.51,78.1
NORTH,2025-01-12 19:30:00,2.09,0.0,59.9
NORTH,2025-01-12 20:00:00,5.75,4.04,82.5
NORTH,2025-01-12 20:30:00,7.39,4.35,32.6
NORTH,2025-01-12 21:00:00,4.41,4.13,67.5
NORTH,2025-01-12 21:30:00,4.42,5.32,28.5
NORTH,2025-01-12 22:00:00,2.49,2.25,84.7
NORTH,2025-01-12 22:30:00,7.51,0.81,32.7
NORTH,2025-01-12 23:00:00,6.28,3.12,84.6
NORTH,2025-01-12 23:30:00,6.26,5.83,45.2
NORTH,2025-01-13 00:00:00,5.55,8.03,62.6
NORTH,2025-01-13 00:30:00,4.97,3.13,31.2
NORTH,2025-01-13 01:00:00,3.22,2.22,30.4
NORTH,2025-01-13 01:30:00,2.68,0.0,45.9
NORTH,2025-01-13 02:00:00,4.83,3.37,54.4
NORTH,2025-01-13 02:30:00,4.94,7.38,100.9
NORTH,2025-01-13 03:00:00,3.67,3.44,52.6
NORTH,2025-01-13 03:30:00,4.21,3.69,57.3
NORTH,2025-01-13 04:00:00,2.92,2.12,18.0
NORTH,2025-01-13 04:30:00,2.22,6.91,85.4
NORTH,2025-01-13 05:00:00,3.73,3.01,45.8
NORTH,2025-01-13 05:30:00,4.55,1.83,60.7
NORTH,2025-01-13 06:00:00,4.31,4.25,54.7
NORTH,2025-01-13 06:30:00,3.68,4.14,63.5
NORTH,2025-01-13 07:00:00,3.9,0.0,66.5
NORTH,2025-01-13 07:30:00,1.17,3.59,62.0
NORTH,2025-01-13 08:00:00,1.21,4.46,66.9
NORTH,2025-01-13 08:30:00,2.26,4.22,57.9
NORTH,2025-01-13 09:00:00,1.97,4.16,43.0
NORTH,2025-01-13 09:30:00,3.61,3.82,52.7
NORTH,2025-01-13 10:00:00,2.76,3.77,82.4
NORTH,2025-01-13 10:30:00,3.36,4.19,76.9
NORTH,2025-01-13 11:00:00,2.89,1.69,76.0
NORTH,2025-01-13 11:30:00,0.32,0.0,72.6
NORTH,2025-01-13 12:00:00,3.55,4.75,85.0
NORTH,2025-01-13 12:30:00,2.99,3.24,74.3
NORTH,2025-01-13 13:00:00,2.64,3.52,64.5
NORTH,2025-01-13 13:30:00,3.9,3.33,51.2
NORTH,2025-01-13 14:00:00,2.68,2.43,92.7
NORTH,2025-01-13 14:30:00,3.7,4.38,33.2
NORTH,2025-01-13 15:00:00,7.61,2.28,38.8
NORTH,2025-01-13 15:30:00,4.46,2.22,66.6
NORTH,2025-01-13 16:00:00,3.21,6.27,76.9
NORTH,2025-01-13 16:30:00,4.88,0.69,45.4
NORTH,2025-01-13 17:00:00,5.51,1.58,41.1
NORTH,2025-01-13 17:30:00,6.69,4.31,62.2
NORTH,2025-01-13 18:00:00,6.38,3.67,58.9
NORTH,2025-01-13 18:30:00,6.3,5.62,69.0
NORTH,2025-01-13 19:00:00,7.7,4.05,35.8
NORTH,2025-01-13 19:30:00,7.26,3.51,46.2
NORTH,2025-01-13 20:00:00,6.87,4.74,37.0
NORTH,2025-01-13 20:30:00,6.82,7.75,65.8
NORTH,2025-01-13 21:00:00,5.64,0.66,96.9
NORTH,2025-01-13 21:30:00,5.33,1.18,62.0
NORTH,2025-01-13 22:00:00,6.96,6.47,47.9
NORTH,2025-01-13 22:30:00,5.63,4.0,77.6
NORTH,2025-01-13 23:00:00,6.14,4.54,76.5
NORTH,2025-01-13 23:30:00,3.8,4.84,64.0
NORTH,2025-01-14 00:00:00,5.03,3.5,62.4
NORTH,2025-01-14 00:30:00,4.4,9.45,84.5
NORTH,2025-01-14 01:00:00,5.92,2.94,42.8
NORTH,2025-01-14 01:30:00,4.35,4.23,33.9
NORTH,2025-01-14 02:00:00,4.66,6.16,19.8
NORTH,2025-01-14 02:30:00,3.01,6.46,66.7
NORTH,2025-01-14 03:00:00,2.53,5.47,49.3
NORTH,2025-01-14 03:30:00,3.29,1.72,60.3
NORTH,2025-01-14 04:00:00,4.31,3.04,71.6
NORTH,2025-01-14 04:30:00,3.03,6.16,51.7
NORTH,2025-01-14 05:00:00,4.54,5.36,64.4
NORTH,2025-01-14 05:30:00,3.01,3.07,50.5
NORTH,2025-01-14 06:00:00,2.67,1.6,49.2
NORTH,2025-01-14 06:30:00,1.23,5.14,70.6
NORTH,2025-01-14 07:00:00,3.68,3.33,45.5
NORTH,2025-01-14 07:30:00,0.39,4.54,85.1
NORTH,2025-01-14 08:00:00,2.0,4.05,59.9
NORTH,2025-01-14 08:30:00,2.39,5.99,94.5
NORTH,2025-01-14 09:00:00,2.75,5.13,55.7
NORTH,2025-01-14 09:30:00,2.03,3.76,53.4
NORTH,2025-01-14 10:00:00,2.51,5.25,61.1
NORTH,2025-01-14 10:30:00,2.02,4.25,42.7
NORTH,2025-01-14 11:00:00,3.64,3.17,39.2
NORTH,2025-01-14 11:30:00,3.23,5.02,44.5
NORTH,2025-01-14 12:00:00,3.84,5.27,95.5
NORTH,2025-01-14 12:30:00,2.81,3.89,49.1
NORTH,2025-01-14 13:00:00,4.16,3.99,77.8
NORTH,2025-01-14 13:30:00,3.05,4.94,55.7
NORTH,2025-01-14 14:00:00,1.88,5.26,28.5
NORTH,2025-01-14 14:30:00,3.9,3.71,59.8
NORTH,2025-01-14 15:00:00,4.66,4.07,66.5
NORTH,2025-01-14 15:30:00,4.47,9.23,53.8
NORTH,2025-01-14 16:00:00,3.62,1.18,71.8
NORTH,2025-01-14 16:30:00,3.18,1.58,35.6
NORTH,2025-01-14 17:00:00,6.05,6.66,43.0
NORTH,2025-01-14 17:30:00,6.01,0.0,46.6
NORTH,2025-01-14 18:00:00,6.54,3.38,77.9
NORTH,2025-01-14 18:30:00,3.14,2.53,68.1
NORTH,2025-01-14 19:00:00,6.55,5.03,63.7
NORTH,2025-01-14 19:30:00,4.65,2.44,101.7
NORTH,2025-01-14 20:00:00,4.58,1.17,72.2
NORTH,2025-01-14 20:30:00,4.82,7.58,109.2
NORTH,2025-01-14 21:00:00,5.73,4.62,27.2
NORTH,2025-01-14 21:30:00,7.26,0.0,35.9
NORTH,2025-01-14 22:00:00,5.96,5.1,33.3
NORTH,2025-01-14 22:30:00,5.17,0.68,54.3
NORTH,2025-01-14 23:00:00,4.54,2.73,71.7
NORTH,2025-01-14 23:30:00,5.84,5.12,57.7
NORTH,2025-01-15 00:00:00,6.02,3.93,51.2
NORTH,2025-01-15 00:30:00,5.84,3.15,54.1
NORTH,2025-01-15 01:00:00,5.96,5.95,54.7
NORTH,2025-01-15 01:30:00,5.72,1.44,54.8
NORTH,2025-01-15 02:00:00,3.25,4.0,73.2
NORTH,2025-01-15 02:30:00,4.82,4.84,62.5
NORTH,2025-01-15 03:00:00,3.45,6.4,32.2
NORTH,2025-01-15 03:30:00,2.84,4.82,87.5
NORTH,2025-01-15 04:00:00,2.74,3.48,36.8
NORTH,2025-01-15 04:30:00,2.51,5.42,88.4
NORTH,2025-01-15 05:00:00,2.39,2.4,61.3
NORTH,2025-01-15 05:30:00,0.8,6.47,37.8
NORTH,2025-01-15 06:00:00,2.8,4.6,71.3
NORTH,2025-01-15 06:30:00,2.73,4.01,67.7
NORTH,2025-01-15 07:00:00,3.23,7.59,40.2
NORTH,2025-01-15 07:30:00,0.02,0.91,27.4
NORTH,2025-01-15 08:00:00,0.72,1.35,52.5
NORTH,2025-01-15 08:30:00,3.18,5.25,48.8
NORTH,2025-01-15 09:00:00,1.58,8.02,70.7
NORTH,2025-01-15 09:30:00,2.43,4.24,54.8
NORTH,2025-01-15 10:00:00,4.83,3.62,62.7
NORTH,2025-01-15 10:30:00,0.45,2.73,50.1
NORTH,2025-01-15 11:00:00,3.33,2.45,60.9
NORTH,2025-01-15 11:30:00,2.01,1.8,39.5
NORTH,2025-01-15 12:00:00,2.95,4.21,56.5
NORTH,2025-01-15 12:30:00,2.16,3.72,54.2
NORTH,2025-01-15 13:00:00,2.39,4.17,92.6
NORTH,2025-01-15 13:30:00,3.46,1.08,86.4
NORTH,2025-01-15 14:00:00,5.66,6.87,59.2
NORTH,2025-01-15 14:30:00,3.22,2.21,80.5
NORTH,2025-01-15 15:00:00,6.6,2.16,14.6
NORTH,2025-01-15 15:30:00,4.65,2.19,47.3
NORTH,2025-01-15 16:00:00,4.87,4.82,45.9
NORTH,2025-01-15 16:30:00,5.32,3.75,18.5
NORTH,2025-01-15 17:00:00,6.22,3.1,37.3
NORTH,2025-01-15 17:30:00,4.7,4.41,60.8
NORTH,2025-01-15 18:00:00,6.66,4.87,38.9
NORTH,2025-01-15 18:30:00,2.34,4.24,71.4
NORTH,2025-01-15 19:00:00,5.85,5.32,42.0
NORTH,2025-01-15 19:30:00,5.67,2.16,72.6
NORTH,2025-01-15 20:00:00,5.06,8.12,51.0
NORTH,2025-01-15 20:30:00,7.11,3.02,84.1
NORTH,2025-01-15 21:00:00,7.65,3.35,64.9
NORTH,2025-01-15 21:30:00,7.62,4.61,43.4
NORTH,2025-01-15 22:00:00,5.97,2.5,62.7
NORTH,2025-01-15 22:30:00,4.94,4.75,27.8
NORTH,2025-01-15 23:00:00,4.22,2.41,57.1
NORTH,2025-01-15 23:30:00,3.76,2.23,74.0
NORTH,2025-01-16 00:00:00,6.3,0.0,49.4
NORTH,2025-01-16 00:30:00,6.75,4.77,67.3
NORTH,2025-01-16 01:00:00,5.42,2.08,63.9
NORTH,2025-01-16 01:30:00,5.31,4.21,52.9
NORTH,2025-01-16 02:00:00,4.17,1.72,71.1
NORTH,2025-01-16 02:30:00,2.5,2.37,72.3
NORTH,2025-01-16 03:00:00,4.06,3.03,29.2
NORTH,2025-01-16 03:30:00,3.65,2.74,68.6
NORTH,2025-01-16 04:00:00,2.6,0.5,35.1
NORTH,2025-01-16 04:30:00,2.71,4.22,39.1
NORTH,2025-01-16 05:00:00,1.9,5.58,80.0
NORTH,2025-01-16 05:30:00,3.14,3.43,48.8
NORTH,2025-01-16 06:00:00,3.14,3.37,76.6
NORTH,2025-01-16 06:30:00,3.66,4.82,51.0
NORTH,2025-01-16 07:00:00,1.79,0.71,59.1
NORTH,2025-01-16 07:30:00,2.19,1.24,102.6
NORTH,2025-01-16 08:00:00,2.89,2.32,97.0
NORTH,2025-01-16 08:30:00,1.63,5.66,61.6
NORTH,2025-01-16 09:00:00,1.74,3.33,85.9
NORTH,2025-01-16 09:30:00,3.34,3.76,23.1
NORTH,2025-01-16 10:00:00,2.86,1.51,69.7
NORTH,2025-01-16 10:30:00,1.64,2.78,48.5
NORTH,2025-01-16 11:00:00,4.04,0.47,73.3
NORTH,2025-01-16 11:30:00,3.22,3.85,51.9
NORTH,2025-01-16 12:00:00,3.81,3.12,51.9
NORTH,2025-01-16 12:30:00,3.3,7.44,32.8
NORTH,2025-01-16 13:00:00,4.31,3.71,56.0
NORTH,2025-01-16 13:30:00,1.87,0.49,66.1
NORTH,2025-01-16 14:00:00,2.7,6.03,41.7
NORTH,2025-01-16 14:30:00,4.89,2.85,48.8
NORTH,2025-01-16 15:00:00,3.65,4.87,72.9
NORTH,2025-01-16 15:30:00,4.36,5.18,60.2
NORTH,2025-01-16 16:00:00,3.62,4.76,54.6
NORTH,2025-01-16 16:30:00,2.09,3.22,29.5
NORTH,2025-01-16 17:00:00,4.16,3.5,58.6
NORTH,2025-01-16 17:30:00,4.64,5.05,57.9
NORTH,2025-01-16 18:00:00,5.45,4.09,81.7
NORTH,2025-01-16 18:30:00,3.38,6.6,48.9
NORTH,2025-01-16 19:00:00,5.22,3.2,44.0
NORTH,2025-01-16 19:30:00,4.91,5.69,62.9
NORTH,2025-01-16 20:00:00,3.92,5.35,69.5
NORTH,2025-01-16 20:30:00,4.44,4.36,71.2
NORTH,2025-01-16 21:00:00,4.23,4.57,47.8
NORTH,2025-01-16 21:30:00,6.81,2.13,78.8
NORTH,2025-01-16 22:00:00,5.66,2.77,47.0
NORTH,2025-01-16 22:30:00,7.01,2.55,79.1
NORTH,2025-01-16 23:00:00,5.9,1.23,60.5
NORTH,2025-01-16 23:30:00,5.7,1.16,60.1
NORTH,2025-01-17 00:00:00,5.94,6.26,79.5
NORTH,2025-01-17 00:30:00,8.16,4.0,70.0
NORTH,2025-01-17 01:00:00,4.08,7.77,44.0
NORTH,2025-01-17 01:30:00,7.02,7.42,45.9
NORTH,2025-01-17 02:00:00,5.54,4.91,52.6
NORTH,2025-01-17 02:30:00,4.13,4.53,66.5
NORTH,2025-01-17 03:00:00,5.57,5.14,46.1
NORTH,2025-01-17 03:30:00,4.67,0.5,53.0
NORTH,2025-01-17 04:00:00,2.95,5.32,91.9
NORTH,2025-01-17 04:30:00,3.55,3.28,47.4
NORTH,2025-01-17 05:00:00,3.88,3.61,50.9
NORTH,2025-01-17 05:30:00,4.02,6.34,42.7
NORTH,2025-01-17 06:00:00,0.77,3.8,39.5
NORTH,2025-01-17 06:30:00,1.03,1.92,78.8
NORTH,2025-01-17 07:00:00,3.14,8.91,48.4
NORTH,2025-01-17 07:30:00,3.96,4.99,50.0
NORTH,2025-01-17 08:00:00,2.12,2.88,64.7
NORTH,2025-01-17 08:30:00,3.48,3.26,75.3
NORTH,2025-01-17 09:00:00,3.89,6.99,38.9
NORTH,2025-01-17 09:30:00,2.3,5.42,40.4
NORTH,2025-01-17 10:00:00,0.99,3.95,52.6
NORTH,2025-01-17 10:30:00,2.35,3.06,98.9
NORTH,2025-01-17 11:00:00,2.33,5.17,69.3
NORTH,2025-01-17 11:30:00,0.85,6.93,71.3
NORTH,2025-01-17 12:00:00,3.48,6.11,59.1
NORTH,2025-01-17 12:30:00,4.35,0.25,74.7
NORTH,2025-01-17 13:00:00,4.0,4.4,44.8
NORTH,2025-01-17 13:30:00,3.51,3.5,39.5
NORTH,2025-01-17 14:00:00,4.72,7.15,34.4
NORTH,2025-01-17 14:30:00,4.88,3.16,50.4
NORTH,2025-01-17 15:00:00,4.9,4.18,63.3
NORTH,2025-01-17 15:30:00,3.45,6.18,61.5
NORTH,2025-01-17 16:00:00,6.01,6.43,25.4
NORTH,2025-01-17 16:30:00,6.05,3.67,78.3
NORTH,2025-01-17 17:00:00,4.75,5.87,41.0
NORTH,2025-01-17 17:30:00,6.19,4.57,57.2
NORTH,2025-01-17 18:00:00,4.79,3.26,76.6
NORTH,2025-01-17 18:30:00,7.81,7.91,69.5
NORTH,2025-01-17 19:00:00,6.53,4.9,94.7
NORTH,2025-01-17 19:30:00,6.85,4.17,55.0
NORTH,2025-01-17 20:00:00,6.1,4.77,46.5
NORTH,2025-01-17 20:30:00,5.54,3.87,51.9
NORTH,2025-01-17 21:00:00,6.94,5.35,64.7
NORTH,2025-01-17 21:30:00,6.81,4.24,0.0
NORTH,2025-01-17 22:00:00,4.97,5.41,44.9
NORTH,2025-01-17 22:30:00,7.05,5.82,55.2
NORTH,2025-01-17 23:00:00,5.0,4.02,59.2
NORTH,2025-01-17 23:30:00,6.46,0.0,46.8
NORTH,2025-01-18 00:00:00,4.15,0.0,51.1
NORTH,2025-01-18 00:30:00,3.56,3.23,51.2
NORTH,2025-01-18 01:00:00,5.42,3.5,29.6
NORTH,2025-01-18 01:30:00,5.3,8.84,79.4
NORTH,2025-01-18 02:00:00,5.18,3.61,51.2
NORTH,2025-01-18 02:30:00,3.69,4.48,39.6
NORTH,2025-01-18 03:00:00,4.11,2.67,29.1
NORTH,2025-01-18 03:30:00,3.03,6.5,62.5
NORTH,2025-01-18 04:00:00,-0.9,2.65,76.3
NORTH,2025-01-18 04:30:00,3.0,5.05,52.9
NORTH,2025-01-18 05:00:00,3.17,4.07,48.4
NORTH,2025-01-18 05:30:00,3.63,7.06,66.9
NORTH,2025-01-18 06:00:00,2.76,2.31,76.9
NORTH,2025-01-18 06:30:00,2.02,5.12,73.7
NORTH,2025-01-18 07:00:00,3.62,6.01,77.5
NORTH,2025-01-18 07:30:00,0.92,2.28,35.3
NORTH,2025-01-18 08:00:00,0.63,7.05,42.3
NORTH,2025-01-18 08:30:00,1.01,3.89,46.6
NORTH,2025-01-18 09:00:00,5.14,3.45,68.0
NORTH,2025-01-18 09:30:00,1.49,0.68,46.9
NORTH,2025-01-18 10:00:00,1.77,2.55,31.2
NORTH,2025-01-18 10:30:00,2.79,3.33,32.2
NORTH,2025-01-18 11:00:00,3.08,5.52,81.6
NORTH,2025-01-18 11:30:00,0.04,2.54,35.3
NORTH,2025-01-18 12:00:00,2.58,6.78,46.9
NORTH,2025-01-18 12:30:00,2.79,2.34,89.3
NORTH,2025-01-18 13:00:00,1.08,2.89,44.4
NORTH,2025-01-18 13:30:00,1.78,6.2,27.5
NORTH,2025-01-18 14:00:00,3.81,3.84,46.5
NORTH,2025-01-18 14:30:00,2.28,3.66,46.3
NORTH,2025-01-18 15:00:00,5.85,5.03,95.0
NORTH,2025-01-18 15:30:00,5.01,5.18,53.5
NORTH,2025-01-18 16:00:00,7.42,4.02,58.2
NORTH,2025-01-18 16:30:00,6.01,2.71,51.0
NORTH,2025-01-18 17:00:00,6.42,5.46,70.7
NORTH,2025-01-18 17:30:00,5.68,4.54,77.3
NORTH,2025-01-18 18:00:00,4.78,4.0,7.6
NORTH,2025-01-18 18:30:00,6.98,2.43,46.4
NORTH,2025-01-18 19:00:00,6.15,5.24,103.1
NORTH,2025-01-18 19:30:00,4.43,2.3,64.1
NORTH,2025-01-18 20:00:00,5.49,5.67,57.0
NORTH,2025-01-18 20:30:00,7.42,3.5,69.8
NORTH,2025-01-18 21:00:00,5.15,7.87,29.4
NORTH,2025-01-18 21:30:00,5.44,1.16,74.4
NORTH,2025-01-18 22:00:00,6.74,1.56,77.9
NORTH,2025-01-18 22:30:00,5.26,4.77,71.2
NORTH,2025-01-18 23:00:00,5.48,5.82,57.4
NORTH,2025-01-18 23:30:00,6.18,3.45,26.4
NORTH,2025-01-19 00:00:00,5.28,2.25,85.1
NORTH,2025-01-19 00:30:00,3.79,6.45,56.8
NORTH,2025-01-19 01:00:00,5.44,1.24,54.4
NORTH,2025-01-19 01:30:00,4.15,8.21,47.6
NORTH,2025-01-19 02:00:00,5.82,6.33,80.5
NORTH,2025-01-19 02:30:00,3.72,7.61,96.2
NORTH,2025-01-19 03:00:00,4.35,3.07,44.5
NORTH,2025-01-19 03:30:00,4.48,4.13,63.3
NORTH,2025-01-19 04:00:00,1.81,4.07,80.6
NORTH,2025-01-19 04:30:00,4.41,3.17,58.0
NORTH,2025-01-19 05:00:00,1.25,2.67,53.9
NORTH,2025-01-19 05:30:00,3.78,2.59,41.4
NORTH,2025-01-19 06:00:00,3.61,3.15,44.9
NORTH,2025-01-19 06:30:00,3.67,4.92,56.3
NORTH,2025-01-19 07:00:00,2.08,4.76,69.7
NORTH,2025-01-19 07:30:00,2.75,4.24,49.1
NORTH,2025-01-19 08:00:00,1.78,3.66,42.7
NORTH,2025-01-19 08:30:00,1.14,3.82,77.8
NORTH,2025-01-19 09:00:00,0.01,3.22,64.9
NORTH,2025-01-19 09:30:00,3.79,7.6,55.4
NORTH,2025-01-19 10:00:00,5.07,4.91,74.7
NORTH,2025-01-19 10:30:00,1.42,4.91,76.2
NORTH,2025-01-19 11:00:00,2.19,0.0,62.7
NORTH,2025-01-19 11:30:00,2.76,6.69,50.3
NORTH,2025-01-19 12:00:00,2.59,1.66,48.7
NORTH,2025-01-19 12:30:00,6.63,0.83,36.0
NORTH,2025-01-19 13:00:00,3.85,7.95,73.3
NORTH,2025-01-19 13:30:00,5.78,3.23,35.0
NORTH,2025-01-19 14:00:00,3.89,3.75,60.2
NORTH,2025-01-19 14:30:00,4.17,5.18,47.2
NORTH,2025-01-19 15:00:00,3.84,1.59,63.7
NORTH,2025-01-19 15:30:00,5.08,6.18,87.8
NORTH,2025-01-19 16:00:00,3.98,4.05,56.3
NORTH,2025-01-19 16:30:00,3.59,2.94,88.2
NORTH,2025-01-19 17:00:00,5.09,2.4,59.1
NORTH,2025-01-19 17:30:00,6.94,3.39,62.3
NORTH,2025-01-19 18:00:00,3.42,5.14,64.0
NORTH,2025-01-19 18:30:00,7.22,0.26,54.6
NORTH,2025-01-19 19:00:00,7.52,2.89,60.9
NORTH,2025-01-19 19:30:00,5.87,3.23,81.0
NORTH,2025-01-19 20:00:00,4.72,3.9,64.5
NORTH,2025-01-19 20:30:00,7.56,3.76,77.4
NORTH,2025-01-19 21:00:00,6.3,4.24,61.5
NORTH,2025-01-19 21:30:00,7.15,5.08,40.0
NORTH,2025-01-19 22:00:00,6.42,5.08,86.3
NORTH,2025-01-19 22:30:00,4.95,5.08,53.7
NORTH,2025-01-19 23:00:00,6.08,1.85,59.8
NORTH,2025-01-19 23:30:00,6.23,2.06,86.1
NORTH,2025-01-20 00:00:00,3.65,5.08,16.3
NORTH,2025-01-20 00:30:00,5.19,4.96,72.8
NORTH,2025-01-20 01:00:00,4.89,3.52,70.2
NORTH,2025-01-20 01:30:00,6.16,6.76,36.8
NORTH,2025-01-20 02:00:00,4.26,0.0,35.4
NORTH,2025-01-20 02:30:00,3.66,5.73,51.3
NORTH,2025-01-20 03:00:00,3.64,4.6,47.9
NORTH,2025-01-20 03:30:00,1.59,2.51,57.8
NORTH,2025-01-20 04:00:00,4.06,3.59,68.1
NORTH,2025-01-20 04:30:00,4.61,6.24,63.1
NORTH,2025-01-20 05:00:00,1.72,1.51,39.3
NORTH,2025-01-20 05:30:00,1.8,4.2,94.0
NORTH,2025-01-20 06:00:00,3.02,3.83,77.3
NORTH,2025-01-20 06:30:00,1.77,6.08,77.4
NORTH,2025-01-20 07:00:00,2.64,8.19,80.1
NORTH,2025-01-20 07:30:00,2.62,3.71,52.2
NORTH,2025-01-20 08:00:00,2.34,3.8,54.2
NORTH,2025-01-20 08:30:00,2.24,1.62,49.8
NORTH,2025-01-20 09:00:00,0.65,4.83,61.4
NORTH,2025-01-20 09:30:00,2.42,5.77,44.5
NORTH,2025-01-20 10:00:00,1.91,1.04,78.4
NORTH,2025-01-20 10:30:00,3.49,6.66,88.5
NORTH,2025-01-20 11:00:00,2.58,2.58,27.7
NORTH,2025-01-20 11:30:00,1.77,3.35,22.9
NORTH,2025-01-20 12:00:00,2.21,3.83,76.1
NORTH,2025-01-20 12:30:00,2.64,4.26,93.5
NORTH,2025-01-20 13:00:00,1.82,6.17,66.9
NORTH,2025-01-20 13:30:00,5.5,5.93,48.1
NORTH,2025-01-20 14:00:00,4.5,1.08,50.6
NORTH,2025-01-20 14:30:00,4.54,4.61,74.2
NORTH,2025-01-20 15:00:00,6.92,3.13,80.6
NORTH,2025-01-20 15:30:00,5.34,1.39,57.3
NORTH,2025-01-20 16:00:00,5.64,2.33,41.3
NORTH,2025-01-20 16:30:00,4.21,2.91,44.4
NORTH,2025-01-20 17:00:00,7.39,0.0,62.0
NORTH,2025-01-20 17:30:00,6.55,2.07,55.8
NORTH,2025-01-20 18:00:00,5.82,3.85,71.9
NORTH,2025-01-20 18:30:00,6.92,2.8,32.9
NORTH,2025-01-20 19:00:00,6.63,2.69,50.5
NORTH,2025-01-20 19:30:00,6.7,3.13,65.5
NORTH,2025-01-20 20:00:00,9.52,5.37,84.2
NORTH,2025-01-20 20:30:00,7.11,4.15,69.5
NORTH,2025-01-20 21:00:00,7.0,5.73,61.1
NORTH,2025-01-20 21:30:00,4.86,1.06,68.3
NORTH,2025-01-20 22:00:00,4.88,5.37,84.1
NORTH,2025-01-20 22:30:00,5.97,6.42,64.7
NORTH,2025-01-20 23:00:00,5.95,4.15,45.0
NORTH,2025-01-20 23:30:00,4.76,0.71,46.8
NORTH,2025-01-21 00:00:00,8.14,1.01,38.8
NORTH,2025-01-21 00:30:00,4.6,2.48,64.8
NORTH,2025-01-21 01:00:00,4.56,3.6,44.7
NORTH,2025-01-21 01:30:00,4.52,3.88,57.6
NORTH,2025-01-21 02:00:00,6.95,3.94,56.2
NORTH,2025-01-21 02:30:00,1.57,4.48,24.4
NORTH,2025-01-21 03:00:00,4.71,4.28,74.4
NORTH,2025-01-21 03:30:00,3.29,4.05,72.2
NORTH,2025-01-21 04:00:00,2.45,5.22,70.2
NORTH,2025-01-21 04:30:00,3.41,7.16,69.3
NORTH,2025-01-21 05:00:00,1.15,5.98,48.2
NORTH,2025-01-21 05:30:00,4.11,4.59,12.4
NORTH,2025-01-21 06:00:00,3.56,3.56,51.7
NORTH,2025-01-21 06:30:00,2.33,5.58,43.4
NORTH,2025-01-21 07:00:00,3.97,0.96,65.3
NORTH,2025-01-21 07:30:00,3.56,5.5,63.3
NORTH,2025-01-21 08:00:00,2.32,2.9,38.0
NORTH,2025-01-21 08:30:00,1.75,2.08,39.7
NORTH,2025-01-21 09:00:00,4.8,0.56,80.3
NORTH,2025-01-21 09:30:00,1.15,1.96,41.3
NORTH,2025-01-21 10:00:00,1.5,5.85,70.6
NORTH,2025-01-21 10:30:00,2.56,9.41,59.7
NORTH,2025-01-21 11:00:00,3.23,2.63,45.5
NORTH,2025-01-21 11:30:00,2.51,5.7,70.3
NORTH,2025-01-21 12:00:00,5.12,2.57,70.6
NORTH,2025-01-21 12:30:00,3.94,4.87,44.5
NORTH,2025-01-21 13:00:00,2.8,5.08,75.7
NORTH,2025-01-21 13:30:00,3.31,5.22,81.6
NORTH,2025-01-21 14:00:00,4.13,1.12,36.4
NORTH,2025-01-21 14:30:00,3.76,3.11,59.3
NORTH,2025-01-21 15:00:00,5.07,3.46,72.2
NORTH,2025-01-21 15:30:00,4.17,6.53,76.9
NORTH,2025-01-21 16:00:00,6.61,2.68,57.9
NORTH,2025-01-21 16:30:00,6.44,3.6,47.4
NORTH,2025-01-21 17:00:00,5.1,2.62,39.1
NORTH,2025-01-21 17:30:00,9.43,0.1,42.3
NORTH,2025-01-21 18:00:00,7.02,2.64,53.7
NORTH,2025-01-21 18:30:00,6.78,6.06,55.1
NORTH,2025-01-21 19:00:00,7.61,0.61,49.1
NORTH,2025-01-21 19:30:00,7.09,7.95,42.6
NORTH,2025-01-21 20:00:00,5.2,4.68,61.0
NORTH,2025-01-21 20:30:00,5.71,1.57,50.7
NORTH,2025-01-21 21:00:00,7.13,3.33,81.1
NORTH,2025-01-21 21:30:00,6.34,5.2,65.0
NORTH,2025-01-21 22:00:00,5.82,5.67,38.1
NORTH,2025-01-21 22:30:00,5.64,3.17,66.9
NORTH,2025-01-21 23:00:00,6.74,2.37,42.8
NORTH,2025-01-21 23:30:00,6.08,0.92,78.1
NORTH,2025-01-22 00:00:00,5.37,1.66,38.6
NORTH,2025-01-22 00:30:00,6.01,4.57,46.2
NORTH,2025-01-22 01:00:00,5.02,1.74,55.3
NORTH,2025-01-22 01:30:00,6.93,8.26,56.2
NORTH,2025-01-22 02:00:00,5.16,4.78,29.0
NORTH,2025-01-22 02:30:00,3.26,0.0,68.1
NORTH,2025-01-22 03:00:00,6.45,6.13,60.8
NORTH,2025-01-22 03:30:00,4.0,3.3,79.1
NORTH,2025-01-22 04:00:00,3.9,4.12,40.1
NORTH,2025-01-22 04:30:00,4.36,3.7,67.1
NORTH,2025-01-22 05:00:00,4.42,0.73,54.7
NORTH,2025-01-22 05:30:00,2.69,2.94,39.9
NORTH,2025-01-22 06:00:00,2.03,1.8,74.8
NORTH,2025-01-22 06:30:00,3.36,4.62,25.3
NORTH,2025-01-22 07:00:00,5.04,3.18,91.4
NORTH,2025-01-22 07:30:00,3.6,3.54,96.8
NORTH,2025-01-22 08:00:00,3.32,3.54,53.0
NORTH,2025-01-22 08:30:00,3.88,2.93,53.2
NORTH,2025-01-22 09:00:00,1.99,2.49,47.5
NORTH,2025-01-22 09:30:00,4.83,6.02,64.2
NORTH,2025-01-22 10:00:00,2.25,2.9,53.4
NORTH,2025-01-22 10:30:00,5.05,4.58,73.5
NORTH,2025-01-22 11:00:00,3.46,2.23,61.8
NORTH,2025-01-22 11:30:00,1.93,6.39,46.5
NORTH,2025-01-22 12:00:00,2.95,5.63,47.4
NORTH,2025-01-22 12:30:00,3.37,0.0,54.2
NORTH,2025-01-22 13:00:00,4.83,2.75,70.1
NORTH,2025-01-22 13:30:00,4.1,6.18,46.8
NORTH,2025-01-22 14:00:00,4.35,1.06,58.3
NORTH,2025-01-22 14:30:00,4.13,5.92,48.8
NORTH,2025-01-22 15:00:00,4.65,2.65,60.5
NORTH,2025-01-22 15:30:00,7.54,0.0,59.1
NORTH,2025-01-22 16:00:00,7.05,2.97,69.5
NORTH,2025-01-22 16:30:00,7.05,3.45,48.3
NORTH,2025-01-22 17:00:00,7.17,4.99,58.9
NORTH,2025-01-22 17:30:00,6.79,5.92,59.0
NORTH,2025-01-22 18:00:00,6.74,5.04,51.7
NORTH,2025-01-22 18:30:00,7.8,1.94,57.6
NORTH,2025-01-22 19:00:00,7.49,1.89,75.7
NORTH,2025-01-22 19:30:00,6.8,6.65,71.0
NORTH,2025-01-22 20:00:00,6.44,4.46,64.8
NORTH,2025-01-22 20:30:00,9.07,4.17,57.5
NORTH,2025-01-22 21:00:00,6.33,4.38,39.6
NORTH,2025-01-22 21:30:00,6.11,1.98,44.1
NORTH,2025-01-22 22:00:00,7.33,4.05,46.6
NORTH,2025-01-22 22:30:00,6.19,3.51,60.9
NORTH,2025-01-22 23:00:00,4.24,1.82,34.1
NORTH,2025-01-22 23:30:00,4.97,2.55,41.4
NORTH,2025-01-23 00:00:00,6.62,7.68,74.9
NORTH,2025-01-23 00:30:00,5.03,4.42,58.8
NORTH,2025-01-23 01:00:00,4.49,6.65,96.1
NORTH,2025-01-23 01:30:00,3.46,6.88,49.4
NORTH,2025-01-23 02:00:00,4.39,4.57,87.9
NORTH,2025-01-23 02:30:00,5.04,4.82,75.4
NORTH,2025-01-23 03:00:00,5.4,5.02,78.3
NORTH,2025-01-23 03:30:00,3.47,0.53,92.8
NORTH,2025-01-23 04:00:00,2.46,2.93,54.0
NORTH,2025-01-23 04:30:00,3.1,2.55,68.3
NORTH,2025-01-23 05:00:00,3.86,5.24,70.0
NORTH,2025-01-23 05:30:00,2.79,3.16,80.1
NORTH,2025-01-23 06:00:00,2.35,2.92,76.7
NORTH,2025-01-23 06:30:00,2.95,2.99,51.1
NORTH,2025-01-23 07:00:00,4.12,5.17,64.3
NORTH,2025-01-23 07:30:00,1.38,4.48,56.2
NORTH,2025-01-23 08:00:00,1.61,2.8,72.5
NORTH,2025-01-23 08:30:00,4.2,1.89,43.2
NORTH,2025-01-23 09:00:00,3.61,3.18,69.9
NORTH,2025-01-23 09:30:00,2.27,5.15,35.3
NORTH,2025-01-23 10:00:00,3.63,0.0,76.7
NORTH,2025-01-23 10:30:00,2.93,4.88,64.3
NORTH,2025-01-23 11:00:00,1.25,6.73,66.0
NORTH,2025-01-23 11:30:00,4.2,2.4,64.3
NORTH,2025-01-23 12:00:00,2.13,4.3,43.1
NORTH,2025-01-23 12:30:00,9.72,5.21,84.0
NORTH,2025-01-23 13:00:00,3.89,4.8,76.3
NORTH,2025-01-23 13:30:00,2.9,2.65,77.5
NORTH,2025-01-23 14:00:00,4.44,2.5,48.6
NORTH,2025-01-23 14:30:00,3.24,0.08,29.5
NORTH,2025-01-23 15:00:00,5.28,5.34,105.3
NORTH,2025-01-23 15:30:00,5.17,1.44,59.5
NORTH,2025-01-23 16:00:00,6.55,6.06,76.8
NORTH,2025-01-23 16:30:00,6.39,4.19,73.3
NORTH,2025-01-23 17:00:00,4.7,0.0,97.7
NORTH,2025-01-23 17:30:00,6.06,5.07,9.6
NORTH,2025-01-23 18:00:00,8.29,6.31,31.8
NORTH,2025-01-23 18:30:00,6.06,4.53,37.3
NORTH,2025-01-23 19:00:00,7.22,6.09,65.8
NORTH,2025-01-23 19:30:00,4.76,1.93,57.8
NORTH,2025-01-23 20:00:00,6.41,3.54,55.2
NORTH,2025-01-23 20:30:00,4.54,5.61,71.3
NORTH,2025-01-23 21:00:00,7.27,4.86,54.9
NORTH,2025-01-23 21:30:00,5.91,1.96,87.8
NORTH,2025-01-23 22:00:00,6.41,0.68,59.5
NORTH,2025-01-23 22:30:00,3.94,4.5,62.6
NORTH,2025-01-23 23:00:00,5.47,2.12,70.1
NORTH,2025-01-23 23:30:00,6.02,0.12,81.7
NORTH,2025-01-24 00:00:00,4.65,1.36,84.5
NORTH,2025-01-24 00:30:00,7.05,3.16,37.5
NORTH,2025-01-24 01:00:00,4.2,3.13,81.9
NORTH,2025-01-24 01:30:00,6.85,4.33,71.7
NORTH,2025-01-24 02:00:00,4.52,2.25,33.0
NORTH,2025-01-24 02:30:00,5.16,5.8,50.8
NORTH,2025-01-24 03:00:00,5.68,3.23,61.5
NORTH,2025-01-24 03:30:00,3.99,6.47,68.9
NORTH,2025-01-24 04:00:00,3.71,4.15,38.6
NORTH,2025-01-24 04:30:00,1.1,2.94,56.5
NORTH,2025-01-24 05:00:00,4.0,3.67,51.6
NORTH,2025-01-24 05:30:00,-0.18,5.05,63.8
NORTH,2025-01-24 06:00:00,4.02,4.05,80.6
NORTH,2025-01-24 06:30:00,2.38,3.92,64.3
NORTH,2025-01-24 07:00:00,3.64,4.83,68.6
NORTH,2025-01-24 07:30:00,3.17,3.61,76.2
NORTH,2025-01-24 08:00:00,0.77,2.74,88.7
NORTH,2025-01-24 08:30:00,1.97,3.84,85.0
NORTH,2025-01-24 09:00:00,2.69,2.33,81.6
NORTH,2025-01-24 09:30:00,2.5,3.56,24.4
NORTH,2025-01-24 10:00:00,2.89,5.37,52.2
NORTH,2025-01-24 10:30:00,1.51,3.04,48.9
NORTH,2025-01-24 11:00:00,3.06,2.96,90.0
NORTH,2025-01-24 11:30:00,3.72,0.52,61.3
NORTH,2025-01-24 12:00:00,3.73,6.39,57.2
NORTH,2025-01-24 12:30:00,3.55,7.73,40.8
NORTH,2025-01-24 13:00:00,5.21,4.13,51.0
NORTH,2025-01-24 13:30:00,3.48,6.72,68.4
NORTH,2025-01-24 14:00:00,5.5,5.78,66.2
NORTH,2025-01-24 14:30:00,3.5,0.86,87.7
NORTH,2025-01-24 15:00:00,5.54,4.16,92.5
NORTH,2025-01-24 15:30:00,4.02,0.0,27.4
NORTH,2025-01-24 16:00:00,5.14,4.23,85.0
NORTH,2025-01-24 16:30:00,6.79,0.0,110.4
NORTH,2025-01-24 17:00:00,5.7,6.46,69.8
NORTH,2025-01-24 17:30:00,6.2,3.53,40.0
NORTH,2025-01-24 18:00:00,4.96,3.67,35.0
NORTH,2025-01-24 18:30:00,8.48,4.19,97.7
NORTH,2025-01-24 19:00:00,6.18,2.82,70.6
NORTH,2025-01-24 19:30:00,6.4,5.95,85.9
NORTH,2025-01-24 20:00:00,8.09,6.73,74.7
NORTH,2025-01-24 20:30:00,6.12,6.28,72.6
NORTH,2025-01-24 21:00:00,5.97,3.02,58.3
NORTH,2025-01-24 21:30:00,8.04,4.23,59.9
NORTH,2025-01-24 22:00:00,6.32,3.29,39.0
NORTH,2025-01-24 22:30:00,7.46,1.97,61.2
NORTH,2025-01-24 23:00:00,5.7,5.53,53.8
NORTH,2025-01-24 23:30:00,4.98,5.98,45.1
NORTH,2025-01-25 00:00:00,6.03,6.55,46.9
NORTH,2025-01-25 00:30:00,5.72,3.14,62.4
NORTH,2025-01-25 01:00:00,5.28,5.84,48.8
NORTH,2025-01-25 01:30:00,6.89,7.21,64.6
NORTH,2025-01-25 02:00:00,3.9,3.92,57.8
NORTH,2025-01-25 02:30:00,6.97,3.79,84.9
NORTH,2025-01-25 03:00:00,4.46,4.09,53.6
NORTH,2025-01-25 03:30:00,4.01,5.78,46.8
NORTH,2025-01-25 04:00:00,5.0,6.88,49.3
NORTH,2025-01-25 04:30:00,5.29,6.1,75.6
NORTH,2025-01-25 05:00:00,2.67,3.76,57.8
NORTH,2025-01-25 05:30:00,5.94,3.98,56.7
NORTH,2025-01-25 06:00:00,1.73,2.06,47.7
NORTH,2025-01-25 06:30:00,3.55,1.15,48.0
NORTH,2025-01-25 07:00:00,0.68,6.8,61.9
NORTH,2025-01-25 07:30:00,3.28,1.82,80.9
NORTH,2025-01-25 08:00:00,4.65,4.13,51.4
NORTH,2025-01-25 08:30:00,3.51,5.47,75.7
NORTH,2025-01-25 09:00:00,3.71,5.93,47.5
NORTH,2025-01-25 09:30:00,4.01,3.09,14.8
NORTH,2025-01-25 10:00:00,2.56,2.89,64.3
NORTH,2025-01-25 10:30:00,4.12,4.39,96.2
NORTH,2025-01-25 11:00:00,2.8,0.02,65.0
NORTH,2025-01-25 11:30:00,2.78,1.83,54.6
NORTH,2025-01-25 12:00:00,2.9,2.63,87.4
NORTH,2025-01-25 12:30:00,3.99,3.47,88.8
NORTH,2025-01-25 13:00:00,3.97,1.54,36.1
NORTH,2025-01-25 13:30:00,4.23,0.72,38.9
NORTH,2025-01-25 14:00:00,4.39,6.26,83.3
NORTH,2025-01-25 14:30:00,5.64,3.99,49.7
NORTH,2025-01-25 15:00:00,5.83,7.56,62.5
NORTH,2025-01-25 15:30:00,4.81,3.68,55.2
NORTH,2025-01-25 16:00:00,6.5,2.47,67.3
NORTH,2025-01-25 16:30:00,6.53,4.69,40.4
NORTH,2025-01-25 17:00:00,6.08,2.95,58.7
NORTH,2025-01-25 17:30:00,5.46,6.49,63.4
NORTH,2025-01-25 18:00:00,4.63,1.34,81.7
NORTH,2025-01-25 18:30:00,6.36,3.22,80.3
NORTH,2025-01-25 19:00:00,6.59,1.61,39.7
NORTH,2025-01-25 19:30:00,7.53,8.06,75.1
NORTH,2025-01-25 20:00:00,6.39,3.55,60.9
NORTH,2025-01-25 20:30:00,4.42,4.05,70.5
NORTH,2025-01-25 21:00:00,8.9,6.18,94.7
NORTH,2025-01-25 21:30:00,8.79,6.79,60.5
NORTH,2025-01-25 22:00:00,6.99,0.66,62.3
NORTH,2025-01-25 22:30:00,7.26,3.43,32.3
NORTH,2025-01-25 23:00:00,8.16,4.81,91.0
NORTH,2025-01-25 23:30:00,7.15,6.74,80.9
NORTH,2025-01-26 00:00:00,5.1,2.98,52.3
NORTH,2025-01-26 00:30:00,4.75,7.53,60.8
NORTH,2025-01-26 01:00:00,5.98,1.34,74.7
NORTH,2025-01-26 01:30:00,4.94,6.52,47.7
NORTH,2025-01-26 02:00:00,6.51,5.88,51.6
NORTH,2025-01-26 02:30:00,6.61,6.3,68.8
NORTH,2025-01-26 03:00:00,3.2,5.6,61.2
NORTH,2025-01-26 03:30:00,4.45,4.15,59.5
NORTH,2025-01-26 04:00:00,2.87,0.97,29.0
NORTH,2025-01-26 04:30:00,4.27,0.0,73.1
NORTH,2025-01-26 05:00:00,4.11,3.39,78.5
NORTH,2025-01-26 05:30:00,3.19,4.84,24.8
NORTH,2025-01-26 06:00:00,0.49,3.53,67.6
NORTH,2025-01-26 06:30:00,4.32,3.65,64.4
NORTH,2025-01-26 07:00:00,3.92,3.74,70.6
NORTH,2025-01-26 07:30:00,1.63,0.69,50.4
NORTH,2025-01-26 08:00:00,3.84,2.58,71.7
NORTH,2025-01-26 08:30:00,1.68,2.83,64.4
NORTH,2025-01-26 09:00:00,2.18,3.0,13.0
NORTH,2025-01-26 09:30:00,3.99,3.76,43.0
NORTH,2025-01-26 10:00:00,5.38,2.42,50.7
NORTH,2025-01-26 10:30:00,2.03,6.21,85.8
NORTH,2025-01-26 11:00:00,5.1,6.65,49.2
NORTH,2025-01-26 11:30:00,5.51,3.61,32.2
NORTH,2025-01-26 12:00:00,3.4,4.65,48.4
NORTH,2025-01-26 12:30:00,4.09,5.07,67.4
NORTH,2025-01-26 13:00:00,5.18,3.64,46.9
NORTH,2025-01-26 13:30:00,2.63,3.82,50.3
NORTH,2025-01-26 14:00:00,4.77,0.0,32.7
NORTH,2025-01-26 14:30:00,5.52,0.73,56.6
NORTH,2025-01-26 15:00:00,4.43,2.21,61.5
NORTH,2025-01-26 15:30:00,5.46,5.09,40.2
NORTH,2025-01-26 16:00:00,4.85,6.25,56.0
NORTH,2025-01-26 16:30:00,6.35,3.01,68.2
NORTH,2025-01-26 17:00:00,3.34,6.3,51.8
NORTH,2025-01-26 17:30:00,4.83,1.88,55.3
NORTH,2025-01-26 18:00:00,6.51,4.28,38.5
NORTH,2025-01-26 18:30:00,7.69,2.95,49.7
NORTH,2025-01-26 19:00:00,6.57,5.33,59.4
NORTH,2025-01-26 19:30:00,6.19,3.35,81.9
NORTH,2025-01-26 20:00:00,8.18,4.73,62.7
NORTH,2025-01-26 20:30:00,9.69,4.93,63.3
NORTH,2025-01-26 21:00:00,6.6,4.71,5.2
NORTH,2025-01-26 21:30:00,8.08,1.46,47.1
NORTH,2025-01-26 22:00:00,4.96,2.53,53.9
NORTH,2025-01-26 22:30:00,7.71,6.58,94.9
NORTH,2025-01-26 23:00:00,6.45,3.56,74.0
NORTH,2025-01-26 23:30:00,5.3,2.07,53.4
NORTH,2025-01-27 00:00:00,5.94,0.0,79.2
NORTH,2025-01-27 00:30:00,6.27,5.6,31.7
NORTH,2025-01-27 01:00:00,4.7,2.57,56.4
NORTH,2025-01-27 01:30:00,5.46,5.74,61.8
NORTH,2025-01-27 02:00:00,4.09,8.38,55.2
NORTH,2025-01-27 02:30:00,3.89,0.23,61.6
NORTH,2025-01-27 03:00:00,5.29,1.72,71.2
NORTH,2025-01-27 03:30:00,4.56,0.45,71.3
NORTH,2025-01-27 04:00:00,3.66,1.75,77.2
NORTH,2025-01-27 04:30:00,5.11,1.7,65.3
NORTH,2025-01-27 05:00:00,3.81,3.86,50.7
NORTH,2025-01-27 05:30:00,3.39,5.88,67.4
NORTH,2025-01-27 06:00:00,0.94,0.0,26.6
NORTH,2025-01-27 06:30:00,1.62,2.49,51.9
NORTH,2025-01-27 07:00:00,2.97,3.93,59.1
NORTH,2025-01-27 07:30:00,4.42,0.65,66.0
NORTH,2025-01-27 08:00:00,3.38,1.47,69.6
NORTH,2025-01-27 08:30:00,3.43,3.91,16.5
NORTH,2025-01-27 09:00:00,4.21,4.45,67.3
NORTH,2025-01-27 09:30:00,-1.02,2.94,34.2
NORTH,2025-01-27 10:00:00,4.8,1.79,86.6
NORTH,2025-01-27 10:30:00,4.39,4.44,80.4
NORTH,2025-01-27 11:00:00,2.43,2.47,76.6
NORTH,2025-01-27 11:30:00,2.44,1.35,54.2
NORTH,2025-01-27 12:00:00,2.92,7.73,74.0
NORTH,2025-01-27 12:30:00,3.29,2.0,66.1
NORTH,2025-01-27 13:00:00,5.89,4.58,42.9
NORTH,2025-01-27 13:30:00,2.74,3.24,65.7
NORTH,2025-01-27 14:00:00,4.42,6.02,69.5
NORTH,2025-01-27 14:30:00,5.27,5.01,35.0
NORTH,2025-01-27 15:00:00,4.9,1.92,66.9
NORTH,2025-01-27 15:30:00,4.27,4.16,57.0
NORTH,2025-01-27 16:00:00,6.7,1.61,68.1
NORTH,2025-01-27 16:30:00,4.7,2.07,57.4
NORTH,2025-01-27 17:00:00,7.83,2.32,28.0
NORTH,2025-01-27 17:30:00,5.26,3.23,93.6
NORTH,2025-01-27 18:00:00,7.18,2.49,57.5
NORTH,2025-01-27 18:30:00,8.6,3.52,55.9
NORTH,2025-01-27 19:00:00,6.43,5.39,50.5
NORTH,2025-01-27 19:30:00,7.96,6.13,71.0
NORTH,2025-01-27 20:00:00,6.71,1.2,56.0
NORTH,2025-01-27 20:30:00,6.18,2.44,55.7
NORTH,2025-01-27 21:00:00,7.49,2.75,35.3
NORTH,2025-01-27 21:30:00,5.76,7.38,69.9
NORTH,2025-01-27 22:00:00,5.56,6.58,55.7
NORTH,2025-01-27 22:30:00,9.45,4.52,70.2
NORTH,2025-01-27 23:00:00,7.4,6.97,52.1
NORTH,2025-01-27 23:30:00,8.07,2.75,53.5
NORTH,2025-01-28 00:00:00,6.06,5.84,54.1
NORTH,2025-01-28 00:30:00,8.03,6.65,60.7
NORTH,2025-01-28 01:00:00,4.41,6.0,22.3
NORTH,2025-01-28 01:30:00,6.46,2.35,82.6
NORTH,2025-01-28 02:00:00,3.39,2.68,67.9
NORTH,2025-01-28 02:30:00,5.77,2.75,54.0
NORTH,2025-01-28 03:00:00,5.67,6.01,53.7
NORTH,2025-01-28 03:30:00,3.8,1.26,64.6
NORTH,2025-01-28 04:00:00,5.02,4.3,43.4
NORTH,2025-01-28 04:30:00,6.19,0.0,75.8
NORTH,2025-01-28 05:00:00,3.89,4.94,45.8
NORTH,2025-01-28 05:30:00,3.45,4.59,58.5
NORTH,2025-01-28 06:00:00,1.16,7.43,71.7
NORTH,2025-01-28 06:30:00,3.36,4.2,90.3
NORTH,2025-01-28 07:00:00,2.23,2.06,75.3
NORTH,2025-01-28 07:30:00,3.67,1.98,79.6
NORTH,2025-01-28 08:00:00,3.4,2.2,68.8
NORTH,2025-01-28 08:30:00,3.46,3.82,66.9
NORTH,2025-01-28 09:00:00,3.87,5.83,61.9
NORTH,2025-01-28 09:30:00,2.79,4.48,81.4
NORTH,2025-01-28 10:00:00,4.07,3.35,61.0
NORTH,2025-01-28 10:30:00,5.32,5.5,62.7
NORTH,2025-01-28 11:00:00,5.0,2.91,65.9
NORTH,2025-01-28 11:30:00,5.89,5.31,89.2
NORTH,2025-01-28 12:00:00,3.95,3.05,80.9
NORTH,2025-01-28 12:30:00,1.86,4.36,78.6
NORTH,2025-01-28 13:00:00,5.21,0.0,35.8
NORTH,2025-01-28 13:30:00,4.39,4.95,69.3
NORTH,2025-01-28 14:00:00,5.04,5.46,67.9
NORTH,2025-01-28 14:30:00,4.89,5.08,48.3
NORTH,2025-01-28 15:00:00,6.33,2.31,68.8
NORTH,2025-01-28 15:30:00,6.12,3.4,71.4
NORTH,2025-01-28 16:00:00,7.9,1.96,77.2
NORTH,2025-01-28 16:30:00,7.35,3.59,74.4
NORTH,2025-01-28 17:00:00,6.16,6.51,10.7
NORTH,2025-01-28 17:30:00,8.2,1.78,61.6
NORTH,2025-01-28 18:00:00,5.8,6.99,55.9
NORTH,2025-01-28 18:30:00,6.13,6.24,73.2
NORTH,2025-01-28 19:00:00,6.58,2.02,39.7
NORTH,2025-01-28 19:30:00,8.51,4.84,63.1
NORTH,2025-01-28 20:00:00,7.64,0.1,54.2
NORTH,2025-01-28 20:30:00,6.69,5.96,33.6
NORTH,2025-01-28 21:00:00,8.25,7.59,29.1
NORTH,2025-01-28 21:30:00,7.0,5.0,75.7
NORTH,2025-01-28 22:00:00,4.18,4.68,56.1
NORTH,2025-01-28 22:30:00,6.44,8.14,56.1
NORTH,2025-01-28 23:00:00,7.0,3.76,64.3
NORTH,2025-01-28 23:30:00,7.13,5.79,46.0
NORTH,2025-01-29 00:00:00,6.3,4.38,30.3
NORTH,2025-01-29 00:30:00,4.97,5.78,51.7
NORTH,2025-01-29 01:00:00,8.77,5.93,68.1
NORTH,2025-01-29 01:30:00,7.45,5.55,63.3
NORTH,2025-01-29 02:00:00,3.42,5.33,85.1
NORTH,2025-01-29 02:30:00,4.41,0.35,40.8
NORTH,2025-01-29 03:00:00,6.71,4.16,86.3
NORTH,2025-01-29 03:30:00,4.62,3.01,98.4
NORTH,2025-01-29 04:00:00,3.67,3.5,68.3
NORTH,2025-01-29 04:30:00,3.77,5.56,68.0
NORTH,2025-01-29 05:00:00,4.29,2.77,30.1
NORTH,2025-01-29 05:30:00,2.7,2.51,65.3
NORTH,2025-01-29 06:00:00,2.41,1.07,39.4
NORTH,2025-01-29 06:30:00,3.85,5.37,50.9
NORTH,2025-01-29 07:00:00,2.71,5.23,63.0
NORTH,2025-01-29 07:30:00,4.61,3.68,45.0
NORTH,2025-01-29 08:00:00,4.42,3.38,45.8
NORTH,2025-01-29 08:30:00,4.19,6.9,63.3
NORTH,2025-01-29 09:00:00,1.98,7.07,66.8
NORTH,2025-01-29 09:30:00,3.45,3.19,80.3
NORTH,2025-01-29 10:00:00,2.06,1.59,94.1
NORTH,2025-01-29 10:30:00,2.35,5.92,84.8
NORTH,2025-01-29 11:00:00,3.96,2.24,71.3
NORTH,2025-01-29 11:30:00,5.37,4.68,46.6
NORTH,2025-01-29 12:00:00,4.48,1.23,42.5
NORTH,2025-01-29 12:30:00,3.81,4.12,38.4
NORTH,2025-01-29 13:00:00,4.9,5.04,56.1
NORTH,2025-01-29 13:30:00,2.01,4.21,92.7
NORTH,2025-01-29 14:00:00,5.67,4.03,53.3
NORTH,2025-01-29 14:30:00,5.81,4.42,72.7
NORTH,2025-01-29 15:00:00,4.32,4.24,51.7
NORTH,2025-01-29 15:30:00,6.08,0.11,52.9
NORTH,2025-01-29 16:00:00,6.77,5.41,59.5
NORTH,2025-01-29 16:30:00,3.52,5.28,88.5
NORTH,2025-01-29 17:00:00,5.52,3.15,74.5
NORTH,2025-01-29 17:30:00,7.53,6.19,78.3
NORTH,2025-01-29 18:00:00,5.01,3.04,71.3
NORTH,2025-01-29 18:30:00,6.75,4.73,57.7
NORTH,2025-01-29 19:00:00,6.53,3.52,39.8
NORTH,2025-01-29 19:30:00,6.18,3.87,59.1
NORTH,2025-01-29 20:00:00,7.8,3.43,90.2
NORTH,2025-01-29 20:30:00,8.59,3.0,63.6
NORTH,2025-01-29 21:00:00,8.5,2.72,46.5
NORTH,2025-01-29 21:30:00,8.61,5.38,79.3
NORTH,2025-01-29 22:00:00,7.23,3.49,35.8
NORTH,2025-01-29 22:30:00,7.01,6.46,82.4
NORTH,2025-01-29 23:00:00,7.82,5.57,99.8
NORTH,2025-01-29 23:30:00,4.67,4.46,43.1
NORTH,2025-01-30 00:00:00,8.05,2.89,78.2
NORTH,2025-01-30 00:30:00,5.65,4.84,58.0
NORTH,2025-01-30 01:00:00,5.69,4.67,76.6
NORTH,2025-01-30 01:30:00,5.57,5.78,78.7
NORTH,2025-01-30 02:00:00,4.68,7.77,73.4
NORTH,2025-01-30 02:30:00,4.67,5.23,78.7
NORTH,2025-01-30 03:00:00,5.38,4.4,0.0
NORTH,2025-01-30 03:30:00,3.51,5.36,42.2
NORTH,2025-01-30 04:00:00,4.8,5.77,58.0
NORTH,2025-01-30 04:30:00,2.07,2.53,72.3
NORTH,2025-01-30 05:00:00,5.28,0.0,61.5
NORTH,2025-01-30 05:30:00,2.01,4.18,57.2
NORTH,2025-01-30 06:00:00,6.29,2.92,78.9
NORTH,2025-01-30 06:30:00,4.66,3.61,62.1
NORTH,2025-01-30 07:00:00,3.25,2.51,45.1
NORTH,2025-01-30 07:30:00,2.76,1.72,51.0
NORTH,2025-01-30 08:00:00,2.95,4.32,68.0
NORTH,2025-01-30 08:30:00,2.95,2.46,67.7
NORTH,2025-01-30 09:00:00,4.2,3.03,42.3
NORTH,2025-01-30 09:30:00,2.72,3.64,80.6
NORTH,2025-01-30 10:00:00,4.29,3.99,94.2
NORTH,2025-01-30 10:30:00,3.41,6.83,82.0
NORTH,2025-01-30 11:00:00,5.15,4.64,62.1
NORTH,2025-01-30 11:30:00,3.78,5.7,45.8
NORTH,2025-01-30 12:00:00,3.87,7.33,71.2
NORTH,2025-01-30 12:30:00,5.33,1.56,52.2
NORTH,2025-01-30 13:00:00,5.07,3.92,37.9
NORTH,2025-01-30 13:30:00,5.58,6.15,54.9
NORTH,2025-01-30 14:00:00,6.14,8.06,87.5
NORTH,2025-01-30 14:30:00,4.9,1.79,64.1
NORTH,2025-01-30 15:00:00,8.52,6.68,59.9
NORTH,2025-01-30 15:30:00,7.58,6.34,25.8
NORTH,2025-01-30 16:00:00,7.46,4.24,44.4
NORTH,2025-01-30 16:30:00,6.29,4.83,45.7
NORTH,2025-01-30 17:00:00,6.46,3.34,74.3
NORTH,2025-01-30 17:30:00,6.24,0.6,51.9
NORTH,2025-01-30 18:00:00,5.78,1.41,81.2
NORTH,2025-01-30 18:30:00,7.88,2.07,37.2
NORTH,2025-01-30 19:00:00,6.99,1.35,55.6
NORTH,2025-01-30 19:30:00,7.2,4.61,66.1
NORTH,2025-01-30 20:00:00,6.25,4.14,83.0
NORTH,2025-01-30 20:30:00,4.67,4.65,38.8
NORTH,2025-01-30 21:00:00,8.8,5.63,74.1
NORTH,2025-01-30 21:30:00,6.09,4.53,66.8
NORTH,2025-01-30 22:00:00,4.07,4.29,71.0
NORTH,2025-01-30 22:30:00,5.22,5.2,61.8
NORTH,2025-01-30 23:00:00,8.26,3.17,63.2
NORTH,2025-01-30 23:30:00,7.01,0.0,53.6
NORTH,2025-01-31 00:00:00,6.36,0.0,72.1
NORTH,2025-01-31 00:30:00,6.36,4.16,73.0
NORTH,2025-01-31 01:00:00,5.28,4.09,75.6
NORTH,2025-01-31 01:30:00,5.84,0.31,60.9
NORTH,2025-01-31 02:00:00,5.33,5.8,53.8
NORTH,2025-01-31 02:30:00,4.08,2.05,86.0
NORTH,2025-01-31 03:00:00,5.08,6.78,87.7
NORTH,2025-01-31 03:30:00,3.84,2.36,57.7
NORTH,2025-01-31 04:00:00,4.99,1.2,68.2
NORTH,2025-01-31 04:30:00,4.74,1.75,40.4
NORTH,2025-01-31 05:00:00,4.37,8.15,54.7
NORTH,2025-01-31 05:30:00,4.23,2.79,64.3
NORTH,2025-01-31 06:00:00,2.77,3.48,104.1
NORTH,2025-01-31 06:30:00,3.65,0.87,71.6
NORTH,2025-01-31 07:00:00,4.68,5.35,56.8
NORTH,2025-01-31 07:30:00,2.22,2.21,56.6
NORTH,2025-01-31 08:00:00,2.81,2.88,81.9
NORTH,2025-01-31 08:30:00,4.36,6.53,45.8
NORTH,2025-01-31 09:00:00,2.22,4.15,67.5
NORTH,2025-01-31 09:30:00,3.41,4.69,88.5
NORTH,2025-01-31 10:00:00,3.26,5.61,69.3
NORTH,2025-01-31 10:30:00,3.64,5.52,46.2
NORTH,2025-01-31 11:00:00,2.68,4.87,30.5
NORTH,2025-01-31 11:30:00,4.45,1.74,87.3
NORTH,2025-01-31 12:00:00,3.78,6.91,56.2
NORTH,2025-01-31 12:30:00,3.95,5.73,65.3
NORTH,2025-01-31 13:00:00,4.66,3.19,52.9
NORTH,2025-01-31 13:30:00,7.56,0.65,38.4
NORTH,2025-01-31 14:00:00,6.67,6.2,43.4
NORTH,2025-01-31 14:30:00,3.15,6.54,41.2
NORTH,2025-01-31 15:00:00,5.18,4.19,40.7
NORTH,2025-01-31 15:30:00,6.88,4.04,44.1
NORTH,2025-01-31 16:00:00,5.3,6.59,55.0
NORTH,2025-01-31 16:30:00,6.99,3.98,28.4
NORTH,2025-01-31 17:00:00,7.56,6.15,93.2
NORTH,2025-01-31 17:30:00,4.39,0.0,71.5
NORTH,2025-01-31 18:00:00,6.27,1.14,61.9
NORTH,2025-01-31 18:30:00,6.45,1.45,58.5
NORTH,2025-01-31 19:00:00,7.86,4.35,63.3
NORTH,2025-01-31 19:30:00,7.72,0.62,59.1
NORTH,2025-01-31 20:00:00,7.54,3.24,45.1
NORTH,2025-01-31 20:30:00,6.36,3.41,76.5
NORTH,2025-01-31 21:00:00,9.02,6.65,31.9
NORTH,2025-01-31 21:30:00,6.06,5.31,83.4
NORTH,2025-01-31 22:00:00,5.82,4.37,39.6
NORTH,2025-01-31 22:30:00,7.32,2.71,63.3
NORTH,2025-01-31 23:00:00,5.21,0.73,115.8
NORTH,2025-01-31 23:30:00,6.75,8.27,87.2
NORTH,2025-02-01 00:00:00,4.36,4.72,36.7
NORTH,2025-02-01 00:30:00,5.96,0.23,31.7
NORTH,2025-02-01 01:00:00,4.81,2.91,60.7
NORTH,2025-02-01 01:30:00,4.59,4.3,80.4
NORTH,2025-02-01 02:00:00,5.65,3.87,66.1
NORTH,2025-02-01 02:30:00,3.6,5.9,38.4
NORTH,2025-02-01 03:00:00,6.67,5.54,70.0
NORTH,2025-02-01 03:30:00,5.52,4.0,45.8
NORTH,2025-02-01 04:00:00,3.19,7.5,61.9
NORTH,2025-02-01 04:30:00,2.98,5.03,66.2
NORTH,2025-02-01 05:00:00,3.51,2.2,73.2
NORTH,2025-02-01 05:30:00,5.04,4.64,61.3
NORTH,2025-02-01 06:00:00,2.65,4.96,48.6
NORTH,2025-02-01 06:30:00,2.06,6.25,41.5
NORTH,2025-02-01 07:00:00,1.11,6.62,28.6
NORTH,2025-02-01 07:30:00,2.92,1.81,47.0
NORTH,2025-02-01 08:00:00,5.99,3.8,66.5
NORTH,2025-02-01 08:30:00,4.27,2.71,79.4
NORTH,2025-02-01 09:00:00,3.84,5.51,47.0
NORTH,2025-02-01 09:30:00,3.92,3.98,80.3
NORTH,2025-02-01 10:00:00,2.94,8.06,66.1
NORTH,2025-02-01 10:30:00,3.44,3.52,59.9
NORTH,2025-02-01 11:00:00,3.15,5.33,59.8
NORTH,2025-02-01 11:30:00,6.24,3.13,57.8
NORTH,2025-02-01 12:00:00,3.8,7.74,34.0
NORTH,2025-02-01 12:30:00,4.43,4.63,39.7
NORTH,2025-02-01 13:00:00,7.97,2.14,60.6
NORTH,2025-02-01 13:30:00,6.82,3.25,62.6
NORTH,2025-02-01 14:00:00,4.91,3.89,79.5
NORTH,2025-02-01 14:30:00,4.81,0.0,59.4
NORTH,2025-02-01 15:00:00,5.91,4.39,56.7
NORTH,2025-02-01 15:30:00,4.8,3.51,91.8
NORTH,2025-02-01 16:00:00,6.27,5.31,41.4
NORTH,2025-02-01 16:30:00,5.97,2.0,83.3
NORTH,2025-02-01 17:00:00,4.87,4.74,66.1
NORTH,2025-02-01 17:30:00,7.07,0.0,23.6
NORTH,2025-02-01 18:00:00,7.19,2.15,48.4
NORTH,2025-02-01 18:30:00,6.54,1.89,37.9
NORTH,2025-02-01 19:00:00,7.25,0.19,50.9
NORTH,2025-02-01 19:30:00,6.45,3.95,103.0
NORTH,2025-02-01 20:00:00,6.14,4.81,64.0
NORTH,2025-02-01 20:30:00,7.99,3.57,85.9
NORTH,2025-02-01 21:00:00,8.07,5.4,34.5
NORTH,2025-02-01 21:30:00,7.37,2.98,44.5
NORTH,2025-02-01 22:00:00,6.3,3.89,68.2
NORTH,2025-02-01 22:30:00,8.23,5.87,65.3
NORTH,2025-02-01 23:00:00,6.8,3.35,55.5
NORTH,2025-02-01 23:30:00,5.8,3.14,66.4
NORTH,2025-02-02 00:00:00,8.24,3.7,45.5
NORTH,2025-02-02 00:30:00,7.55,0.0,78.8
NORTH,2025-02-02 01:00:00,4.19,5.31,51.4
NORTH,2025-02-02 01:30:00,6.29,8.17,44.9
NORTH,2025-02-02 02:00:00,4.19,4.16,87.5
NORTH,2025-02-02 02:30:00,5.6,4.09,63.0
NORTH,2025-02-02 03:00:00,3.66,4.36,52.9
NORTH,2025-02-02 03:30:00,6.46,5.6,36.2
NORTH,2025-02-02 04:00:00,4.05,5.06,42.3
NORTH,2025-02-02 04:30:00,3.09,3.08,66.2
NORTH,2025-02-02 05:00:00,5.22,4.46,104.3
NORTH,2025-02-02 05:30:00,3.16,5.48,40.0
NORTH,2025-02-02 06:00:00,5.59,6.72,72.8
NORTH,2025-02-02 06:30:00,1.57,5.4,45.3
NORTH,2025-02-02 07:00:00,4.0,1.09,64.9
NORTH,2025-02-02 07:30:00,3.03,2.44,70.7
NORTH,2025-02-02 08:00:00,3.33,3.59,73.3
NORTH,2025-02-02 08:30:00,5.67,4.55,27.5
NORTH,2025-02-02 09:00:00,1.59,4.14,78.5
NORTH,2025-02-02 09:30:00,3.62,5.02,58.9
NORTH,2025-02-02 10:00:00,4.81,5.23,41.6
NORTH,2025-02-02 10:30:00,4.19,0.91,68.1
NORTH,2025-02-02 11:00:00,3.63,4.32,65.8
NORTH,2025-02-02 11:30:00,4.31,6.83,60.6
NORTH,2025-02-02 12:00:00,4.61,6.66,94.1
NORTH,2025-02-02 12:30:00,4.37,2.98,51.7
NORTH,2025-02-02 13:00:00,5.41,3.59,28.5
NORTH,2025-02-02 13:30:00,6.22,5.63,80.6
NORTH,2025-02-02 14:00:00,7.0,4.38,64.7
NORTH,2025-02-02 14:30:00,6.6,1.57,53.7
NORTH,2025-02-02 15:00:00,5.83,5.84,50.3
NORTH,2025-02-02 15:30:00,5.05,3.14,68.5
NORTH,2025-02-02 16:00:00,6.31,1.1,37.4
NORTH,2025-02-02 16:30:00,6.55,4.34,60.5
NORTH,2025-02-02 17:00:00,6.24,5.58,66.6
NORTH,2025-02-02 17:30:00,7.2,4.74,88.8
NORTH,2025-02-02 18:00:00,5.89,3.16,53.9
NORTH,2025-02-02 18:30:00,8.63,3.25,45.7
NORTH,2025-02-02 19:00:00,7.19,4.21,81.5
NORTH,2025-02-02 19:30:00,6.86,2.63,43.6
NORTH,2025-02-02 20:00:00,6.97,9.13,66.9
NORTH,2025-02-02 20:30:00,8.11,4.0,62.5
NORTH,2025-02-02 21:00:00,8.26,5.13,66.3
NORTH,2025-02-02 21:30:00,7.34,3.3,67.6
NORTH,2025-02-02 22:00:00,7.22,8.27,78.9
NORTH,2025-02-02 22:30:00,6.31,1.66,52.8
NORTH,2025-02-02 23:00:00,5.5,3.08,42.5
NORTH,2025-02-02 23:30:00,6.41,3.37,62.6
NORTH,2025-02-03 00:00:00,6.21,2.2,81.9
NORTH,2025-02-03 00:30:00,6.94,2.91,44.0
NORTH,2025-02-03 01:00:00,4.21,0.92,78.9
NORTH,2025-02-03 01:30:00,7.1,2.83,84.6
NORTH,2025-02-03 02:00:00,6.19,4.41,75.5
NORTH,2025-02-03 02:30:00,6.2,4.31,55.7
NORTH,2025-02-03 03:00:00,4.81,0.78,45.6
NORTH,2025-02-03 03:30:00,7.1,2.35,26.7
NORTH,2025-02-03 04:00:00,5.54,4.5,65.5
NORTH,2025-02-03 04:30:00,4.27,5.82,87.5
NORTH,2025-02-03 05:00:00,3.41,5.27,80.1
NORTH,2025-02-03 05:30:00,3.35,7.02,80.1
NORTH,2025-02-03 06:00:00,2.23,7.19,38.6
NORTH,2025-02-03 06:30:00,2.9,5.37,78.7
NORTH,2025-02-03 07:00:00,3.64,2.74,55.3
NORTH,2025-02-03 07:30:00,3.07,5.68,52.7
NORTH,2025-02-03 08:00:00,2.67,1.05,49.3
NORTH,2025-02-03 08:30:00,3.31,1.74,28.6
NORTH,2025-02-03 09:00:00,4.7,2.0,36.4
NORTH,2025-02-03 09:30:00,5.41,5.7,78.5
NORTH,2025-02-03 10:00:00,4.33,6.62,75.9
NORTH,2025-02-03 10:30:00,3.31,1.87,36.9
NORTH,2025-02-03 11:00:00,3.87,1.8,45.6
NORTH,2025-02-03 11:30:00,3.86,6.8,32.8
NORTH,2025-02-03 12:00:00,4.49,1.5,50.0
NORTH,2025-02-03 12:30:00,5.57,2.3,55.3
NORTH,2025-02-03 13:00:00,5.11,5.4,50.1
NORTH,2025-02-03 13:30:00,6.45,3.11,68.7
NORTH,2025-02-03 14:00:00,5.23,5.48,96.5
NORTH,2025-02-03 14:30:00,5.12,3.97,52.2
NORTH,2025-02-03 15:00:00,5.27,2.6,59.7
NORTH,2025-02-03 15:30:00,5.04,2.51,3.0
NORTH,2025-02-03 16:00:00,8.12,7.29,71.7
NORTH,2025-02-03 16:30:00,5.41,1.47,31.8
NORTH,2025-02-03 17:00:00,7.64,6.53,63.0
NORTH,2025-02-03 17:30:00,7.9,4.89,46.1
NORTH,2025-02-03 18:00:00,8.4,5.89,42.2
NORTH,2025-02-03 18:30:00,8.16,3.7,55.3
NORTH,2025-02-03 19:00:00,7.86,4.72,76.0
NORTH,2025-02-03 19:30:00,6.37,5.13,39.1
NORTH,2025-02-03 20:00:00,7.24,3.78,77.5
NORTH,2025-02-03 20:30:00,7.47,3.48,85.7
NORTH,2025-02-03 21:00:00,6.87,3.06,26.2
NORTH,2025-02-03 21:30:00,7.17,2.12,55.5
NORTH,2025-02-03 22:00:00,7.47,1.83,45.2
NORTH,2025-02-03 22:30:00,5.27,2.98,43.0
NORTH,2025-02-03 23:00:00,9.44,7.01,84.2
NORTH,2025-02-03 23:30:00,5.32,3.65,38.3
NORTH,2025-02-04 00:00:00,8.73,5.66,41.1
NORTH,2025-02-04 00:30:00,6.96,1.03,57.5
NORTH,2025-02-04 01:00:00,5.83,5.48,77.8
NORTH,2025-02-04 01:30:00,6.06,3.55,1.8
NORTH,2025-02-04 02:00:00,7.4,2.68,61.8
NORTH,2025-02-04 02:30:00,8.23,1.61,60.4
NORTH,2025-02-04 03:00:00,5.6,6.18,60.0
NORTH,2025-02-04 03:30:00,6.41,3.17,69.8
NORTH,2025-02-04 04:00:00,5.02,3.82,65.8
NORTH,2025-02-04 04:30:00,3.47,3.4,36.8
NORTH,2025-02-04 05:00:00,3.58,6.28,67.6
NORTH,2025-02-04 05:30:00,4.48,0.8,65.8
NORTH,2025-02-04 06:00:00,3.71,5.07,84.9
NORTH,2025-02-04 06:30:00,3.3,3.37,76.5
NORTH,2025-02-04 07:00:00,2.87,4.17,24.1
NORTH,2025-02-04 07:30:00,3.22,6.61,66.0
NORTH,2025-02-04 08:00:00,4.6,5.91,84.3
NORTH,2025-02-04 08:30:00,3.1,5.88,100.5
NORTH,2025-02-04 09:00:00,3.56,1.36,49.3
NORTH,2025-02-04 09:30:00,4.15,0.68,46.3
NORTH,2025-02-04 10:00:00,3.39,4.22,92.3
NORTH,2025-02-04 10:30:00,4.61,1.77,129.6
NORTH,2025-02-04 11:00:00,4.09,0.64,41.3
NORTH,2025-02-04 11:30:00,2.87,1.3,69.2
NORTH,2025-02-04 12:00:00,1.32,5.96,74.7
NORTH,2025-02-04 12:30:00,3.97,5.83,40.3
NORTH,2025-02-04 13:00:00,3.99,5.1,56.2
NORTH,2025-02-04 13:30:00,4.25,3.77,83.7
NORTH,2025-02-04 14:00:00,7.06,4.85,53.6
NORTH,2025-02-04 14:30:00,6.15,2.28,81.0
NORTH,2025-02-04 15:00:00,7.18,7.86,45.6
NORTH,2025-02-04 15:30:00,4.93,5.1,55.1
NORTH,2025-02-04 16:00:00,7.72,6.64,90.7
NORTH,2025-02-04 16:30:00,6.59,5.76,50.7
NORTH,2025-02-04 17:00:00,7.2,3.89,58.1
NORTH,2025-02-04 17:30:00,9.12,1.32,59.9
NORTH,2025-02-04 18:00:00,7.32,5.29,40.3
NORTH,2025-02-04 18:30:00,6.89,2.81,19.5
NORTH,2025-02-04 19:00:00,8.85,1.06,31.1
NORTH,2025-02-04 19:30:00,8.59,3.33,54.6
NORTH,2025-02-04 20:00:00,7.18,6.15,50.1
NORTH,2025-02-04 20:30:00,8.24,1.72,65.9
NORTH,2025-02-04 21:00:00,8.54,6.81,32.1
NORTH,2025-02-04 21:30:00,7.1,7.2,76.6
NORTH,2025-02-04 22:00:00,7.01,4.01,65.3
NORTH,2025-02-04 22:30:00,6.81,5.09,68.8
NORTH,2025-02-04 23:00:00,5.6,3.02,51.8
NORTH,2025-02-04 23:30:00,6.63,4.54,63.2
NORTH,2025-02-05 00:00:00,5.72,6.68,60.1
NORTH,2025-02-05 00:30:00,8.34,6.88,40.9
NORTH,2025-02-05 01:00:00,5.52,3.17,65.6
NORTH,2025-02-05 01:30:00,6.98,4.29,50.1
NORTH,2025-02-05 02:00:00,7.57,3.12,73.4
NORTH,2025-02-05 02:30:00,5.54,3.87,72.1
NORTH,2025-02-05 03:00:00,6.92,4.61,51.2
NORTH,2025-02-05 03:30:00,6.85,4.99,63.1
NORTH,2025-02-05 04:00:00,5.82,4.64,104.2
NORTH,2025-02-05 04:30:00,4.59,6.3,68.0
NORTH,2025-02-05 05:00:00,4.7,3.28,53.6
NORTH,2025-02-05 05:30:00,4.77,2.26,49.6
NORTH,2025-02-05 06:00:00,3.87,6.48,61.4
NORTH,2025-02-05 06:30:00,3.93,1.88,90.5
NORTH,2025-02-05 07:00:00,4.98,6.44,33.9
NORTH,2025-02-05 07:30:00,4.08,2.12,73.9
NORTH,2025-02-05 08:00:00,3.97,5.04,47.1
NORTH,2025-02-05 08:30:00,2.34,2.72,65.5
NORTH,2025-02-05 09:00:00,3.37,4.51,41.6
NORTH,2025-02-05 09:30:00,3.65,6.79,66.0
NORTH,2025-02-05 10:00:00,4.33,4.81,50.8
NORTH,2025-02-05 10:30:00,5.81,4.71,63.2
NORTH,2025-02-05 11:00:00,5.0,5.88,37.6
NORTH,2025-02-05 11:30:00,4.24,8.47,89.8
NORTH,2025-02-05 12:00:00,4.46,5.46,54.1
NORTH,2025-02-05 12:30:00,5.01,3.08,51.4
NORTH,2025-02-05 13:00:00,4.36,7.36,51.4
NORTH,2025-02-05 13:30:00,6.44,3.14,50.2
NORTH,2025-02-05 14:00:00,6.06,1.4,72.0
NORTH,2025-02-05 14:30:00,5.42,2.9,46.2
NORTH,2025-02-05 15:00:00,8.47,3.93,58.6
NORTH,2025-02-05 15:30:00,7.15,2.32,80.4
NORTH,2025-02-05 16:00:00,6.54,1.23,50.5
NORTH,2025-02-05 16:30:00,5.27,4.16,45.7
NORTH,2025-02-05 17:00:00,5.92,4.58,60.8
NORTH,2025-02-05 17:30:00,8.45,6.33,61.1
NORTH,2025-02-05 18:00:00,7.92,1.18,72.5
NORTH,2025-02-05 18:30:00,7.81,5.91,54.5
NORTH,2025-02-05 19:00:00,7.16,3.42,85.8
NORTH,2025-02-05 19:30:00,7.86,1.01,71.6
NORTH,2025-02-05 20:00:00,7.03,6.17,69.7
NORTH,2025-02-05 20:30:00,9.08,6.08,76.9
NORTH,2025-02-05 21:00:00,8.88,5.63,47.5
NORTH,2025-02-05 21:30:00,6.15,2.34,73.2
NORTH,2025-02-05 22:00:00,4.65,3.97,55.2
NORTH,2025-02-05 22:30:00,8.79,3.77,53.4
NORTH,2025-02-05 23:00:00,8.58,3.82,55.4
NORTH,2025-02-05 23:30:00,6.41,4.57,54.0
NORTH,2025-02-06 00:00:00,6.26,6.9,60.9
NORTH,2025-02-06 00:30:00,6.12,2.01,63.6
NORTH,2025-02-06 01:00:00,5.5,3.26,44.7
NORTH,2025-02-06 01:30:00,6.41,1.39,67.4
NORTH,2025-02-06 02:00:00,5.0,5.43,68.7
NORTH,2025-02-06 02:30:00,5.78,5.69,88.0
NORTH,2025-02-06 03:00:00,6.66,1.38,49.1
NORTH,2025-02-06 03:30:00,4.56,5.28,50.6
NORTH,2025-02-06 04:00:00,3.98,2.53,65.4
NORTH,2025-02-06 04:30:00,5.42,1.58,50.7
NORTH,2025-02-06 05:00:00,1.97,0.0,68.7
NORTH,2025-02-06 05:30:00,4.62,4.34,88.6
NORTH,2025-02-06 06:00:00,1.91,0.0,39.8
NORTH,2025-02-06 06:30:00,1.38,2.77,70.5
NORTH,2025-02-06 07:00:00,4.08,6.06,66.7
NORTH,2025-02-06 07:30:00,3.24,2.95,67.9
NORTH,2025-02-06 08:00:00,1.82,0.0,67.0
NORTH,2025-02-06 08:30:00,3.94,7.14,72.5
NORTH,2025-02-06 09:00:00,4.09,3.38,45.4
NORTH,2025-02-06 09:30:00,3.39,5.91,68.3
NORTH,2025-02-06 10:00:00,5.04,4.21,43.8
NORTH,2025-02-06 10:30:00,5.31,6.14,63.3
NORTH,2025-02-06 11:00:00,4.91,5.0,51.6
NORTH,2025-02-06 11:30:00,3.93,2.18,55.3
NORTH,2025-02-06 12:00:00,5.89,5.68,70.1
NORTH,2025-02-06 12:30:00,5.8,3.27,38.9
NORTH,2025-02-06 13:00:00,4.95,3.84,72.2
NORTH,2025-02-06 13:30:00,5.75,6.02,23.7
NORTH,2025-02-06 14:00:00,4.7,3.82,68.6
NORTH,2025-02-06 14:30:00,8.17,2.05,47.2
NORTH,2025-02-06 15:00:00,5.66,2.51,44.0
NORTH,2025-02-06 15:30:00,6.23,5.97,62.1
NORTH,2025-02-06 16:00:00,5.62,3.61,41.3
NORTH,2025-02-06 16:30:00,7.83,6.94,31.3
NORTH,2025-02-06 17:00:00,7.34,2.44,61.1
NORTH,2025-02-06 17:30:00,6.97,1.32,81.8
NORTH,2025-02-06 18:00:00,7.2,3.06,62.1
NORTH,2025-02-06 18:30:00,6.34,3.63,26.9
NORTH,2025-02-06 19:00:00,4.76,2.06,50.4
NORTH,2025-02-06 19:30:00,5.48,3.01,50.4
NORTH,2025-02-06 20:00:00,7.58,5.23,90.8
NORTH,2025-02-06 20:30:00,8.17,2.03,72.0
NORTH,2025-02-06 21:00:00,9.27,1.76,40.8
NORTH,2025-02-06 21:30:00,5.88,2.87,66.7
NORTH,2025-02-06 22:00:00,9.17,5.78,66.9
NORTH,2025-02-06 22:30:00,7.44,4.78,68.1
NORTH,2025-02-06 23:00:00,8.63,3.96,64.7
NORTH,2025-02-06 23:30:00,6.58,4.23,55.4
NORTH,2025-02-07 00:00:00,5.29,5.75,86.8
NORTH,2025-02-07 00:30:00,6.67,4.66,75.5
NORTH,2025-02-07 01:00:00,6.07,4.38,56.1
NORTH,2025-02-07 01:30:00,5.58,5.04,69.2
NORTH,2025-02-07 02:00:00,6.83,3.99,38.4
NORTH,2025-02-07 02:30:00,7.05,2.53,46.5
NORTH,2025-02-07 03:00:00,4.56,0.51,56.1
NORTH,2025-02-07 03:30:00,5.95,3.13,84.1
NORTH,2025-02-07 04:00:00,6.25,5.78,25.2
NORTH,2025-02-07 04:30:00,6.44,3.53,90.2
NORTH,2025-02-07 05:00:00,3.58,3.72,61.6
NORTH,2025-02-07 05:30:00,3.19,0.76,16.8
NORTH,2025-02-07 06:00:00,7.53,0.66,30.2
NORTH,2025-02-07 06:30:00,4.67,1.15,31.0
NORTH,2025-02-07 07:00:00,0.34,4.59,40.7
NORTH,2025-02-07 07:30:00,4.56,3.85,61.5
NORTH,2025-02-07 08:00:00,3.18,3.45,43.9
NORTH,2025-02-07 08:30:00,2.76,1.81,87.3
NORTH,2025-02-07 09:00:00,3.31,0.0,64.7
NORTH,2025-02-07 09:30:00,2.82,3.91,55.1
NORTH,2025-02-07 10:00:00,5.78,3.23,74.7
NORTH,2025-02-07 10:30:00,4.84,1.27,63.4
NORTH,2025-02-07 11:00:00,3.4,1.58,38.3
NORTH,2025-02-07 11:30:00,5.29,9.29,45.5
NORTH,2025-02-07 12:00:00,4.98,4.62,50.5
NORTH,2025-02-07 12:30:00,6.41,8.39,49.2
NORTH,2025-02-07 13:00:00,7.28,2.91,42.5
NORTH,2025-02-07 13:30:00,5.03,5.74,58.1
NORTH,2025-02-07 14:00:00,6.61,4.45,84.4
NORTH,2025-02-07 14:30:00,6.36,7.06,44.6
NORTH,2025-02-07 15:00:00,5.99,4.0,44.6
NORTH,2025-02-07 15:30:00,5.03,4.76,72.0
NORTH,2025-02-07 16:00:00,6.85,6.12,40.1
NORTH,2025-02-07 16:30:00,6.25,1.64,62.5
NORTH,2025-02-07 17:00:00,7.72,6.68,38.8
NORTH,2025-02-07 17:30:00,7.58,6.87,42.0
NORTH,2025-02-07 18:00:00,5.97,1.05,71.2
NORTH,2025-02-07 18:30:00,6.58,4.96,56.1
NORTH,2025-02-07 19:00:00,9.81,5.58,45.5
NORTH,2025-02-07 19:30:00,7.29,5.58,40.8
NORTH,2025-02-07 20:00:00,9.14,3.5,74.6
NORTH,2025-02-07 20:30:00,7.48,2.95,47.6
NORTH,2025-02-07 21:00:00,9.73,3.41,115.5
NORTH,2025-02-07 21:30:00,7.83,2.3,31.5
NORTH,2025-02-07 22:00:00,8.93,3.61,74.8
NORTH,2025-02-07 22:30:00,10.24,5.34,66.1
NORTH,2025-02-07 23:00:00,8.61,5.61,37.3
NORTH,2025-02-07 23:30:00,8.73,3.91,87.7
NORTH,2025-02-08 00:00:00,7.39,6.38,56.0
NORTH,2025-02-08 00:30:00,4.96,5.13,77.6
NORTH,2025-02-08 01:00:00,5.63,3.59,20.1
NORTH,2025-02-08 01:30:00,6.12,1.5,69.3
NORTH,2025-02-08 02:00:00,6.19,4.03,83.8
NORTH,2025-02-08 02:30:00,6.07,4.39,65.8
NORTH,2025-02-08 03:00:00,4.57,5.98,43.5
NORTH,2025-02-08 03:30:00,5.77,6.44,41.5
NORTH,2025-02-08 04:00:00,3.17,1.91,92.7
NORTH,2025-02-08 04:30:00,4.05,1.6,66.6
NORTH,2025-02-08 05:00:00,1.1,2.09,85.5
NORTH,2025-02-08 05:30:00,3.22,3.48,65.3
NORTH,2025-02-08 06:00:00,4.41,2.93,69.8
NORTH,2025-02-08 06:30:00,5.79,1.88,51.3
NORTH,2025-02-08 07:00:00,3.73,5.4,60.6
NORTH,2025-02-08 07:30:00,3.7,0.9,39.6
NORTH,2025-02-08 08:00:00,4.02,2.97,53.8
NORTH,2025-02-08 08:30:00,3.71,8.68,51.0
NORTH,2025-02-08 09:00:00,5.52,6.63,74.5
NORTH,2025-02-08 09:30:00,2.84,4.27,53.0
NORTH,2025-02-08 10:00:00,6.47,4.82,56.2
NORTH,2025-02-08 10:30:00,6.19,3.29,69.9
NORTH,2025-02-08 11:00:00,5.21,4.69,58.1
NORTH,2025-02-08 11:30:00,5.38,2.74,80.0
NORTH,2025-02-08 12:00:00,4.45,6.68,78.8
NORTH,2025-02-08 12:30:00,5.44,3.82,79.8
NORTH,2025-02-08 13:00:00,5.95,0.0,45.3
NORTH,2025-02-08 13:30:00,5.47,4.56,72.7
NORTH,2025-02-08 14:00:00,7.64,5.17,22.5
NORTH,2025-02-08 14:30:00,6.02,6.43,62.0
NORTH,2025-02-08 15:00:00,6.55,3.01,77.1
NORTH,2025-02-08 15:30:00,5.88,5.19,67.7
NORTH,2025-02-08 16:00:00,6.85,4.97,63.6
NORTH,2025-02-08 16:30:00,8.32,5.35,78.7
NORTH,2025-02-08 17:00:00,6.28,2.35,61.1
NORTH,2025-02-08 17:30:00,8.1,5.06,46.5
NORTH,2025-02-08 18:00:00,8.45,2.74,72.1
NORTH,2025-02-08 18:30:00,7.86,3.55,50.4
NORTH,2025-02-08 19:00:00,7.88,4.17,41.2
NORTH,2025-02-08 19:30:00,8.44,6.31,75.5
NORTH,2025-02-08 20:00:00,8.16,3.1,62.3
NORTH,2025-02-08 20:30:00,7.63,4.25,76.9
NORTH,2025-02-08 21:00:00,7.59,0.33,74.4
NORTH,2025-02-08 21:30:00,8.19,4.3,38.9
NORTH,2025-02-08 22:00:00,6.52,2.57,49.5
NORTH,2025-02-08 22:30:00,6.93,1.64,98.7
NORTH,2025-02-08 23:00:00,9.0,4.55,59.4
NORTH,2025-02-08 23:30:00,9.39,7.25,46.7
NORTH,2025-02-09 00:00:00,7.15,3.64,55.2
NORTH,2025-02-09 00:30:00,6.65,3.83,63.8
NORTH,2025-02-09 01:00:00,6.63,6.88,45.5
NORTH,2025-02-09 01:30:00,7.53,1.85,64.3
NORTH,2025-02-09 02:00:00,7.1,5.14,54.3
NORTH,2025-02-09 02:30:00,6.19,7.3,49.3
NORTH,2025-02-09 03:00:00,6.01,5.93,53.0
NORTH,2025-02-09 03:30:00,7.41,8.15,79.7
NORTH,2025-02-09 04:00:00,6.17,0.54,36.2
NORTH,2025-02-09 04:30:00,4.75,2.68,71.3
NORTH,2025-02-09 05:00:00,1.02,5.24,56.8
NORTH,2025-02-09 05:30:00,3.79,7.81,54.5
NORTH,2025-02-09 06:00:00,2.18,4.91,66.9
NORTH,2025-02-09 06:30:00,3.91,8.7,63.8
NORTH,2025-02-09 07:00:00,5.14,4.65,82.9
NORTH,2025-02-09 07:30:00,3.52,1.87,73.8
NORTH,2025-02-09 08:00:00,4.21,5.59,48.9
NORTH,2025-02-09 08:30:00,4.43,0.81,51.4
NORTH,2025-02-09 09:00:00,3.07,4.99,51.3
NORTH,2025-02-09 09:30:00,2.27,2.86,70.8
NORTH,2025-02-09 10:00:00,4.28,2.51,75.1
NORTH,2025-02-09 10:30:00,6.0,5.82,18.5
NORTH,2025-02-09 11:00:00,4.72,3.72,23.4
NORTH,2025-02-09 11:30:00,2.89,5.6,63.3
NORTH,2025-02-09 12:00:00,4.95,2.7,79.5
NORTH,2025-02-09 12:30:00,3.37,2.22,54.3
NORTH,2025-02-09 13:00:00,3.5,2.24,79.1
NORTH,2025-02-09 13:30:00,4.32,5.56,71.4
NORTH,2025-02-09 14:00:00,5.65,1.16,61.1
NORTH,2025-02-09 14:30:00,3.32,2.94,64.4
NORTH,2025-02-09 15:00:00,7.41,3.7,49.1
NORTH,2025-02-09 15:30:00,5.54,3.06,71.2
NORTH,2025-02-09 16:00:00,7.27,3.96,71.3
NORTH,2025-02-09 16:30:00,6.85,1.33,40.0
NORTH,2025-02-09 17:00:00,7.99,1.25,53.1
NORTH,2025-02-09 17:30:00,7.13,1.93,30.0
NORTH,2025-02-09 18:00:00,6.17,0.38,71.0
NORTH,2025-02-09 18:30:00,8.06,2.48,35.4
NORTH,2025-02-09 19:00:00,9.18,4.88,48.8
NORTH,2025-02-09 19:30:00,9.21,4.28,65.7
NORTH,2025-02-09 20:00:00,6.6,0.97,31.7
NORTH,2025-02-09 20:30:00,10.35,2.34,61.2
NORTH,2025-02-09 21:00:00,8.33,3.96,57.2
NORTH,2025-02-09 21:30:00,7.57,4.96,41.3
NORTH,2025-02-09 22:00:00,7.05,0.0,26.5
NORTH,2025-02-09 22:30:00,6.02,5.71,55.1
NORTH,2025-02-09 23:00:00,8.1,4.77,64.7
NORTH,2025-02-09 23:30:00,6.13,4.15,64.6
NORTH,2025-02-10 00:00:00,9.56,3.31,73.2
NORTH,2025-02-10 00:30:00,6.77,2.6,75.7
NORTH,2025-02-10 01:00:00,8.7,4.52,47.7
NORTH,2025-02-10 01:30:00,6.99,4.56,99.9
NORTH,2025-02-10 02:00:00,6.81,2.13,82.9
NORTH,2025-02-10 02:30:00,6.85,5.87,68.0
NORTH,2025-02-10 03:00:00,6.61,4.88,55.4
NORTH,2025-02-10 03:30:00,5.56,3.77,66.1
NORTH,2025-02-10 04:00:00,5.01,3.37,56.7
NORTH,2025-02-10 04:30:00,4.91,0.44,78.4
NORTH,2025-02-10 05:00:00,4.92,2.78,70.6
NORTH,2025-02-10 05:30:00,3.89,2.98,66.7
NORTH,2025-02-10 06:00:00,5.9,4.56,46.0
NORTH,2025-02-10 06:30:00,3.76,5.7,67.3
NORTH,2025-02-10 07:00:00,5.13,4.79,73.9
NORTH,2025-02-10 07:30:00,6.4,1.3,103.3
NORTH,2025-02-10 08:00:00,5.04,9.25,42.3
NORTH,2025-02-10 08:30:00,4.37,4.32,75.9
NORTH,2025-02-10 09:00:00,4.55,4.72,74.0
NORTH,2025-02-10 09:30:00,3.85,2.97,68.2
NORTH,2025-02-10 10:00:00,3.56,3.75,34.1
NORTH,2025-02-10 10:30:00,4.25,2.14,59.4
NORTH,2025-02-10 11:00:00,3.2,3.96,76.2
NORTH,2025-02-10 11:30:00,3.79,2.13,74.1
NORTH,2025-02-10 12:00:00,6.01,4.85,51.6
NORTH,2025-02-10 12:30:00,4.16,3.34,58.9
NORTH,2025-02-10 13:00:00,3.33,2.03,82.5
NORTH,2025-02-10 13:30:00,5.65,6.45,78.3
NORTH,2025-02-10 14:00:00,5.54,3.41,77.4
NORTH,2025-02-10 14:30:00,6.83,5.97,59.8
NORTH,2025-02-10 15:00:00,6.6,3.49,59.0
NORTH,2025-02-10 15:30:00,5.61,3.85,57.1
NORTH,2025-02-10 16:00:00,6.36,5.58,34.6
NORTH,2025-02-10 16:30:00,7.32,2.16,44.7
NORTH,2025-02-10 17:00:00,6.41,4.94,19.4
NORTH,2025-02-10 17:30:00,7.53,4.09,42.5
NORTH,2025-02-10 18:00:00,7.87,1.57,59.2
NORTH,2025-02-10 18:30:00,6.15,8.1,75.5
NORTH,2025-02-10 19:00:00,8.14,2.09,55.0
NORTH,2025-02-10 19:30:00,7.57,4.48,67.2
NORTH,2025-02-10 20:00:00,8.18,4.68,56.9
NORTH,2025-02-10 20:30:00,8.33,2.72,40.9
NORTH,2025-02-10 21:00:00,10.06,4.83,92.5
NORTH,2025-02-10 21:30:00,7.52,8.82,61.4
NORTH,2025-02-10 22:00:00,9.02,4.07,63.0
NORTH,2025-02-10 22:30:00,7.51,3.01,77.6
NORTH,2025-02-10 23:00:00,7.32,5.66,76.3
NORTH,2025-02-10 23:30:00,9.03,4.84,32.8
NORTH,2025-02-11 00:00:00,6.59,3.95,60.2
NORTH,2025-02-11 00:30:00,8.56,6.27,57.4
NORTH,2025-02-11 01:00:00,9.41,3.3,55.2
NORTH,2025-02-11 01:30:00,5.19,0.88,38.8
NORTH,2025-02-11 02:00:00,7.2,5.48,44.1
NORTH,2025-02-11 02:30:00,6.1,5.61,23.4
NORTH,2025-02-11 03:00:00,7.59,6.11,74.6
NORTH,2025-02-11 03:30:00,6.9,0.0,56.1
NORTH,2025-02-11 04:00:00,6.49,3.99,73.4
NORTH,2025-02-11 04:30:00,6.72,5.41,55.4
NORTH,2025-02-11 05:00:00,5.26,0.66,68.8
NORTH,2025-02-11 05:30:00,5.46,4.3,80.9
NORTH,2025-02-11 06:00:00,4.58,4.29,93.0
NORTH,2025-02-11 06:30:00,3.1,6.78,83.6
NORTH,2025-02-11 07:00:00,5.06,3.19,66.2
NORTH,2025-02-11 07:30:00,3.08,2.88,62.4
NORTH,2025-02-11 08:00:00,2.92,3.53,40.2
NORTH,2025-02-11 08:30:00,4.76,7.27,99.5
NORTH,2025-02-11 09:00:00,2.81,2.28,59.1
NORTH,2025-02-11 09:30:00,5.03,3.82,79.4
NORTH,2025-02-11 10:00:00,5.02,0.69,63.0
NORTH,2025-02-11 10:30:00,2.9,3.1,54.6
NORTH,2025-02-11 11:00:00,5.59,4.17,53.6
NORTH,2025-02-11 11:30:00,7.22,2.44,67.2
NORTH,2025-02-11 12:00:00,5.91,4.56,45.8
NORTH,2025-02-11 12:30:00,3.97,5.46,80.8
NORTH,2025-02-11 13:00:00,5.53,1.59,62.2
NORTH,2025-02-11 13:30:00,7.41,2.21,56.3
NORTH,2025-02-11 14:00:00,6.18,6.4,52.5
NORTH,2025-02-11 14:30:00,6.69,7.0,35.3
NORTH,2025-02-11 15:00:00,5.06,4.03,79.6
NORTH,2025-02-11 15:30:00,7.03,6.36,31.4
NORTH,2025-02-11 16:00:00,7.53,0.0,85.9
NORTH,2025-02-11 16:30:00,8.54,3.56,20.4
NORTH,2025-02-11 17:00:00,7.28,6.45,69.4
NORTH,2025-02-11 17:30:00,9.74,3.63,98.5
NORTH,2025-02-11 18:00:00,5.42,2.7,38.7
NORTH,2025-02-11 18:30:00,8.73,1.8,80.1
NORTH,2025-02-11 19:00:00,8.87,4.58,59.9
NORTH,2025-02-11 19:30:00,6.78,5.42,52.8
NORTH,2025-02-11 20:00:00,9.02,7.2,56.3
NORTH,2025-02-11 20:30:00,9.69,4.58,72.6
NORTH,2025-02-11 21:00:00,6.45,2.83,49.3
NORTH,2025-02-11 21:30:00,9.65,3.5,73.1
NORTH,2025-02-11 22:00:00,7.74,3.49,35.3
NORTH,2025-02-11 22:30:00,5.54,3.53,56.8
NORTH,2025-02-11 23:00:00,6.46,4.49,97.2
NORTH,2025-02-11 23:30:00,9.31,4.17,62.2
NORTH,2025-02-12 00:00:00,7.88,4.61,72.7
NORTH,2025-02-12 00:30:00,7.45,4.31,49.3
NORTH,2025-02-12 01:00:00,7.05,0.0,65.6
NORTH,2025-02-12 01:30:00,4.14,4.63,43.2
NORTH,2025-02-12 02:00:00,7.63,4.27,60.9
NORTH,2025-02-12 02:30:00,6.59,2.37,81.0
NORTH,2025-02-12 03:00:00,6.41,2.99,41.8
NORTH,2025-02-12 03:30:00,5.08,3.78,40.5
NORTH,2025-02-12 04:00:00,4.49,2.82,56.4
NORTH,2025-02-12 04:30:00,4.81,4.98,60.6
NORTH,2025-02-12 05:00:00,5.11,4.5,56.5
NORTH,2025-02-12 05:30:00,5.45,0.0,53.5
NORTH,2025-02-12 06:00:00,3.63,4.24,48.6
NORTH,2025-02-12 06:30:00,4.97,5.45,35.1
NORTH,2025-02-12 07:00:00,4.38,1.44,68.6
NORTH,2025-02-12 07:30:00,3.55,2.39,29.2
NORTH,2025-02-12 08:00:00,3.93,1.68,33.3
NORTH,2025-02-12 08:30:00,4.27,5.94,67.1
NORTH,2025-02-12 09:00:00,2.39,3.73,72.3
NORTH,2025-02-12 09:30:00,3.95,4.65,52.1
NORTH,2025-02-12 10:00:00,3.85,2.68,71.0
NORTH,2025-02-12 10:30:00,5.12,2.89,73.6
NORTH,2025-02-12 11:00:00,2.92,3.66,35.6
NORTH,2025-02-12 11:30:00,3.27,1.27,48.2
NORTH,2025-02-12 12:00:00,5.79,3.84,49.5
NORTH,2025-02-12 12:30:00,4.83,0.0,70.3
NORTH,2025-02-12 13:00:00,2.83,2.59,58.6
NORTH,2025-02-12 13:30:00,6.06,4.48,59.1
NORTH,2025-02-12 14:00:00,5.99,8.03,60.1
NORTH,2025-02-12 14:30:00,5.92,3.68,49.0
NORTH,2025-02-12 15:00:00,7.01,6.54,15.2
NORTH,2025-02-12 15:30:00,6.36,6.98,67.1
NORTH,2025-02-12 16:00:00,7.54,0.8,72.6
NORTH,2025-02-12 16:30:00,8.25,4.4,48.2
NORTH,2025-02-12 17:00:00,7.99,1.92,38.9
NORTH,2025-02-12 17:30:00,8.42,6.19,46.6
NORTH,2025-02-12 18:00:00,6.38,2.24,63.6
NORTH,2025-02-12 18:30:00,6.38,6.57,51.6
NORTH,2025-02-12 19:00:00,8.41,2.51,70.5
NORTH,2025-02-12 19:30:00,8.77,0.64,47.8
NORTH,2025-02-12 20:00:00,7.85,2.95,75.7
NORTH,2025-02-12 20:30:00,7.33,5.43,68.7
NORTH,2025-02-12 21:00:00,7.84,5.51,32.3
NORTH,2025-02-12 21:30:00,7.9,2.45,58.1
NORTH,2025-02-12 22:00:00,7.21,4.12,60.2
NORTH,2025-02-12 22:30:00,7.94,4.36,70.3
NORTH,2025-02-12 23:00:00,5.95,5.02,32.8
NORTH,2025-02-12 23:30:00,4.1,7.94,43.1
NORTH,2025-02-13 00:00:00,6.57,0.27,51.8
NORTH,2025-02-13 00:30:00,7.35,4.49,38.3
NORTH,2025-02-13 01:00:00,6.09,4.74,64.3
NORTH,2025-02-13 01:30:00,6.78,5.52,58.0
NORTH,2025-02-13 02:00:00,7.78,3.41,72.5
NORTH,2025-02-13 02:30:00,6.98,0.72,67.9
NORTH,2025-02-13 03:00:00,4.82,1.98,52.4
NORTH,2025-02-13 03:30:00,5.78,0.87,60.5
NORTH,2025-02-13 04:00:00,4.84,6.08,48.6
NORTH,2025-02-13 04:30:00,6.53,4.77,59.4
NORTH,2025-02-13 05:00:00,6.22,7.85,56.2
NORTH,2025-02-13 05:30:00,3.8,4.86,34.4
NORTH,2025-02-13 06:00:00,2.81,6.61,70.3
NORTH,2025-02-13 06:30:00,3.34,10.27,35.1
NORTH,2025-02-13 07:00:00,4.92,2.41,92.1
NORTH,2025-02-13 07:30:00,3.54,3.43,27.4
NORTH,2025-02-13 08:00:00,6.61,2.76,68.6
NORTH,2025-02-13 08:30:00,4.11,2.9,19.9
NORTH,2025-02-13 09:00:00,3.9,3.46,65.7
NORTH,2025-02-13 09:30:00,6.75,5.29,75.5
NORTH,2025-02-13 10:00:00,4.01,1.37,55.0
NORTH,2025-02-13 10:30:00,3.49,3.9,51.1
NORTH,2025-02-13 11:00:00,2.68,6.53,57.5
NORTH,2025-02-13 11:30:00,4.3,1.79,51.4
NORTH,2025-02-13 12:00:00,4.07,1.61,62.9
NORTH,2025-02-13 12:30:00,4.54,5.5,53.5
NORTH,2025-02-13 13:00:00,5.73,4.17,66.9
NORTH,2025-02-13 13:30:00,4.58,5.8,38.8
NORTH,2025-02-13 14:00:00,6.16,1.59,57.8
NORTH,2025-02-13 14:30:00,7.17,5.11,79.1
NORTH,2025-02-13 15:00:00,6.26,5.82,47.5
NORTH,2025-02-13 15:30:00,6.07,4.26,75.3
NORTH,2025-02-13 16:00:00,6.45,5.39,64.2
NORTH,2025-02-13 16:30:00,7.51,2.29,53.1
NORTH,2025-02-13 17:00:00,7.41,4.67,45.5
NORTH,2025-02-13 17:30:00,5.97,0.0,73.4
NORTH,2025-02-13 18:00:00,8.97,0.0,61.4
NORTH,2025-02-13 18:30:00,7.39,6.43,56.2
NORTH,2025-02-13 19:00:00,8.69,3.15,47.6
NORTH,2025-02-13 19:30:00,8.96,6.16,37.2
NORTH,2025-02-13 20:00:00,9.48,2.05,18.0
NORTH,2025-02-13 20:30:00,8.12,5.01,32.7
NORTH,2025-02-13 21:00:00,5.66,3.01,48.7
NORTH,2025-02-13 21:30:00,9.68,4.02,73.2
NORTH,2025-02-13 22:00:00,8.09,7.14,43.9
NORTH,2025-02-13 22:30:00,7.73,0.86,74.6
NORTH,2025-02-13 23:00:00,8.86,5.75,57.8
NORTH,2025-02-13 23:30:00,5.73,3.83,47.8
NORTH,2025-02-14 00:00:00,8.28,3.15,51.9
NORTH,2025-02-14 00:30:00,9.78,5.6,79.4
NORTH,2025-02-14 01:00:00,6.07,1.8,79.2
NORTH,2025-02-14 01:30:00,8.48,1.43,50.7
NORTH,2025-02-14 02:00:00,5.07,4.96,79.6
NORTH,2025-02-14 02:30:00,5.73,3.26,24.8
NORTH,2025-02-14 03:00:00,4.51,7.01,68.9
NORTH,2025-02-14 03:30:00,6.76,3.27,55.1
NORTH,2025-02-14 04:00:00,5.19,4.65,84.8
NORTH,2025-02-14 04:30:00,4.36,3.72,45.7
NORTH,2025-02-14 05:00:00,2.39,5.84,91.5
NORTH,2025-02-14 05:30:00,5.67,4.46,93.4
NORTH,2025-02-14 06:00:00,4.99,5.61,62.5
NORTH,2025-02-14 06:30:00,4.79,3.73,75.0
NORTH,2025-02-14 07:00:00,2.93,4.84,44.6
NORTH,2025-02-14 07:30:00,4.85,8.79,72.6
NORTH,2025-02-14 08:00:00,5.58,5.8,18.1
NORTH,2025-02-14 08:30:00,4.01,4.9,22.4
NORTH,2025-02-14 09:00:00,3.9,3.84,37.8
NORTH,2025-02-14 09:30:00,3.07,6.67,0.0
NORTH,2025-02-14 10:00:00,4.76,6.33,59.5
NORTH,2025-02-14 10:30:00,6.13,3.15,43.7
NORTH,2025-02-14 11:00:00,4.74,3.24,49.7
NORTH,2025-02-14 11:30:00,4.54,2.42,44.9
NORTH,2025-02-14 12:00:00,3.82,4.83,42.0
NORTH,2025-02-14 12:30:00,3.68,1.85,63.7
NORTH,2025-02-14 13:00:00,6.45,5.5,63.9
NORTH,2025-02-14 13:30:00,6.29,3.89,68.2
NORTH,2025-02-14 14:00:00,6.7,2.54,40.6
NORTH,2025-02-14 14:30:00,7.79,4.25,78.9
NORTH,2025-02-14 15:00:00,5.37,3.19,35.2
NORTH,2025-02-14 15:30:00,7.46,2.77,50.0
NORTH,2025-02-14 16:00:00,9.52,5.33,71.8
NORTH,2025-02-14 16:30:00,5.73,0.28,77.5
NORTH,2025-02-14 17:00:00,4.89,3.0,45.4
NORTH,2025-02-14 17:30:00,6.47,3.12,41.0
NORTH,2025-02-14 18:00:00,6.44,4.51,79.2
NORTH,2025-02-14 18:30:00,5.82,4.39,69.7
NORTH,2025-02-14 19:00:00,8.64,3.56,49.3
NORTH,2025-02-14 19:30:00,9.01,4.67,25.9
NORTH,2025-02-14 20:00:00,7.9,4.11,40.3
NORTH,2025-02-14 20:30:00,7.88,4.98,45.1
NORTH,2025-02-14 21:00:00,8.38,2.02,37.7
NORTH,2025-02-14 21:30:00,8.84,6.35,38.7
NORTH,2025-02-14 22:00:00,9.04,3.97,20.2
NORTH,2025-02-14 22:30:00,6.18,5.22,30.8
NORTH,2025-02-14 23:00:00,6.84,3.84,68.1
NORTH,2025-02-14 23:30:00,7.8,7.14,45.3
NORTH,2025-02-15 00:00:00,7.35,4.91,72.8
NORTH,2025-02-15 00:30:00,8.49,3.13,71.7
NORTH,2025-02-15 01:00:00,5.64,3.84,69.0
NORTH,2025-02-15 01:30:00,7.92,5.14,61.6
NORTH,2025-02-15 02:00:00,6.14,5.1,99.4
NORTH,2025-02-15 02:30:00,7.26,4.76,35.4
NORTH,2025-02-15 03:00:00,4.7,3.35,76.4
NORTH,2025-02-15 03:30:00,4.59,5.28,62.2
NORTH,2025-02-15 04:00:00,5.66,3.57,49.3
NORTH,2025-02-15 04:30:00,4.06,5.22,58.6
NORTH,2025-02-15 05:00:00,3.52,4.45,121.6
NORTH,2025-02-15 05:30:00,4.58,7.31,13.5
NORTH,2025-02-15 06:00:00,4.17,5.91,60.3
NORTH,2025-02-15 06:30:00,3.73,3.95,77.7
NORTH,2025-02-15 07:00:00,6.87,6.13,50.9
NORTH,2025-02-15 07:30:00,4.02,3.55,44.4
NORTH,2025-02-15 08:00:00,4.05,3.45,38.4
NORTH,2025-02-15 08:30:00,5.24,4.84,48.5
NORTH,2025-02-15 09:00:00,4.48,2.07,50.1
NORTH,2025-02-15 09:30:00,5.12,4.94,50.8
NORTH,2025-02-15 10:00:00,4.87,3.85,42.0
NORTH,2025-02-15 10:30:00,4.3,4.86,65.5
NORTH,2025-02-15 11:00:00,2.79,4.33,60.5
NORTH,2025-02-15 11:30:00,2.54,2.38,68.8
NORTH,2025-02-15 12:00:00,6.89,0.72,77.6
NORTH,2025-02-15 12:30:00,2.97,6.8,55.7
NORTH,2025-02-15 13:00:00,4.86,4.71,42.7
NORTH,2025-02-15 13:30:00,6.33,3.75,0.0
NORTH,2025-02-15 14:00:00,5.26,4.38,79.2
NORTH,2025-02-15 14:30:00,6.63,6.1,43.9
NORTH,2025-02-15 15:00:00,7.62,5.49,30.6
NORTH,2025-02-15 15:30:00,8.07,4.65,54.9
NORTH,2025-02-15 16:00:00,6.87,1.92,71.4
NORTH,2025-02-15 16:30:00,7.59,5.17,61.4
NORTH,2025-02-15 17:00:00,7.89,3.41,79.4
NORTH,2025-02-15 17:30:00,8.37,4.35,57.6
NORTH,2025-02-15 18:00:00,5.84,0.03,53.4
NORTH,2025-02-15 18:30:00,9.49,2.59,48.0
NORTH,2025-02-15 19:00:00,7.0,1.42,43.5
NORTH,2025-02-15 19:30:00,8.5,3.02,50.3
NORTH,2025-02-15 20:00:00,7.48,4.47,67.0
NORTH,2025-02-15 20:30:00,5.99,2.48,58.4
NORTH,2025-02-15 21:00:00,8.69,4.26,74.8
NORTH,2025-02-15 21:30:00,6.47,4.83,96.9
NORTH,2025-02-15 22:00:00,8.02,4.18,69.3
NORTH,2025-02-15 22:30:00,7.31,2.11,61.0
NORTH,2025-02-15 23:00:00,5.66,4.79,70.2
NORTH,2025-02-15 23:30:00,5.72,4.33,56.1
NORTH,2025-02-16 00:00:00,9.07,6.62,75.1
NORTH,2025-02-16 00:30:00,8.75,3.27,64.7
NORTH,2025-02-16 01:00:00,6.51,2.01,61.5
NORTH,2025-02-16 01:30:00,6.71,3.6,58.9
NORTH,2025-02-16 02:00:00,6.37,5.78,49.5
NORTH,2025-02-16 02:30:00,4.76,5.36,75.4
NORTH,2025-02-16 03:00:00,6.2,1.72,57.6
NORTH,2025-02-16 03:30:00,6.12,1.86,46.2
NORTH,2025-02-16 04:00:00,5.12,6.37,64.1
NORTH,2025-02-16 04:30:00,4.75,3.6,48.0
NORTH,2025-02-16 05:00:00,4.38,5.44,25.4
NORTH,2025-02-16 05:30:00,6.46,8.38,62.9
NORTH,2025-02-16 06:00:00,3.56,6.33,65.0
NORTH,2025-02-16 06:30:00,3.93,2.06,52.7
NORTH,2025-02-16 07:00:00,4.59,5.79,65.1
NORTH,2025-02-16 07:30:00,4.3149999999999995,3.33,75.4
NORTH,2025-02-16 08:00:00,4.04,7.68,48.3
NORTH,2025-02-16 08:30:00,4.77,8.38,78.8
NORTH,2025-02-16 09:00:00,5.26,4.59,61.0
NORTH,2025-02-16 09:30:00,4.15,2.88,32.4
NORTH,2025-02-16 10:00:00,5.33,0.92,71.7
NORTH,2025-02-16 10:30:00,4.19,2.09,85.3
NORTH,2025-02-16 11:00:00,3.14,2.67,49.7
NORTH,2025-02-16 11:30:00,5.06,2.77,86.3
NORTH,2025-02-16 12:00:00,3.65,12.17,40.9
NORTH,2025-02-16 12:30:00,8.84,6.19,58.0
NORTH,2025-02-16 13:00:00,6.05,3.24,66.2
NORTH,2025-02-16 13:30:00,4.89,5.42,63.3
NORTH,2025-02-16 14:00:00,5.11,4.85,66.6
NORTH,2025-02-16 14:30:00,5.43,3.14,69.2
NORTH,2025-02-16 15:00:00,8.12,3.72,76.8
NORTH,2025-02-16 15:30:00,8.21,6.61,67.5
NORTH,2025-02-16 16:00:00,6.21,5.78,56.6
NORTH,2025-02-16 16:30:00,7.9,2.74,49.2
NORTH,2025-02-16 17:00:00,6.87,1.35,49.4
NORTH,2025-02-16 17:30:00,6.47,5.13,40.8
NORTH,2025-02-16 18:00:00,7.22,4.01,92.6
NORTH,2025-02-16 18:30:00,7.19,1.24,36.4
NORTH,2025-02-16 19:00:00,7.19,2.69,101.5
NORTH,2025-02-16 19:30:00,9.38,3.37,93.4
NORTH,2025-02-16 20:00:00,7.56,3.18,51.5
NORTH,2025-02-16 20:30:00,9.53,3.86,87.1
NORTH,2025-02-16 21:00:00,8.75,5.82,27.3
NORTH,2025-02-16 21:30:00,6.19,0.67,52.3
NORTH,2025-02-16 22:00:00,6.18,6.48,56.4
NORTH,2025-02-16 22:30:00,8.76,3.02,74.8
NORTH,2025-02-16 23:00:00,5.35,3.9,69.0
NORTH,2025-02-16 23:30:00,8.41,3.36,29.2
NORTH,2025-02-17 00:00:00,8.57,3.22,54.5
NORTH,2025-02-17 00:30:00,10.02,4.19,50.7
NORTH,2025-02-17 01:00:00,6.18,5.29,45.2
NORTH,2025-02-17 01:30:00,7.49,6.2,58.4
NORTH,2025-02-17 02:00:00,7.54,3.86,47.6
NORTH,2025-02-17 02:30:00,4.36,4.55,65.3
NORTH,2025-02-17 03:00:00,7.01,5.77,97.2
NORTH,2025-02-17 03:30:00,5.14,4.71,47.6
NORTH,2025-02-17 04:00:00,6.47,2.15,76.4
NORTH,2025-02-17 04:30:00,4.47,5.53,81.7
NORTH,2025-02-17 05:00:00,3.08,1.31,64.2
NORTH,2025-02-17 05:30:00,3.34,3.42,51.4
NORTH,2025-02-17 06:00:00,3.6,4.66,42.6
NORTH,2025-02-17 06:30:00,5.06,2.85,52.4
NORTH,2025-02-17 07:00:00,5.88,5.91,42.1
NORTH,2025-02-17 07:30:00,3.37,5.56,34.2
NORTH,2025-02-17 08:00:00,6.1,4.27,49.6
NORTH,2025-02-17 08:30:00,4.37,6.72,21.6
NORTH,2025-02-17 09:00:00,5.65,6.39,54.2
NORTH,2025-02-17 09:30:00,4.34,4.27,73.2
NORTH,2025-02-17 10:00:00,3.75,3.97,58.2
NORTH,2025-02-17 10:30:00,5.44,9.35,46.8
NORTH,2025-02-17 11:00:00,5.03,2.48,51.2
NORTH,2025-02-17 11:30:00,3.65,0.94,81.3
NORTH,2025-02-17 12:00:00,5.78,4.19,44.3
NORTH,2025-02-17 12:30:00,5.26,1.69,59.5
NORTH,2025-02-17 13:00:00,6.24,2.91,46.4
NORTH,2025-02-17 13:30:00,5.25,5.63,63.6
NORTH,2025-02-17 14:00:00,4.43,5.45,69.8
NORTH,2025-02-17 14:30:00,6.58,7.29,60.4
NORTH,2025-02-17 15:00:00,7.39,4.94,75.8
NORTH,2025-02-17 15:30:00,6.6,2.71,77.5
NORTH,2025-02-17 16:00:00,8.46,6.55,67.5
NORTH,2025-02-17 16:30:00,5.38,4.33,60.6
NORTH,2025-02-17 17:00:00,9.24,6.12,71.0
NORTH,2025-02-17 17:30:00,5.28,2.35,53.4
NORTH,2025-02-17 18:00:00,7.68,4.33,86.6
NORTH,2025-02-17 18:30:00,9.02,2.16,45.1
NORTH,2025-02-17 19:00:00,7.18,3.77,74.5
NORTH,2025-02-17 19:30:00,9.44,3.25,59.5
NORTH,2025-02-17 20:00:00,10.36,1.03,71.5
NORTH,2025-02-17 20:30:00,8.99,3.41,59.7
NORTH,2025-02-17 21:00:00,8.79,3.41,48.5
NORTH,2025-02-17 21:30:00,7.43,7.72,52.1
NORTH,2025-02-17 22:00:00,8.33,5.57,56.2
NORTH,2025-02-17 22:30:00,8.13,5.01,44.7
NORTH,2025-02-17 23:00:00,5.92,2.54,91.1
NORTH,2025-02-17 23:30:00,7.08,4.26,36.1
NORTH,2025-02-18 00:00:00,9.03,3.4,51.8
NORTH,2025-02-18 00:30:00,7.25,9.03,67.9
NORTH,2025-02-18 01:00:00,6.74,0.0,84.4
NORTH,2025-02-18 01:30:00,6.1,2.29,46.3
NORTH,2025-02-18 02:00:00,8.17,3.92,32.6
NORTH,2025-02-18 02:30:00,6.17,2.34,66.5
NORTH,2025-02-18 03:00:00,5.43,0.86,58.5
NORTH,2025-02-18 03:30:00,5.83,1.49,24.7
NORTH,2025-02-18 04:00:00,5.75,3.44,56.1
NORTH,2025-02-18 04:30:00,6.31,0.12,61.1
NORTH,2025-02-18 05:00:00,5.8,3.63,34.5
NORTH,2025-02-18 05:30:00,4.21,3.1,31.6
NORTH,2025-02-18 06:00:00,5.13,4.01,48.4
NORTH,2025-02-18 06:30:00,5.87,2.96,86.6
NORTH,2025-02-18 07:00:00,4.16,2.09,43.4
NORTH,2025-02-18 07:30:00,4.59,1.86,62.6
NORTH,2025-02-18 08:00:00,3.93,3.15,59.3
NORTH,2025-02-18 08:30:00,5.62,2.91,63.3
NORTH,2025-02-18 09:00:00,5.02,1.58,69.4
NORTH,2025-02-18 09:30:00,5.46,5.93,40.0
NORTH,2025-02-18 10:00:00,3.44,3.89,58.0
NORTH,2025-02-18 10:30:00,4.71,3.29,63.3
NORTH,2025-02-18 11:00:00,1.94,5.32,86.5
NORTH,2025-02-18 11:30:00,4.34,4.4,90.3
NORTH,2025-02-18 12:00:00,5.46,4.61,93.2
NORTH,2025-02-18 12:30:00,7.86,1.88,52.6
NORTH,2025-02-18 13:00:00,6.97,4.99,72.7
NORTH,2025-02-18 13:30:00,2.75,0.09,92.1
NORTH,2025-02-18 14:00:00,7.34,4.71,37.6
NORTH,2025-02-18 14:30:00,5.92,5.14,35.1
NORTH,2025-02-18 15:00:00,6.09,4.75,70.6
NORTH,2025-02-18 15:30:00,6.3,5.96,77.1
NORTH,2025-02-18 16:00:00,5.26,7.28,81.0
NORTH,2025-02-18 16:30:00,7.66,3.73,74.2
NORTH,2025-02-18 17:00:00,8.47,3.46,88.9
NORTH,2025-02-18 17:30:00,5.3,2.67,68.1
NORTH,2025-02-18 18:00:00,8.08,5.4,34.9
NORTH,2025-02-18 18:30:00,7.84,6.3,33.1
NORTH,2025-02-18 19:00:00,8.06,2.94,66.5
NORTH,2025-02-18 19:30:00,8.82,4.19,54.8
NORTH,2025-02-18 20:00:00,8.49,3.67,59.4
NORTH,2025-02-18 20:30:00,10.16,1.6,66.1
NORTH,2025-02-18 21:00:00,7.22,7.91,61.6
NORTH,2025-02-18 21:30:00,6.83,3.54,33.7
NORTH,2025-02-18 22:00:00,7.39,5.23,84.5
NORTH,2025-02-18 22:30:00,9.44,3.79,70.3
NORTH,2025-02-18 23:00:00,8.8,8.5,49.1
NORTH,2025-02-18 23:30:00,9.64,1.82,81.2
NORTH,2025-02-19 00:00:00,6.73,2.63,54.9
NORTH,2025-02-19 00:30:00,6.54,4.85,82.1
NORTH,2025-02-19 01:00:00,4.46,3.65,40.4
NORTH,2025-02-19 01:30:00,8.08,6.84,56.9
NORTH,2025-02-19 02:00:00,5.63,0.77,95.1
NORTH,2025-02-19 02:30:00,8.06,0.04,71.8
NORTH,2025-02-19 03:00:00,4.62,2.98,37.5
NORTH,2025-02-19 03:30:00,3.56,3.91,94.1
NORTH,2025-02-19 04:00:00,4.36,5.78,78.9
NORTH,2025-02-19 04:30:00,6.34,7.99,77.2
NORTH,2025-02-19 05:00:00,7.23,1.71,73.4
NORTH,2025-02-19 05:30:00,6.87,2.46,0.0
NORTH,2025-02-19 06:00:00,3.22,2.55,70.1
NORTH,2025-02-19 06:30:00,4.06,4.01,49.1
NORTH,2025-02-19 07:00:00,4.39,3.87,48.6
NORTH,2025-02-19 07:30:00,5.53,6.76,39.3
NORTH,2025-02-19 08:00:00,4.74,1.14,28.5
NORTH,2025-02-19 08:30:00,5.72,8.01,54.1
NORTH,2025-02-19 09:00:00,6.74,2.7,55.8
NORTH,2025-02-19 09:30:00,6.54,2.17,76.5
NORTH,2025-02-19 10:00:00,4.33,2.56,50.8
NORTH,2025-02-19 10:30:00,2.14,6.52,64.1
NORTH,2025-02-19 11:00:00,4.88,2.61,65.6
NORTH,2025-02-19 11:30:00,6.12,3.45,77.3
NORTH,2025-02-19 12:00:00,5.81,3.81,76.4
NORTH,2025-02-19 12:30:00,4.87,1.5,59.0
NORTH,2025-02-19 13:00:00,6.0,3.56,81.4
NORTH,2025-02-19 13:30:00,6.56,3.77,59.9
NORTH,2025-02-19 14:00:00,6.57,5.05,60.9
NORTH,2025-02-19 14:30:00,6.29,1.33,47.2
NORTH,2025-02-19 15:00:00,7.33,4.38,33.3
NORTH,2025-02-19 15:30:00,6.32,2.14,84.6
NORTH,2025-02-19 16:00:00,7.78,4.86,58.8
NORTH,2025-02-19 16:30:00,6.72,3.11,68.9
NORTH,2025-02-19 17:00:00,7.58,5.01,62.6
NORTH,2025-02-19 17:30:00,8.24,4.69,50.5
NORTH,2025-02-19 18:00:00,7.83,5.82,92.9
NORTH,2025-02-19 18:30:00,9.31,0.0,46.4
NORTH,2025-02-19 19:00:00,8.54,1.8,39.4
NORTH,2025-02-19 19:30:00,7.9,4.69,71.1
NORTH,2025-02-19 20:00:00,8.03,3.11,44.8
NORTH,2025-02-19 20:30:00,9.08,4.88,76.3
NORTH,2025-02-19 21:00:00,8.56,1.38,53.7
NORTH,2025-02-19 21:30:00,9.44,0.53,58.5
NORTH,2025-02-19 22:00:00,8.55,8.01,49.2
NORTH,2025-02-19 22:30:00,8.06,7.38,49.4
NORTH,2025-02-19 23:00:00,9.18,4.79,56.0
NORTH,2025-02-19 23:30:00,8.43,3.7,100.6
NORTH,2025-02-20 00:00:00,5.06,3.44,55.4
NORTH,2025-02-20 00:30:00,7.37,6.16,52.0
NORTH,2025-02-20 01:00:00,7.64,4.46,75.1
NORTH,2025-02-20 01:30:00,6.89,4.64,57.8
NORTH,2025-02-20 02:00:00,5.35,7.2,46.3
NORTH,2025-02-20 02:30:00,5.96,2.29,67.2
NORTH,2025-02-20 03:00:00,5.44,7.03,69.6
NORTH,2025-02-20 03:30:00,5.68,2.18,58.0
NORTH,2025-02-20 04:00:00,6.16,3.91,57.5
NORTH,2025-02-20 04:30:00,4.31,8.49,56.4
NORTH,2025-02-20 05:00:00,3.47,1.85,53.8
NORTH,2025-02-20 05:30:00,7.45,3.66,53.3
NORTH,2025-02-20 06:00:00,5.82,5.84,71.9
NORTH,2025-02-20 06:30:00,5.04,1.79,46.5
NORTH,2025-02-20 07:00:00,2.69,3.55,52.4
NORTH,2025-02-20 07:30:00,3.97,4.56,48.2
NORTH,2025-02-20 08:00:00,4.13,3.03,59.4
NORTH,2025-02-20 08:30:00,4.97,1.31,68.2
NORTH,2025-02-20 09:00:00,4.92,4.84,62.4
NORTH,2025-02-20 09:30:00,5.04,3.17,68.0
NORTH,2025-02-20 10:00:00,6.18,3.01,51.7
NORTH,2025-02-20 10:30:00,5.56,2.89,47.1
NORTH,2025-02-20 11:00:00,5.63,3.14,82.0
NORTH,2025-02-20 11:30:00,4.56,2.36,59.9
NORTH,2025-02-20 12:00:00,6.06,4.64,69.7
NORTH,2025-02-20 12:30:00,4.87,6.27,30.2
NORTH,2025-02-20 13:00:00,5.08,4.08,47.5
NORTH,2025-02-20 13:30:00,5.65,2.04,56.3
NORTH,2025-02-20 14:00:00,7.09,2.93,44.2
NORTH,2025-02-20 14:30:00,5.98,6.21,79.7
NORTH,2025-02-20 15:00:00,6.48,5.02,59.7
NORTH,2025-02-20 15:30:00,8.59,4.38,56.4
NORTH,2025-02-20 16:00:00,9.45,2.15,65.7
NORTH,2025-02-20 16:30:00,9.17,5.33,46.3
NORTH,2025-02-20 17:00:00,6.97,1.18,86.7
NORTH,2025-02-20 17:30:00,6.59,5.43,34.3
NORTH,2025-02-20 18:00:00,11.34,1.29,60.8
NORTH,2025-02-20 18:30:00,9.72,2.59,70.1
NORTH,2025-02-20 19:00:00,8.13,4.78,79.5
NORTH,2025-02-20 19:30:00,7.95,6.99,66.3
NORTH,2025-02-20 20:00:00,10.87,2.34,48.4
NORTH,2025-02-20 20:30:00,8.26,1.57,76.7
NORTH,2025-02-20 21:00:00,8.38,1.71,45.2
NORTH,2025-02-20 21:30:00,7.42,5.85,68.2
NORTH,2025-02-20 22:00:00,8.11,3.27,55.7
NORTH,2025-02-20 22:30:00,10.4,3.53,75.4
NORTH,2025-02-20 23:00:00,7.55,7.36,38.1
NORTH,2025-02-20 23:30:00,8.92,2.48,99.8
NORTH,2025-02-21 00:00:00,8.43,0.59,43.2
NORTH,2025-02-21 00:30:00,8.42,5.32,70.5
NORTH,2025-02-21 01:00:00,7.3,3.36,79.6
NORTH,2025-02-21 01:30:00,6.07,4.11,48.8
NORTH,2025-02-21 02:00:00,5.75,3.08,46.8
NORTH,2025-02-21 02:30:00,7.25,1.05,67.8
NORTH,2025-02-21 03:00:00,5.31,4.06,57.0
NORTH,2025-02-21 03:30:00,5.48,6.43,53.3
NORTH,2025-02-21 04:00:00,6.44,5.43,55.1
NORTH,2025-02-21 04:30:00,4.08,2.24,83.0
NORTH,2025-02-21 05:00:00,5.77,4.28,49.8
NORTH,2025-02-21 05:30:00,7.26,2.26,62.5
NORTH,2025-02-21 06:00:00,5.46,1.39,46.3
NORTH,2025-02-21 06:30:00,4.31,5.72,52.1
NORTH,2025-02-21 07:00:00,2.94,0.94,46.2
NORTH,2025-02-21 07:30:00,2.87,5.54,74.5
NORTH,2025-02-21 08:00:00,4.6,3.47,73.3
NORTH,2025-02-21 08:30:00,5.43,2.03,44.7
NORTH,2025-02-21 09:00:00,5.51,4.54,70.9
NORTH,2025-02-21 09:30:00,3.59,2.5,68.3
NORTH,2025-02-21 10:00:00,4.04,0.96,48.0
NORTH,2025-02-21 10:30:00,4.62,7.4,44.9
NORTH,2025-02-21 11:00:00,5.11,8.09,40.3
NORTH,2025-02-21 11:30:00,5.97,2.58,67.2
NORTH,2025-02-21 12:00:00,8.4,5.58,62.7
NORTH,2025-02-21 12:30:00,4.45,3.65,49.8
NORTH,2025-02-21 13:00:00,4.34,0.0,45.1
NORTH,2025-02-21 13:30:00,6.04,6.24,46.7
NORTH,2025-02-21 14:00:00,6.82,0.6,45.6
NORTH,2025-02-21 14:30:00,3.66,8.47,63.6
NORTH,2025-02-21 15:00:00,7.31,5.07,105.6
NORTH,2025-02-21 15:30:00,6.59,2.04,96.0
NORTH,2025-02-21 16:00:00,6.12,6.6,58.7
NORTH,2025-02-21 16:30:00,8.11,1.13,106.7
NORTH,2025-02-21 17:00:00,7.55,2.6,69.9
NORTH,2025-02-21 17:30:00,7.23,4.85,37.3
NORTH,2025-02-21 18:00:00,8.5,2.79,45.9
NORTH,2025-02-21 18:30:00,7.2,5.77,53.7
NORTH,2025-02-21 19:00:00,8.3,4.85,80.5
NORTH,2025-02-21 19:30:00,7.42,4.44,43.6
NORTH,2025-02-21 20:00:00,8.34,6.13,17.8
NORTH,2025-02-21 20:30:00,7.49,3.54,66.9
NORTH,2025-02-21 21:00:00,9.99,0.61,85.5
NORTH,2025-02-21 21:30:00,9.15,3.52,33.6
NORTH,2025-02-21 22:00:00,7.64,6.05,60.5
NORTH,2025-02-21 22:30:00,8.11,2.06,73.2
NORTH,2025-02-21 23:00:00,7.83,3.53,58.3
NORTH,2025-02-21 23:30:00,7.23,2.37,32.6
NORTH,2025-02-22 00:00:00,6.91,0.4,68.7
NORTH,2025-02-22 00:30:00,6.85,3.22,59.3
NORTH,2025-02-22 01:00:00,6.21,1.65,64.0
NORTH,2025-02-22 01:30:00,9.44,5.82,83.0
NORTH,2025-02-22 02:00:00,5.09,3.62,56.4
NORTH,2025-02-22 02:30:00,8.37,5.83,57.0
NORTH,2025-02-22 03:00:00,3.39,1.68,71.4
NORTH,2025-02-22 03:30:00,5.75,3.78,71.0
NORTH,2025-02-22 04:00:00,7.01,2.44,70.6
NORTH,2025-02-22 04:30:00,7.59,6.86,50.4
NORTH,2025-02-22 05:00:00,5.59,5.5,60.4
NORTH,2025-02-22 05:30:00,4.94,0.54,44.4
NORTH,2025-02-22 06:00:00,4.09,1.48,62.0
NORTH,2025-02-22 06:30:00,5.96,3.16,20.3
NORTH,2025-02-22 07:00:00,4.58,4.55,63.7
NORTH,2025-02-22 07:30:00,3.85,1.59,76.0
NORTH,2025-02-22 08:00:00,5.07,2.64,33.0
NORTH,2025-02-22 08:30:00,4.92,2.2,66.9
NORTH,2025-02-22 09:00:00,4.91,8.15,58.6
NORTH,2025-02-22 09:30:00,7.12,4.16,48.0
NORTH,2025-02-22 10:00:00,3.65,2.25,67.7
NORTH,2025-02-22 10:30:00,5.07,0.32,78.4
NORTH,2025-02-22 11:00:00,7.01,0.3,78.2
NORTH,2025-02-22 11:30:00,7.26,0.41,51.6
NORTH,2025-02-22 12:00:00,4.63,5.95,52.5
NORTH,2025-02-22 12:30:00,5.11,4.84,88.1
NORTH,2025-02-22 13:00:00,6.06,3.06,54.9
NORTH,2025-02-22 13:30:00,6.92,1.34,59.7
NORTH,2025-02-22 14:00:00,5.53,1.59,25.0
NORTH,2025-02-22 14:30:00,6.03,6.16,24.3
NORTH,2025-02-22 15:00:00,7.82,2.7,40.9
NORTH,2025-02-22 15:30:00,7.58,6.62,87.0
NORTH,2025-02-22 16:00:00,7.99,3.86,67.0
NORTH,2025-02-22 16:30:00,10.62,3.41,80.4
NORTH,2025-02-22 17:00:00,7.36,2.34,91.8
NORTH,2025-02-22 17:30:00,8.07,4.45,69.8
NORTH,2025-02-22 18:00:00,7.31,3.12,48.4
NORTH,2025-02-22 18:30:00,8.78,4.73,49.2
NORTH,2025-02-22 19:00:00,11.02,3.95,61.9
NORTH,2025-02-22 19:30:00,10.2,2.25,50.6
NORTH,2025-02-22 20:00:00,8.99,1.05,55.7
NORTH,2025-02-22 20:30:00,11.11,7.66,76.1
NORTH,2025-02-22 21:00:00,10.0,4.99,52.2
NORTH,2025-02-22 21:30:00,10.56,2.1,77.4
NORTH,2025-02-22 22:00:00,7.77,3.1,69.7
NORTH,2025-02-22 22:30:00,10.82,6.86,66.1
NORTH,2025-02-22 23:00:00,8.14,5.56,84.6
NORTH,2025-02-22 23:30:00,5.95,3.75,41.1
NORTH,2025-02-23 00:00:00,7.45,1.48,27.5
NORTH,2025-02-23 00:30:00,6.13,2.89,70.6
NORTH,2025-02-23 01:00:00,6.25,2.27,67.1
NORTH,2025-02-23 01:30:00,7.57,7.4,76.8
NORTH,2025-02-23 02:00:00,6.61,2.66,73.4
NORTH,2025-02-23 02:30:00,5.65,3.35,29.2
NORTH,2025-02-23 03:00:00,4.62,6.52,63.0
NORTH,2025-02-23 03:30:00,5.44,3.02,90.9
NORTH,2025-02-23 04:00:00,4.92,4.95,75.7
NORTH,2025-02-23 04:30:00,7.44,2.3,34.8
NORTH,2025-02-23 05:00:00,3.97,5.46,95.9
NORTH,2025-02-23 05:30:00,6.21,2.68,81.4
NORTH,2025-02-23 06:00:00,4.41,2.34,54.0
NORTH,2025-02-23 06:30:00,4.28,2.6,82.0
NORTH,2025-02-23 07:00:00,4.16,0.83,70.5
NORTH,2025-02-23 07:30:00,3.63,2.16,72.6
NORTH,2025-02-23 08:00:00,3.84,3.09,60.8
NORTH,2025-02-23 08:30:00,4.37,3.14,17.8
NORTH,2025-02-23 09:00:00,4.57,7.23,71.3
NORTH,2025-02-23 09:30:00,4.33,4.94,71.3
NORTH,2025-02-23 10:00:00,3.97,6.51,62.9
NORTH,2025-02-23 10:30:00,4.6,7.18,22.8
NORTH,2025-02-23 11:00:00,3.88,5.28,72.1
NORTH,2025-02-23 11:30:00,7.27,0.0,75.5
NORTH,2025-02-23 12:00:00,4.22,4.84,58.8
NORTH,2025-02-23 12:30:00,6.73,3.53,78.2
NORTH,2025-02-23 13:00:00,5.2,3.84,63.5
NORTH,2025-02-23 13:30:00,8.2,5.67,63.7
NORTH,2025-02-23 14:00:00,7.48,6.17,66.7
NORTH,2025-02-23 14:30:00,5.48,5.26,59.5
NORTH,2025-02-23 15:00:00,6.8,2.43,70.4
NORTH,2025-02-23 15:30:00,7.84,2.09,40.1
NORTH,2025-02-23 16:00:00,9.98,5.72,61.6
NORTH,2025-02-23 16:30:00,8.44,3.06,56.9
NORTH,2025-02-23 17:00:00,8.15,5.93,34.6
NORTH,2025-02-23 17:30:00,6.9,1.55,75.4
NORTH,2025-02-23 18:00:00,8.32,2.17,56.0
NORTH,2025-02-23 18:30:00,7.68,1.13,82.7
NORTH,2025-02-23 19:00:00,8.46,6.57,33.9
NORTH,2025-02-23 19:30:00,9.25,1.11,104.0
NORTH,2025-02-23 20:00:00,6.63,7.59,59.6
NORTH,2025-02-23 20:30:00,8.49,5.18,43.1
NORTH,2025-02-23 21:00:00,9.58,5.72,60.2
NORTH,2025-02-23 21:30:00,8.94,7.86,71.7
NORTH,2025-02-23 22:00:00,7.5,5.5,50.3
NORTH,2025-02-23 22:30:00,7.56,5.03,41.8
NORTH,2025-02-23 23:00:00,8.18,5.35,94.4
NORTH,2025-02-23 23:30:00,8.89,1.06,36.4
NORTH,2025-02-24 00:00:00,7.725,2.73,32.7
NORTH,2025-02-24 00:30:00,6.56,5.59,62.0
NORTH,2025-02-24 01:00:00,8.06,3.93,40.1
NORTH,2025-02-24 01:30:00,5.14,2.33,62.2
NORTH,2025-02-24 02:00:00,5.35,5.97,42.0
NORTH,2025-02-24 02:30:00,4.78,4.0,73.7
NORTH,2025-02-24 03:00:00,8.04,0.78,85.6
NORTH,2025-02-24 03:30:00,6.47,2.76,72.3
NORTH,2025-02-24 04:00:00,7.39,0.64,52.2
NORTH,2025-02-24 04:30:00,5.11,5.25,86.3
NORTH,2025-02-24 05:00:00,5.44,3.42,68.0
NORTH,2025-02-24 05:30:00,5.07,0.0,69.3
NORTH,2025-02-24 06:00:00,6.22,6.15,39.2
NORTH,2025-02-24 06:30:00,5.76,7.07,105.6
NORTH,2025-02-24 07:00:00,5.41,5.97,42.1
NORTH,2025-02-24 07:30:00,3.49,5.97,23.4
NORTH,2025-02-24 08:00:00,4.95,6.86,72.8
NORTH,2025-02-24 08:30:00,5.61,3.9,52.6
NORTH,2025-02-24 09:00:00,7.42,6.47,75.2
NORTH,2025-02-24 09:30:00,4.87,2.83,79.4
NORTH,2025-02-24 10:00:00,4.67,4.16,71.1
NORTH,2025-02-24 10:30:00,5.29,7.1,36.2
NORTH,2025-02-24 11:00:00,5.43,8.28,76.1
NORTH,2025-02-24 11:30:00,5.12,5.6,59.1
NORTH,2025-02-24 12:00:00,7.53,5.64,44.4
NORTH,2025-02-24 12:30:00,6.05,4.84,68.4
NORTH,2025-02-24 13:00:00,6.63,5.13,67.5
NORTH,2025-02-24 13:30:00,5.38,3.09,55.4
NORTH,2025-02-24 14:00:00,6.88,3.5,79.9
NORTH,2025-02-24 14:30:00,5.61,0.53,95.4
NORTH,2025-02-24 15:00:00,6.3,6.2,71.0
NORTH,2025-02-24 15:30:00,6.35,3.73,54.9
NORTH,2025-02-24 16:00:00,8.19,2.47,56.8
NORTH,2025-02-24 16:30:00,7.72,6.2,52.6
NORTH,2025-02-24 17:00:00,7.01,2.91,66.6
NORTH,2025-02-24 17:30:00,6.06,6.39,60.4
NORTH,2025-02-24 18:00:00,9.02,4.44,48.0
NORTH,2025-02-24 18:30:00,7.2,2.6,32.9
NORTH,2025-02-24 19:00:00,9.12,3.67,32.4
NORTH,2025-02-24 19:30:00,7.96,5.3,83.3
NORTH,2025-02-24 20:00:00,7.23,8.32,42.7
NORTH,2025-02-24 20:30:00,6.72,7.51,41.3
NORTH,2025-02-24 21:00:00,10.53,2.67,54.7
NORTH,2025-02-24 21:30:00,7.13,6.55,80.5
NORTH,2025-02-24 22:00:00,7.71,3.85,71.9
NORTH,2025-02-24 22:30:00,7.93,6.73,58.1
NORTH,2025-02-24 23:00:00,7.56,0.83,36.7
NORTH,2025-02-24 23:30:00,8.89,4.47,74.7
NORTH,2025-02-25 00:00:00,7.15,0.72,51.1
NORTH,2025-02-25 00:30:00,10.27,2.07,59.3
NORTH,2025-02-25 01:00:00,4.44,2.96,52.5
NORTH,2025-02-25 01:30:00,7.74,3.36,32.7
NORTH,2025-02-25 02:00:00,6.03,3.59,42.1
NORTH,2025-02-25 02:30:00,5.8,6.01,48.8
NORTH,2025-02-25 03:00:00,6.83,3.65,37.9
NORTH,2025-02-25 03:30:00,5.91,4.58,91.3
NORTH,2025-02-25 04:00:00,4.9,3.83,76.4
NORTH,2025-02-25 04:30:00,7.34,2.7,57.2
NORTH,2025-02-25 05:00:00,6.74,5.02,78.6
NORTH,2025-02-25 05:30:00,6.81,5.11,62.6
NORTH,2025-02-25 06:00:00,4.29,3.51,56.8
NORTH,2025-02-25 06:30:00,6.53,4.35,63.3
NORTH,2025-02-25 07:00:00,3.7,6.41,46.2
NORTH,2025-02-25 07:30:00,4.55,6.62,76.0
NORTH,2025-02-25 08:00:00,3.8,1.84,56.3
NORTH,2025-02-25 08:30:00,4.13,1.07,46.4
NORTH,2025-02-25 09:00:00,1.59,5.81,75.1
NORTH,2025-02-25 09:30:00,6.58,4.71,51.9
NORTH,2025-02-25 10:00:00,6.32,2.6,36.1
NORTH,2025-02-25 10:30:00,4.91,4.82,45.4
NORTH,2025-02-25 11:00:00,4.15,3.17,67.4
NORTH,2025-02-25 11:30:00,5.23,9.27,57.6
NORTH,2025-02-25 12:00:00,6.72,1.1,70.6
NORTH,2025-02-25 12:30:00,5.27,3.98,90.4
NORTH,2025-02-25 13:00:00,5.86,1.38,39.3
NORTH,2025-02-25 13:30:00,6.51,4.24,61.4
NORTH,2025-02-25 14:00:00,5.28,8.05,86.4
NORTH,2025-02-25 14:30:00,6.98,0.96,88.5
NORTH,2025-02-25 15:00:00,8.71,4.21,81.6
NORTH,2025-02-25 15:30:00,6.75,2.08,62.8
NORTH,2025-02-25 16:00:00,5.96,1.78,69.8
NORTH,2025-02-25 16:30:00,8.11,1.24,52.6
NORTH,2025-02-25 17:00:00,6.63,3.02,49.2
NORTH,2025-02-25 17:30:00,9.43,3.69,55.6
NORTH,2025-02-25 18:00:00,8.08,0.56,58.2
NORTH,2025-02-25 18:30:00,9.13,4.46,72.5
NORTH,2025-02-25 19:00:00,9.64,8.4,39.7
NORTH,2025-02-25 19:30:00,9.04,4.69,54.2
NORTH,2025-02-25 20:00:00,8.06,5.0,67.3
NORTH,2025-02-25 20:30:00,7.56,0.4,51.2
NORTH,2025-02-25 21:00:00,7.95,5.21,43.4
NORTH,2025-02-25 21:30:00,8.54,0.59,32.1
NORTH,2025-02-25 22:00:00,7.63,3.5,45.2
NORTH,2025-02-25 22:30:00,8.73,0.6,56.1
NORTH,2025-02-25 23:00:00,7.99,1.1,64.1
NORTH,2025-02-25 23:30:00,5.63,2.63,74.2
NORTH,2025-02-26 00:00:00,5.21,5.34,39.0
NORTH,2025-02-26 00:30:00,7.17,6.81,48.7
NORTH,2025-02-26 01:00:00,9.33,3.39,58.5
NORTH,2025-02-26 01:30:00,8.41,5.09,62.8
NORTH,2025-02-26 02:00:00,6.32,0.9,33.0
NORTH,2025-02-26 02:30:00,8.45,7.4,62.3
NORTH,2025-02-26 03:00:00,4.23,2.46,45.2
NORTH,2025-02-26 03:30:00,5.69,2.23,69.4
NORTH,2025-02-26 04:00:00,6.18,7.16,53.0
NORTH,2025-02-26 04:30:00,6.12,5.48,78.4
NORTH,2025-02-26 05:00:00,3.98,4.81,62.6
NORTH,2025-02-26 05:30:00,5.83,4.12,90.8
NORTH,2025-02-26 06:00:00,4.08,2.1,45.2
NORTH,2025-02-26 06:30:00,4.8,4.59,51.8
NORTH,2025-02-26 07:00:00,6.15,3.99,58.3
NORTH,2025-02-26 07:30:00,3.35,7.64,59.1
NORTH,2025-02-26 08:00:00,6.84,2.76,75.0
NORTH,2025-02-26 08:30:00,4.2,7.64,80.2
NORTH,2025-02-26 09:00:00,5.97,2.55,94.3
NORTH,2025-02-26 09:30:00,7.39,3.24,62.9
NORTH,2025-02-26 10:00:00,6.26,0.06,80.6
NORTH,2025-02-26 10:30:00,6.38,2.87,20.5
NORTH,2025-02-26 11:00:00,5.86,1.73,31.4
NORTH,2025-02-26 11:30:00,5.91,6.64,56.1
NORTH,2025-02-26 12:00:00,7.3,5.33,35.3
NORTH,2025-02-26 12:30:00,5.21,6.16,49.9
NORTH,2025-02-26 13:00:00,7.34,3.18,73.0
NORTH,2025-02-26 13:30:00,6.88,3.5,72.5
NORTH,2025-02-26 14:00:00,4.29,1.83,51.7
NORTH,2025-02-26 14:30:00,8.29,1.11,59.4
NORTH,2025-02-26 15:00:00,7.78,4.5,58.2
NORTH,2025-02-26 15:30:00,6.65,3.51,77.5
NORTH,2025-02-26 16:00:00,7.05,0.0,68.4
NORTH,2025-02-26 16:30:00,9.67,1.9,84.5
NORTH,2025-02-26 17:00:00,8.92,1.69,47.3
NORTH,2025-02-26 17:30:00,7.4,4.34,56.7
NORTH,2025-02-26 18:00:00,9.94,5.7,32.2
NORTH,2025-02-26 18:30:00,6.91,5.23,50.7
NORTH,2025-02-26 19:00:00,8.6,5.09,75.5
NORTH,2025-02-26 19:30:00,7.33,0.0,58.0
NORTH,2025-02-26 20:00:00,7.85,4.13,58.4
NORTH,2025-02-26 20:30:00,7.71,8.17,60.3
NORTH,2025-02-26 21:00:00,8.12,4.2,69.5
NORTH,2025-02-26 21:30:00,8.05,8.64,32.6
NORTH,2025-02-26 22:00:00,6.87,0.8,60.1
NORTH,2025-02-26 22:30:00,9.18,3.34,68.5
NORTH,2025-02-26 23:00:00,8.84,3.28,67.7
NORTH,2025-02-26 23:30:00,8.06,3.18,51.0
NORTH,2025-02-27 00:00:00,8.21,6.44,38.3
NORTH,2025-02-27 00:30:00,7.36,4.33,91.6
NORTH,2025-02-27 01:00:00,7.97,2.37,43.4
NORTH,2025-02-27 01:30:00,8.63,3.37,37.8
NORTH,2025-02-27 02:00:00,8.15,4.62,38.5
NORTH,2025-02-27 02:30:00,5.33,0.0,48.8
NORTH,2025-02-27 03:00:00,6.78,5.92,67.6
NORTH,2025-02-27 03:30:00,4.85,3.43,85.7
NORTH,2025-02-27 04:00:00,5.32,5.54,71.6
NORTH,2025-02-27 04:30:00,6.85,4.86,73.6
NORTH,2025-02-27 05:00:00,3.74,7.03,27.5
NORTH,2025-02-27 05:30:00,5.89,3.9,48.7
NORTH,2025-02-27 06:00:00,4.03,5.1,74.4
NORTH,2025-02-27 06:30:00,5.08,3.42,83.1
NORTH,2025-02-27 07:00:00,4.5,3.92,56.3
NORTH,2025-02-27 07:30:00,7.97,2.32,75.0
NORTH,2025-02-27 08:00:00,2.89,2.08,54.4
NORTH,2025-02-27 08:30:00,4.78,3.45,58.2
NORTH,2025-02-27 09:00:00,4.18,6.58,42.0
NORTH,2025-02-27 09:30:00,5.9,5.36,42.9
NORTH,2025-02-27 10:00:00,4.76,4.0,90.2
NORTH,2025-02-27 10:30:00,4.76,11.25,73.8
NORTH,2025-02-27 11:00:00,5.93,5.77,29.1
NORTH,2025-02-27 11:30:00,6.93,1.35,75.7
NORTH,2025-02-27 12:00:00,5.22,2.4,91.9
NORTH,2025-02-27 12:30:00,5.81,0.94,77.5
NORTH,2025-02-27 13:00:00,4.95,6.72,59.7
NORTH,2025-02-27 13:30:00,4.89,5.64,69.4
NORTH,2025-02-27 14:00:00,4.39,3.87,65.4
NORTH,2025-02-27 14:30:00,7.22,3.63,73.4
NORTH,2025-02-27 15:00:00,8.13,4.06,55.7
NORTH,2025-02-27 15:30:00,7.63,2.79,41.6
NORTH,2025-02-27 16:00:00,6.59,3.8,44.6
NORTH,2025-02-27 16:30:00,7.74,6.66,56.3
NORTH,2025-02-27 17:00:00,8.51,3.54,83.5
NORTH,2025-02-27 17:30:00,10.34,3.06,73.1
NORTH,2025-02-27 18:00:00,11.18,1.68,77.6
NORTH,2025-02-27 18:30:00,6.58,4.06,57.5
NORTH,2025-02-27 19:00:00,6.82,6.18,62.7
NORTH,2025-02-27 19:30:00,7.75,4.66,76.3
NORTH,2025-02-27 20:00:00,6.81,0.0,59.2
NORTH,2025-02-27 20:30:00,8.01,6.68,53.3
NORTH,2025-02-27 21:00:00,9.24,3.63,32.2
NORTH,2025-02-27 21:30:00,8.9,1.35,35.2
NORTH,2025-02-27 22:00:00,7.35,1.63,56.2
NORTH,2025-02-27 22:30:00,8.2,4.57,31.7
NORTH,2025-02-27 23:00:00,8.05,3.04,63.6
NORTH,2025-02-27 23:30:00,8.65,4.31,42.2
NORTH,2025-02-28 00:00:00,8.02,2.97,83.7
NORTH,2025-02-28 00:30:00,8.12,4.16,36.9
NORTH,2025-02-28 01:00:00,6.8,4.52,58.6
NORTH,2025-02-28 01:30:00,7.4,0.49,45.3
NORTH,2025-02-28 02:00:00,6.66,6.4,26.0
NORTH,2025-02-28 02:30:00,5.74,0.2,65.9
NORTH,2025-02-28 03:00:00,7.89,4.72,70.4
NORTH,2025-02-28 03:30:00,5.23,4.74,46.1
NORTH,2025-02-28 04:00:00,6.06,5.0,54.7
NORTH,2025-02-28 04:30:00,6.97,3.67,64.9
NORTH,2025-02-28 05:00:00,7.84,4.99,46.5
NORTH,2025-02-28 05:30:00,5.0,5.75,78.8
NORTH,2025-02-28 06:00:00,5.21,0.95,42.9
NORTH,2025-02-28 06:30:00,5.47,5.16,78.1
NORTH,2025-02-28 07:00:00,2.62,5.74,85.7
NORTH,2025-02-28 07:30:00,2.18,3.99,73.6
NORTH,2025-02-28 08:00:00,3.29,3.0,70.1
NORTH,2025-02-28 08:30:00,4.36,3.27,64.0
NORTH,2025-02-28 09:00:00,3.65,1.87,68.4
NORTH,2025-02-28 09:30:00,6.2,4.8,84.5
NORTH,2025-02-28 10:00:00,5.76,7.69,61.2
NORTH,2025-02-28 10:30:00,5.56,4.81,48.7
NORTH,2025-02-28 11:00:00,4.64,2.2,50.0
NORTH,2025-02-28 11:30:00,8.06,7.64,54.1
NORTH,2025-02-28 12:00:00,5.48,0.0,42.1
NORTH,2025-02-28 12:30:00,5.02,3.12,49.7
NORTH,2025-02-28 13:00:00,6.73,5.55,46.9
NORTH,2025-02-28 13:30:00,8.19,4.69,76.0
NORTH,2025-02-28 14:00:00,6.46,5.09,68.2
NORTH,2025-02-28 14:30:00,8.75,5.31,75.4
NORTH,2025-02-28 15:00:00,6.87,6.39,37.0
NORTH,2025-02-28 15:30:00,6.82,4.56,39.3
NORTH,2025-02-28 16:00:00,6.88,2.15,66.8
NORTH,2025-02-28 16:30:00,7.8,5.93,93.9
NORTH,2025-02-28 17:00:00,8.73,2.98,66.6
NORTH,2025-02-28 17:30:00,7.33,3.87,104.3
NORTH,2025-02-28 18:00:00,8.48,4.61,57.1
NORTH,2025-02-28 18:30:00,8.23,4.96,37.1
NORTH,2025-02-28 19:00:00,8.72,1.29,87.8
NORTH,2025-02-28 19:30:00,10.1,2.46,26.6
NORTH,2025-02-28 20:00:00,9.58,3.91,100.4
NORTH,2025-02-28 20:30:00,10.67,5.27,50.5
NORTH,2025-02-28 21:00:00,8.61,4.6,66.4
NORTH,2025-02-28 21:30:00,8.07,1.27,94.7
NORTH,2025-02-28 22:00:00,8.76,4.85,44.6
NORTH,2025-02-28 22:30:00,10.36,6.08,61.1
NORTH,2025-02-28 23:00:00,8.65,4.57,61.8
NORTH,2025-02-28 23:30:00,9.07,4.75,56.8
NORTH,2025-03-01 00:00:00,6.64,3.95,73.5
NORTH,2025-03-01 00:30:00,8.85,6.62,85.5
NORTH,2025-03-01 01:00:00,8.4,4.37,66.2
NORTH,2025-03-01 01:30:00,6.87,5.6,83.8
NORTH,2025-03-01 02:00:00,8.29,5.11,55.7
NORTH,2025-03-01 02:30:00,6.61,3.68,46.9
NORTH,2025-03-01 03:00:00,6.85,0.0,50.3
NORTH,2025-03-01 03:30:00,6.61,9.0,60.1
NORTH,2025-03-01 04:00:00,6.09,2.33,91.0
NORTH,2025-03-01 04:30:00,5.07,8.07,46.7
NORTH,2025-03-01 05:00:00,6.76,3.89,49.9
NORTH,2025-03-01 05:30:00,6.84,6.66,56.7
NORTH,2025-03-01 06:00:00,5.28,3.17,64.0
NORTH,2025-03-01 06:30:00,4.0,0.0,26.3
NORTH,2025-03-01 07:00:00,4.84,1.86,57.9
NORTH,2025-03-01 07:30:00,4.49,2.59,48.3
NORTH,2025-03-01 08:00:00,6.2,4.47,88.2
NORTH,2025-03-01 08:30:00,5.17,0.18,41.2
NORTH,2025-03-01 09:00:00,5.25,4.48,49.5
NORTH,2025-03-01 09:30:00,4.15,2.78,57.4
NORTH,2025-03-01 10:00:00,5.25,1.8,64.4
NORTH,2025-03-01 10:30:00,5.59,3.78,47.6
NORTH,2025-03-01 11:00:00,6.43,6.65,51.9
NORTH,2025-03-01 11:30:00,4.87,4.93,38.9
NORTH,2025-03-01 12:00:00,4.51,2.7,65.6
NORTH,2025-03-01 12:30:00,4.99,3.96,23.8
NORTH,2025-03-01 13:00:00,7.26,6.88,43.6
NORTH,2025-03-01 13:30:00,7.06,3.58,61.9
NORTH,2025-03-01 14:00:00,6.75,3.39,45.0
NORTH,2025-03-01 14:30:00,5.73,6.2,29.8
NORTH,2025-03-01 15:00:00,7.54,3.87,59.2
NORTH,2025-03-01 15:30:00,8.36,3.26,71.8
NORTH,2025-03-01 16:00:00,10.42,3.7,23.4
NORTH,2025-03-01 16:30:00,7.87,3.52,67.2
NORTH,2025-03-01 17:00:00,6.06,4.65,52.4
NORTH,2025-03-01 17:30:00,9.42,2.96,75.6
NORTH,2025-03-01 18:00:00,6.96,4.04,42.5
NORTH,2025-03-01 18:30:00,8.19,9.44,42.9
NORTH,2025-03-01 19:00:00,8.53,1.71,54.5
NORTH,2025-03-01 19:30:00,8.79,2.53,88.4
NORTH,2025-03-01 20:00:00,10.43,2.11,74.7
NORTH,2025-03-01 20:30:00,8.47,1.54,47.1
NORTH,2025-03-01 21:00:00,7.47,5.88,44.2
NORTH,2025-03-01 21:30:00,10.52,4.28,52.7
NORTH,2025-03-01 22:00:00,8.17,7.51,60.2
NORTH,2025-03-01 22:30:00,8.17,5.71,70.5
NORTH,2025-03-01 23:00:00,7.27,4.01,27.4
NORTH,2025-03-01 23:30:00,8.42,4.63,68.1
NORTH,2025-03-02 00:00:00,6.9,2.52,64.5
NORTH,2025-03-02 00:30:00,9.6,4.18,50.0
NORTH,2025-03-02 01:00:00,8.78,4.26,63.2
NORTH,2025-03-02 01:30:00,8.57,3.81,43.2
NORTH,2025-03-02 02:00:00,6.91,6.22,94.1
NORTH,2025-03-02 02:30:00,5.63,7.27,53.4
NORTH,2025-03-02 03:00:00,6.6,7.4,52.6
NORTH,2025-03-02 03:30:00,6.25,2.71,60.7
NORTH,2025-03-02 04:00:00,6.47,2.63,86.1
NORTH,2025-03-02 04:30:00,5.2,5.0,60.5
NORTH,2025-03-02 05:00:00,7.17,2.39,70.3
NORTH,2025-03-02 05:30:00,8.59,1.12,43.8
NORTH,2025-03-02 06:00:00,7.86,3.73,62.0
NORTH,2025-03-02 06:30:00,4.96,7.31,31.0
NORTH,2025-03-02 07:00:00,4.41,1.04,31.8
NORTH,2025-03-02 07:30:00,3.86,3.74,47.1
NORTH,2025-03-02 08:00:00,4.17,2.14,43.6
NORTH,2025-03-02 08:30:00,3.98,4.47,48.6
NORTH,2025-03-02 09:00:00,1.96,3.93,73.5
NORTH,2025-03-02 09:30:00,4.83,1.48,73.4
NORTH,2025-03-02 10:00:00,3.72,3.36,59.6
NORTH,2025-03-02 10:30:00,6.66,5.16,64.3
NORTH,2025-03-02 11:00:00,6.8,1.68,88.4
NORTH,2025-03-02 11:30:00,2.0,6.86,44.9
NORTH,2025-03-02 12:00:00,6.55,6.9,70.1
NORTH,2025-03-02 12:30:00,6.54,5.73,33.4
NORTH,2025-03-02 13:00:00,4.98,4.54,56.4
NORTH,2025-03-02 13:30:00,6.2,6.48,80.7
NORTH,2025-03-02 14:00:00,5.99,4.88,31.8
NORTH,2025-03-02 14:30:00,5.19,2.21,59.0
NORTH,2025-03-02 15:00:00,6.83,4.9,59.7
NORTH,2025-03-02 15:30:00,8.95,5.09,41.3
NORTH,2025-03-02 16:00:00,9.18,2.28,67.4
NORTH,2025-03-02 16:30:00,7.5,6.65,73.2
NORTH,2025-03-02 17:00:00,7.68,3.23,118.8
NORTH,2025-03-02 17:30:00,7.0,2.56,47.9
NORTH,2025-03-02 18:00:00,7.44,1.89,58.0
NORTH,2025-03-02 18:30:00,9.4,0.81,51.0
NORTH,2025-03-02 19:00:00,8.06,1.66,77.9
NORTH,2025-03-02 19:30:00,8.11,1.26,75.8
NORTH,2025-03-02 20:00:00,10.6,4.48,43.1
NORTH,2025-03-02 20:30:00,8.76,2.69,59.1
NORTH,2025-03-02 21:00:00,9.89,3.95,59.9
NORTH,2025-03-02 21:30:00,8.41,5.33,66.6
NORTH,2025-03-02 22:00:00,6.62,0.44,54.0
NORTH,2025-03-02 22:30:00,9.99,6.33,73.7
NORTH,2025-03-02 23:00:00,8.33,6.93,47.0
NORTH,2025-03-02 23:30:00,8.1,1.16,53.8
NORTH,2025-03-03 00:00:00,7.11,7.08,84.1
NORTH,2025-03-03 00:30:00,8.22,4.93,49.1
NORTH,2025-03-03 01:00:00,4.62,2.48,73.5
NORTH,2025-03-03 01:30:00,8.19,3.22,73.3
NORTH,2025-03-03 02:00:00,6.58,1.72,73.3
NORTH,2025-03-03 02:30:00,6.41,6.05,24.0
NORTH,2025-03-03 03:00:00,5.95,5.19,68.9
NORTH,2025-03-03 03:30:00,6.36,4.57,62.5
NORTH,2025-03-03 04:00:00,4.36,3.27,64.1
NORTH,2025-03-03 04:30:00,6.75,3.87,50.1
NORTH,2025-03-03 05:00:00,4.13,5.51,71.6
NORTH,2025-03-03 05:30:00,6.92,1.84,62.2
NORTH,2025-03-03 06:00:00,4.58,4.09,112.3
NORTH,2025-03-03 06:30:00,6.5,2.49,55.5
NORTH,2025-03-03 07:00:00,4.78,4.25,32.6
NORTH,2025-03-03 07:30:00,5.6,0.0,29.9
NORTH,2025-03-03 08:00:00,7.55,3.28,85.7
NORTH,2025-03-03 08:30:00,4.17,0.0,41.1
NORTH,2025-03-03 09:00:00,8.44,1.18,92.0
NORTH,2025-03-03 09:30:00,5.63,4.24,46.5
NORTH,2025-03-03 10:00:00,4.33,5.13,83.7
NORTH,2025-03-03 10:30:00,5.65,5.48,52.3
NORTH,2025-03-03 11:00:00,8.34,4.48,96.6
NORTH,2025-03-03 11:30:00,4.57,3.91,79.3
NORTH,2025-03-03 12:00:00,6.32,5.04,42.4
NORTH,2025-03-03 12:30:00,5.66,2.25,58.5
NORTH,2025-03-03 13:00:00,6.4,2.94,71.4
NORTH,2025-03-03 13:30:00,5.35,0.0,49.7
NORTH,2025-03-03 14:00:00,9.73,5.02,44.8
NORTH,2025-03-03 14:30:00,7.68,3.73,67.0
NORTH,2025-03-03 15:00:00,8.72,4.39,62.2
NORTH,2025-03-03 15:30:00,9.45,5.08,63.5
NORTH,2025-03-03 16:00:00,8.2,2.87,37.6
NORTH,2025-03-03 16:30:00,8.95,6.55,67.7
NORTH,2025-03-03 17:00:00,9.24,2.23,49.3
NORTH,2025-03-03 17:30:00,7.02,3.5,77.7
NORTH,2025-03-03 18:00:00,8.04,3.85,72.6
NORTH,2025-03-03 18:30:00,10.33,0.71,51.4
NORTH,2025-03-03 19:00:00,8.19,2.25,53.1
NORTH,2025-03-03 19:30:00,6.74,3.26,60.6
NORTH,2025-03-03 20:00:00,7.89,3.04,60.4
NORTH,2025-03-03 20:30:00,9.29,0.73,72.6
NORTH,2025-03-03 21:00:00,9.95,2.52,90.2
NORTH,2025-03-03 21:30:00,9.63,4.62,72.3
NORTH,2025-03-03 22:00:00,7.64,3.29,71.1
NORTH,2025-03-03 22:30:00,7.92,3.3,70.8
NORTH,2025-03-03 23:00:00,8.93,4.04,61.1
NORTH,2025-03-03 23:30:00,8.35,5.71,97.6
NORTH,2025-03-04 00:00:00,8.55,6.56,52.1
NORTH,2025-03-04 00:30:00,7.38,2.42,43.5
NORTH,2025-03-04 01:00:00,7.36,5.77,78.1
NORTH,2025-03-04 01:30:00,7.1,3.35,60.0
NORTH,2025-03-04 02:00:00,7.48,5.17,52.8
NORTH,2025-03-04 02:30:00,6.96,6.71,55.0
NORTH,2025-03-04 03:00:00,5.99,3.83,61.4
NORTH,2025-03-04 03:30:00,4.83,3.11,67.6
NORTH,2025-03-04 04:00:00,8.6,2.94,73.8
NORTH,2025-03-04 04:30:00,6.41,6.32,48.9
NORTH,2025-03-04 05:00:00,7.11,6.8,86.0
NORTH,2025-03-04 05:30:00,7.5,4.38,70.5
NORTH,2025-03-04 06:00:00,4.96,0.0,64.6
NORTH,2025-03-04 06:30:00,5.27,5.93,75.5
NORTH,2025-03-04 07:00:00,3.99,8.68,67.0
NORTH,2025-03-04 07:30:00,3.72,1.71,20.8
NORTH,2025-03-04 08:00:00,6.11,2.95,44.9
NORTH,2025-03-04 08:30:00,4.43,3.4,70.4
NORTH,2025-03-04 09:00:00,3.29,1.86,68.4
NORTH,2025-03-04 09:30:00,4.55,5.16,51.0
NORTH,2025-03-04 10:00:00,7.36,4.42,82.1
NORTH,2025-03-04 10:30:00,6.09,5.16,46.5
NORTH,2025-03-04 11:00:00,7.18,4.43,42.8
NORTH,2025-03-04 11:30:00,3.25,4.28,87.1
NORTH,2025-03-04 12:00:00,5.11,2.12,54.3
NORTH,2025-03-04 12:30:00,7.52,0.33,48.3
NORTH,2025-03-04 13:00:00,5.47,5.12,57.4
NORTH,2025-03-04 13:30:00,6.26,3.64,74.1
NORTH,2025-03-04 14:00:00,8.54,6.05,70.4
NORTH,2025-03-04 14:30:00,8.86,2.14,67.0
NORTH,2025-03-04 15:00:00,10.53,0.33,50.4
NORTH,2025-03-04 15:30:00,6.47,4.58,85.9
NORTH,2025-03-04 16:00:00,8.84,3.57,69.8
NORTH,2025-03-04 16:30:00,7.85,4.39,71.1
NORTH,2025-03-04 17:00:00,10.72,4.9,63.9
NORTH,2025-03-04 17:30:00,11.05,0.09,58.3
NORTH,2025-03-04 18:00:00,8.04,3.52,70.9
NORTH,2025-03-04 18:30:00,10.11,2.96,72.0
NORTH,2025-03-04 19:00:00,8.05,1.44,61.3
NORTH,2025-03-04 19:30:00,8.87,6.98,98.3
NORTH,2025-03-04 20:00:00,8.47,0.38,35.4
NORTH,2025-03-04 20:30:00,8.19,4.41,55.3
NORTH,2025-03-04 21:00:00,7.62,7.57,71.9
NORTH,2025-03-04 21:30:00,11.24,0.4,82.9
NORTH,2025-03-04 22:00:00,8.75,3.22,60.4
NORTH,2025-03-04 22:30:00,8.09,3.71,77.0
NORTH,2025-03-04 23:00:00,6.26,6.99,67.1
NORTH,2025-03-04 23:30:00,8.48,5.87,66.5
NORTH,2025-03-05 00:00:00,7.67,2.45,87.0
NORTH,2025-03-05 00:30:00,6.47,3.61,34.6
NORTH,2025-03-05 01:00:00,8.35,3.81,37.5
NORTH,2025-03-05 01:30:00,6.72,4.09,65.1
NORTH,2025-03-05 02:00:00,4.92,2.59,62.9
NORTH,2025-03-05 02:30:00,8.7,5.68,51.8
NORTH,2025-03-05 03:00:00,7.93,3.37,3.8
NORTH,2025-03-05 03:30:00,8.46,4.92,63.4
NORTH,2025-03-05 04:00:00,6.26,4.61,60.1
NORTH,2025-03-05 04:30:00,5.9,2.69,61.4
NORTH,2025-03-05 05:00:00,4.78,1.72,64.9
NORTH,2025-03-05 05:30:00,7.01,2.41,48.8
NORTH,2025-03-05 06:00:00,3.48,1.37,37.0
NORTH,2025-03-05 06:30:00,6.69,0.53,68.3
NORTH,2025-03-05 07:00:00,5.0,5.21,81.0
NORTH,2025-03-05 07:30:00,5.28,6.27,87.9
NORTH,2025-03-05 08:00:00,6.86,2.66,24.6
NORTH,2025-03-05 08:30:00,5.1,4.36,24.8
NORTH,2025-03-05 09:00:00,5.39,0.0,87.8
NORTH,2025-03-05 09:30:00,5.89,2.36,62.3
NORTH,2025-03-05 10:00:00,5.82,4.97,61.2
NORTH,2025-03-05 10:30:00,6.65,1.46,57.7
NORTH,2025-03-05 11:00:00,7.98,3.3,64.3
NORTH,2025-03-05 11:30:00,4.64,8.31,65.1
NORTH,2025-03-05 12:00:00,4.74,6.18,40.7
NORTH,2025-03-05 12:30:00,7.07,6.06,96.5
NORTH,2025-03-05 13:00:00,7.0,4.1,23.5
NORTH,2025-03-05 13:30:00,6.18,2.57,56.7
NORTH,2025-03-05 14:00:00,6.62,5.57,49.9
NORTH,2025-03-05 14:30:00,7.82,3.77,48.8
NORTH,2025-03-05 15:00:00,6.91,4.47,84.7
NORTH,2025-03-05 15:30:00,6.89,4.1,68.7
NORTH,2025-03-05 16:00:00,8.22,0.48,68.6
NORTH,2025-03-05 16:30:00,6.44,1.01,36.5
NORTH,2025-03-05 17:00:00,8.47,2.07,34.2
NORTH,2025-03-05 17:30:00,9.12,3.95,73.6
NORTH,2025-03-05 18:00:00,8.1,3.87,74.4
NORTH,2025-03-05 18:30:00,7.4,2.68,77.9
NORTH,2025-03-05 19:00:00,9.2,3.7,59.3
NORTH,2025-03-05 19:30:00,10.65,3.95,60.8
NORTH,2025-03-05 20:00:00,9.23,0.77,69.0
NORTH,2025-03-05 20:30:00,8.26,1.48,28.6
NORTH,2025-03-05 21:00:00,7.33,0.0,41.5
NORTH,2025-03-05 21:30:00,8.66,6.12,61.1
NORTH,2025-03-05 22:00:00,9.28,6.56,8.7
NORTH,2025-03-05 22:30:00,9.45,4.63,74.8
NORTH,2025-03-05 23:00:00,6.51,2.85,43.2
NORTH,2025-03-05 23:30:00,7.12,8.63,49.8
NORTH,2025-03-06 00:00:00,9.41,5.41,34.1
NORTH,2025-03-06 00:30:00,7.67,4.12,67.1
NORTH,2025-03-06 01:00:00,8.21,7.51,76.4
NORTH,2025-03-06 01:30:00,8.6,5.94,84.4
NORTH,2025-03-06 02:00:00,6.55,0.84,49.1
NORTH,2025-03-06 02:30:00,5.65,2.03,61.8
NORTH,2025-03-06 03:00:00,6.12,5.3,65.5
NORTH,2025-03-06 03:30:00,7.22,1.47,44.2
NORTH,2025-03-06 04:00:00,4.01,5.14,94.6
NORTH,2025-03-06 04:30:00,6.51,4.54,50.4
NORTH,2025-03-06 05:00:00,5.62,6.55,61.6
NORTH,2025-03-06 05:30:00,6.65,6.6,79.8
NORTH,2025-03-06 06:00:00,5.6,4.21,53.0
NORTH,2025-03-06 06:30:00,6.16,3.17,66.3
NORTH,2025-03-06 07:00:00,6.61,0.63,26.6
NORTH,2025-03-06 07:30:00,5.31,5.34,65.2
NORTH,2025-03-06 08:00:00,3.84,5.8,94.3
NORTH,2025-03-06 08:30:00,4.26,2.55,60.5
NORTH,2025-03-06 09:00:00,5.22,6.41,65.1
NORTH,2025-03-06 09:30:00,5.02,2.82,32.5
NORTH,2025-03-06 10:00:00,7.21,5.26,58.4
NORTH,2025-03-06 10:30:00,5.7,3.78,28.2
NORTH,2025-03-06 11:00:00,4.18,3.59,56.0
NORTH,2025-03-06 11:30:00,5.87,7.4,54.8
NORTH,2025-03-06 12:00:00,5.38,4.11,34.9
NORTH,2025-03-06 12:30:00,6.48,2.55,64.1
NORTH,2025-03-06 13:00:00,6.56,3.72,71.3
NORTH,2025-03-06 13:30:00,7.66,8.07,72.5
NORTH,2025-03-06 14:00:00,7.0,2.73,66.2
NORTH,2025-03-06 14:30:00,9.05,5.71,47.2
NORTH,2025-03-06 15:00:00,8.36,4.44,78.9
NORTH,2025-03-06 15:30:00,8.18,4.53,38.7
NORTH,2025-03-06 16:00:00,9.25,1.22,61.6
NORTH,2025-03-06 16:30:00,7.64,2.78,70.5
NORTH,2025-03-06 17:00:00,8.71,0.0,56.4
NORTH,2025-03-06 17:30:00,8.25,6.51,37.6
NORTH,2025-03-06 18:00:00,11.33,5.71,55.0
NORTH,2025-03-06 18:30:00,8.53,2.72,65.7
NORTH,2025-03-06 19:00:00,8.28,3.77,40.4
NORTH,2025-03-06 19:30:00,10.09,4.34,51.6
NORTH,2025-03-06 20:00:00,9.01,2.61,65.6
NORTH,2025-03-06 20:30:00,7.79,5.8,63.1
NORTH,2025-03-06 21:00:00,8.69,5.18,67.0
NORTH,2025-03-06 21:30:00,7.97,6.61,15.1
NORTH,2025-03-06 22:00:00,10.34,3.67,77.8
NORTH,2025-03-06 22:30:00,10.76,3.15,53.2
NORTH,2025-03-06 23:00:00,9.09,1.73,54.0
NORTH,2025-03-06 23:30:00,8.21,1.63,51.6
NORTH,2025-03-07 00:00:00,9.25,5.36,56.8
NORTH,2025-03-07 00:30:00,8.42,3.39,28.3
NORTH,2025-03-07 01:00:00,6.64,5.92,81.6
NORTH,2025-03-07 01:30:00,6.83,6.24,38.4
NORTH,2025-03-07 02:00:00,6.73,3.76,55.1
NORTH,2025-03-07 02:30:00,6.52,4.25,74.0
NORTH,2025-03-07 03:00:00,5.08,4.25,77.4
NORTH,2025-03-07 03:30:00,6.33,2.91,44.7
NORTH,2025-03-07 04:00:00,8.75,6.99,54.7
NORTH,2025-03-07 04:30:00,7.76,2.95,57.2
NORTH,2025-03-07 05:00:00,4.66,0.31,49.6
NORTH,2025-03-07 05:30:00,5.42,4.85,71.8
NORTH,2025-03-07 06:00:00,5.47,2.02,48.2
NORTH,2025-03-07 06:30:00,7.52,5.26,85.6
NORTH,2025-03-07 07:00:00,7.55,2.69,74.8
NORTH,2025-03-07 07:30:00,4.33,6.07,74.9
NORTH,2025-03-07 08:00:00,2.81,4.81,44.6
NORTH,2025-03-07 08:30:00,4.94,2.68,76.3
NORTH,2025-03-07 09:00:00,4.59,1.44,45.5
NORTH,2025-03-07 09:30:00,5.16,4.82,81.5
NORTH,2025-03-07 10:00:00,6.23,5.17,73.3
NORTH,2025-03-07 10:30:00,6.6,6.07,105.1
NORTH,2025-03-07 11:00:00,6.89,4.57,51.6
NORTH,2025-03-07 11:30:00,6.3,6.31,38.1
NORTH,2025-03-07 12:00:00,7.86,3.15,55.8
NORTH,2025-03-07 12:30:00,6.97,2.95,68.3
NORTH,2025-03-07 13:00:00,5.45,5.75,63.5
NORTH,2025-03-07 13:30:00,6.82,4.55,59.6
NORTH,2025-03-07 14:00:00,7.88,3.59,54.8
NORTH,2025-03-07 14:30:00,5.23,6.73,39.1
NORTH,2025-03-07 15:00:00,9.8,3.52,81.9
NORTH,2025-03-07 15:30:00,9.11,5.92,60.8
NORTH,2025-03-07 16:00:00,6.91,3.64,54.3
NORTH,2025-03-07 16:30:00,8.22,1.54,54.8
NORTH,2025-03-07 17:00:00,5.25,3.4,62.3
NORTH,2025-03-07 17:30:00,7.82,3.46,62.9
NORTH,2025-03-07 18:00:00,10.29,6.11,65.5
NORTH,2025-03-07 18:30:00,9.04,4.71,92.4
NORTH,2025-03-07 19:00:00,9.88,4.52,79.3
NORTH,2025-03-07 19:30:00,9.34,2.29,68.3
NORTH,2025-03-07 20:00:00,9.55,3.56,69.8
NORTH,2025-03-07 20:30:00,7.17,2.92,44.2
NORTH,2025-03-07 21:00:00,8.35,3.69,43.6
NORTH,2025-03-07 21:30:00,11.29,4.9,45.7
NORTH,2025-03-07 22:00:00,6.99,2.83,54.1
NORTH,2025-03-07 22:30:00,8.32,9.08,30.2
NORTH,2025-03-07 23:00:00,8.82,3.74,55.5
NORTH,2025-03-07 23:30:00,6.43,3.91,63.2
NORTH,2025-03-08 00:00:00,9.25,4.97,81.9
NORTH,2025-03-08 00:30:00,5.94,3.53,105.1
NORTH,2025-03-08 01:00:00,9.18,1.09,61.6
NORTH,2025-03-08 01:30:00,6.66,3.14,96.0
NORTH,2025-03-08 02:00:00,8.54,0.96,46.2
NORTH,2025-03-08 02:30:00,7.4,3.47,65.6
NORTH,2025-03-08 03:00:00,5.95,3.27,45.9
NORTH,2025-03-08 03:30:00,6.44,5.41,65.3
NORTH,2025-03-08 04:00:00,5.55,6.26,79.1
NORTH,2025-03-08 04:30:00,6.39,3.48,91.7
NORTH,2025-03-08 05:00:00,7.91,0.97,81.5
NORTH,2025-03-08 05:30:00,8.05,5.31,51.6
NORTH,2025-03-08 06:00:00,5.25,7.42,75.0
NORTH,2025-03-08 06:30:00,6.32,8.67,41.9
NORTH,2025-03-08 07:00:00,5.35,4.38,56.2
NORTH,2025-03-08 07:30:00,3.25,6.01,46.5
NORTH,2025-03-08 08:00:00,4.47,3.28,55.9
NORTH,2025-03-08 08:30:00,5.25,5.93,81.0
NORTH,2025-03-08 09:00:00,5.15,2.8,57.7
NORTH,2025-03-08 09:30:00,4.39,3.94,43.0
NORTH,2025-03-08 10:00:00,8.22,4.26,50.3
NORTH,2025-03-08 10:30:00,6.51,1.54,47.2
NORTH,2025-03-08 11:00:00,6.49,4.27,78.9
NORTH,2025-03-08 11:30:00,2.7,5.64,50.2
NORTH,2025-03-08 12:00:00,4.99,0.55,50.0
NORTH,2025-03-08 12:30:00,8.3,5.94,89.4
NORTH,2025-03-08 13:00:00,6.74,4.21,31.6
NORTH,2025-03-08 13:30:00,4.98,3.71,35.2
NORTH,2025-03-08 14:00:00,6.37,4.09,82.9
NORTH,2025-03-08 14:30:00,7.41,1.28,27.2
NORTH,2025-03-08 15:00:00,8.06,2.74,62.1
NORTH,2025-03-08 15:30:00,7.67,3.86,81.6
NORTH,2025-03-08 16:00:00,9.66,4.74,43.9
NORTH,2025-03-08 16:30:00,7.73,5.53,83.4
NORTH,2025-03-08 17:00:00,7.28,7.06,46.0
NORTH,2025-03-08 17:30:00,9.61,9.6,31.4
NORTH,2025-03-08 18:00:00,9.73,3.37,68.1
NORTH,2025-03-08 18:30:00,8.38,0.0,46.4
NORTH,2025-03-08 19:00:00,9.74,6.7,67.3
NORTH,2025-03-08 19:30:00,11.09,3.01,49.7
NORTH,2025-03-08 20:00:00,9.81,3.25,80.2
NORTH,2025-03-08 20:30:00,7.71,5.73,81.7
NORTH,2025-03-08 21:00:00,9.76,5.83,48.3
NORTH,2025-03-08 21:30:00,8.33,4.7,47.0
NORTH,2025-03-08 22:00:00,9.49,4.6,58.8
NORTH,2025-03-08 22:30:00,9.47,5.27,58.2
NORTH,2025-03-08 23:00:00,8.24,5.65,64.9
NORTH,2025-03-08 23:30:00,9.35,5.17,62.7
NORTH,2025-03-09 00:00:00,8.03,2.77,58.4
NORTH,2025-03-09 00:30:00,9.02,5.06,62.6
NORTH,2025-03-09 01:00:00,8.38,1.79,51.6
NORTH,2025-03-09 01:30:00,8.76,2.33,62.5
NORTH,2025-03-09 02:00:00,7.5,3.77,72.2
NORTH,2025-03-09 02:30:00,7.71,1.61,69.3
NORTH,2025-03-09 03:00:00,6.32,1.27,73.4
NORTH,2025-03-09 03:30:00,5.5,3.29,65.3
NORTH,2025-03-09 04:00:00,6.35,2.75,42.1
NORTH,2025-03-09 04:30:00,5.53,1.85,57.7
NORTH,2025-03-09 05:00:00,5.37,1.24,54.8
NORTH,2025-03-09 05:30:00,5.26,4.54,66.5
NORTH,2025-03-09 06:00:00,7.32,5.3,40.4
NORTH,2025-03-09 06:30:00,3.1,0.96,51.0
NORTH,2025-03-09 07:00:00,3.58,2.77,60.6
NORTH,2025-03-09 07:30:00,4.83,4.56,49.0
NORTH,2025-03-09 08:00:00,4.53,7.42,59.4
NORTH,2025-03-09 08:30:00,5.58,5.69,75.8
NORTH,2025-03-09 09:00:00,5.07,6.09,51.9
NORTH,2025-03-09 09:30:00,6.73,1.53,54.5
NORTH,2025-03-09 10:00:00,5.98,4.72,44.8
NORTH,2025-03-09 10:30:00,3.73,4.92,56.3
NORTH,2025-03-09 11:00:00,5.56,7.31,54.7
NORTH,2025-03-09 11:30:00,5.41,0.4,40.5
NORTH,2025-03-09 12:00:00,7.49,2.55,71.3
NORTH,2025-03-09 12:30:00,4.89,2.26,43.9
NORTH,2025-03-09 13:00:00,7.5,3.58,40.0
NORTH,2025-03-09 13:30:00,7.78,4.99,66.1
NORTH,2025-03-09 14:00:00,7.8,2.29,82.7
NORTH,2025-03-09 14:30:00,7.32,4.54,66.9
NORTH,2025-03-09 15:00:00,6.83,7.79,59.5
NORTH,2025-03-09 15:30:00,8.0,3.17,80.7
NORTH,2025-03-09 16:00:00,9.87,4.32,33.6
NORTH,2025-03-09 16:30:00,8.24,3.87,51.9
NORTH,2025-03-09 17:00:00,7.68,0.89,86.5
NORTH,2025-03-09 17:30:00,9.75,4.07,48.3
NORTH,2025-03-09 18:00:00,9.61,4.41,52.8
NORTH,2025-03-09 18:30:00,9.64,5.02,72.4
NORTH,2025-03-09 19:00:00,8.31,4.86,81.2
NORTH,2025-03-09 19:30:00,9.73,8.42,56.8
NORTH,2025-03-09 20:00:00,7.38,2.3,48.0
NORTH,2025-03-09 20:30:00,10.11,5.66,62.4
NORTH,2025-03-09 21:00:00,9.72,7.83,45.0
NORTH,2025-03-09 21:30:00,9.29,3.1,38.9
NORTH,2025-03-09 22:00:00,6.74,6.59,46.2
NORTH,2025-03-09 22:30:00,8.87,4.86,38.6
NORTH,2025-03-09 23:00:00,7.85,3.96,52.1
NORTH,2025-03-09 23:30:00,7.32,5.21,51.6
NORTH,2025-03-10 00:00:00,8.65,4.11,77.5
NORTH,2025-03-10 00:30:00,8.91,2.27,80.9
NORTH,2025-03-10 01:00:00,7.44,2.37,42.7
NORTH,2025-03-10 01:30:00,5.19,2.78,67.1
NORTH,2025-03-10 02:00:00,5.85,7.42,19.7
NORTH,2025-03-10 02:30:00,6.55,1.02,76.5
NORTH,2025-03-10 03:00:00,7.75,3.47,34.4
NORTH,2025-03-10 03:30:00,5.53,4.5,47.8
NORTH,2025-03-10 04:00:00,5.81,3.85,52.6
NORTH,2025-03-10 04:30:00,4.39,1.34,36.5
NORTH,2025-03-10 05:00:00,5.2,4.18,60.9
NORTH,2025-03-10 05:30:00,7.5,1.19,65.5
NORTH,2025-03-10 06:00:00,4.81,7.95,58.1
NORTH,2025-03-10 06:30:00,5.08,4.55,63.5
NORTH,2025-03-10 07:00:00,5.1,5.19,87.2
NORTH,2025-03-10 07:30:00,6.66,3.7,92.0
NORTH,2025-03-10 08:00:00,6.07,1.8,61.0
NORTH,2025-03-10 08:30:00,5.23,2.92,65.7
NORTH,2025-03-10 09:00:00,3.3,7.21,71.0
NORTH,2025-03-10 09:30:00,3.35,5.2,68.0
NORTH,2025-03-10 10:00:00,7.51,7.45,94.1
NORTH,2025-03-10 10:30:00,5.42,5.08,51.4
NORTH,2025-03-10 11:00:00,7.25,0.0,37.0
NORTH,2025-03-10 11:30:00,5.55,3.88,62.9
NORTH,2025-03-10 12:00:00,8.02,2.7,36.7
NORTH,2025-03-10 12:30:00,6.02,2.79,70.0
NORTH,2025-03-10 13:00:00,8.8,6.87,79.6
NORTH,2025-03-10 13:30:00,6.29,3.68,67.6
NORTH,2025-03-10 14:00:00,6.56,2.65,66.7
NORTH,2025-03-10 14:30:00,5.85,6.19,52.8
NORTH,2025-03-10 15:00:00,8.65,4.41,82.6
NORTH,2025-03-10 15:30:00,5.45,6.52,82.3
NORTH,2025-03-10 16:00:00,8.83,5.04,70.7
NORTH,2025-03-10 16:30:00,7.41,4.11,76.0
NORTH,2025-03-10 17:00:00,6.76,4.94,61.6
NORTH,2025-03-10 17:30:00,9.65,1.46,46.6
NORTH,2025-03-10 18:00:00,7.54,1.19,75.0
NORTH,2025-03-10 18:30:00,8.51,2.68,79.6
NORTH,2025-03-10 19:00:00,9.01,5.93,41.1
NORTH,2025-03-10 19:30:00,9.0,2.19,69.9
NORTH,2025-03-10 20:00:00,9.24,5.46,62.8
NORTH,2025-03-10 20:30:00,7.15,3.47,32.4
NORTH,2025-03-10 21:00:00,9.84,5.11,71.9
NORTH,2025-03-10 21:30:00,9.27,0.74,63.8
NORTH,2025-03-10 22:00:00,9.71,3.63,61.5
NORTH,2025-03-10 22:30:00,6.95,4.13,58.0
NORTH,2025-03-10 23:00:00,7.45,5.06,51.1
NORTH,2025-03-10 23:30:00,9.18,4.98,65.9
NORTH,2025-03-11 00:00:00,6.92,3.23,98.3
NORTH,2025-03-11 00:30:00,10.21,5.67,64.9
NORTH,2025-03-11 01:00:00,6.87,3.68,52.4
NORTH,2025-03-11 01:30:00,7.95,1.11,77.2
NORTH,2025-03-11 02:00:00,4.31,5.71,75.8
NORTH,2025-03-11 02:30:00,10.33,3.5,50.6
NORTH,2025-03-11 03:00:00,7.16,5.12,58.4
NORTH,2025-03-11 03:30:00,5.6,5.12,60.0
NORTH,2025-03-11 04:00:00,5.32,0.75,104.4
NORTH,2025-03-11 04:30:00,7.53,5.12,57.9
NORTH,2025-03-11 05:00:00,6.95,1.9,63.6
NORTH,2025-03-11 05:30:00,6.41,1.94,58.1
NORTH,2025-03-11 06:00:00,5.31,2.47,50.3
NORTH,2025-03-11 06:30:00,3.75,6.13,88.1
NORTH,2025-03-11 07:00:00,4.49,6.22,59.4
NORTH,2025-03-11 07:30:00,5.59,1.41,50.0
NORTH,2025-03-11 08:00:00,6.17,2.05,46.6
NORTH,2025-03-11 08:30:00,4.92,0.0,65.9
NORTH,2025-03-11 09:00:00,6.37,4.73,77.0
NORTH,2025-03-11 09:30:00,5.07,7.62,44.8
NORTH,2025-03-11 10:00:00,5.53,3.35,63.4
NORTH,2025-03-11 10:30:00,5.51,3.79,47.8
NORTH,2025-03-11 11:00:00,5.59,0.0,74.4
NORTH,2025-03-11 11:30:00,4.89,3.02,40.9
NORTH,2025-03-11 12:00:00,7.22,2.91,16.0
NORTH,2025-03-11 12:30:00,6.87,2.51,59.6
NORTH,2025-03-11 13:00:00,8.01,2.02,59.1
NORTH,2025-03-11 13:30:00,6.09,5.97,61.4
NORTH,2025-03-11 14:00:00,7.51,1.52,73.5
NORTH,2025-03-11 14:30:00,8.59,2.47,62.8
NORTH,2025-03-11 15:00:00,8.76,8.44,67.0
NORTH,2025-03-11 15:30:00,8.05,3.69,58.3
NORTH,2025-03-11 16:00:00,9.45,2.24,76.8
NORTH,2025-03-11 16:30:00,6.68,5.33,77.0
NORTH,2025-03-11 17:00:00,9.91,4.54,67.1
NORTH,2025-03-11 17:30:00,8.47,1.75,64.5
NORTH,2025-03-11 18:00:00,9.35,5.85,57.5
NORTH,2025-03-11 18:30:00,9.46,4.57,70.3
NORTH,2025-03-11 19:00:00,10.6,2.09,72.6
NORTH,2025-03-11 19:30:00,9.25,5.29,86.6
NORTH,2025-03-11 20:00:00,7.0,6.43,57.9
NORTH,2025-03-11 20:30:00,8.51,3.12,41.4
NORTH,2025-03-11 21:00:00,10.07,1.93,81.7
NORTH,2025-03-11 21:30:00,10.3,4.45,23.3
NORTH,2025-03-11 22:00:00,7.68,3.84,59.5
NORTH,2025-03-11 22:30:00,10.39,0.0,46.3
NORTH,2025-03-11 23:00:00,9.95,3.33,51.6
NORTH,2025-03-11 23:30:00,7.01,6.12,51.3
NORTH,2025-03-12 00:00:00,9.89,6.93,83.7
NORTH,2025-03-12 00:30:00,8.54,3.03,50.1
NORTH,2025-03-12 01:00:00,10.46,3.58,79.0
NORTH,2025-03-12 01:30:00,8.67,3.18,55.4
NORTH,2025-03-12 02:00:00,9.0,4.06,51.8
NORTH,2025-03-12 02:30:00,6.61,4.64,50.7
NORTH,2025-03-12 03:00:00,7.77,9.09,69.3
NORTH,2025-03-12 03:30:00,9.22,2.57,72.3
NORTH,2025-03-12 04:00:00,8.08,6.76,83.0
NORTH,2025-03-12 04:30:00,6.6,5.78,41.7
NORTH,2025-03-12 05:00:00,8.09,2.1,82.6
NORTH,2025-03-12 05:30:00,7.42,6.07,97.2
NORTH,2025-03-12 06:00:00,7.11,1.35,70.6
NORTH,2025-03-12 06:30:00,3.58,3.82,52.4
NORTH,2025-03-12 07:00:00,6.41,2.35,45.7
NORTH,2025-03-12 07:30:00,6.25,6.35,60.0
NORTH,2025-03-12 08:00:00,8.37,3.31,72.2
NORTH,2025-03-12 08:30:00,5.99,3.31,83.6
NORTH,2025-03-12 09:00:00,4.58,0.0,57.7
NORTH,2025-03-12 09:30:00,5.34,6.13,37.5
NORTH,2025-03-12 10:00:00,6.47,4.81,65.8
NORTH,2025-03-12 10:30:00,7.1,3.95,60.9
NORTH,2025-03-12 11:00:00,6.7,3.8,35.6
NORTH,2025-03-12 11:30:00,5.67,3.48,49.9
NORTH,2025-03-12 12:00:00,6.2,4.36,55.1
NORTH,2025-03-12 12:30:00,7.6,5.74,17.2
NORTH,2025-03-12 13:00:00,5.34,0.0,55.1
NORTH,2025-03-12 13:30:00,6.66,4.3,75.2
NORTH,2025-03-12 14:00:00,7.53,2.79,59.9
NORTH,2025-03-12 14:30:00,6.98,1.05,77.2
NORTH,2025-03-12 15:00:00,8.6,6.9,37.7
NORTH,2025-03-12 15:30:00,6.16,2.13,67.2
NORTH,2025-03-12 16:00:00,9.61,4.57,62.6
NORTH,2025-03-12 16:30:00,9.6,3.08,79.0
NORTH,2025-03-12 17:00:00,11.37,1.87,55.4
NORTH,2025-03-12 17:30:00,7.32,2.07,67.1
NORTH,2025-03-12 18:00:00,7.29,2.44,79.0
NORTH,2025-03-12 18:30:00,9.58,5.54,36.7
NORTH,2025-03-12 19:00:00,9.59,7.77,48.1
NORTH,2025-03-12 19:30:00,8.92,5.16,43.8
NORTH,2025-03-12 20:00:00,10.44,0.41,16.3
NORTH,2025-03-12 20:30:00,9.95,2.04,49.8
NORTH,2025-03-12 21:00:00,10.56,5.25,37.9
NORTH,2025-03-12 21:30:00,10.13,3.4,67.5
NORTH,2025-03-12 22:00:00,9.29,0.99,47.2
NORTH,2025-03-12 22:30:00,6.42,4.37,67.1
NORTH,2025-03-12 23:00:00,8.15,3.77,42.5
NORTH,2025-03-12 23:30:00,10.5,1.43,54.4
NORTH,2025-03-13 00:00:00,7.06,4.47,78.7
NORTH,2025-03-13 00:30:00,6.13,5.31,89.4
NORTH,2025-03-13 01:00:00,8.29,2.65,59.3
NORTH,2025-03-13 01:30:00,7.48,7.93,75.0
NORTH,2025-03-13 02:00:00,8.7,8.31,84.2
NORTH,2025-03-13 02:30:00,7.48,4.05,102.5
NORTH,2025-03-13 03:00:00,6.22,3.66,41.8
NORTH,2025-03-13 03:30:00,4.92,2.24,44.5
NORTH,2025-03-13 04:00:00,5.87,5.22,59.8
NORTH,2025-03-13 04:30:00,7.83,4.3,63.2
NORTH,2025-03-13 05:00:00,5.86,7.89,52.4
NORTH,2025-03-13 05:30:00,7.31,1.64,55.6
NORTH,2025-03-13 06:00:00,8.3,5.37,34.8
NORTH,2025-03-13 06:30:00,4.65,7.2,61.6
NORTH,2025-03-13 07:00:00,5.36,2.44,54.3
NORTH,2025-03-13 07:30:00,7.39,2.6,49.2
NORTH,2025-03-13 08:00:00,6.34,1.92,43.2
NORTH,2025-03-13 08:30:00,5.63,4.06,45.4
NORTH,2025-03-13 09:00:00,6.26,4.44,24.5
NORTH,2025-03-13 09:30:00,6.63,2.86,74.5
NORTH,2025-03-13 10:00:00,8.38,3.87,48.4
NORTH,2025-03-13 10:30:00,7.54,2.32,94.1
NORTH,2025-03-13 11:00:00,5.65,2.75,102.6
NORTH,2025-03-13 11:30:00,6.64,7.24,59.5
NORTH,2025-03-13 12:00:00,6.5,0.0,78.2
NORTH,2025-03-13 12:30:00,7.08,3.78,70.7
NORTH,2025-03-13 13:00:00,7.15,2.11,66.5
NORTH,2025-03-13 13:30:00,6.87,5.48,55.0
NORTH,2025-03-13 14:00:00,7.06,2.91,44.1
NORTH,2025-03-13 14:30:00,6.99,4.86,46.5
NORTH,2025-03-13 15:00:00,6.73,5.58,57.5
NORTH,2025-03-13 15:30:00,9.06,3.56,49.7
NORTH,2025-03-13 16:00:00,6.53,1.74,44.3
NORTH,2025-03-13 16:30:00,8.96,3.78,41.5
NORTH,2025-03-13 17:00:00,5.7,4.93,75.8
NORTH,2025-03-13 17:30:00,10.19,2.07,78.5
NORTH,2025-03-13 18:00:00,10.03,5.12,49.0
NORTH,2025-03-13 18:30:00,9.19,7.66,90.2
NORTH,2025-03-13 19:00:00,9.5,4.38,20.5
NORTH,2025-03-13 19:30:00,11.0,5.49,66.2
NORTH,2025-03-13 20:00:00,8.9,4.13,86.4
NORTH,2025-03-13 20:30:00,10.06,9.26,74.6
NORTH,2025-03-13 21:00:00,8.45,3.18,47.2
NORTH,2025-03-13 21:30:00,10.58,6.31,90.9
NORTH,2025-03-13 22:00:00,8.95,4.94,83.0
NORTH,2025-03-13 22:30:00,11.21,1.54,71.2
NORTH,2025-03-13 23:00:00,7.6,2.8,36.5
NORTH,2025-03-13 23:30:00,8.29,1.1,38.7
NORTH,2025-03-14 00:00:00,7.58,4.61,60.6
NORTH,2025-03-14 00:30:00,6.69,9.48,51.2
NORTH,2025-03-14 01:00:00,6.59,5.17,59.9
NORTH,2025-03-14 01:30:00,7.21,4.78,47.9
NORTH,2025-03-14 02:00:00,7.31,6.93,62.2
NORTH,2025-03-14 02:30:00,8.4,2.96,62.8
NORTH,2025-03-14 03:00:00,6.22,2.37,52.6
NORTH,2025-03-14 03:30:00,6.31,6.08,70.4
NORTH,2025-03-14 04:00:00,3.91,7.45,71.5
NORTH,2025-03-14 04:30:00,8.04,3.66,33.1
NORTH,2025-03-14 05:00:00,4.66,7.41,30.7
NORTH,2025-03-14 05:30:00,4.51,3.13,35.1
NORTH,2025-03-14 06:00:00,6.57,5.22,67.4
NORTH,2025-03-14 06:30:00,5.19,4.58,92.1
NORTH,2025-03-14 07:00:00,4.01,6.23,74.5
NORTH,2025-03-14 07:30:00,5.61,4.33,66.4
NORTH,2025-03-14 08:00:00,4.49,0.74,76.3
NORTH,2025-03-14 08:30:00,4.17,1.81,50.7
NORTH,2025-03-14 09:00:00,6.07,3.0,47.0
NORTH,2025-03-14 09:30:00,6.88,3.33,45.6
NORTH,2025-03-14 10:00:00,6.41,4.12,60.5
NORTH,2025-03-14 10:30:00,6.46,3.73,75.2
NORTH,2025-03-14 11:00:00,4.54,6.48,43.6
NORTH,2025-03-14 11:30:00,4.29,2.42,53.7
NORTH,2025-03-14 12:00:00,5.78,2.07,78.2
NORTH,2025-03-14 12:30:00,5.62,0.0,53.7
NORTH,2025-03-14 13:00:00,9.6,1.87,43.8
NORTH,2025-03-14 13:30:00,6.66,7.09,53.5
NORTH,2025-03-14 14:00:00,6.44,4.73,65.2
NORTH,2025-03-14 14:30:00,8.25,1.88,49.8
NORTH,2025-03-14 15:00:00,9.53,4.82,74.6
NORTH,2025-03-14 15:30:00,8.12,6.11,65.3
NORTH,2025-03-14 16:00:00,8.04,5.49,44.2
NORTH,2025-03-14 16:30:00,10.52,6.02,54.7
NORTH,2025-03-14 17:00:00,8.86,4.26,56.9
NORTH,2025-03-14 17:30:00,10.66,2.92,33.0
NORTH,2025-03-14 18:00:00,9.09,5.51,78.3
NORTH,2025-03-14 18:30:00,9.53,2.73,59.2
NORTH,2025-03-14 19:00:00,8.81,0.0,44.7
NORTH,2025-03-14 19:30:00,10.21,3.46,54.4
NORTH,2025-03-14 20:00:00,10.99,2.07,44.4
NORTH,2025-03-14 20:30:00,10.06,2.58,47.1
NORTH,2025-03-14 21:00:00,11.45,1.86,46.8
NORTH,2025-03-14 21:30:00,10.12,3.9,35.3
NORTH,2025-03-14 22:00:00,11.54,2.41,55.6
NORTH,2025-03-14 22:30:00,9.92,8.32,52.6
NORTH,2025-03-14 23:00:00,7.97,5.0,97.6
NORTH,2025-03-14 23:30:00,9.24,3.43,67.0
NORTH,2025-03-15 00:00:00,6.21,2.77,27.1
NORTH,2025-03-15 00:30:00,8.27,2.97,12.5
NORTH,2025-03-15 01:00:00,8.44,5.24,56.5
NORTH,2025-03-15 01:30:00,6.39,6.53,94.1
NORTH,2025-03-15 02:00:00,8.19,3.29,53.9
NORTH,2025-03-15 02:30:00,8.23,4.18,67.8
NORTH,2025-03-15 03:00:00,7.73,2.52,45.2
NORTH,2025-03-15 03:30:00,6.85,4.94,31.9
NORTH,2025-03-15 04:00:00,6.43,3.93,51.2
NORTH,2025-03-15 04:30:00,8.39,6.46,67.5
NORTH,2025-03-15 05:00:00,8.42,5.76,62.4
NORTH,2025-03-15 05:30:00,5.72,3.21,66.8
NORTH,2025-03-15 06:00:00,5.53,0.97,53.1
NORTH,2025-03-15 06:30:00,7.21,0.0,85.3
NORTH,2025-03-15 07:00:00,6.46,3.53,65.2
NORTH,2025-03-15 07:30:00,6.93,4.07,77.1
NORTH,2025-03-15 08:00:00,6.73,4.35,40.0
NORTH,2025-03-15 08:30:00,5.59,0.0,68.0
NORTH,2025-03-15 09:00:00,5.27,2.77,71.8
NORTH,2025-03-15 09:30:00,4.25,4.22,53.9
NORTH,2025-03-15 10:00:00,5.76,4.57,92.8
NORTH,2025-03-15 10:30:00,6.45,6.72,85.1
NORTH,2025-03-15 11:00:00,7.21,0.31,55.7
NORTH,2025-03-15 11:30:00,4.98,9.73,41.9
NORTH,2025-03-15 12:00:00,4.91,0.0,41.3
NORTH,2025-03-15 12:30:00,6.85,6.17,40.7
NORTH,2025-03-15 13:00:00,8.59,3.87,51.3
NORTH,2025-03-15 13:30:00,7.4,6.84,60.9
NORTH,2025-03-15 14:00:00,6.38,4.85,67.3
NORTH,2025-03-15 14:30:00,7.48,6.04,18.8
NORTH,2025-03-15 15:00:00,8.65,5.57,33.9
NORTH,2025-03-15 15:30:00,6.44,6.0,81.1
NORTH,2025-03-15 16:00:00,10.34,2.61,63.6
NORTH,2025-03-15 16:30:00,9.11,0.59,62.8
NORTH,2025-03-15 17:00:00,9.29,5.49,49.7
NORTH,2025-03-15 17:30:00,10.62,4.16,90.8
NORTH,2025-03-15 18:00:00,10.33,4.56,38.7
NORTH,2025-03-15 18:30:00,7.85,7.2,75.8
NORTH,2025-03-15 19:00:00,9.3,3.17,64.0
NORTH,2025-03-15 19:30:00,8.02,3.06,71.0
NORTH,2025-03-15 20:00:00,10.6,3.26,88.8
NORTH,2025-03-15 20:30:00,10.96,2.46,37.0
NORTH,2025-03-15 21:00:00,10.35,3.1,48.5
NORTH,2025-03-15 21:30:00,9.9,5.44,74.3
NORTH,2025-03-15 22:00:00,9.5,0.0,77.2
NORTH,2025-03-15 22:30:00,8.47,4.62,57.8
NORTH,2025-03-15 23:00:00,7.99,8.12,51.7
NORTH,2025-03-15 23:30:00,7.51,1.47,64.9
NORTH,2025-03-16 00:00:00,8.1,1.78,50.6
NORTH,2025-03-16 00:30:00,9.29,3.84,51.3
NORTH,2025-03-16 01:00:00,7.84,3.68,64.0
NORTH,2025-03-16 01:30:00,8.6,0.7,63.0
NORTH,2025-03-16 02:00:00,7.31,1.97,53.3
NORTH,2025-03-16 02:30:00,9.13,5.62,61.7
NORTH,2025-03-16 03:00:00,6.15,1.28,43.0
NORTH,2025-03-16 03:30:00,7.24,4.07,48.3
NORTH,2025-03-16 04:00:00,7.8,4.77,12.3
NORTH,2025-03-16 04:30:00,6.88,5.51,63.6
NORTH,2025-03-16 05:00:00,7.03,3.47,58.8
NORTH,2025-03-16 05:30:00,6.28,4.37,49.6
NORTH,2025-03-16 06:00:00,7.33,6.85,50.4
NORTH,2025-03-16 06:30:00,4.61,1.31,67.3
NORTH,2025-03-16 07:00:00,6.52,4.82,68.9
NORTH,2025-03-16 07:30:00,5.13,0.02,51.0
NORTH,2025-03-16 08:00:00,7.73,4.53,67.6
NORTH,2025-03-16 08:30:00,6.83,2.32,64.0
NORTH,2025-03-16 09:00:00,6.43,2.13,66.5
NORTH,2025-03-16 09:30:00,7.37,3.2,29.0
NORTH,2025-03-16 10:00:00,6.22,2.69,63.3
NORTH,2025-03-16 10:30:00,5.0,4.12,82.1
NORTH,2025-03-16 11:00:00,6.3,0.7,66.8
NORTH,2025-03-16 11:30:00,6.36,4.43,77.5
NORTH,2025-03-16 12:00:00,6.12,3.42,41.5
NORTH,2025-03-16 12:30:00,6.98,4.33,55.3
NORTH,2025-03-16 13:00:00,8.13,1.93,62.3
NORTH,2025-03-16 13:30:00,7.95,2.92,35.3
NORTH,2025-03-16 14:00:00,5.71,4.31,90.5
NORTH,2025-03-16 14:30:00,7.01,4.9,16.3
NORTH,2025-03-16 15:00:00,8.71,1.82,52.9
NORTH,2025-03-16 15:30:00,8.36,0.68,116.6
NORTH,2025-03-16 16:00:00,8.02,5.21,86.9
NORTH,2025-03-16 16:30:00,9.1,1.54,61.8
NORTH,2025-03-16 17:00:00,6.96,3.34,90.2
NORTH,2025-03-16 17:30:00,7.47,2.35,93.4
NORTH,2025-03-16 18:00:00,9.27,2.21,67.0
NORTH,2025-03-16 18:30:00,8.92,0.0,35.5
NORTH,2025-03-16 19:00:00,12.15,4.66,86.3
NORTH,2025-03-16 19:30:00,8.44,3.89,57.0
NORTH,2025-03-16 20:00:00,9.09,4.42,39.9
NORTH,2025-03-16 20:30:00,11.2,4.93,56.9
NORTH,2025-03-16 21:00:00,9.84,3.4,29.0
NORTH,2025-03-16 21:30:00,8.49,3.64,53.6
NORTH,2025-03-16 22:00:00,10.26,5.12,49.9
NORTH,2025-03-16 22:30:00,8.33,5.51,63.4
NORTH,2025-03-16 23:00:00,8.41,1.72,47.8
NORTH,2025-03-16 23:30:00,9.63,7.37,56.2
NORTH,2025-03-17 00:00:00,7.79,8.31,53.3
NORTH,2025-03-17 00:30:00,7.83,3.19,51.8
NORTH,2025-03-17 01:00:00,9.83,0.65,70.7
NORTH,2025-03-17 01:30:00,8.29,2.89,54.0
NORTH,2025-03-17 02:00:00,7.49,4.18,51.9
NORTH,2025-03-17 02:30:00,7.71,2.45,99.3
NORTH,2025-03-17 03:00:00,8.48,4.98,52.0
NORTH,2025-03-17 03:30:00,8.25,4.6,62.1
NORTH,2025-03-17 04:00:00,6.15,4.55,90.3
NORTH,2025-03-17 04:30:00,6.88,3.47,61.8
NORTH,2025-03-17 05:00:00,6.42,2.91,46.7
NORTH,2025-03-17 05:30:00,7.32,6.41,100.8
NORTH,2025-03-17 06:00:00,6.6,4.23,76.2
NORTH,2025-03-17 06:30:00,4.96,5.29,78.7
NORTH,2025-03-17 07:00:00,7.08,7.33,49.2
NORTH,2025-03-17 07:30:00,5.26,3.57,39.9
NORTH,2025-03-17 08:00:00,6.43,5.35,70.1
NORTH,2025-03-17 08:30:00,5.97,6.01,70.4
NORTH,2025-03-17 09:00:00,5.13,0.0,54.0
NORTH,2025-03-17 09:30:00,5.9,4.09,56.8
NORTH,2025-03-17 10:00:00,5.41,2.31,41.4
NORTH,2025-03-17 10:30:00,6.58,6.18,37.5
NORTH,2025-03-17 11:00:00,6.3,5.58,56.6
NORTH,2025-03-17 11:30:00,7.23,6.16,67.1
NORTH,2025-03-17 12:00:00,6.19,6.63,55.2
NORTH,2025-03-17 12:30:00,6.46,5.03,54.6
NORTH,2025-03-17 13:00:00,7.0,3.25,56.7
NORTH,2025-03-17 13:30:00,7.5,0.05,58.2
NORTH,2025-03-17 14:00:00,5.67,3.19,66.1
NORTH,2025-03-17 14:30:00,7.39,5.41,66.3
NORTH,2025-03-17 15:00:00,5.72,6.4,64.5
NORTH,2025-03-17 15:30:00,7.62,3.06,22.5
NORTH,2025-03-17 16:00:00,7.66,5.3,47.8
NORTH,2025-03-17 16:30:00,7.7,4.28,81.5
NORTH,2025-03-17 17:00:00,10.51,5.66,96.4
NORTH,2025-03-17 17:30:00,10.31,6.31,61.6
NORTH,2025-03-17 18:00:00,9.1,6.27,42.3
NORTH,2025-03-17 18:30:00,10.03,2.78,66.1
NORTH,2025-03-17 19:00:00,10.04,4.33,59.7
NORTH,2025-03-17 19:30:00,10.36,5.39,34.8
NORTH,2025-03-17 20:00:00,9.73,3.16,63.5
NORTH,2025-03-17 20:30:00,9.29,6.55,58.8
NORTH,2025-03-17 21:00:00,10.9,2.1,54.9
NORTH,2025-03-17 21:30:00,8.98,4.79,38.7
NORTH,2025-03-17 22:00:00,7.47,2.75,70.1
NORTH,2025-03-17 22:30:00,8.55,4.53,48.3
NORTH,2025-03-17 23:00:00,7.1,5.7,71.7
NORTH,2025-03-17 23:30:00,9.15,4.09,56.3
NORTH,2025-03-18 00:00:00,7.59,6.61,58.2
NORTH,2025-03-18 00:30:00,9.26,3.0,68.0
NORTH,2025-03-18 01:00:00,9.72,4.33,66.5
NORTH,2025-03-18 01:30:00,9.4,5.41,78.8
NORTH,2025-03-18 02:00:00,8.21,4.64,64.3
NORTH,2025-03-18 02:30:00,8.86,3.14,69.5
NORTH,2025-03-18 03:00:00,10.06,4.72,38.5
NORTH,2025-03-18 03:30:00,6.96,5.24,47.9
NORTH,2025-03-18 04:00:00,5.65,1.24,56.3
NORTH,2025-03-18 04:30:00,8.76,2.94,75.8
NORTH,2025-03-18 05:00:00,6.08,3.23,69.3
NORTH,2025-03-18 05:30:00,4.57,7.34,69.7
NORTH,2025-03-18 06:00:00,7.35,3.48,68.9
NORTH,2025-03-18 06:30:00,7.21,3.82,44.3
NORTH,2025-03-18 07:00:00,4.76,3.15,64.1
NORTH,2025-03-18 07:30:00,5.7,3.02,72.2
NORTH,2025-03-18 08:00:00,5.27,2.8,76.9
NORTH,2025-03-18 08:30:00,6.49,1.55,36.0
NORTH,2025-03-18 09:00:00,4.56,3.94,81.2
NORTH,2025-03-18 09:30:00,7.63,5.5,94.4
NORTH,2025-03-18 10:00:00,6.33,6.22,49.7
NORTH,2025-03-18 10:30:00,4.23,3.38,57.7
NORTH,2025-03-18 11:00:00,9.51,4.0,41.7
NORTH,2025-03-18 11:30:00,7.57,2.48,62.6
NORTH,2025-03-18 12:00:00,7.88,2.14,87.3
NORTH,2025-03-18 12:30:00,8.18,4.71,91.5
NORTH,2025-03-18 13:00:00,6.85,5.59,65.0
NORTH,2025-03-18 13:30:00,6.54,2.78,96.6
NORTH,2025-03-18 14:00:00,9.1,5.78,48.7
NORTH,2025-03-18 14:30:00,8.67,3.26,90.6
NORTH,2025-03-18 15:00:00,9.8,5.84,74.7
NORTH,2025-03-18 15:30:00,8.24,4.97,87.7
NORTH,2025-03-18 16:00:00,9.38,2.32,82.6
NORTH,2025-03-18 16:30:00,8.01,3.94,51.5
NORTH,2025-03-18 17:00:00,6.11,4.35,99.1
NORTH,2025-03-18 17:30:00,9.62,9.93,57.2
NORTH,2025-03-18 18:00:00,9.82,3.79,61.1
NORTH,2025-03-18 18:30:00,9.795,7.02,44.9
NORTH,2025-03-18 19:00:00,9.77,5.23,83.0
NORTH,2025-03-18 19:30:00,7.17,1.2,60.7
NORTH,2025-03-18 20:00:00,11.17,3.04,72.0
NORTH,2025-03-18 20:30:00,12.2,4.02,55.9
NORTH,2025-03-18 21:00:00,10.32,4.36,64.6
NORTH,2025-03-18 21:30:00,9.54,3.49,41.9
NORTH,2025-03-18 22:00:00,10.29,1.92,45.3
NORTH,2025-03-18 22:30:00,8.12,3.35,60.5
NORTH,2025-03-18 23:00:00,7.92,3.47,62.9
NORTH,2025-03-18 23:30:00,7.36,2.48,92.5
NORTH,2025-03-19 00:00:00,8.01,5.42,50.9
NORTH,2025-03-19 00:30:00,9.1,2.41,25.8
NORTH,2025-03-19 01:00:00,7.85,4.88,72.2
NORTH,2025-03-19 01:30:00,8.55,2.45,76.6
NORTH,2025-03-19 02:00:00,7.0,2.68,42.4
NORTH,2025-03-19 02:30:00,7.35,3.41,65.3
NORTH,2025-03-19 03:00:00,5.72,3.08,45.6
NORTH,2025-03-19 03:30:00,7.86,4.61,41.5
NORTH,2025-03-19 04:00:00,7.45,3.9,74.3
NORTH,2025-03-19 04:30:00,6.09,5.18,75.6
NORTH,2025-03-19 05:00:00,6.53,8.2,68.8
NORTH,2025-03-19 05:30:00,8.56,9.04,29.9
NORTH,2025-03-19 06:00:00,7.51,5.03,64.4
NORTH,2025-03-19 06:30:00,5.34,2.22,41.0
NORTH,2025-03-19 07:00:00,8.6,4.97,35.5
NORTH,2025-03-19 07:30:00,4.67,0.0,81.4
NORTH,2025-03-19 08:00:00,5.92,5.02,60.0
NORTH,2025-03-19 08:30:00,7.0,3.21,65.3
NORTH,2025-03-19 09:00:00,6.26,1.68,47.0
NORTH,2025-03-19 09:30:00,5.57,4.64,85.0
NORTH,2025-03-19 10:00:00,6.27,3.82,65.6
NORTH,2025-03-19 10:30:00,5.94,3.95,87.3
NORTH,2025-03-19 11:00:00,6.18,4.52,48.4
NORTH,2025-03-19 11:30:00,7.96,2.18,58.7
NORTH,2025-03-19 12:00:00,8.04,2.27,75.6
NORTH,2025-03-19 12:30:00,4.4,1.82,58.3
NORTH,2025-03-19 13:00:00,10.24,4.29,63.0
NORTH,2025-03-19 13:30:00,8.72,1.83,5.4
NORTH,2025-03-19 14:00:00,9.94,5.21,52.0
NORTH,2025-03-19 14:30:00,7.93,6.1,57.7
NORTH,2025-03-19 15:00:00,8.55,8.07,37.6
NORTH,2025-03-19 15:30:00,9.0,1.56,88.1
NORTH,2025-03-19 16:00:00,9.21,2.63,33.0
NORTH,2025-03-19 16:30:00,8.44,4.37,80.9
NORTH,2025-03-19 17:00:00,7.96,2.35,51.1
NORTH,2025-03-19 17:30:00,8.35,2.97,43.0
NORTH,2025-03-19 18:00:00,10.1,3.03,60.2
NORTH,2025-03-19 18:30:00,9.96,1.24,70.7
NORTH,2025-03-19 19:00:00,10.05,4.42,57.6
NORTH,2025-03-19 19:30:00,9.47,4.11,61.7
NORTH,2025-03-19 20:00:00,8.45,7.15,47.5
NORTH,2025-03-19 20:30:00,9.94,6.33,53.8
NORTH,2025-03-19 21:00:00,10.08,0.0,24.3
NORTH,2025-03-19 21:30:00,9.76,4.38,79.9
NORTH,2025-03-19 22:00:00,10.56,0.82,82.8
NORTH,2025-03-19 22:30:00,8.17,5.73,51.9
NORTH,2025-03-19 23:00:00,12.54,2.82,58.7
NORTH,2025-03-19 23:30:00,9.47,3.51,42.1
NORTH,2025-03-20 00:00:00,11.54,2.78,48.4
NORTH,2025-03-20 00:30:00,8.77,4.39,47.7
NORTH,2025-03-20 01:00:00,9.56,4.31,60.4
NORTH,2025-03-20 01:30:00,9.09,2.3,49.5
NORTH,2025-03-20 02:00:00,7.87,5.86,55.6
NORTH,2025-03-20 02:30:00,7.52,0.0,47.5
NORTH,2025-03-20 03:00:00,5.4,1.2,66.6
NORTH,2025-03-20 03:30:00,11.36,4.39,66.0
NORTH,2025-03-20 04:00:00,5.99,1.9,97.0
NORTH,2025-03-20 04:30:00,5.93,0.0,64.4
NORTH,2025-03-20 05:00:00,5.97,5.19,88.2
NORTH,2025-03-20 05:30:00,6.93,4.45,71.9
NORTH,2025-03-20 06:00:00,9.41,8.56,54.3
NORTH,2025-03-20 06:30:00,7.31,7.57,72.5
NORTH,2025-03-20 07:00:00,5.89,3.0,61.8
NORTH,2025-03-20 07:30:00,4.6,5.79,85.0
NORTH,2025-03-20 08:00:00,5.42,3.1,41.0
NORTH,2025-03-20 08:30:00,6.46,3.98,34.0
NORTH,2025-03-20 09:00:00,9.47,0.44,34.1
NORTH,2025-03-20 09:30:00,7.09,5.31,47.1
NORTH,2025-03-20 10:00:00,5.23,4.92,66.8
NORTH,2025-03-20 10:30:00,5.32,5.99,70.3
NORTH,2025-03-20 11:00:00,8.09,3.9,74.6
NORTH,2025-03-20 11:30:00,6.21,5.08,66.4
NORTH,2025-03-20 12:00:00,7.92,5.04,26.0
NORTH,2025-03-20 12:30:00,6.15,4.17,68.4
NORTH,2025-03-20 13:00:00,8.37,5.1,47.3
NORTH,2025-03-20 13:30:00,8.48,2.38,82.7
NORTH,2025-03-20 14:00:00,9.5,3.98,48.3
NORTH,2025-03-20 14:30:00,7.06,1.81,43.4
NORTH,2025-03-20 15:00:00,8.2,2.88,31.0
NORTH,2025-03-20 15:30:00,7.84,4.19,53.9
NORTH,2025-03-20 16:00:00,7.83,0.0,80.6
NORTH,2025-03-20 16:30:00,8.85,4.64,63.3
NORTH,2025-03-20 17:00:00,9.91,4.48,61.8
NORTH,2025-03-20 17:30:00,10.23,5.96,84.9
NORTH,2025-03-20 18:00:00,8.63,4.5,31.1
NORTH,2025-03-20 18:30:00,9.05,3.61,73.3
NORTH,2025-03-20 19:00:00,9.69,5.35,53.8
NORTH,2025-03-20 19:30:00,9.14,2.4,72.4
NORTH,2025-03-20 20:00:00,9.45,0.0,71.4
NORTH,2025-03-20 20:30:00,8.78,4.39,39.7
NORTH,2025-03-20 21:00:00,9.85,0.0,59.4
NORTH,2025-03-20 21:30:00,8.78,1.46,73.8
NORTH,2025-03-20 22:00:00,9.49,3.51,47.0
NORTH,2025-03-20 22:30:00,10.7,3.13,86.8
NORTH,2025-03-20 23:00:00,10.79,6.85,77.4
NORTH,2025-03-20 23:30:00,8.59,4.1,56.3
NORTH,2025-03-21 00:00:00,9.94,3.98,55.6
NORTH,2025-03-21 00:30:00,10.92,3.35,48.8
NORTH,2025-03-21 01:00:00,7.97,6.14,63.4
NORTH,2025-03-21 01:30:00,9.0,4.47,20.5
NORTH,2025-03-21 02:00:00,6.65,3.44,65.7
NORTH,2025-03-21 02:30:00,6.75,1.97,54.4
NORTH,2025-03-21 03:00:00,9.01,0.0,12.3
NORTH,2025-03-21 03:30:00,9.5,0.94,52.7
NORTH,2025-03-21 04:00:00,5.13,3.39,57.5
NORTH,2025-03-21 04:30:00,8.87,5.44,36.9
NORTH,2025-03-21 05:00:00,4.23,5.0,50.6
NORTH,2025-03-21 05:30:00,5.65,6.37,28.4
NORTH,2025-03-21 06:00:00,5.76,5.26,38.8
NORTH,2025-03-21 06:30:00,7.76,1.98,58.7
NORTH,2025-03-21 07:00:00,5.17,0.0,52.4
NORTH,2025-03-21 07:30:00,6.95,1.93,48.7
NORTH,2025-03-21 08:00:00,5.32,5.07,53.5
NORTH,2025-03-21 08:30:00,5.96,4.07,50.6
NORTH,2025-03-21 09:00:00,8.03,1.95,72.7
NORTH,2025-03-21 09:30:00,7.53,3.72,61.1
NORTH,2025-03-21 10:00:00,6.84,3.26,25.9
NORTH,2025-03-21 10:30:00,5.9,7.29,70.2
NORTH,2025-03-21 11:00:00,6.61,5.51,57.4
NORTH,2025-03-21 11:30:00,6.56,3.14,68.6
NORTH,2025-03-21 12:00:00,6.29,3.37,75.8
NORTH,2025-03-21 12:30:00,6.7,5.13,71.7
NORTH,2025-03-21 13:00:00,7.33,3.3,36.2
NORTH,2025-03-21 13:30:00,6.1,5.22,70.6
NORTH,2025-03-21 14:00:00,6.75,4.79,63.9
NORTH,2025-03-21 14:30:00,9.06,8.33,70.3
NORTH,2025-03-21 15:00:00,7.62,5.49,41.2
NORTH,2025-03-21 15:30:00,11.12,1.55,67.9
NORTH,2025-03-21 16:00:00,8.94,3.17,51.4
NORTH,2025-03-21 16:30:00,10.57,5.13,57.3
NORTH,2025-03-21 17:00:00,11.43,3.76,73.2
NORTH,2025-03-21 17:30:00,7.74,1.43,72.8
NORTH,2025-03-21 18:00:00,10.04,8.29,47.3
NORTH,2025-03-21 18:30:00,10.48,3.51,75.3
NORTH,2025-03-21 19:00:00,10.79,3.94,46.7
NORTH,2025-03-21 19:30:00,9.46,1.77,66.6
NORTH,2025-03-21 20:00:00,6.56,2.84,76.3
NORTH,2025-03-21 20:30:00,10.99,0.78,70.5
NORTH,2025-03-21 21:00:00,8.5,3.24,73.8
NORTH,2025-03-21 21:30:00,8.7,6.85,64.6
NORTH,2025-03-21 22:00:00,10.22,6.15,76.0
NORTH,2025-03-21 22:30:00,10.63,2.68,40.0
NORTH,2025-03-21 23:00:00,9.01,4.95,36.9
NORTH,2025-03-21 23:30:00,10.05,4.75,56.7
NORTH,2025-03-22 00:00:00,9.04,4.13,67.9
NORTH,2025-03-22 00:30:00,9.87,9.74,63.0
NORTH,2025-03-22 01:00:00,7.71,0.19,34.7
NORTH,2025-03-22 01:30:00,7.58,5.38,52.9
NORTH,2025-03-22 02:00:00,8.46,2.54,68.2
NORTH,2025-03-22 02:30:00,9.02,3.2,67.8
NORTH,2025-03-22 03:00:00,6.92,1.54,70.0
NORTH,2025-03-22 03:30:00,7.95,5.19,77.2
NORTH,2025-03-22 04:00:00,6.67,3.65,54.9
NORTH,2025-03-22 04:30:00,7.38,3.72,62.3
NORTH,2025-03-22 05:00:00,5.69,1.94,43.6
NORTH,2025-03-22 05:30:00,7.06,3.91,51.1
NORTH,2025-03-22 06:00:00,7.03,6.92,51.1
NORTH,2025-03-22 06:30:00,4.94,5.89,60.3
NORTH,2025-03-22 07:00:00,5.82,6.04,55.3
NORTH,2025-03-22 07:30:00,6.51,4.32,118.4
NORTH,2025-03-22 08:00:00,5.81,5.87,55.5
NORTH,2025-03-22 08:30:00,6.51,3.61,74.3
NORTH,2025-03-22 09:00:00,5.92,5.01,46.4
NORTH,2025-03-22 09:30:00,5.08,0.24,66.6
NORTH,2025-03-22 10:00:00,5.46,8.39,51.5
NORTH,2025-03-22 10:30:00,7.73,6.29,55.6
NORTH,2025-03-22 11:00:00,5.67,3.73,80.4
NORTH,2025-03-22 11:30:00,9.3,1.53,60.3
NORTH,2025-03-22 12:00:00,6.24,3.28,90.7
NORTH,2025-03-22 12:30:00,6.05,0.79,63.6
NORTH,2025-03-22 13:00:00,7.91,3.16,47.7
NORTH,2025-03-22 13:30:00,7.64,1.3,67.6
NORTH,2025-03-22 14:00:00,7.55,6.77,65.7
NORTH,2025-03-22 14:30:00,7.79,3.54,25.2
NORTH,2025-03-22 15:00:00,8.34,3.59,60.9
NORTH,2025-03-22 15:30:00,8.26,6.86,55.2
NORTH,2025-03-22 16:00:00,7.96,0.67,52.0
NORTH,2025-03-22 16:30:00,7.71,1.4,54.4
NORTH,2025-03-22 17:00:00,10.75,5.87,36.9
NORTH,2025-03-22 17:30:00,9.43,4.85,70.5
NORTH,2025-03-22 18:00:00,11.63,1.66,44.1
NORTH,2025-03-22 18:30:00,8.91,4.73,11.0
NORTH,2025-03-22 19:00:00,9.63,0.44,60.0
NORTH,2025-03-22 19:30:00,12.39,5.8,37.9
NORTH,2025-03-22 20:00:00,9.47,2.22,83.3
NORTH,2025-03-22 20:30:00,7.33,3.12,47.5
NORTH,2025-03-22 21:00:00,8.49,7.32,31.8
NORTH,2025-03-22 21:30:00,8.47,7.19,58.2
NORTH,2025-03-22 22:00:00,9.49,2.75,60.0
NORTH,2025-03-22 22:30:00,9.19,2.53,34.8
NORTH,2025-03-22 23:00:00,9.43,2.81,51.6
NORTH,2025-03-22 23:30:00,10.18,2.99,58.0
NORTH,2025-03-23 00:00:00,11.01,4.77,50.3
NORTH,2025-03-23 00:30:00,7.69,3.73,74.2
NORTH,2025-03-23 01:00:00,7.81,3.91,48.9
NORTH,2025-03-23 01:30:00,8.03,1.45,63.8
NORTH,2025-03-23 02:00:00,8.1,6.83,60.8
NORTH,2025-03-23 02:30:00,7.07,6.77,65.4
NORTH,2025-03-23 03:00:00,7.63,3.84,61.5
NORTH,2025-03-23 03:30:00,6.37,3.69,54.8
NORTH,2025-03-23 04:00:00,7.35,6.09,76.1
NORTH,2025-03-23 04:30:00,7.53,0.41,50.9
NORTH,2025-03-23 05:00:00,4.32,6.02,56.6
NORTH,2025-03-23 05:30:00,6.33,2.49,81.5
NORTH,2025-03-23 06:00:00,6.31,3.63,61.0
NORTH,2025-03-23 06:30:00,6.43,3.59,81.4
NORTH,2025-03-23 07:00:00,7.49,4.05,44.7
NORTH,2025-03-23 07:30:00,6.38,2.67,84.4
NORTH,2025-03-23 08:00:00,7.8,5.3,37.8
NORTH,2025-03-23 08:30:00,5.36,3.46,43.6
NORTH,2025-03-23 09:00:00,5.62,4.33,68.2
NORTH,2025-03-23 09:30:00,7.53,3.82,53.4
NORTH,2025-03-23 10:00:00,4.64,4.56,50.6
NORTH,2025-03-23 10:30:00,6.005,2.73,49.1
NORTH,2025-03-23 11:00:00,7.37,3.75,86.9
NORTH,2025-03-23 11:30:00,5.17,6.37,49.9
NORTH,2025-03-23 12:00:00,6.86,4.85,77.3
NORTH,2025-03-23 12:30:00,8.2,5.96,55.0
NORTH,2025-03-23 13:00:00,9.58,5.1,5.8
NORTH,2025-03-23 13:30:00,7.48,3.16,53.6
NORTH,2025-03-23 14:00:00,8.72,4.53,47.1
NORTH,2025-03-23 14:30:00,9.76,1.35,34.9
NORTH,2025-03-23 15:00:00,7.17,4.81,65.9
NORTH,2025-03-23 15:30:00,7.5,2.73,59.2
NORTH,2025-03-23 16:00:00,7.67,5.52,87.5
NORTH,2025-03-23 16:30:00,8.74,4.61,61.2
NORTH,2025-03-23 17:00:00,11.01,7.8,52.8
NORTH,2025-03-23 17:30:00,9.41,5.64,65.5
NORTH,2025-03-23 18:00:00,8.59,0.3,48.5
NORTH,2025-03-23 18:30:00,10.08,3.13,40.3
NORTH,2025-03-23 19:00:00,9.19,7.58,39.0
NORTH,2025-03-23 19:30:00,9.51,2.89,94.5
NORTH,2025-03-23 20:00:00,8.19,2.35,60.5
NORTH,2025-03-23 20:30:00,10.16,6.17,77.6
NORTH,2025-03-23 21:00:00,9.04,4.55,56.2
NORTH,2025-03-23 21:30:00,9.34,5.96,63.9
NORTH,2025-03-23 22:00:00,11.6,4.88,76.0
NORTH,2025-03-23 22:30:00,6.43,4.1,67.1
NORTH,2025-03-23 23:00:00,10.0,7.02,70.5
NORTH,2025-03-23 23:30:00,7.92,5.01,74.5
NORTH,2025-03-24 00:00:00,8.27,3.11,73.6
NORTH,2025-03-24 00:30:00,7.085,6.13,62.8
NORTH,2025-03-24 01:00:00,5.9,4.06,52.3
NORTH,2025-03-24 01:30:00,9.26,4.79,42.6
NORTH,2025-03-24 02:00:00,8.24,5.02,67.5
NORTH,2025-03-24 02:30:00,9.18,1.9,56.7
NORTH,2025-03-24 03:00:00,4.81,6.31,61.7
NORTH,2025-03-24 03:30:00,7.38,3.74,68.6
NORTH,2025-03-24 04:00:00,8.29,3.42,67.4
NORTH,2025-03-24 04:30:00,7.51,0.0,47.3
NORTH,2025-03-24 05:00:00,7.14,6.47,84.5
NORTH,2025-03-24 05:30:00,5.15,6.0,78.6
NORTH,2025-03-24 06:00:00,6.8,0.0,50.3
NORTH,2025-03-24 06:30:00,6.43,3.53,21.0
NORTH,2025-03-24 07:00:00,5.79,2.14,70.6
NORTH,2025-03-24 07:30:00,6.68,5.05,53.4
NORTH,2025-03-24 08:00:00,6.06,3.83,76.4
NORTH,2025-03-24 08:30:00,5.4,2.49,77.3
NORTH,2025-03-24 09:00:00,7.09,4.93,88.4
NORTH,2025-03-24 09:30:00,8.61,6.46,46.5
NORTH,2025-03-24 10:00:00,7.3,4.22,49.9
NORTH,2025-03-24 10:30:00,5.41,4.54,74.7
NORTH,2025-03-24 11:00:00,8.28,5.35,70.3
NORTH,2025-03-24 11:30:00,6.38,4.43,33.1
NORTH,2025-03-24 12:00:00,7.71,4.86,94.5
NORTH,2025-03-24 12:30:00,6.99,6.38,51.5
NORTH,2025-03-24 13:00:00,9.56,6.9,80.4
NORTH,2025-03-24 13:30:00,7.59,3.56,53.3
NORTH,2025-03-24 14:00:00,6.87,4.94,55.5
NORTH,2025-03-24 14:30:00,8.5,4.34,40.7
NORTH,2025-03-24 15:00:00,9.83,4.19,75.5
NORTH,2025-03-24 15:30:00,7.16,2.47,52.9
NORTH,2025-03-24 16:00:00,9.33,3.79,84.6
NORTH,2025-03-24 16:30:00,10.28,2.54,113.0
NORTH,2025-03-24 17:00:00,9.35,6.58,54.9
NORTH,2025-03-24 17:30:00,10.2,5.9,32.9
NORTH,2025-03-24 18:00:00,11.86,2.44,53.7
NORTH,2025-03-24 18:30:00,9.04,2.87,50.6
NORTH,2025-03-24 19:00:00,8.54,5.52,62.1
NORTH,2025-03-24 19:30:00,9.8,6.03,91.8
NORTH,2025-03-24 20:00:00,8.16,7.25,59.6
NORTH,2025-03-24 20:30:00,8.42,4.83,57.9
NORTH,2025-03-24 21:00:00,11.0,4.29,66.4
NORTH,2025-03-24 21:30:00,9.45,1.94,73.4
NORTH,2025-03-24 22:00:00,9.14,4.8,86.7
NORTH,2025-03-24 22:30:00,9.58,5.4,59.4
NORTH,2025-03-24 23:00:00,9.01,0.88,59.3
NORTH,2025-03-24 23:30:00,9.25,2.26,23.4
NORTH,2025-03-25 00:00:00,7.06,7.57,60.7
NORTH,2025-03-25 00:30:00,7.34,2.8,60.2
NORTH,2025-03-25 01:00:00,9.12,3.53,96.4
NORTH,2025-03-25 01:30:00,11.07,4.77,53.4
NORTH,2025-03-25 02:00:00,8.53,1.34,78.0
NORTH,2025-03-25 02:30:00,8.27,1.59,49.5
NORTH,2025-03-25 03:00:00,8.24,0.67,43.9
NORTH,2025-03-25 03:30:00,6.99,5.95,90.9
NORTH,2025-03-25 04:00:00,7.52,0.0,39.9
NORTH,2025-03-25 04:30:00,11.26,4.31,13.1
NORTH,2025-03-25 05:00:00,9.5,1.33,70.3
NORTH,2025-03-25 05:30:00,5.28,8.4,34.5
NORTH,2025-03-25 06:00:00,5.63,6.1,50.0
NORTH,2025-03-25 06:30:00,6.92,5.66,63.2
NORTH,2025-03-25 07:00:00,4.8,2.43,53.1
NORTH,2025-03-25 07:30:00,6.84,5.62,63.7
NORTH,2025-03-25 08:00:00,6.91,0.82,65.4
NORTH,2025-03-25 08:30:00,5.99,4.99,73.5
NORTH,2025-03-25 09:00:00,4.87,3.78,84.0
NORTH,2025-03-25 09:30:00,6.5,3.8,38.1
NORTH,2025-03-25 10:00:00,6.99,1.22,56.8
NORTH,2025-03-25 10:30:00,5.75,4.79,49.2
NORTH,2025-03-25 11:00:00,6.26,2.18,55.5
NORTH,2025-03-25 11:30:00,6.91,3.31,54.4
NORTH,2025-03-25 12:00:00,7.27,6.0,73.4
NORTH,2025-03-25 12:30:00,5.52,5.53,84.6
NORTH,2025-03-25 13:00:00,8.4,0.0,64.8
NORTH,2025-03-25 13:30:00,9.21,3.1,112.2
NORTH,2025-03-25 14:00:00,5.45,4.29,73.0
NORTH,2025-03-25 14:30:00,8.27,4.31,41.3
NORTH,2025-03-25 15:00:00,7.9,5.15,22.0
NORTH,2025-03-25 15:30:00,9.67,3.77,69.9
NORTH,2025-03-25 16:00:00,10.08,11.46,85.2
NORTH,2025-03-25 16:30:00,7.63,8.32,11.2
NORTH,2025-03-25 17:00:00,8.95,4.35,54.2
NORTH,2025-03-25 17:30:00,9.82,3.66,83.1
NORTH,2025-03-25 18:00:00,9.22,3.77,91.9
NORTH,2025-03-25 18:30:00,10.96,3.66,68.5
NORTH,2025-03-25 19:00:00,12.25,1.23,40.4
NORTH,2025-03-25 19:30:00,9.31,4.43,77.4
NORTH,2025-03-25 20:00:00,9.15,2.12,36.4
NORTH,2025-03-25 20:30:00,8.94,2.69,21.1
NORTH,2025-03-25 21:00:00,9.33,1.9,57.0
NORTH,2025-03-25 21:30:00,12.04,0.81,78.3
NORTH,2025-03-25 22:00:00,11.8,5.93,66.2
NORTH,2025-03-25 22:30:00,11.38,5.27,80.0
NORTH,2025-03-25 23:00:00,9.62,1.88,80.9
NORTH,2025-03-25 23:30:00,12.61,3.32,60.4
NORTH,2025-03-26 00:00:00,9.23,1.06,44.7
NORTH,2025-03-26 00:30:00,9.46,3.81,60.3
NORTH,2025-03-26 01:00:00,8.65,3.77,46.2
NORTH,2025-03-26 01:30:00,9.14,4.66,44.2
NORTH,2025-03-26 02:00:00,8.6,2.75,71.8
NORTH,2025-03-26 02:30:00,8.05,4.79,63.2
NORTH,2025-03-26 03:00:00,7.51,4.65,75.2
NORTH,2025-03-26 03:30:00,7.73,4.21,53.6
NORTH,2025-03-26 04:00:00,4.92,4.07,37.2
NORTH,2025-03-26 04:30:00,6.42,2.27,47.1
NORTH,2025-03-26 05:00:00,5.9,4.97,66.0
NORTH,2025-03-26 05:30:00,6.82,6.42,115.1
NORTH,2025-03-26 06:00:00,6.98,5.82,65.0
NORTH,2025-03-26 06:30:00,7.14,0.75,11.3
NORTH,2025-03-26 07:00:00,3.63,2.75,84.6
NORTH,2025-03-26 07:30:00,6.47,3.22,70.2
NORTH,2025-03-26 08:00:00,6.52,1.29,68.4
NORTH,2025-03-26 08:30:00,7.1,8.2,58.6
NORTH,2025-03-26 09:00:00,8.2,3.19,101.9
NORTH,2025-03-26 09:30:00,5.45,5.29,65.2
NORTH,2025-03-26 10:00:00,8.15,6.71,41.2
NORTH,2025-03-26 10:30:00,5.96,8.25,61.8
NORTH,2025-03-26 11:00:00,7.66,1.86,55.6
NORTH,2025-03-26 11:30:00,5.83,5.85,73.3
NORTH,2025-03-26 12:00:00,8.57,1.83,69.9
NORTH,2025-03-26 12:30:00,7.12,0.0,68.3
NORTH,2025-03-26 13:00:00,9.13,7.14,59.4
NORTH,2025-03-26 13:30:00,8.58,5.09,46.3
NORTH,2025-03-26 14:00:00,7.02,3.9,55.8
NORTH,2025-03-26 14:30:00,8.2,3.16,63.8
NORTH,2025-03-26 15:00:00,7.34,7.05,27.2
NORTH,2025-03-26 15:30:00,8.52,3.59,57.6
NORTH,2025-03-26 16:00:00,8.09,0.98,64.3
NORTH,2025-03-26 16:30:00,8.85,4.77,30.3
NORTH,2025-03-26 17:00:00,11.57,3.84,5.3
NORTH,2025-03-26 17:30:00,9.74,3.06,39.6
NORTH,2025-03-26 18:00:00,11.31,5.86,66.2
NORTH,2025-03-26 18:30:00,9.92,5.01,31.6
NORTH,2025-03-26 19:00:00,10.26,6.48,78.7
NORTH,2025-03-26 19:30:00,10.274999999999999,4.37,39.8
NORTH,2025-03-26 20:00:00,10.29,2.5,44.3
NORTH,2025-03-26 20:30:00,10.53,2.55,45.7
NORTH,2025-03-26 21:00:00,10.45,1.04,54.2
NORTH,2025-03-26 21:30:00,8.19,1.29,81.1
NORTH,2025-03-26 22:00:00,9.33,2.57,75.3
NORTH,2025-03-26 22:30:00,11.77,4.5,78.4
NORTH,2025-03-26 23:00:00,8.85,4.11,60.1
NORTH,2025-03-26 23:30:00,9.9,5.93,33.5
NORTH,2025-03-27 00:00:00,8.06,3.03,42.5
NORTH,2025-03-27 00:30:00,9.4,4.43,61.1
NORTH,2025-03-27 01:00:00,8.16,6.7,63.9
NORTH,2025-03-27 01:30:00,8.47,4.13,73.4
NORTH,2025-03-27 02:00:00,8.38,2.27,91.7
NORTH,2025-03-27 02:30:00,8.68,1.7,27.3
NORTH,2025-03-27 03:00:00,8.44,6.59,68.1
NORTH,2025-03-27 03:30:00,6.775,5.28,60.1
NORTH,2025-03-27 04:00:00,5.11,2.6,74.3
NORTH,2025-03-27 04:30:00,7.83,3.61,50.1
NORTH,2025-03-27 05:00:00,6.92,3.31,58.6
NORTH,2025-03-27 05:30:00,6.87,2.45,74.4
NORTH,2025-03-27 06:00:00,6.2,4.98,61.1
NORTH,2025-03-27 06:30:00,8.25,5.09,67.3
NORTH,2025-03-27 07:00:00,6.64,8.17,59.2
NORTH,2025-03-27 07:30:00,6.39,4.21,24.6
NORTH,2025-03-27 08:00:00,6.24,6.03,69.3
NORTH,2025-03-27 08:30:00,7.94,5.57,69.0
NORTH,2025-03-27 09:00:00,7.26,4.73,54.9
NORTH,2025-03-27 09:30:00,6.04,0.0,88.7
NORTH,2025-03-27 10:00:00,6.16,1.91,53.4
NORTH,2025-03-27 10:30:00,8.5,4.14,64.6
NORTH,2025-03-27 11:00:00,9.22,5.67,54.8
NORTH,2025-03-27 11:30:00,4.67,5.28,47.8
NORTH,2025-03-27 12:00:00,7.92,3.9,67.4
NORTH,2025-03-27 12:30:00,8.2,0.54,62.3
NORTH,2025-03-27 13:00:00,7.59,4.58,69.1
NORTH,2025-03-27 13:30:00,7.79,2.7,39.7
NORTH,2025-03-27 14:00:00,6.22,4.24,69.5
NORTH,2025-03-27 14:30:00,7.72,5.66,57.9
NORTH,2025-03-27 15:00:00,8.54,1.12,52.0
NORTH,2025-03-27 15:30:00,9.75,6.8,56.6
NORTH,2025-03-27 16:00:00,10.17,6.83,43.1
NORTH,2025-03-27 16:30:00,9.51,4.38,79.4
NORTH,2025-03-27 17:00:00,8.54,4.63,55.4
NORTH,2025-03-27 17:30:00,10.05,6.44,86.6
NORTH,2025-03-27 18:00:00,11.34,2.02,51.5
NORTH,2025-03-27 18:30:00,11.07,5.21,55.3
NORTH,2025-03-27 19:00:00,8.96,0.0,31.3
NORTH,2025-03-27 19:30:00,9.69,3.42,67.4
NORTH,2025-03-27 20:00:00,10.85,8.52,46.1
NORTH,2025-03-27 20:30:00,7.79,2.14,90.2
NORTH,2025-03-27 21:00:00,10.08,6.02,49.9
NORTH,2025-03-27 21:30:00,9.46,0.57,54.0
NORTH,2025-03-27 22:00:00,9.87,5.74,70.1
NORTH,2025-03-27 22:30:00,12.24,3.69,64.4
NORTH,2025-03-27 23:00:00,9.52,2.61,67.4
NORTH,2025-03-27 23:30:00,9.21,7.33,45.8
NORTH,2025-03-28 00:00:00,8.75,1.51,66.1
NORTH,2025-03-28 00:30:00,7.56,3.98,39.0
NORTH,2025-03-28 01:00:00,7.49,2.47,73.1
NORTH,2025-03-28 01:30:00,7.425000000000001,3.75,70.1
NORTH,2025-03-28 02:00:00,7.36,0.07,40.2
NORTH,2025-03-28 02:30:00,7.81,3.9,70.1
NORTH,2025-03-28 03:00:00,7.46,6.03,66.5
NORTH,2025-03-28 03:30:00,5.95,0.0,41.9
NORTH,2025-03-28 04:00:00,7.32,4.74,58.1
NORTH,2025-03-28 04:30:00,7.3,6.64,60.3
NORTH,2025-03-28 05:00:00,7.16,7.19,27.4
NORTH,2025-03-28 05:30:00,8.79,0.0,45.1
NORTH,2025-03-28 06:00:00,5.75,0.73,57.0
NORTH,2025-03-28 06:30:00,6.36,5.48,72.7
NORTH,2025-03-28 07:00:00,6.43,6.24,71.6
NORTH,2025-03-28 07:30:00,5.83,4.24,48.6
NORTH,2025-03-28 08:00:00,4.69,4.86,33.0
NORTH,2025-03-28 08:30:00,5.93,0.0,61.3
NORTH,2025-03-28 09:00:00,5.35,5.14,56.0
NORTH,2025-03-28 09:30:00,6.07,4.1,49.0
NORTH,2025-03-28 10:00:00,5.74,2.87,57.7
NORTH,2025-03-28 10:30:00,5.76,4.9,28.1
NORTH,2025-03-28 11:00:00,4.94,7.78,52.2
NORTH,2025-03-28 11:30:00,5.52,3.95,73.8
NORTH,2025-03-28 12:00:00,7.93,2.5,50.8
NORTH,2025-03-28 12:30:00,6.76,4.62,60.8
NORTH,2025-03-28 13:00:00,6.54,2.98,55.2
NORTH,2025-03-28 13:30:00,9.42,3.65,119.6
NORTH,2025-03-28 14:00:00,7.83,0.63,66.3
NORTH,2025-03-28 14:30:00,9.41,4.95,63.5
NORTH,2025-03-28 15:00:00,8.22,3.43,18.1
NORTH,2025-03-28 15:30:00,9.71,3.24,80.6
NORTH,2025-03-28 16:00:00,8.52,3.89,82.5
NORTH,2025-03-28 16:30:00,10.76,5.68,26.3
NORTH,2025-03-28 17:00:00,8.04,5.4,47.4
NORTH,2025-03-28 17:30:00,9.66,4.41,64.6
NORTH,2025-03-28 18:00:00,8.62,6.05,50.6
NORTH,2025-03-28 18:30:00,10.6,3.59,94.6
NORTH,2025-03-28 19:00:00,11.83,8.26,89.8
NORTH,2025-03-28 19:30:00,9.93,2.93,39.6
NORTH,2025-03-28 20:00:00,10.48,4.05,59.2
NORTH,2025-03-28 20:30:00,9.16,4.72,53.1
NORTH,2025-03-28 21:00:00,9.51,4.33,58.6
NORTH,2025-03-28 21:30:00,8.38,2.42,69.6
NORTH,2025-03-28 22:00:00,9.83,0.11,72.6
NORTH,2025-03-28 22:30:00,9.83,1.88,48.0
NORTH,2025-03-28 23:00:00,9.77,0.0,67.6
NORTH,2025-03-28 23:30:00,10.75,5.78,80.8
NORTH,2025-03-29 00:00:00,8.25,6.07,64.9
NORTH,2025-03-29 00:30:00,8.18,4.93,67.9
NORTH,2025-03-29 01:00:00,10.55,6.39,47.6
NORTH,2025-03-29 01:30:00,9.11,4.66,64.5
NORTH,2025-03-29 02:00:00,7.82,7.51,48.8
NORTH,2025-03-29 02:30:00,10.18,1.15,53.1
NORTH,2025-03-29 03:00:00,8.58,1.89,46.8
NORTH,2025-03-29 03:30:00,8.31,0.54,79.9
NORTH,2025-03-29 04:00:00,8.96,7.04,65.9
NORTH,2025-03-29 04:30:00,6.67,3.28,65.2
NORTH,2025-03-29 05:00:00,6.93,3.24,88.5
NORTH,2025-03-29 05:30:00,6.47,6.87,61.8
NORTH,2025-03-29 06:00:00,6.5,5.04,69.1
NORTH,2025-03-29 06:30:00,6.28,5.13,72.4
NORTH,2025-03-29 07:00:00,8.24,4.14,45.9
NORTH,2025-03-29 07:30:00,5.44,8.74,26.2
NORTH,2025-03-29 08:00:00,4.76,4.05,48.9
NORTH,2025-03-29 08:30:00,7.17,5.46,50.4
NORTH,2025-03-29 09:00:00,8.06,1.79,46.7
NORTH,2025-03-29 09:30:00,8.14,1.39,66.2
NORTH,2025-03-29 10:00:00,8.33,0.0,53.9
NORTH,2025-03-29 10:30:00,7.59,3.46,61.1
NORTH,2025-03-29 11:00:00,7.0,4.63,45.5
NORTH,2025-03-29 11:30:00,7.69,4.51,39.4
NORTH,2025-03-29 12:00:00,6.63,1.17,63.8
NORTH,2025-03-29 12:30:00,7.77,4.42,69.9
NORTH,2025-03-29 13:00:00,7.83,5.52,57.7
NORTH,2025-03-29 13:30:00,8.51,1.43,34.8
NORTH,2025-03-29 14:00:00,8.29,5.37,55.0
NORTH,2025-03-29 14:30:00,8.95,4.62,23.1
NORTH,2025-03-29 15:00:00,11.49,1.48,43.0
NORTH,2025-03-29 15:30:00,10.08,4.04,46.2
NORTH,2025-03-29 16:00:00,8.62,2.24,45.6
NORTH,2025-03-29 16:30:00,10.13,3.0,40.8
NORTH,2025-03-29 17:00:00,8.69,3.69,46.5
NORTH,2025-03-29 17:30:00,9.23,4.7,51.3
NORTH,2025-03-29 18:00:00,8.88,2.61,85.1
NORTH,2025-03-29 18:30:00,12.53,4.09,73.0
NORTH,2025-03-29 19:00:00,8.99,2.82,68.1
NORTH,2025-03-29 19:30:00,7.28,5.55,49.8
NORTH,2025-03-29 20:00:00,8.89,4.78,86.0
NORTH,2025-03-29 20:30:00,9.81,4.58,68.2
NORTH,2025-03-29 21:00:00,10.4,2.01,64.0
NORTH,2025-03-29 21:30:00,10.34,0.0,75.4
NORTH,2025-03-29 22:00:00,8.11,4.26,87.3
NORTH,2025-03-29 22:30:00,9.62,1.91,70.1
NORTH,2025-03-29 23:00:00,11.28,1.78,17.5
NORTH,2025-03-29 23:30:00,11.02,5.71,66.9
NORTH,2025-03-30 00:00:00,7.05,5.2,78.6
NORTH,2025-03-30 00:30:00,11.8,3.44,62.9
NORTH,2025-03-30 01:00:00,6.14,5.94,77.0
NORTH,2025-03-30 01:30:00,9.21,6.38,45.9
NORTH,2025-03-30 02:00:00,7.95,3.64,79.8
NORTH,2025-03-30 02:30:00,9.56,4.64,64.8
NORTH,2025-03-30 03:00:00,8.35,3.33,84.5
NORTH,2025-03-30 03:30:00,7.15,4.86,49.3
NORTH,2025-03-30 04:00:00,8.35,3.8,97.2
NORTH,2025-03-30 04:30:00,7.06,5.87,48.7
NORTH,2025-03-30 05:00:00,6.43,3.92,66.3
NORTH,2025-03-30 05:30:00,5.9,2.86,61.6
NORTH,2025-03-30 06:00:00,6.96,3.93,56.8
NORTH,2025-03-30 06:30:00,4.89,5.0,75.2
NORTH,2025-03-30 07:00:00,7.43,4.3,49.1
NORTH,2025-03-30 07:30:00,5.89,4.31,59.7
NORTH,2025-03-30 08:00:00,5.2,0.64,50.0
NORTH,2025-03-30 08:30:00,5.88,4.62,52.6
NORTH,2025-03-30 09:00:00,5.98,4.22,88.2
NORTH,2025-03-30 09:30:00,6.08,0.9,47.7
NORTH,2025-03-30 10:00:00,8.65,6.87,76.9
NORTH,2025-03-30 10:30:00,7.32,5.43,55.7
NORTH,2025-03-30 11:00:00,7.84,5.81,75.2
NORTH,2025-03-30 11:30:00,6.08,3.35,48.4
NORTH,2025-03-30 12:00:00,8.41,4.61,67.1
NORTH,2025-03-30 12:30:00,7.9,1.18,75.9
NORTH,2025-03-30 13:00:00,7.04,3.1,45.0
NORTH,2025-03-30 13:30:00,7.79,3.87,35.0
NORTH,2025-03-30 14:00:00,6.06,3.59,74.7
NORTH,2025-03-30 14:30:00,9.07,6.0,56.4
NORTH,2025-03-30 15:00:00,8.3,3.78,74.5
NORTH,2025-03-30 15:30:00,10.66,3.08,55.2
NORTH,2025-03-30 16:00:00,9.25,3.47,49.5
NORTH,2025-03-30 16:30:00,9.06,2.42,73.1
NORTH,2025-03-30 17:00:00,11.39,3.43,89.9
NORTH,2025-03-30 17:30:00,9.49,2.61,72.4
NORTH,2025-03-30 18:00:00,8.83,5.25,64.6
NORTH,2025-03-30 18:30:00,9.46,2.98,44.3
NORTH,2025-03-30 19:00:00,11.38,3.55,65.6
NORTH,2025-03-30 19:30:00,10.13,3.58,65.9
NORTH,2025-03-30 20:00:00,10.82,4.28,56.6
NORTH,2025-03-30 20:30:00,8.91,2.79,54.5
NORTH,2025-03-30 21:00:00,10.16,0.52,71.2
NORTH,2025-03-30 21:30:00,10.53,2.84,43.5
NORTH,2025-03-30 22:00:00,9.12,1.35,53.9
NORTH,2025-03-30 22:30:00,9.73,5.84,68.5
NORTH,2025-03-30 23:00:00,11.12,4.22,43.6
NORTH,2025-03-30 23:30:00,11.71,3.36,32.2
NORTH,2025-03-31 00:00:00,9.5,0.82,58.5
NORTH,2025-03-31 00:30:00,8.66,5.05,77.2
NORTH,2025-03-31 01:00:00,8.36,3.21,73.6
NORTH,2025-03-31 01:30:00,7.83,4.13,69.7
NORTH,2025-03-31 02:00:00,7.29,3.4,61.8
NORTH,2025-03-31 02:30:00,9.83,1.58,57.3
NORTH,2025-03-31 03:00:00,9.34,5.94,55.0
NORTH,2025-03-31 03:30:00,7.63,4.92,68.6
NORTH,2025-03-31 04:00:00,8.89,6.26,35.1
NORTH,2025-03-31 04:30:00,5.32,2.91,26.7
NORTH,2025-03-31 05:00:00,8.4,1.01,54.6
NORTH,2025-03-31 05:30:00,5.78,0.83,81.3
NORTH,2025-03-31 06:00:00,5.81,7.81,85.3
NORTH,2025-03-31 06:30:00,6.5,0.0,53.9
NORTH,2025-03-31 07:00:00,9.05,4.86,57.0
NORTH,2025-03-31 07:30:00,5.57,5.77,66.7
NORTH,2025-03-31 08:00:00,6.58,6.27,79.5
NORTH,2025-03-31 08:30:00,6.76,0.83,42.3
NORTH,2025-03-31 09:00:00,5.56,3.93,87.0
NORTH,2025-03-31 09:30:00,8.77,4.78,69.9
NORTH,2025-03-31 10:00:00,4.69,3.15,50.0
NORTH,2025-03-31 10:30:00,5.74,5.16,51.9
NORTH,2025-03-31 11:00:00,4.55,5.69,81.7
NORTH,2025-03-31 11:30:00,7.17,3.66,43.8
NORTH,2025-03-31 12:00:00,6.23,6.14,46.5
NORTH,2025-03-31 12:30:00,9.65,5.9,66.1
NORTH,2025-03-31 13:00:00,10.98,6.55,52.3
NORTH,2025-03-31 13:30:00,6.49,3.15,58.2
NORTH,2025-03-31 14:00:00,7.33,1.75,64.2
NORTH,2025-03-31 14:30:00,9.3,7.72,61.4
NORTH,2025-03-31 15:00:00,9.48,0.3,75.5
NORTH,2025-03-31 15:30:00,7.54,4.61,59.2
NORTH,2025-03-31 16:00:00,8.95,1.03,46.4
NORTH,2025-03-31 16:30:00,8.09,2.81,81.3
NORTH,2025-03-31 17:00:00,9.23,2.65,71.7
NORTH,2025-03-31 17:30:00,10.04,8.06,78.2
NORTH,2025-03-31 18:00:00,7.58,5.61,72.4
NORTH,2025-03-31 18:30:00,11.96,3.6,79.7
NORTH,2025-03-31 19:00:00,9.74,4.58,41.0
NORTH,2025-03-31 19:30:00,8.52,5.74,60.1
NORTH,2025-03-31 20:00:00,8.7,5.63,10.8
NORTH,2025-03-31 20:30:00,9.26,0.68,81.6
NORTH,2025-03-31 21:00:00,9.65,4.16,65.5
NORTH,2025-03-31 21:30:00,11.14,5.39,74.4
NORTH,2025-03-31 22:00:00,9.65,5.71,48.2
NORTH,2025-03-31 22:30:00,9.49,0.93,90.2
NORTH,2025-03-31 23:00:00,9.690000000000001,6.82,69.7
NORTH,2025-03-31 23:30:00,9.89,4.73,40.8
SCOTLAND,2025-01-01 00:00:00,2.91,5.91,59.5
SCOTLAND,2025-01-01 00:30:00,4.06,2.82,38.4
SCOTLAND,2025-01-01 01:00:00,1.87,4.92,75.5
SCOTLAND,2025-01-01 01:30:00,3.98,4.58,73.6
SCOTLAND,2025-01-01 02:00:00,3.36,2.44,56.2
SCOTLAND,2025-01-01 02:30:00,5.04,5.71,69.2
SCOTLAND,2025-01-01 03:00:00,2.27,1.33,48.4
SCOTLAND,2025-01-01 03:30:00,-0.02,4.84,53.4
SCOTLAND,2025-01-01 04:00:00,0.83,3.38,30.7
SCOTLAND,2025-01-01 04:30:00,1.78,0.48,46.9
SCOTLAND,2025-01-01 05:00:00,-1.28,2.24,63.6
SCOTLAND,2025-01-01 05:30:00,1.78,0.88,50.0
SCOTLAND,2025-01-01 06:00:00,-2.12,2.79,61.3
SCOTLAND,2025-01-01 06:30:00,0.9,0.0,69.9
SCOTLAND,2025-01-01 07:00:00,-1.38,1.57,61.2
SCOTLAND,2025-01-01 07:30:00,0.54,3.8,40.3
SCOTLAND,2025-01-01 08:00:00,-0.41,2.55,70.9
SCOTLAND,2025-01-01 08:30:00,1.01,6.02,59.6
SCOTLAND,2025-01-01 09:00:00,1.13,1.96,92.1
SCOTLAND,2025-01-01 09:30:00,-1.45,0.0,84.6
SCOTLAND,2025-01-01 10:00:00,-0.87,4.23,41.4
SCOTLAND,2025-01-01 10:30:00,2.82,7.64,87.8
SCOTLAND,2025-01-01 11:00:00,0.41,5.96,59.0
SCOTLAND,2025-01-01 11:30:00,1.65,3.18,88.5
SCOTLAND,2025-01-01 12:00:00,0.16,3.31,51.6
SCOTLAND,2025-01-01 12:30:00,0.95,3.22,68.8
SCOTLAND,2025-01-01 13:00:00,0.62,5.58,87.3
SCOTLAND,2025-01-01 13:30:00,1.29,8.44,80.3
SCOTLAND,2025-01-01 14:00:00,4.28,3.88,30.1
SCOTLAND,2025-01-01 14:30:00,0.87,2.79,42.8
SCOTLAND,2025-01-01 15:00:00,-0.4,6.05,26.5
SCOTLAND,2025-01-01 15:30:00,3.35,8.37,46.0
SCOTLAND,2025-01-01 16:00:00,3.18,3.2,74.9
SCOTLAND,2025-01-01 16:30:00,1.28,3.74,80.2
SCOTLAND,2025-01-01 17:00:00,3.07,0.74,82.3
SCOTLAND,2025-01-01 17:30:00,1.57,4.16,70.5
SCOTLAND,2025-01-01 18:00:00,3.59,9.07,73.2
SCOTLAND,2025-01-01 18:30:00,3.2,5.21,63.8
SCOTLAND,2025-01-01 19:00:00,3.7,4.49,52.2
SCOTLAND,2025-01-01 19:30:00,3.9,2.99,25.9
SCOTLAND,2025-01-01 20:00:00,5.08,2.87,62.5
SCOTLAND,2025-01-01 20:30:00,2.8,2.54,41.3
SCOTLAND,2025-01-01 21:00:00,4.78,6.38,60.5
SCOTLAND,2025-01-01 21:30:00,3.0,0.61,74.3
SCOTLAND,2025-01-01 22:00:00,2.64,1.77,60.5
SCOTLAND,2025-01-01 22:30:00,3.05,0.96,35.1
SCOTLAND,2025-01-01 23:00:00,3.53,2.69,69.2
SCOTLAND,2025-01-01 23:30:00,3.3,6.1,45.0
SCOTLAND,2025-01-02 00:00:00,3.06,5.28,48.7
SCOTLAND,2025-01-02 00:30:00,4.13,0.67,45.0
SCOTLAND,2025-01-02 01:00:00,0.25,2.53,57.2
SCOTLAND,2025-01-02 01:30:00,3.3,3.69,49.3
SCOTLAND,2025-01-02 02:00:00,-0.08,1.57,65.6
SCOTLAND,2025-01-02 02:30:00,2.84,3.16,81.8
SCOTLAND,2025-01-02 03:00:00,0.12,3.22,54.5
SCOTLAND,2025-01-02 03:30:00,3.1,4.27,27.6
SCOTLAND,2025-01-02 04:00:00,1.92,7.69,55.5
SCOTLAND,2025-01-02 04:30:00,-0.3,5.73,95.4
SCOTLAND,2025-01-02 05:00:00,1.38,0.75,73.6
SCOTLAND,2025-01-02 05:30:00,0.85,2.09,83.2
SCOTLAND,2025-01-02 06:00:00,0.57,6.63,40.9
SCOTLAND,2025-01-02 06:30:00,0.53,2.21,64.5
SCOTLAND,2025-01-02 07:00:00,1.62,1.15,35.4
SCOTLAND,2025-01-02 07:30:00,1.0,3.97,81.1
SCOTLAND,2025-01-02 08:00:00,-1.19,4.1,72.4
SCOTLAND,2025-01-02 08:30:00,0.03,0.42,110.8
SCOTLAND,2025-01-02 09:00:00,0.1,1.32,65.7
SCOTLAND,2025-01-02 09:30:00,0.36,5.99,76.7
SCOTLAND,2025-01-02 10:00:00,-0.21,0.56,68.3
SCOTLAND,2025-01-02 10:30:00,-1.92,6.43,46.8
SCOTLAND,2025-01-02 11:00:00,1.13,2.69,51.1
SCOTLAND,2025-01-02 11:30:00,-0.6,5.43,48.8
SCOTLAND,2025-01-02 12:00:00,1.7,2.81,55.8
SCOTLAND,2025-01-02 12:30:00,0.82,4.31,43.4
SCOTLAND,2025-01-02 13:00:00,2.11,3.46,69.8
SCOTLAND,2025-01-02 13:30:00,1.24,5.17,52.6
SCOTLAND,2025-01-02 14:00:00,0.83,4.85,51.1
SCOTLAND,2025-01-02 14:30:00,3.53,4.14,35.3
SCOTLAND,2025-01-02 15:00:00,1.6,2.0,79.3
SCOTLAND,2025-01-02 15:30:00,3.23,3.88,65.2
SCOTLAND,2025-01-02 16:00:00,2.68,5.72,69.4
SCOTLAND,2025-01-02 16:30:00,3.62,3.62,48.6
SCOTLAND,2025-01-02 17:00:00,3.99,7.1,79.9
SCOTLAND,2025-01-02 17:30:00,5.09,4.32,42.5
SCOTLAND,2025-01-02 18:00:00,2.45,6.76,26.5
SCOTLAND,2025-01-02 18:30:00,5.32,2.42,94.6
SCOTLAND,2025-01-02 19:00:00,3.63,5.45,102.9
SCOTLAND,2025-01-02 19:30:00,3.32,3.31,47.5
SCOTLAND,2025-01-02 20:00:00,2.58,3.34,50.0
SCOTLAND,2025-01-02 20:30:00,2.28,3.58,68.1
SCOTLAND,2025-01-02 21:00:00,2.64,3.68,85.3
SCOTLAND,2025-01-02 21:30:00,2.01,7.86,47.9
SCOTLAND,2025-01-02 22:00:00,3.75,6.56,88.5
SCOTLAND,2025-01-02 22:30:00,4.08,2.61,45.9
SCOTLAND,2025-01-02 23:00:00,2.5,7.78,53.1
SCOTLAND,2025-01-02 23:30:00,3.58,1.91,39.2
SCOTLAND,2025-01-03 00:00:00,2.88,3.35,55.5
SCOTLAND,2025-01-03 00:30:00,1.07,3.85,87.9
SCOTLAND,2025-01-03 01:00:00,1.34,5.79,0.0
SCOTLAND,2025-01-03 01:30:00,1.4,0.18,82.3
SCOTLAND,2025-01-03 02:00:00,2.9,1.93,65.2
SCOTLAND,2025-01-03 02:30:00,3.29,6.71,52.7
SCOTLAND,2025-01-03 03:00:00,-1.32,2.2,73.8
SCOTLAND,2025-01-03 03:30:00,3.85,3.89,49.1
SCOTLAND,2025-01-03 04:00:00,3.73,4.81,37.9
SCOTLAND,2025-01-03 04:30:00,0.7,6.0,58.7
SCOTLAND,2025-01-03 05:00:00,1.39,0.79,34.2
SCOTLAND,2025-01-03 05:30:00,-0.45,3.44,66.0
SCOTLAND,2025-01-03 06:00:00,0.88,8.93,46.7
SCOTLAND,2025-01-03 06:30:00,-0.26,2.58,79.4
SCOTLAND,2025-01-03 07:00:00,1.27,3.1,97.2
SCOTLAND,2025-01-03 07:30:00,-0.94,6.06,86.2
SCOTLAND,2025-01-03 08:00:00,-1.79,5.16,10.9
SCOTLAND,2025-01-03 08:30:00,0.84,1.8,70.2
SCOTLAND,2025-01-03 09:00:00,0.82,6.24,76.0
SCOTLAND,2025-01-03 09:30:00,-0.02,3.24,58.7
SCOTLAND,2025-01-03 10:00:00,-1.23,3.58,54.8
SCOTLAND,2025-01-03 10:30:00,-0.83,0.52,37.0
SCOTLAND,2025-01-03 11:00:00,-3.35,3.38,66.5
SCOTLAND,2025-01-03 11:30:00,-2.79,4.47,57.8
SCOTLAND,2025-01-03 12:00:00,-0.57,3.14,78.9
SCOTLAND,2025-01-03 12:30:00,-0.32,4.16,66.2
SCOTLAND,2025-01-03 13:00:00,0.34,6.02,67.3
SCOTLAND,2025-01-03 13:30:00,1.03,8.73,78.2
SCOTLAND,2025-01-03 14:00:00,-0.18,3.22,104.4
SCOTLAND,2025-01-03 14:30:00,0.67,4.13,82.2
SCOTLAND,2025-01-03 15:00:00,3.15,5.59,73.3
SCOTLAND,2025-01-03 15:30:00,2.39,2.42,67.8
SCOTLAND,2025-01-03 16:00:00,2.36,3.04,86.7
SCOTLAND,2025-01-03 16:30:00,2.39,7.41,64.6
SCOTLAND,2025-01-03 17:00:00,3.07,0.36,98.2
SCOTLAND,2025-01-03 17:30:00,3.25,0.0,77.8
SCOTLAND,2025-01-03 18:00:00,3.52,2.14,76.8
SCOTLAND,2025-01-03 18:30:00,0.52,2.57,54.6
SCOTLAND,2025-01-03 19:00:00,4.8,8.48,55.6
SCOTLAND,2025-01-03 19:30:00,4.33,9.5,60.1
SCOTLAND,2025-01-03 20:00:00,4.41,1.53,95.3
SCOTLAND,2025-01-03 20:30:00,2.99,4.54,64.3
SCOTLAND,2025-01-03 21:00:00,3.88,3.13,64.3
SCOTLAND,2025-01-03 21:30:00,5.89,8.56,56.8
SCOTLAND,2025-01-03 22:00:00,3.04,2.38,108.4
SCOTLAND,2025-01-03 22:30:00,3.73,6.23,72.5
SCOTLAND,2025-01-03 23:00:00,5.91,3.5,40.1
SCOTLAND,2025-01-03 23:30:00,5.49,5.81,68.2
SCOTLAND,2025-01-04 00:00:00,4.75,5.03,88.3
SCOTLAND,2025-01-04 00:30:00,3.21,5.8,69.5
SCOTLAND,2025-01-04 01:00:00,2.04,3.59,52.9
SCOTLAND,2025-01-04 01:30:00,2.75,3.09,67.8
SCOTLAND,2025-01-04 02:00:00,2.39,4.41,64.0
SCOTLAND,2025-01-04 02:30:00,1.23,3.44,29.9
SCOTLAND,2025-01-04 03:00:00,1.25,2.03,61.8
SCOTLAND,2025-01-04 03:30:00,0.54,0.0,100.5
SCOTLAND,2025-01-04 04:00:00,0.63,6.89,50.5
SCOTLAND,2025-01-04 04:30:00,2.95,1.7,63.2
SCOTLAND,2025-01-04 05:00:00,-0.81,9.2,55.5
SCOTLAND,2025-01-04 05:30:00,1.49,4.9,59.5
SCOTLAND,2025-01-04 06:00:00,0.8,6.72,72.0
SCOTLAND,2025-01-04 06:30:00,0.38,5.04,94.5
SCOTLAND,2025-01-04 07:00:00,-0.52,0.29,40.3
SCOTLAND,2025-01-04 07:30:00,-1.25,2.24,44.8
SCOTLAND,2025-01-04 08:00:00,-0.12,4.49,64.3
SCOTLAND,2025-01-04 08:30:00,-0.96,5.99,69.6
SCOTLAND,2025-01-04 09:00:00,1.88,5.69,53.7
SCOTLAND,2025-01-04 09:30:00,1.55,4.55,74.4
SCOTLAND,2025-01-04 10:00:00,1.04,3.75,61.9
SCOTLAND,2025-01-04 10:30:00,0.02,2.29,21.4
SCOTLAND,2025-01-04 11:00:00,-0.33,4.4,79.5
SCOTLAND,2025-01-04 11:30:00,1.45,3.44,47.8
SCOTLAND,2025-01-04 12:00:00,0.7,2.05,21.9
SCOTLAND,2025-01-04 12:30:00,-0.94,6.75,93.4
SCOTLAND,2025-01-04 13:00:00,2.3,3.88,34.9
SCOTLAND,2025-01-04 13:30:00,1.2,5.22,74.9
SCOTLAND,2025-01-04 14:00:00,2.74,6.42,95.0
SCOTLAND,2025-01-04 14:30:00,1.43,9.61,23.6
SCOTLAND,2025-01-04 15:00:00,1.5,4.4,69.9
SCOTLAND,2025-01-04 15:30:00,2.21,3.01,99.6
SCOTLAND,2025-01-04 16:00:00,2.26,1.96,90.4
SCOTLAND,2025-01-04 16:30:00,3.93,6.19,63.5
SCOTLAND,2025-01-04 17:00:00,1.68,4.17,32.8
SCOTLAND,2025-01-04 17:30:00,3.62,5.31,79.4
SCOTLAND,2025-01-04 18:00:00,3.53,5.5,43.7
SCOTLAND,2025-01-04 18:30:00,4.8,5.35,45.6
SCOTLAND,2025-01-04 19:00:00,4.48,6.18,61.4
SCOTLAND,2025-01-04 19:30:00,2.86,4.36,69.9
SCOTLAND,2025-01-04 20:00:00,2.92,1.98,69.4
SCOTLAND,2025-01-04 20:30:00,4.9,8.3,72.0
SCOTLAND,2025-01-04 21:00:00,2.39,8.08,79.0
SCOTLAND,2025-01-04 21:30:00,1.44,1.94,51.2
SCOTLAND,2025-01-04 22:00:00,4.65,0.0,57.9
SCOTLAND,2025-01-04 22:30:00,4.58,0.0,73.4
SCOTLAND,2025-01-04 23:00:00,4.37,2.31,39.2
SCOTLAND,2025-01-04 23:30:00,2.29,0.0,54.1
SCOTLAND,2025-01-05 00:00:00,3.24,1.56,77.5
SCOTLAND,2025-01-05 00:30:00,3.1,4.52,52.8
SCOTLAND,2025-01-05 01:00:00,3.39,6.58,52.7
SCOTLAND,2025-01-05 01:30:00,3.41,5.54,67.5
SCOTLAND,2025-01-05 02:00:00,3.99,2.55,52.4
SCOTLAND,2025-01-05 02:30:00,1.05,5.45,55.1
SCOTLAND,2025-01-05 03:00:00,0.63,7.33,92.6
SCOTLAND,2025-01-05 03:30:00,1.07,1.27,93.5
SCOTLAND,2025-01-05 04:00:00,1.54,4.84,61.9
SCOTLAND,2025-01-05 04:30:00,0.02,3.17,72.2
SCOTLAND,2025-01-05 05:00:00,0.03,4.87,60.2
SCOTLAND,2025-01-05 05:30:00,-0.7,7.24,70.7
SCOTLAND,2025-01-05 06:00:00,0.64,5.11,27.7
SCOTLAND,2025-01-05 06:30:00,-0.35,0.95,62.2
SCOTLAND,2025-01-05 07:00:00,0.44,4.28,81.2
SCOTLAND,2025-01-05 07:30:00,-1.75,2.4,67.5
SCOTLAND,2025-01-05 08:00:00,0.3,1.37,81.5
SCOTLAND,2025-01-05 08:30:00,1.83,4.85,32.8
SCOTLAND,2025-01-05 09:00:00,0.24,4.68,55.1
SCOTLAND,2025-01-05 09:30:00,1.66,3.77,97.9
SCOTLAND,2025-01-05 10:00:00,1.19,4.55,76.6
SCOTLAND,2025-01-05 10:30:00,2.08,5.8,58.6
SCOTLAND,2025-01-05 11:00:00,-0.23,1.76,16.1
SCOTLAND,2025-01-05 11:30:00,0.77,3.22,54.0
SCOTLAND,2025-01-05 12:00:00,2.21,3.78,94.1
SCOTLAND,2025-01-05 12:30:00,0.29,2.06,37.4
SCOTLAND,2025-01-05 13:00:00,2.33,6.3,49.3
SCOTLAND,2025-01-05 13:30:00,0.18,7.06,33.9
SCOTLAND,2025-01-05 14:00:00,3.19,2.86,67.1
SCOTLAND,2025-01-05 14:30:00,3.27,4.95,54.7
SCOTLAND,2025-01-05 15:00:00,4.17,4.58,126.3
SCOTLAND,2025-01-05 15:30:00,0.45,0.56,77.9
SCOTLAND,2025-01-05 16:00:00,2.94,5.59,40.2
SCOTLAND,2025-01-05 16:30:00,3.04,4.91,50.2
SCOTLAND,2025-01-05 17:00:00,3.67,1.28,67.1
SCOTLAND,2025-01-05 17:30:00,5.13,1.52,36.6
SCOTLAND,2025-01-05 18:00:00,5.14,1.37,75.1
SCOTLAND,2025-01-05 18:30:00,3.78,3.16,86.4
SCOTLAND,2025-01-05 19:00:00,5.02,4.56,21.3
SCOTLAND,2025-01-05 19:30:00,4.77,1.86,56.0
SCOTLAND,2025-01-05 20:00:00,3.99,7.79,55.4
SCOTLAND,2025-01-05 20:30:00,2.27,6.94,73.1
SCOTLAND,2025-01-05 21:00:00,4.83,6.98,91.0
SCOTLAND,2025-01-05 21:30:00,2.84,1.22,75.2
SCOTLAND,2025-01-05 22:00:00,3.4,3.66,39.8
SCOTLAND,2025-01-05 22:30:00,4.41,4.8,57.2
SCOTLAND,2025-01-05 23:00:00,1.73,6.42,64.6
SCOTLAND,2025-01-05 23:30:00,4.73,0.0,61.0
SCOTLAND,2025-01-06 00:00:00,2.19,4.07,77.0
SCOTLAND,2025-01-06 00:30:00,3.49,4.04,60.2
SCOTLAND,2025-01-06 01:00:00,0.69,2.19,80.2
SCOTLAND,2025-01-06 01:30:00,1.96,6.28,74.9
SCOTLAND,2025-01-06 02:00:00,3.1,4.67,52.2
SCOTLAND,2025-01-06 02:30:00,1.86,5.28,21.7
SCOTLAND,2025-01-06 03:00:00,3.02,3.0,58.4
SCOTLAND,2025-01-06 03:30:00,1.43,3.92,36.4
SCOTLAND,2025-01-06 04:00:00,1.23,5.19,23.2
SCOTLAND,2025-01-06 04:30:00,-0.52,5.79,72.8
SCOTLAND,2025-01-06 05:00:00,0.99,2.64,72.9
SCOTLAND,2025-01-06 05:30:00,-0.81,3.73,36.5
SCOTLAND,2025-01-06 06:00:00,0.12,1.94,73.6
SCOTLAND,2025-01-06 06:30:00,0.83,2.86,79.6
SCOTLAND,2025-01-06 07:00:00,-1.03,3.93,48.9
SCOTLAND,2025-01-06 07:30:00,1.0,5.29,83.4
SCOTLAND,2025-01-06 08:00:00,0.14,0.0,52.2
SCOTLAND,2025-01-06 08:30:00,1.92,3.35,25.5
SCOTLAND,2025-01-06 09:00:00,0.65,5.05,46.9
SCOTLAND,2025-01-06 09:30:00,-0.18,2.31,69.4
SCOTLAND,2025-01-06 10:00:00,0.38,1.67,59.8
SCOTLAND,2025-01-06 10:30:00,-0.57,6.92,76.1
SCOTLAND,2025-01-06 11:00:00,0.48,4.16,78.2
SCOTLAND,2025-01-06 11:30:00,0.42,5.52,86.6
SCOTLAND,2025-01-06 12:00:00,0.46,7.29,84.4
SCOTLAND,2025-01-06 12:30:00,1.34,3.11,64.3
SCOTLAND,2025-01-06 13:00:00,1.23,2.41,69.6
SCOTLAND,2025-01-06 13:30:00,0.3,3.32,54.1
SCOTLAND,2025-01-06 14:00:00,0.41,5.32,55.9
SCOTLAND,2025-01-06 14:30:00,3.6,3.51,52.7
SCOTLAND,2025-01-06 15:00:00,1.48,4.08,60.8
SCOTLAND,2025-01-06 15:30:00,3.45,4.13,97.7
SCOTLAND,2025-01-06 16:00:00,3.59,2.03,40.7
SCOTLAND,2025-01-06 16:30:00,3.69,1.96,70.7
SCOTLAND,2025-01-06 17:00:00,4.53,5.84,44.4
SCOTLAND,2025-01-06 17:30:00,4.57,4.65,49.1
SCOTLAND,2025-01-06 18:00:00,3.59,4.94,47.9
SCOTLAND,2025-01-06 18:30:00,4.14,6.89,77.4
SCOTLAND,2025-01-06 19:00:00,4.08,4.47,50.3
SCOTLAND,2025-01-06 19:30:00,3.37,0.93,64.5
SCOTLAND,2025-01-06 20:00:00,4.86,3.86,44.2
SCOTLAND,2025-01-06 20:30:00,4.12,6.68,76.2
SCOTLAND,2025-01-06 21:00:00,3.94,8.09,108.6
SCOTLAND,2025-01-06 21:30:00,3.4,3.51,72.5
SCOTLAND,2025-01-06 22:00:00,2.68,5.7,61.8
SCOTLAND,2025-01-06 22:30:00,4.22,2.85,45.8
SCOTLAND,2025-01-06 23:00:00,1.08,6.97,76.9
SCOTLAND,2025-01-06 23:30:00,4.27,4.7,18.5
SCOTLAND,2025-01-07 00:00:00,2.21,3.49,40.5
SCOTLAND,2025-01-07 00:30:00,1.08,2.05,60.9
SCOTLAND,2025-01-07 01:00:00,2.69,5.82,97.1
SCOTLAND,2025-01-07 01:30:00,3.45,3.65,92.4
SCOTLAND,2025-01-07 02:00:00,0.21,0.0,44.0
SCOTLAND,2025-01-07 02:30:00,3.09,4.34,39.7
SCOTLAND,2025-01-07 03:00:00,0.72,1.52,37.7
SCOTLAND,2025-01-07 03:30:00,3.46,3.71,91.9
SCOTLAND,2025-01-07 04:00:00,0.04,4.98,64.1
SCOTLAND,2025-01-07 04:30:00,2.17,4.51,77.7
SCOTLAND,2025-01-07 05:00:00,1.36,1.82,73.2
SCOTLAND,2025-01-07 05:30:00,0.57,2.45,72.5
SCOTLAND,2025-01-07 06:00:00,1.49,3.03,53.7
SCOTLAND,2025-01-07 06:30:00,-1.28,0.39,55.6
SCOTLAND,2025-01-07 07:00:00,1.13,2.85,85.7
SCOTLAND,2025-01-07 07:30:00,-0.07,3.6,54.8
SCOTLAND,2025-01-07 08:00:00,1.29,2.08,57.7
SCOTLAND,2025-01-07 08:30:00,-0.54,2.88,60.6
SCOTLAND,2025-01-07 09:00:00,0.04,6.1,59.8
SCOTLAND,2025-01-07 09:30:00,0.85,4.35,85.3
SCOTLAND,2025-01-07 10:00:00,0.02,3.4,73.4
SCOTLAND,2025-01-07 10:30:00,0.0,5.0,102.1
SCOTLAND,2025-01-07 11:00:00,-0.48,7.06,51.1
SCOTLAND,2025-01-07 11:30:00,2.3,5.37,70.8
SCOTLAND,2025-01-07 12:00:00,0.93,3.5,47.0
SCOTLAND,2025-01-07 12:30:00,1.12,3.63,63.4
SCOTLAND,2025-01-07 13:00:00,-0.1,4.05,82.7
SCOTLAND,2025-01-07 13:30:00,2.73,4.05,106.1
SCOTLAND,2025-01-07 14:00:00,1.42,3.83,33.9
SCOTLAND,2025-01-07 14:30:00,1.63,7.58,53.4
SCOTLAND,2025-01-07 15:00:00,0.8,5.74,67.0
SCOTLAND,2025-01-07 15:30:00,3.63,3.41,41.9
SCOTLAND,2025-01-07 16:00:00,2.89,5.11,58.7
SCOTLAND,2025-01-07 16:30:00,3.58,2.93,67.7
SCOTLAND,2025-01-07 17:00:00,3.52,2.59,62.5
SCOTLAND,2025-01-07 17:30:00,3.06,5.23,75.7
SCOTLAND,2025-01-07 18:00:00,4.45,0.73,42.6
SCOTLAND,2025-01-07 18:30:00,3.08,2.41,50.2
SCOTLAND,2025-01-07 19:00:00,5.15,5.4,52.4
SCOTLAND,2025-01-07 19:30:00,4.75,4.66,59.4
SCOTLAND,2025-01-07 20:00:00,5.49,2.68,60.9
SCOTLAND,2025-01-07 20:30:00,2.85,1.99,35.5
SCOTLAND,2025-01-07 21:00:00,2.86,4.17,54.6
SCOTLAND,2025-01-07 21:30:00,3.72,3.4,91.9
SCOTLAND,2025-01-07 22:00:00,2.48,1.51,44.8
SCOTLAND,2025-01-07 22:30:00,3.76,5.03,71.1
SCOTLAND,2025-01-07 23:00:00,4.66,3.78,52.9
SCOTLAND,2025-01-07 23:30:00,5.49,0.0,61.1
SCOTLAND,2025-01-08 00:00:00,3.7,7.75,30.1
SCOTLAND,2025-01-08 00:30:00,2.68,1.28,27.6
SCOTLAND,2025-01-08 01:00:00,2.45,5.67,81.7
SCOTLAND,2025-01-08 01:30:00,2.06,5.33,56.4
SCOTLAND,2025-01-08 02:00:00,2.85,6.31,56.5
SCOTLAND,2025-01-08 02:30:00,3.47,1.57,71.8
SCOTLAND,2025-01-08 03:00:00,2.9,5.86,38.7
SCOTLAND,2025-01-08 03:30:00,1.41,4.6,68.0
SCOTLAND,2025-01-08 04:00:00,1.32,6.86,36.7
SCOTLAND,2025-01-08 04:30:00,0.89,0.62,71.2
SCOTLAND,2025-01-08 05:00:00,1.43,10.7,78.5
SCOTLAND,2025-01-08 05:30:00,1.16,4.51,54.3
SCOTLAND,2025-01-08 06:00:00,0.6,4.55,24.6
SCOTLAND,2025-01-08 06:30:00,0.68,4.2,91.6
SCOTLAND,2025-01-08 07:00:00,0.09,2.47,64.8
SCOTLAND,2025-01-08 07:30:00,0.34,3.74,37.0
SCOTLAND,2025-01-08 08:00:00,-0.01,2.84,56.1
SCOTLAND,2025-01-08 08:30:00,1.06,2.65,56.0
SCOTLAND,2025-01-08 09:00:00,0.9,3.46,107.0
SCOTLAND,2025-01-08 09:30:00,0.55,1.52,44.9
SCOTLAND,2025-01-08 10:00:00,-0.68,2.35,69.7
SCOTLAND,2025-01-08 10:30:00,-0.88,3.34,80.6
SCOTLAND,2025-01-08 11:00:00,0.14,5.34,29.7
SCOTLAND,2025-01-08 11:30:00,0.32,2.23,65.4
SCOTLAND,2025-01-08 12:00:00,-0.06,8.14,30.5
SCOTLAND,2025-01-08 12:30:00,2.54,5.76,65.6
SCOTLAND,2025-01-08 13:00:00,1.73,7.71,104.5
SCOTLAND,2025-01-08 13:30:00,1.41,4.32,50.1
SCOTLAND,2025-01-08 14:00:00,0.78,4.93,64.5
SCOTLAND,2025-01-08 14:30:00,0.25,4.91,65.1
SCOTLAND,2025-01-08 15:00:00,1.98,2.67,67.6
SCOTLAND,2025-01-08 15:30:00,4.63,4.8,74.0
SCOTLAND,2025-01-08 16:00:00,2.18,3.17,70.9
SCOTLAND,2025-01-08 16:30:00,1.55,4.41,68.9
SCOTLAND,2025-01-08 17:00:00,3.55,4.64,61.0
SCOTLAND,2025-01-08 17:30:00,2.85,1.64,58.4
SCOTLAND,2025-01-08 18:00:00,5.48,6.05,53.8
SCOTLAND,2025-01-08 18:30:00,3.47,3.12,52.1
SCOTLAND,2025-01-08 19:00:00,4.46,6.11,100.7
SCOTLAND,2025-01-08 19:30:00,3.12,5.3,69.8
SCOTLAND,2025-01-08 20:00:00,3.78,1.95,65.0
SCOTLAND,2025-01-08 20:30:00,6.72,4.54,45.8
SCOTLAND,2025-01-08 21:00:00,3.92,1.72,60.3
SCOTLAND,2025-01-08 21:30:00,4.93,2.61,1.4
SCOTLAND,2025-01-08 22:00:00,4.24,3.0,46.5
SCOTLAND,2025-01-08 22:30:00,3.0,4.8,52.7
SCOTLAND,2025-01-08 23:00:00,4.71,5.9,55.1
SCOTLAND,2025-01-08 23:30:00,2.97,4.26,57.4
SCOTLAND,2025-01-09 00:00:00,1.14,7.83,72.9
SCOTLAND,2025-01-09 00:30:00,2.69,0.17,56.8
SCOTLAND,2025-01-09 01:00:00,2.06,3.88,21.1
SCOTLAND,2025-01-09 01:30:00,2.2,3.18,56.5
SCOTLAND,2025-01-09 02:00:00,1.96,4.1,87.4
SCOTLAND,2025-01-09 02:30:00,1.63,2.18,28.9
SCOTLAND,2025-01-09 03:00:00,1.12,1.2,77.3
SCOTLAND,2025-01-09 03:30:00,1.61,5.88,86.4
SCOTLAND,2025-01-09 04:00:00,0.21,3.31,84.0
SCOTLAND,2025-01-09 04:30:00,1.47,5.04,78.6
SCOTLAND,2025-01-09 05:00:00,1.91,4.82,85.1
SCOTLAND,2025-01-09 05:30:00,0.75,5.04,56.8
SCOTLAND,2025-01-09 06:00:00,1.74,2.6,29.7
SCOTLAND,2025-01-09 06:30:00,1.3,1.96,39.9
SCOTLAND,2025-01-09 07:00:00,1.83,5.93,53.8
SCOTLAND,2025-01-09 07:30:00,-3.34,5.07,71.9
SCOTLAND,2025-01-09 08:00:00,-1.795,4.94,56.7
SCOTLAND,2025-01-09 08:30:00,-0.25,1.79,47.4
SCOTLAND,2025-01-09 09:00:00,0.7,4.68,74.2
SCOTLAND,2025-01-09 09:30:00,-1.37,0.68,53.2
SCOTLAND,2025-01-09 10:00:00,-0.71,4.37,36.4
SCOTLAND,2025-01-09 10:30:00,1.93,2.36,88.7
SCOTLAND,2025-01-09 11:00:00,1.46,1.89,97.7
SCOTLAND,2025-01-09 11:30:00,1.15,4.33,58.8
SCOTLAND,2025-01-09 12:00:00,1.81,5.05,44.4
SCOTLAND,2025-01-09 12:30:00,0.99,4.23,70.5
SCOTLAND,2025-01-09 13:00:00,2.45,4.33,50.1
SCOTLAND,2025-01-09 13:30:00,1.01,1.62,70.7
SCOTLAND,2025-01-09 14:00:00,1.51,3.62,64.3
SCOTLAND,2025-01-09 14:30:00,2.25,3.99,43.7
SCOTLAND,2025-01-09 15:00:00,3.09,3.37,58.4
SCOTLAND,2025-01-09 15:30:00,4.15,5.01,49.7
SCOTLAND,2025-01-09 16:00:00,3.07,7.2,54.5
SCOTLAND,2025-01-09 16:30:00,3.29,5.33,63.9
SCOTLAND,2025-01-09 17:00:00,3.21,2.51,59.8
SCOTLAND,2025-01-09 17:30:00,4.45,6.64,33.6
SCOTLAND,2025-01-09 18:00:00,6.09,3.42,76.6
SCOTLAND,2025-01-09 18:30:00,3.09,0.78,36.4
SCOTLAND,2025-01-09 19:00:00,3.78,5.05,60.6
SCOTLAND,2025-01-09 19:30:00,3.88,6.24,60.0
SCOTLAND,2025-01-09 20:00:00,4.58,10.22,59.9
SCOTLAND,2025-01-09 20:30:00,3.41,4.96,73.2
SCOTLAND,2025-01-09 21:00:00,4.54,4.31,86.7
SCOTLAND,2025-01-09 21:30:00,5.81,3.77,48.4
SCOTLAND,2025-01-09 22:00:00,4.49,2.7,75.9
SCOTLAND,2025-01-09 22:30:00,4.49,9.34,86.5
SCOTLAND,2025-01-09 23:00:00,2.37,2.96,25.5
SCOTLAND,2025-01-09 23:30:00,1.1,4.23,38.5
SCOTLAND,2025-01-10 00:00:00,5.28,6.32,55.1
SCOTLAND,2025-01-10 00:30:00,2.92,6.97,90.9
SCOTLAND,2025-01-10 01:00:00,1.71,1.88,54.6
SCOTLAND,2025-01-10 01:30:00,3.35,2.97,68.1
SCOTLAND,2025-01-10 02:00:00,4.66,1.19,52.0
SCOTLAND,2025-01-10 02:30:00,0.65,2.33,54.7
SCOTLAND,2025-01-10 03:00:00,0.92,5.04,62.7
SCOTLAND,2025-01-10 03:30:00,2.16,3.39,56.1
SCOTLAND,2025-01-10 04:00:00,0.89,3.5,67.5
SCOTLAND,2025-01-10 04:30:00,-0.99,4.58,44.4
SCOTLAND,2025-01-10 05:00:00,0.49,0.88,53.5
SCOTLAND,2025-01-10 05:30:00,1.23,4.91,38.6
SCOTLAND,2025-01-10 06:00:00,1.07,6.28,51.1
SCOTLAND,2025-01-10 06:30:00,0.58,0.0,43.9
SCOTLAND,2025-01-10 07:00:00,0.71,5.91,49.2
SCOTLAND,2025-01-10 07:30:00,3.59,4.63,37.1
SCOTLAND,2025-01-10 08:00:00,1.86,1.49,65.9
SCOTLAND,2025-01-10 08:30:00,-0.8,1.29,77.3
SCOTLAND,2025-01-10 09:00:00,0.07,7.45,41.7
SCOTLAND,2025-01-10 09:30:00,-1.49,3.04,112.0
SCOTLAND,2025-01-10 10:00:00,1.58,5.11,70.6
SCOTLAND,2025-01-10 10:30:00,0.0,9.46,68.2
SCOTLAND,2025-01-10 11:00:00,1.34,5.97,37.1
SCOTLAND,2025-01-10 11:30:00,-0.15,3.51,77.8
SCOTLAND,2025-01-10 12:00:00,-0.24,3.87,56.2
SCOTLAND,2025-01-10 12:30:00,-0.57,2.98,69.8
SCOTLAND,2025-01-10 13:00:00,0.02,6.82,68.4
SCOTLAND,2025-01-10 13:30:00,2.21,4.02,40.3
SCOTLAND,2025-01-10 14:00:00,1.54,4.72,48.3
SCOTLAND,2025-01-10 14:30:00,2.54,2.2,68.1
SCOTLAND,2025-01-10 15:00:00,3.46,0.74,61.2
SCOTLAND,2025-01-10 15:30:00,1.01,0.28,49.3
SCOTLAND,2025-01-10 16:00:00,6.67,5.55,85.1
SCOTLAND,2025-01-10 16:30:00,4.04,4.41,76.1
SCOTLAND,2025-01-10 17:00:00,2.96,4.94,81.2
SCOTLAND,2025-01-10 17:30:00,4.57,6.49,63.3
SCOTLAND,2025-01-10 18:00:00,6.08,3.58,98.1
SCOTLAND,2025-01-10 18:30:00,4.74,3.23,38.8
SCOTLAND,2025-01-10 19:00:00,3.28,2.08,58.4
SCOTLAND,2025-01-10 19:30:00,2.72,6.59,62.0
SCOTLAND,2025-01-10 20:00:00,4.4,1.67,46.2
SCOTLAND,2025-01-10 20:30:00,1.65,7.24,34.5
SCOTLAND,2025-01-10 21:00:00,2.64,6.83,67.0
SCOTLAND,2025-01-10 21:30:00,4.39,4.68,77.2
SCOTLAND,2025-01-10 22:00:00,4.17,0.91,73.2
SCOTLAND,2025-01-10 22:30:00,4.55,6.34,37.5
SCOTLAND,2025-01-10 23:00:00,2.85,4.78,43.0
SCOTLAND,2025-01-10 23:30:00,0.91,4.39,76.1
SCOTLAND,2025-01-11 00:00:00,3.23,5.1,67.3
SCOTLAND,2025-01-11 00:30:00,3.4,4.27,84.3
SCOTLAND,2025-01-11 01:00:00,1.74,5.55,38.7
SCOTLAND,2025-01-11 01:30:00,1.95,6.39,38.2
SCOTLAND,2025-01-11 02:00:00,2.09,8.72,78.5
SCOTLAND,2025-01-11 02:30:00,1.5,2.87,56.9
SCOTLAND,2025-01-11 03:00:00,3.44,2.0,40.9
SCOTLAND,2025-01-11 03:30:00,2.72,0.64,43.6
SCOTLAND,2025-01-11 04:00:00,1.28,3.93,35.4
SCOTLAND,2025-01-11 04:30:00,1.81,5.11,48.1
SCOTLAND,2025-01-11 05:00:00,2.96,4.68,41.9
SCOTLAND,2025-01-11 05:30:00,2.91,2.95,63.2
SCOTLAND,2025-01-11 06:00:00,0.07,5.25,51.3
SCOTLAND,2025-01-11 06:30:00,0.15,3.68,51.0
SCOTLAND,2025-01-11 07:00:00,1.74,1.48,59.3
SCOTLAND,2025-01-11 07:30:00,0.56,3.75,77.4
SCOTLAND,2025-01-11 08:00:00,-1.42,5.14,37.6
SCOTLAND,2025-01-11 08:30:00,-0.23,1.3,54.0
SCOTLAND,2025-01-11 09:00:00,-0.24,7.28,64.3
SCOTLAND,2025-01-11 09:30:00,0.98,1.78,73.3
SCOTLAND,2025-01-11 10:00:00,2.62,5.74,36.4
SCOTLAND,2025-01-11 10:30:00,0.09,4.22,49.6
SCOTLAND,2025-01-11 11:00:00,4.01,3.04,59.2
SCOTLAND,2025-01-11 11:30:00,0.25,4.46,84.9
SCOTLAND,2025-01-11 12:00:00,1.52,3.56,40.7
SCOTLAND,2025-01-11 12:30:00,2.83,3.71,56.6
SCOTLAND,2025-01-11 13:00:00,-0.94,3.75,52.8
SCOTLAND,2025-01-11 13:30:00,-0.33,5.98,50.4
SCOTLAND,2025-01-11 14:00:00,4.66,6.83,47.0
SCOTLAND,2025-01-11 14:30:00,4.03,7.22,49.9
SCOTLAND,2025-01-11 15:00:00,1.66,0.0,66.8
SCOTLAND,2025-01-11 15:30:00,1.73,4.82,49.8
SCOTLAND,2025-01-11 16:00:00,2.45,2.88,36.6
SCOTLAND,2025-01-11 16:30:00,2.71,2.53,59.7
SCOTLAND,2025-01-11 17:00:00,3.92,1.86,79.8
SCOTLAND,2025-01-11 17:30:00,3.61,7.0,64.3
SCOTLAND,2025-01-11 18:00:00,4.2,3.02,71.1
SCOTLAND,2025-01-11 18:30:00,4.16,5.72,88.9
SCOTLAND,2025-01-11 19:00:00,3.44,5.23,70.5
SCOTLAND,2025-01-11 19:30:00,4.86,3.13,52.6
SCOTLAND,2025-01-11 20:00:00,3.68,2.79,44.9
SCOTLAND,2025-01-11 20:30:00,4.26,2.48,67.8
SCOTLAND,2025-01-11 21:00:00,4.38,4.34,55.1
SCOTLAND,2025-01-11 21:30:00,4.4,3.51,74.0
SCOTLAND,2025-01-11 22:00:00,3.58,4.75,36.5
SCOTLAND,2025-01-11 22:30:00,4.97,2.88,43.6
SCOTLAND,2025-01-11 23:00:00,2.43,1.56,51.3
SCOTLAND,2025-01-11 23:30:00,5.6,2.71,20.2
SCOTLAND,2025-01-12 00:00:00,3.89,1.77,74.7
SCOTLAND,2025-01-12 00:30:00,2.95,3.45,81.6
SCOTLAND,2025-01-12 01:00:00,3.71,1.51,40.2
SCOTLAND,2025-01-12 01:30:00,0.83,9.21,44.5
SCOTLAND,2025-01-12 02:00:00,3.85,2.94,40.6
SCOTLAND,2025-01-12 02:30:00,2.48,3.35,74.4
SCOTLAND,2025-01-12 03:00:00,2.91,2.82,34.1
SCOTLAND,2025-01-12 03:30:00,0.5,0.0,55.1
SCOTLAND,2025-01-12 04:00:00,1.44,1.71,37.3
SCOTLAND,2025-01-12 04:30:00,1.43,2.74,56.2
SCOTLAND,2025-01-12 05:00:00,0.6,4.5,49.8
SCOTLAND,2025-01-12 05:30:00,0.45,0.24,59.1
SCOTLAND,2025-01-12 06:00:00,0.83,3.64,94.4
SCOTLAND,2025-01-12 06:30:00,0.91,3.69,69.0
SCOTLAND,2025-01-12 07:00:00,3.05,4.51,20.0
SCOTLAND,2025-01-12 07:30:00,1.04,2.24,25.4
SCOTLAND,2025-01-12 08:00:00,2.49,6.96,43.7
SCOTLAND,2025-01-12 08:30:00,-0.63,4.32,44.1
SCOTLAND,2025-01-12 09:00:00,0.36,2.57,52.8
SCOTLAND,2025-01-12 09:30:00,-1.17,5.65,81.7
SCOTLAND,2025-01-12 10:00:00,0.6,3.93,71.3
SCOTLAND,2025-01-12 10:30:00,0.72,7.46,36.3
SCOTLAND,2025-01-12 11:00:00,2.07,3.77,39.8
SCOTLAND,2025-01-12 11:30:00,3.73,8.77,56.3
SCOTLAND,2025-01-12 12:00:00,1.98,3.06,54.4
SCOTLAND,2025-01-12 12:30:00,0.09,1.44,93.2
SCOTLAND,2025-01-12 13:00:00,1.89,4.1,45.4
SCOTLAND,2025-01-12 13:30:00,2.16,0.99,46.1
SCOTLAND,2025-01-12 14:00:00,1.01,6.59,30.3
SCOTLAND,2025-01-12 14:30:00,1.04,0.0,44.0
SCOTLAND,2025-01-12 15:00:00,2.42,5.96,56.0
SCOTLAND,2025-01-12 15:30:00,2.48,4.6,52.0
SCOTLAND,2025-01-12 16:00:00,6.34,2.82,67.4
SCOTLAND,2025-01-12 16:30:00,4.44,2.76,63.0
SCOTLAND,2025-01-12 17:00:00,3.26,4.55,61.8
SCOTLAND,2025-01-12 17:30:00,3.7,1.69,93.5
SCOTLAND,2025-01-12 18:00:00,4.89,0.82,52.4
SCOTLAND,2025-01-12 18:30:00,2.3,5.52,59.6
SCOTLAND,2025-01-12 19:00:00,4.39,2.32,54.3
SCOTLAND,2025-01-12 19:30:00,5.33,6.11,75.2
SCOTLAND,2025-01-12 20:00:00,2.59,3.63,64.6
SCOTLAND,2025-01-12 20:30:00,3.57,0.68,36.8
SCOTLAND,2025-01-12 21:00:00,6.18,1.62,60.9
SCOTLAND,2025-01-12 21:30:00,4.2,3.69,54.2
SCOTLAND,2025-01-12 22:00:00,5.13,4.07,48.7
SCOTLAND,2025-01-12 22:30:00,4.24,1.44,68.6
SCOTLAND,2025-01-12 23:00:00,3.05,2.75,69.2
SCOTLAND,2025-01-12 23:30:00,3.38,3.3,81.0
SCOTLAND,2025-01-13 00:00:00,2.35,5.0,77.1
SCOTLAND,2025-01-13 00:30:00,4.92,8.35,48.4
SCOTLAND,2025-01-13 01:00:00,2.0,5.63,76.9
SCOTLAND,2025-01-13 01:30:00,2.09,4.97,109.0
SCOTLAND,2025-01-13 02:00:00,2.64,5.85,88.4
SCOTLAND,2025-01-13 02:30:00,5.52,4.49,82.6
SCOTLAND,2025-01-13 03:00:00,1.06,4.05,52.0
SCOTLAND,2025-01-13 03:30:00,-0.26,0.79,67.7
SCOTLAND,2025-01-13 04:00:00,2.06,1.92,88.0
SCOTLAND,2025-01-13 04:30:00,0.19,4.51,52.5
SCOTLAND,2025-01-13 05:00:00,1.23,5.8,73.6
SCOTLAND,2025-01-13 05:30:00,1.95,5.16,37.1
SCOTLAND,2025-01-13 06:00:00,2.15,1.88,58.1
SCOTLAND,2025-01-13 06:30:00,0.37,4.7,51.3
SCOTLAND,2025-01-13 07:00:00,0.4,7.24,36.7
SCOTLAND,2025-01-13 07:30:00,0.58,1.77,72.1
SCOTLAND,2025-01-13 08:00:00,-0.35,4.08,36.2
SCOTLAND,2025-01-13 08:30:00,2.07,4.15,62.5
SCOTLAND,2025-01-13 09:00:00,1.58,1.5,48.9
SCOTLAND,2025-01-13 09:30:00,0.79,0.48,30.2
SCOTLAND,2025-01-13 10:00:00,-0.2,1.72,53.8
SCOTLAND,2025-01-13 10:30:00,1.41,5.5,92.6
SCOTLAND,2025-01-13 11:00:00,1.08,4.31,59.6
SCOTLAND,2025-01-13 11:30:00,1.49,4.8,76.6
SCOTLAND,2025-01-13 12:00:00,2.62,5.04,87.2
SCOTLAND,2025-01-13 12:30:00,1.55,2.78,51.9
SCOTLAND,2025-01-13 13:00:00,1.87,1.83,49.0
SCOTLAND,2025-01-13 13:30:00,0.63,4.69,66.4
SCOTLAND,2025-01-13 14:00:00,0.4,2.69,92.9
SCOTLAND,2025-01-13 14:30:00,3.27,4.91,48.0
SCOTLAND,2025-01-13 15:00:00,3.38,3.97,45.7
SCOTLAND,2025-01-13 15:30:00,2.44,3.06,33.2
SCOTLAND,2025-01-13 16:00:00,1.93,3.6,44.7
SCOTLAND,2025-01-13 16:30:00,3.16,0.79,74.4
SCOTLAND,2025-01-13 17:00:00,6.43,6.05,80.3
SCOTLAND,2025-01-13 17:30:00,4.68,4.53,61.6
SCOTLAND,2025-01-13 18:00:00,3.15,5.38,71.4
SCOTLAND,2025-01-13 18:30:00,3.7,5.05,47.5
SCOTLAND,2025-01-13 19:00:00,3.69,5.55,67.7
SCOTLAND,2025-01-13 19:30:00,4.17,3.3,63.1
SCOTLAND,2025-01-13 20:00:00,2.32,2.48,37.2
SCOTLAND,2025-01-13 20:30:00,4.53,6.18,68.6
SCOTLAND,2025-01-13 21:00:00,3.84,2.59,46.4
SCOTLAND,2025-01-13 21:30:00,6.85,4.14,63.6
SCOTLAND,2025-01-13 22:00:00,1.72,1.64,59.2
SCOTLAND,2025-01-13 22:30:00,3.65,4.27,62.2
SCOTLAND,2025-01-13 23:00:00,4.65,0.26,40.1
SCOTLAND,2025-01-13 23:30:00,3.81,2.71,54.4
SCOTLAND,2025-01-14 00:00:00,3.72,2.51,63.5
SCOTLAND,2025-01-14 00:30:00,4.24,4.13,73.0
SCOTLAND,2025-01-14 01:00:00,0.5,2.83,76.1
SCOTLAND,2025-01-14 01:30:00,2.07,2.0,57.7
SCOTLAND,2025-01-14 02:00:00,2.57,2.93,93.2
SCOTLAND,2025-01-14 02:30:00,2.93,2.19,34.1
SCOTLAND,2025-01-14 03:00:00,2.56,2.15,98.7
SCOTLAND,2025-01-14 03:30:00,2.58,5.12,64.5
SCOTLAND,2025-01-14 04:00:00,2.93,0.0,38.3
SCOTLAND,2025-01-14 04:30:00,2.83,7.0,37.8
SCOTLAND,2025-01-14 05:00:00,-1.01,4.34,68.7
SCOTLAND,2025-01-14 05:30:00,1.35,3.88,26.7
SCOTLAND,2025-01-14 06:00:00,0.41,3.55,50.1
SCOTLAND,2025-01-14 06:30:00,-1.45,5.17,75.6
SCOTLAND,2025-01-14 07:00:00,-0.3,3.63,51.1
SCOTLAND,2025-01-14 07:30:00,0.07,4.99,69.3
SCOTLAND,2025-01-14 08:00:00,1.88,6.11,56.9
SCOTLAND,2025-01-14 08:30:00,4.0,7.1,48.2
SCOTLAND,2025-01-14 09:00:00,0.81,0.03,60.5
SCOTLAND,2025-01-14 09:30:00,2.66,9.56,57.8
SCOTLAND,2025-01-14 10:00:00,1.26,5.21,95.6
SCOTLAND,2025-01-14 10:30:00,-0.32,9.31,54.3
SCOTLAND,2025-01-14 11:00:00,-0.23,3.37,45.4
SCOTLAND,2025-01-14 11:30:00,1.68,0.7,62.5
SCOTLAND,2025-01-14 12:00:00,2.38,6.97,72.3
SCOTLAND,2025-01-14 12:30:00,3.29,2.79,67.1
SCOTLAND,2025-01-14 13:00:00,-0.61,3.77,67.0
SCOTLAND,2025-01-14 13:30:00,2.64,0.85,53.0
SCOTLAND,2025-01-14 14:00:00,2.29,3.14,73.1
SCOTLAND,2025-01-14 14:30:00,2.33,4.2,51.2
SCOTLAND,2025-01-14 15:00:00,4.38,6.28,54.4
SCOTLAND,2025-01-14 15:30:00,6.53,2.47,78.1
SCOTLAND,2025-01-14 16:00:00,2.45,5.55,72.5
SCOTLAND,2025-01-14 16:30:00,2.37,3.74,93.6
SCOTLAND,2025-01-14 17:00:00,3.02,4.8,66.0
SCOTLAND,2025-01-14 17:30:00,3.95,0.54,74.9
SCOTLAND,2025-01-14 18:00:00,4.33,6.21,64.2
SCOTLAND,2025-01-14 18:30:00,4.4,4.75,42.2
SCOTLAND,2025-01-14 19:00:00,6.39,3.25,53.5
SCOTLAND,2025-01-14 19:30:00,6.07,4.49,55.7
SCOTLAND,2025-01-14 20:00:00,5.08,5.25,57.9
SCOTLAND,2025-01-14 20:30:00,5.69,1.46,64.7
SCOTLAND,2025-01-14 21:00:00,5.48,5.24,19.7
SCOTLAND,2025-01-14 21:30:00,4.37,1.57,83.1
SCOTLAND,2025-01-14 22:00:00,3.85,6.35,38.1
SCOTLAND,2025-01-14 22:30:00,4.79,4.02,109.8
SCOTLAND,2025-01-14 23:00:00,5.42,6.23,96.5
SCOTLAND,2025-01-14 23:30:00,4.34,3.8,56.2
SCOTLAND,2025-01-15 00:00:00,4.05,0.0,60.0
SCOTLAND,2025-01-15 00:30:00,3.93,3.69,32.4
SCOTLAND,2025-01-15 01:00:00,2.99,0.93,91.9
SCOTLAND,2025-01-15 01:30:00,2.86,0.0,56.3
SCOTLAND,2025-01-15 02:00:00,3.73,4.35,43.6
SCOTLAND,2025-01-15 02:30:00,1.84,3.43,52.1
SCOTLAND,2025-01-15 03:00:00,0.63,3.86,36.0
SCOTLAND,2025-01-15 03:30:00,3.28,6.14,41.9
SCOTLAND,2025-01-15 04:00:00,0.8,3.15,59.4
SCOTLAND,2025-01-15 04:30:00,1.96,4.93,67.9
SCOTLAND,2025-01-15 05:00:00,3.11,4.12,36.6
SCOTLAND,2025-01-15 05:30:00,-0.69,7.27,69.2
SCOTLAND,2025-01-15 06:00:00,1.17,4.9,62.9
SCOTLAND,2025-01-15 06:30:00,1.44,3.25,79.0
SCOTLAND,2025-01-15 07:00:00,0.09,2.19,29.6
SCOTLAND,2025-01-15 07:30:00,0.44,6.54,51.8
SCOTLAND,2025-01-15 08:00:00,-1.0,4.57,48.3
SCOTLAND,2025-01-15 08:30:00,2.51,6.15,37.1
SCOTLAND,2025-01-15 09:00:00,0.52,2.49,39.1
SCOTLAND,2025-01-15 09:30:00,0.66,5.64,58.5
SCOTLAND,2025-01-15 10:00:00,0.3,0.0,48.0
SCOTLAND,2025-01-15 10:30:00,1.59,1.32,83.1
SCOTLAND,2025-01-15 11:00:00,0.54,4.39,52.8
SCOTLAND,2025-01-15 11:30:00,-0.17,4.88,49.2
SCOTLAND,2025-01-15 12:00:00,0.66,0.0,83.4
SCOTLAND,2025-01-15 12:30:00,1.66,6.21,71.2
SCOTLAND,2025-01-15 13:00:00,3.47,2.87,35.3
SCOTLAND,2025-01-15 13:30:00,3.05,4.26,51.6
SCOTLAND,2025-01-15 14:00:00,3.55,4.62,71.5
SCOTLAND,2025-01-15 14:30:00,1.43,5.96,59.9
SCOTLAND,2025-01-15 15:00:00,4.48,5.94,72.4
SCOTLAND,2025-01-15 15:30:00,3.04,5.42,80.0
SCOTLAND,2025-01-15 16:00:00,4.38,4.41,72.8
SCOTLAND,2025-01-15 16:30:00,3.03,7.03,29.7
SCOTLAND,2025-01-15 17:00:00,4.11,3.19,48.5
SCOTLAND,2025-01-15 17:30:00,4.44,1.75,98.7
SCOTLAND,2025-01-15 18:00:00,2.77,2.1,41.2
SCOTLAND,2025-01-15 18:30:00,4.63,6.03,69.5
SCOTLAND,2025-01-15 19:00:00,6.35,2.35,71.9
SCOTLAND,2025-01-15 19:30:00,4.22,4.46,80.0
SCOTLAND,2025-01-15 20:00:00,2.63,7.98,57.4
SCOTLAND,2025-01-15 20:30:00,2.73,2.61,61.8
SCOTLAND,2025-01-15 21:00:00,3.76,0.0,61.7
SCOTLAND,2025-01-15 21:30:00,3.72,5.3,40.8
SCOTLAND,2025-01-15 22:00:00,7.1,5.03,63.5
SCOTLAND,2025-01-15 22:30:00,5.14,0.36,51.1
SCOTLAND,2025-01-15 23:00:00,6.21,3.36,58.9
SCOTLAND,2025-01-15 23:30:00,3.51,6.93,55.6
SCOTLAND,2025-01-16 00:00:00,2.22,9.16,35.2
SCOTLAND,2025-01-16 00:30:00,3.61,2.32,47.4
SCOTLAND,2025-01-16 01:00:00,1.97,2.92,77.7
SCOTLAND,2025-01-16 01:30:00,0.96,6.52,79.6
SCOTLAND,2025-01-16 02:00:00,3.34,4.25,65.0
SCOTLAND,2025-01-16 02:30:00,4.43,0.51,73.1
SCOTLAND,2025-01-16 03:00:00,1.31,5.65,49.0
SCOTLAND,2025-01-16 03:30:00,3.06,0.9,29.5
SCOTLAND,2025-01-16 04:00:00,1.59,6.87,69.7
SCOTLAND,2025-01-16 04:30:00,2.36,5.72,52.9
SCOTLAND,2025-01-16 05:00:00,2.04,2.84,54.3
SCOTLAND,2025-01-16 05:30:00,1.08,2.91,58.8
SCOTLAND,2025-01-16 06:00:00,0.69,2.58,57.5
SCOTLAND,2025-01-16 06:30:00,1.18,1.8,67.5
SCOTLAND,2025-01-16 07:00:00,0.2,4.4,48.0
SCOTLAND,2025-01-16 07:30:00,2.05,5.91,41.1
SCOTLAND,2025-01-16 08:00:00,1.35,6.89,42.9
SCOTLAND,2025-01-16 08:30:00,-0.32,5.47,36.5
SCOTLAND,2025-01-16 09:00:00,-0.14,1.97,73.5
SCOTLAND,2025-01-16 09:30:00,-0.04,3.43,46.5
SCOTLAND,2025-01-16 10:00:00,2.37,2.28,34.7
SCOTLAND,2025-01-16 10:30:00,-0.74,5.39,73.8
SCOTLAND,2025-01-16 11:00:00,2.81,1.48,55.8
SCOTLAND,2025-01-16 11:30:00,4.22,3.4,49.9
SCOTLAND,2025-01-16 12:00:00,1.7,5.06,69.2
SCOTLAND,2025-01-16 12:30:00,0.99,2.83,54.7
SCOTLAND,2025-01-16 13:00:00,1.33,1.53,92.5
SCOTLAND,2025-01-16 13:30:00,1.72,3.3,54.3
SCOTLAND,2025-01-16 14:00:00,2.63,4.87,51.6
SCOTLAND,2025-01-16 14:30:00,4.09,5.2,56.6
SCOTLAND,2025-01-16 15:00:00,2.44,6.17,57.1
SCOTLAND,2025-01-16 15:30:00,1.75,6.04,46.9
SCOTLAND,2025-01-16 16:00:00,4.77,0.0,53.4
SCOTLAND,2025-01-16 16:30:00,5.12,4.01,70.8
SCOTLAND,2025-01-16 17:00:00,3.06,4.7,60.1
SCOTLAND,2025-01-16 17:30:00,4.43,8.08,83.5
SCOTLAND,2025-01-16 18:00:00,5.41,5.61,43.6
SCOTLAND,2025-01-16 18:30:00,3.89,0.93,37.1
SCOTLAND,2025-01-16 19:00:00,3.59,3.94,37.9
SCOTLAND,2025-01-16 19:30:00,4.61,3.69,39.6
SCOTLAND,2025-01-16 20:00:00,6.56,1.35,80.1
SCOTLAND,2025-01-16 20:30:00,2.02,3.72,38.4
SCOTLAND,2025-01-16 21:00:00,3.87,7.62,53.8
SCOTLAND,2025-01-16 21:30:00,3.33,4.98,53.6
SCOTLAND,2025-01-16 22:00:00,4.64,2.17,44.4
SCOTLAND,2025-01-16 22:30:00,3.51,5.6,55.9
SCOTLAND,2025-01-16 23:00:00,2.88,4.32,61.4
SCOTLAND,2025-01-16 23:30:00,4.83,3.04,58.6
SCOTLAND,2025-01-17 00:00:00,4.3,1.98,76.0
SCOTLAND,2025-01-17 00:30:00,3.81,1.8,40.0
SCOTLAND,2025-01-17 01:00:00,3.19,2.9,73.6
SCOTLAND,2025-01-17 01:30:00,2.97,4.61,44.7
SCOTLAND,2025-01-17 02:00:00,2.77,6.63,57.3
SCOTLAND,2025-01-17 02:30:00,2.13,2.27,59.7
SCOTLAND,2025-01-17 03:00:00,3.97,1.27,59.1
SCOTLAND,2025-01-17 03:30:00,0.22,3.18,64.7
SCOTLAND,2025-01-17 04:00:00,-0.1,3.11,65.2
SCOTLAND,2025-01-17 04:30:00,1.95,4.68,42.5
SCOTLAND,2025-01-17 05:00:00,1.73,2.8,72.9
SCOTLAND,2025-01-17 05:30:00,-1.39,3.42,61.8
SCOTLAND,2025-01-17 06:00:00,2.68,4.17,63.4
SCOTLAND,2025-01-17 06:30:00,1.51,6.51,53.1
SCOTLAND,2025-01-17 07:00:00,-0.82,0.81,72.0
SCOTLAND,2025-01-17 07:30:00,0.09500000000000008,3.49,49.5
SCOTLAND,2025-01-17 08:00:00,1.01,4.42,68.6
SCOTLAND,2025-01-17 08:30:00,-0.54,0.47,43.6
SCOTLAND,2025-01-17 09:00:00,-0.76,1.19,88.3
SCOTLAND,2025-01-17 09:30:00,-1.86,4.94,76.3
SCOTLAND,2025-01-17 10:00:00,2.25,4.55,83.8
SCOTLAND,2025-01-17 10:30:00,3.2,3.4,68.1
SCOTLAND,2025-01-17 11:00:00,2.91,2.28,55.6
SCOTLAND,2025-01-17 11:30:00,0.63,4.92,25.8
SCOTLAND,2025-01-17 12:00:00,3.52,5.07,70.6
SCOTLAND,2025-01-17 12:30:00,-1.04,1.92,86.8
SCOTLAND,2025-01-17 13:00:00,2.06,0.55,64.0
SCOTLAND,2025-01-17 13:30:00,3.09,5.06,57.3
SCOTLAND,2025-01-17 14:00:00,4.16,2.6,69.7
SCOTLAND,2025-01-17 14:30:00,2.96,3.73,53.2
SCOTLAND,2025-01-17 15:00:00,2.9,4.06,54.7
SCOTLAND,2025-01-17 15:30:00,4.19,2.93,88.2
SCOTLAND,2025-01-17 16:00:00,3.1,5.84,77.3
SCOTLAND,2025-01-17 16:30:00,3.99,4.15,46.9
SCOTLAND,2025-01-17 17:00:00,3.59,4.44,59.2
SCOTLAND,2025-01-17 17:30:00,5.63,3.09,52.9
SCOTLAND,2025-01-17 18:00:00,2.53,5.29,70.0
SCOTLAND,2025-01-17 18:30:00,5.7,6.07,74.2
SCOTLAND,2025-01-17 19:00:00,5.72,5.22,73.8
SCOTLAND,2025-01-17 19:30:00,2.52,1.8,37.3
SCOTLAND,2025-01-17 20:00:00,6.32,2.43,48.8
SCOTLAND,2025-01-17 20:30:00,4.8,1.51,66.8
SCOTLAND,2025-01-17 21:00:00,2.17,1.65,63.6
SCOTLAND,2025-01-17 21:30:00,3.24,6.6,60.8
SCOTLAND,2025-01-17 22:00:00,5.88,4.72,59.8
SCOTLAND,2025-01-17 22:30:00,3.33,5.86,67.9
SCOTLAND,2025-01-17 23:00:00,6.71,5.66,52.8
SCOTLAND,2025-01-17 23:30:00,4.56,4.84,80.9
SCOTLAND,2025-01-18 00:00:00,5.45,3.68,38.1
SCOTLAND,2025-01-18 00:30:00,1.64,1.72,49.3
SCOTLAND,2025-01-18 01:00:00,5.19,7.04,77.3
SCOTLAND,2025-01-18 01:30:00,4.86,2.59,32.7
SCOTLAND,2025-01-18 02:00:00,1.65,0.0,39.9
SCOTLAND,2025-01-18 02:30:00,2.26,4.33,62.4
SCOTLAND,2025-01-18 03:00:00,1.52,5.14,47.9
SCOTLAND,2025-01-18 03:30:00,2.36,1.78,79.6
SCOTLAND,2025-01-18 04:00:00,1.89,5.36,38.1
SCOTLAND,2025-01-18 04:30:00,2.07,5.14,23.2
SCOTLAND,2025-01-18 05:00:00,2.85,1.5,63.8
SCOTLAND,2025-01-18 05:30:00,3.59,5.91,33.2
SCOTLAND,2025-01-18 06:00:00,0.92,6.47,45.3
SCOTLAND,2025-01-18 06:30:00,0.7,3.22,70.3
SCOTLAND,2025-01-18 07:00:00,-0.91,5.25,48.8
SCOTLAND,2025-01-18 07:30:00,0.92,3.55,70.8
SCOTLAND,2025-01-18 08:00:00,0.84,6.88,77.8
SCOTLAND,2025-01-18 08:30:00,-0.09,6.73,65.7
SCOTLAND,2025-01-18 09:00:00,1.13,5.7,41.3
SCOTLAND,2025-01-18 09:30:00,-0.72,4.05,49.1
SCOTLAND,2025-01-18 10:00:00,3.62,2.47,60.7
SCOTLAND,2025-01-18 10:30:00,1.36,6.46,42.1
SCOTLAND,2025-01-18 11:00:00,-0.49,6.79,61.4
SCOTLAND,2025-01-18 11:30:00,2.42,5.71,78.5
SCOTLAND,2025-01-18 12:00:00,1.41,2.7,24.1
SCOTLAND,2025-01-18 12:30:00,0.67,4.12,47.4
SCOTLAND,2025-01-18 13:00:00,0.98,4.1,84.2
SCOTLAND,2025-01-18 13:30:00,2.28,1.73,82.9
SCOTLAND,2025-01-18 14:00:00,1.93,6.96,55.3
SCOTLAND,2025-01-18 14:30:00,2.99,7.12,35.7
SCOTLAND,2025-01-18 15:00:00,2.12,3.35,57.5
SCOTLAND,2025-01-18 15:30:00,6.55,2.22,36.5
SCOTLAND,2025-01-18 16:00:00,2.74,4.46,68.9
SCOTLAND,2025-01-18 16:30:00,3.01,4.04,95.0
SCOTLAND,2025-01-18 17:00:00,4.32,4.64,94.0
SCOTLAND,2025-01-18 17:30:00,3.44,2.47,51.5
SCOTLAND,2025-01-18 18:00:00,3.96,0.36,62.5
SCOTLAND,2025-01-18 18:30:00,4.85,3.63,64.5
SCOTLAND,2025-01-18 19:00:00,5.1,1.37,65.2
SCOTLAND,2025-01-18 19:30:00,5.46,0.81,86.3
SCOTLAND,2025-01-18 20:00:00,3.38,1.72,63.6
SCOTLAND,2025-01-18 20:30:00,5.5,5.56,70.1
SCOTLAND,2025-01-18 21:00:00,4.17,4.22,54.3
SCOTLAND,2025-01-18 21:30:00,5.0,4.14,50.9
SCOTLAND,2025-01-18 22:00:00,4.18,0.3,74.9
SCOTLAND,2025-01-18 22:30:00,4.95,0.0,74.3
SCOTLAND,2025-01-18 23:00:00,4.21,2.13,41.5
SCOTLAND,2025-01-18 23:30:00,3.45,2.14,45.7
SCOTLAND,2025-01-19 00:00:00,5.97,4.74,96.6
SCOTLAND,2025-01-19 00:30:00,4.2,5.16,44.1
SCOTLAND,2025-01-19 01:00:00,3.25,3.84,71.2
SCOTLAND,2025-01-19 01:30:00,3.39,4.7,65.7
SCOTLAND,2025-01-19 02:00:00,2.57,3.19,48.0
SCOTLAND,2025-01-19 02:30:00,4.23,3.4,65.9
SCOTLAND,2025-01-19 03:00:00,2.23,6.13,24.2
SCOTLAND,2025-01-19 03:30:00,2.78,1.49,67.0
SCOTLAND,2025-01-19 04:00:00,1.76,1.04,66.1
SCOTLAND,2025-01-19 04:30:00,2.2,3.54,58.1
SCOTLAND,2025-01-19 05:00:00,1.71,6.36,54.3
SCOTLAND,2025-01-19 05:30:00,2.73,3.93,83.3
SCOTLAND,2025-01-19 06:00:00,0.92,2.67,40.2
SCOTLAND,2025-01-19 06:30:00,1.16,2.41,85.3
SCOTLAND,2025-01-19 07:00:00,-0.05,2.62,70.5
SCOTLAND,2025-01-19 07:30:00,2.42,5.46,79.1
SCOTLAND,2025-01-19 08:00:00,0.83,3.87,96.2
SCOTLAND,2025-01-19 08:30:00,2.96,5.43,79.9
SCOTLAND,2025-01-19 09:00:00,2.03,1.59,59.3
SCOTLAND,2025-01-19 09:30:00,2.8,5.44,58.9
SCOTLAND,2025-01-19 10:00:00,3.01,4.74,73.6
SCOTLAND,2025-01-19 10:30:00,1.65,5.08,71.0
SCOTLAND,2025-01-19 11:00:00,3.08,6.86,51.9
SCOTLAND,2025-01-19 11:30:00,1.94,6.54,57.6
SCOTLAND,2025-01-19 12:00:00,0.36,2.18,44.9
SCOTLAND,2025-01-19 12:30:00,1.38,2.51,78.5
SCOTLAND,2025-01-19 13:00:00,2.08,6.52,39.7
SCOTLAND,2025-01-19 13:30:00,1.99,4.21,74.6
SCOTLAND,2025-01-19 14:00:00,4.3,2.92,77.9
SCOTLAND,2025-01-19 14:30:00,0.91,5.74,35.9
SCOTLAND,2025-01-19 15:00:00,3.98,6.26,76.0
SCOTLAND,2025-01-19 15:30:00,1.48,3.11,72.9
SCOTLAND,2025-01-19 16:00:00,4.76,4.55,20.4
SCOTLAND,2025-01-19 16:30:00,5.37,6.75,62.9
SCOTLAND,2025-01-19 17:00:00,4.62,5.01,86.3
SCOTLAND,2025-01-19 17:30:00,4.65,3.62,66.9
SCOTLAND,2025-01-19 18:00:00,4.65,4.0,28.2
SCOTLAND,2025-01-19 18:30:00,5.29,6.34,78.4
SCOTLAND,2025-01-19 19:00:00,6.0,3.89,62.6
SCOTLAND,2025-01-19 19:30:00,6.29,5.73,86.8
SCOTLAND,2025-01-19 20:00:00,4.12,2.64,54.0
SCOTLAND,2025-01-19 20:30:00,3.8,1.36,68.4
SCOTLAND,2025-01-19 21:00:00,5.34,4.49,66.4
SCOTLAND,2025-01-19 21:30:00,3.11,3.04,54.7
SCOTLAND,2025-01-19 22:00:00,4.72,1.08,43.3
SCOTLAND,2025-01-19 22:30:00,4.14,6.12,64.7
SCOTLAND,2025-01-19 23:00:00,5.57,3.76,60.0
SCOTLAND,2025-01-19 23:30:00,4.94,3.65,48.8
SCOTLAND,2025-01-20 00:00:00,2.21,2.8,75.1
SCOTLAND,2025-01-20 00:30:00,5.51,2.45,28.8
SCOTLAND,2025-01-20 01:00:00,4.63,4.14,35.8
SCOTLAND,2025-01-20 01:30:00,-0.22,2.07,51.7
SCOTLAND,2025-01-20 02:00:00,1.62,5.38,45.4
SCOTLAND,2025-01-20 02:30:00,3.01,8.75,62.1
SCOTLAND,2025-01-20 03:00:00,2.34,3.81,72.0
SCOTLAND,2025-01-20 03:30:00,3.14,1.99,52.6
SCOTLAND,2025-01-20 04:00:00,1.2,3.43,92.9
SCOTLAND,2025-01-20 04:30:00,2.74,3.84,82.4
SCOTLAND,2025-01-20 05:00:00,1.81,0.72,90.0
SCOTLAND,2025-01-20 05:30:00,1.4,0.0,31.2
SCOTLAND,2025-01-20 06:00:00,2.62,0.83,84.3
SCOTLAND,2025-01-20 06:30:00,1.37,5.43,55.4
SCOTLAND,2025-01-20 07:00:00,1.7,4.63,59.3
SCOTLAND,2025-01-20 07:30:00,-0.21,4.72,27.3
SCOTLAND,2025-01-20 08:00:00,2.12,4.39,68.4
SCOTLAND,2025-01-20 08:30:00,-2.14,1.75,50.9
SCOTLAND,2025-01-20 09:00:00,1.88,2.11,105.9
SCOTLAND,2025-01-20 09:30:00,0.75,1.97,56.6
SCOTLAND,2025-01-20 10:00:00,0.13,1.63,78.2
SCOTLAND,2025-01-20 10:30:00,1.88,5.03,83.0
SCOTLAND,2025-01-20 11:00:00,2.17,1.87,72.8
SCOTLAND,2025-01-20 11:30:00,0.23,3.04,59.2
SCOTLAND,2025-01-20 12:00:00,1.82,0.42,42.6
SCOTLAND,2025-01-20 12:30:00,1.97,2.78,80.3
SCOTLAND,2025-01-20 13:00:00,4.04,1.76,61.1
SCOTLAND,2025-01-20 13:30:00,4.38,3.73,52.7
SCOTLAND,2025-01-20 14:00:00,4.03,3.45,82.9
SCOTLAND,2025-01-20 14:30:00,2.29,3.05,74.2
SCOTLAND,2025-01-20 15:00:00,3.64,4.22,25.6
SCOTLAND,2025-01-20 15:30:00,3.09,5.73,45.9
SCOTLAND,2025-01-20 16:00:00,4.84,4.54,56.4
SCOTLAND,2025-01-20 16:30:00,5.63,3.32,55.1
SCOTLAND,2025-01-20 17:00:00,4.16,4.16,73.8
SCOTLAND,2025-01-20 17:30:00,2.65,5.74,61.2
SCOTLAND,2025-01-20 18:00:00,5.4,8.78,50.8
SCOTLAND,2025-01-20 18:30:00,3.26,4.39,66.3
SCOTLAND,2025-01-20 19:00:00,5.98,2.92,45.1
SCOTLAND,2025-01-20 19:30:00,3.09,1.27,52.5
SCOTLAND,2025-01-20 20:00:00,4.86,8.13,29.5
SCOTLAND,2025-01-20 20:30:00,5.4,2.55,64.0
SCOTLAND,2025-01-20 21:00:00,4.27,6.07,78.5
SCOTLAND,2025-01-20 21:30:00,4.8,6.88,73.7
SCOTLAND,2025-01-20 22:00:00,6.4,3.91,77.1
SCOTLAND,2025-01-20 22:30:00,3.81,2.26,99.2
SCOTLAND,2025-01-20 23:00:00,3.11,3.13,25.8
SCOTLAND,2025-01-20 23:30:00,3.4,2.01,47.9
SCOTLAND,2025-01-21 00:00:00,4.43,5.08,41.9
SCOTLAND,2025-01-21 00:30:00,3.12,6.17,90.7
SCOTLAND,2025-01-21 01:00:00,5.09,0.71,81.4
SCOTLAND,2025-01-21 01:30:00,5.81,0.61,79.5
SCOTLAND,2025-01-21 02:00:00,3.34,3.35,61.9
SCOTLAND,2025-01-21 02:30:00,3.6,6.32,79.9
SCOTLAND,2025-01-21 03:00:00,0.74,2.7,61.7
SCOTLAND,2025-01-21 03:30:00,4.44,0.0,49.0
SCOTLAND,2025-01-21 04:00:00,0.24,1.26,77.7
SCOTLAND,2025-01-21 04:30:00,1.43,0.0,57.1
SCOTLAND,2025-01-21 05:00:00,4.1,0.39,69.6
SCOTLAND,2025-01-21 05:30:00,3.54,3.9,94.7
SCOTLAND,2025-01-21 06:00:00,0.55,6.89,81.8
SCOTLAND,2025-01-21 06:30:00,1.3,1.03,42.0
SCOTLAND,2025-01-21 07:00:00,-1.68,5.19,68.5
SCOTLAND,2025-01-21 07:30:00,1.23,3.75,84.4
SCOTLAND,2025-01-21 08:00:00,1.43,2.89,62.7
SCOTLAND,2025-01-21 08:30:00,3.53,5.24,53.0
SCOTLAND,2025-01-21 09:00:00,1.08,4.93,52.4
SCOTLAND,2025-01-21 09:30:00,0.53,3.98,87.3
SCOTLAND,2025-01-21 10:00:00,2.29,3.18,75.6
SCOTLAND,2025-01-21 10:30:00,1.35,4.69,64.6
SCOTLAND,2025-01-21 11:00:00,-0.88,0.0,64.1
SCOTLAND,2025-01-21 11:30:00,0.63,0.72,45.2
SCOTLAND,2025-01-21 12:00:00,3.18,4.72,73.9
SCOTLAND,2025-01-21 12:30:00,2.61,2.16,74.0
SCOTLAND,2025-01-21 13:00:00,3.25,3.77,61.1
SCOTLAND,2025-01-21 13:30:00,3.5,2.5,79.6
SCOTLAND,2025-01-21 14:00:00,3.75,4.0,87.6
SCOTLAND,2025-01-21 14:30:00,1.52,3.08,47.7
SCOTLAND,2025-01-21 15:00:00,4.02,6.36,42.3
SCOTLAND,2025-01-21 15:30:00,7.55,2.67,66.5
SCOTLAND,2025-01-21 16:00:00,4.07,4.09,45.7
SCOTLAND,2025-01-21 16:30:00,5.35,2.29,28.2
SCOTLAND,2025-01-21 17:00:00,3.14,6.89,82.5
SCOTLAND,2025-01-21 17:30:00,2.07,5.63,24.3
SCOTLAND,2025-01-21 18:00:00,4.77,1.58,76.0
SCOTLAND,2025-01-21 18:30:00,5.47,5.96,54.7
SCOTLAND,2025-01-21 19:00:00,4.77,1.0,41.5
SCOTLAND,2025-01-21 19:30:00,6.14,4.73,61.9
SCOTLAND,2025-01-21 20:00:00,6.58,1.4,73.0
SCOTLAND,2025-01-21 20:30:00,3.65,6.96,69.8
SCOTLAND,2025-01-21 21:00:00,6.16,2.6,99.3
SCOTLAND,2025-01-21 21:30:00,7.4,4.86,81.2
SCOTLAND,2025-01-21 22:00:00,4.44,1.46,74.3
SCOTLAND,2025-01-21 22:30:00,3.7,6.62,78.9
SCOTLAND,2025-01-21 23:00:00,4.77,4.36,77.8
SCOTLAND,2025-01-21 23:30:00,4.81,3.19,32.7
SCOTLAND,2025-01-22 00:00:00,5.29,4.73,109.6
SCOTLAND,2025-01-22 00:30:00,4.02,4.6,65.9
SCOTLAND,2025-01-22 01:00:00,4.44,2.07,58.6
SCOTLAND,2025-01-22 01:30:00,4.65,3.33,74.2
SCOTLAND,2025-01-22 02:00:00,3.25,4.8,80.7
SCOTLAND,2025-01-22 02:30:00,2.86,1.1,55.2
SCOTLAND,2025-01-22 03:00:00,1.63,0.0,58.1
SCOTLAND,2025-01-22 03:30:00,2.86,6.04,39.5
SCOTLAND,2025-01-22 04:00:00,2.24,6.26,49.7
SCOTLAND,2025-01-22 04:30:00,2.78,7.2,26.5
SCOTLAND,2025-01-22 05:00:00,2.05,6.33,53.7
SCOTLAND,2025-01-22 05:30:00,3.39,5.27,91.8
SCOTLAND,2025-01-22 06:00:00,2.1,7.71,65.4
SCOTLAND,2025-01-22 06:30:00,-0.24,2.74,78.3
SCOTLAND,2025-01-22 07:00:00,2.4,3.38,92.5
SCOTLAND,2025-01-22 07:30:00,0.78,4.92,67.8
SCOTLAND,2025-01-22 08:00:00,-0.46,3.78,102.8
SCOTLAND,2025-01-22 08:30:00,0.03,5.25,39.2
SCOTLAND,2025-01-22 09:00:00,0.09,1.17,76.9
SCOTLAND,2025-01-22 09:30:00,0.16,6.53,50.4
SCOTLAND,2025-01-22 10:00:00,1.56,4.82,30.9
SCOTLAND,2025-01-22 10:30:00,1.65,4.7,80.5
SCOTLAND,2025-01-22 11:00:00,0.57,2.37,71.9
SCOTLAND,2025-01-22 11:30:00,3.42,2.81,37.8
SCOTLAND,2025-01-22 12:00:00,1.76,1.97,67.2
SCOTLAND,2025-01-22 12:30:00,0.84,5.95,63.8
SCOTLAND,2025-01-22 13:00:00,3.82,0.0,28.4
SCOTLAND,2025-01-22 13:30:00,4.17,2.56,33.6
SCOTLAND,2025-01-22 14:00:00,2.89,4.48,57.2
SCOTLAND,2025-01-22 14:30:00,3.7,4.67,65.0
SCOTLAND,2025-01-22 15:00:00,5.27,3.97,59.2
SCOTLAND,2025-01-22 15:30:00,4.62,5.11,43.7
SCOTLAND,2025-01-22 16:00:00,4.03,4.88,49.4
SCOTLAND,2025-01-22 16:30:00,3.49,1.22,8.1
SCOTLAND,2025-01-22 17:00:00,4.1,4.25,40.3
SCOTLAND,2025-01-22 17:30:00,6.21,1.91,76.4
SCOTLAND,2025-01-22 18:00:00,5.37,8.35,69.7
SCOTLAND,2025-01-22 18:30:00,3.13,6.11,90.6
SCOTLAND,2025-01-22 19:00:00,2.94,5.28,75.5
SCOTLAND,2025-01-22 19:30:00,4.81,0.0,54.7
SCOTLAND,2025-01-22 20:00:00,4.44,7.06,58.4
SCOTLAND,2025-01-22 20:30:00,4.64,2.83,65.9
SCOTLAND,2025-01-22 21:00:00,5.14,2.42,64.8
SCOTLAND,2025-01-22 21:30:00,4.4,0.0,72.0
SCOTLAND,2025-01-22 22:00:00,5.56,4.4,52.0
SCOTLAND,2025-01-22 22:30:00,4.78,5.64,48.6
SCOTLAND,2025-01-22 23:00:00,5.58,1.05,63.0
SCOTLAND,2025-01-22 23:30:00,4.58,6.01,43.5
SCOTLAND,2025-01-23 00:00:00,3.23,1.21,49.8
SCOTLAND,2025-01-23 00:30:00,4.51,0.4,52.0
SCOTLAND,2025-01-23 01:00:00,4.46,3.79,61.4
SCOTLAND,2025-01-23 01:30:00,1.92,3.8,60.5
SCOTLAND,2025-01-23 02:00:00,3.01,4.31,54.4
SCOTLAND,2025-01-23 02:30:00,2.66,1.92,77.5
SCOTLAND,2025-01-23 03:00:00,1.22,4.32,92.6
SCOTLAND,2025-01-23 03:30:00,4.01,5.02,64.5
SCOTLAND,2025-01-23 04:00:00,2.05,2.2,55.4
SCOTLAND,2025-01-23 04:30:00,2.9,4.78,74.2
SCOTLAND,2025-01-23 05:00:00,3.26,3.68,63.5
SCOTLAND,2025-01-23 05:30:00,-0.49,8.51,52.6
SCOTLAND,2025-01-23 06:00:00,2.26,3.17,52.1
SCOTLAND,2025-01-23 06:30:00,1.19,1.51,15.4
SCOTLAND,2025-01-23 07:00:00,2.67,5.09,43.5
SCOTLAND,2025-01-23 07:30:00,1.82,5.65,47.5
SCOTLAND,2025-01-23 08:00:00,1.7,6.01,34.1
SCOTLAND,2025-01-23 08:30:00,1.85,4.73,93.8
SCOTLAND,2025-01-23 09:00:00,1.94,3.18,54.7
SCOTLAND,2025-01-23 09:30:00,3.7,3.29,70.6
SCOTLAND,2025-01-23 10:00:00,1.19,6.16,80.4
SCOTLAND,2025-01-23 10:30:00,1.45,3.19,52.2
SCOTLAND,2025-01-23 11:00:00,-0.28,4.2,61.4
SCOTLAND,2025-01-23 11:30:00,0.81,0.33,63.7
SCOTLAND,2025-01-23 12:00:00,2.61,4.79,42.2
SCOTLAND,2025-01-23 12:30:00,2.68,3.64,75.6
SCOTLAND,2025-01-23 13:00:00,1.52,6.3,87.2
SCOTLAND,2025-01-23 13:30:00,2.83,4.81,74.1
SCOTLAND,2025-01-23 14:00:00,1.98,3.03,63.3
SCOTLAND,2025-01-23 14:30:00,5.64,1.61,89.5
SCOTLAND,2025-01-23 15:00:00,3.49,3.93,81.9
SCOTLAND,2025-01-23 15:30:00,6.15,4.85,81.0
SCOTLAND,2025-01-23 16:00:00,3.1,2.94,35.7
SCOTLAND,2025-01-23 16:30:00,3.59,5.13,63.8
SCOTLAND,2025-01-23 17:00:00,6.69,8.11,57.5
SCOTLAND,2025-01-23 17:30:00,3.81,6.32,82.8
SCOTLAND,2025-01-23 18:00:00,5.47,5.41,69.9
SCOTLAND,2025-01-23 18:30:00,3.75,1.56,59.1
SCOTLAND,2025-01-23 19:00:00,4.9,4.55,57.6
SCOTLAND,2025-01-23 19:30:00,3.09,0.0,73.3
SCOTLAND,2025-01-23 20:00:00,4.41,3.54,50.0
SCOTLAND,2025-01-23 20:30:00,4.11,2.12,78.4
SCOTLAND,2025-01-23 21:00:00,4.85,5.27,73.8
SCOTLAND,2025-01-23 21:30:00,5.52,5.6,60.3
SCOTLAND,2025-01-23 22:00:00,6.58,5.65,77.2
SCOTLAND,2025-01-23 22:30:00,3.81,4.53,27.0
SCOTLAND,2025-01-23 23:00:00,6.3,2.75,51.3
SCOTLAND,2025-01-23 23:30:00,2.98,3.93,55.2
SCOTLAND,2025-01-24 00:00:00,6.46,5.72,50.7
SCOTLAND,2025-01-24 00:30:00,2.28,0.0,41.5
SCOTLAND,2025-01-24 01:00:00,2.2,4.7,57.4
SCOTLAND,2025-01-24 01:30:00,3.81,2.1,62.7
SCOTLAND,2025-01-24 02:00:00,1.57,3.82,74.9
SCOTLAND,2025-01-24 02:30:00,2.84,4.89,24.4
SCOTLAND,2025-01-24 03:00:00,0.29,4.65,78.8
SCOTLAND,2025-01-24 03:30:00,2.47,8.29,34.0
SCOTLAND,2025-01-24 04:00:00,1.46,4.28,68.4
SCOTLAND,2025-01-24 04:30:00,1.57,1.88,71.2
SCOTLAND,2025-01-24 05:00:00,2.02,3.31,69.0
SCOTLAND,2025-01-24 05:30:00,1.7,3.72,56.8
SCOTLAND,2025-01-24 06:00:00,0.56,2.15,50.5
SCOTLAND,2025-01-24 06:30:00,1.58,0.26,77.0
SCOTLAND,2025-01-24 07:00:00,1.37,1.87,89.1
SCOTLAND,2025-01-24 07:30:00,1.39,1.33,88.3
SCOTLAND,2025-01-24 08:00:00,2.9,2.18,54.2
SCOTLAND,2025-01-24 08:30:00,0.73,0.22,65.8
SCOTLAND,2025-01-24 09:00:00,2.36,5.31,60.6
SCOTLAND,2025-01-24 09:30:00,2.47,1.73,92.7
SCOTLAND,2025-01-24 10:00:00,0.62,2.68,49.6
SCOTLAND,2025-01-24 10:30:00,0.77,3.61,55.8
SCOTLAND,2025-01-24 11:00:00,2.02,2.36,63.0
SCOTLAND,2025-01-24 11:30:00,0.55,5.46,73.0
SCOTLAND,2025-01-24 12:00:00,2.27,2.7,65.6
SCOTLAND,2025-01-24 12:30:00,1.21,4.07,57.3
SCOTLAND,2025-01-24 13:00:00,5.91,1.55,12.0
SCOTLAND,2025-01-24 13:30:00,1.99,0.57,46.9
SCOTLAND,2025-01-24 14:00:00,1.72,2.19,40.8
SCOTLAND,2025-01-24 14:30:00,4.43,3.9,79.4
SCOTLAND,2025-01-24 15:00:00,3.84,5.86,54.6
SCOTLAND,2025-01-24 15:30:00,5.71,4.94,46.0
SCOTLAND,2025-01-24 16:00:00,5.02,4.05,56.4
SCOTLAND,2025-01-24 16:30:00,4.39,5.5,21.9
SCOTLAND,2025-01-24 17:00:00,4.27,5.37,64.5
SCOTLAND,2025-01-24 17:30:00,3.34,0.0,90.6
SCOTLAND,2025-01-24 18:00:00,4.78,7.03,74.3
SCOTLAND,2025-01-24 18:30:00,4.05,0.0,51.7
SCOTLAND,2025-01-24 19:00:00,5.16,4.9,40.0
SCOTLAND,2025-01-24 19:30:00,5.42,4.36,77.7
SCOTLAND,2025-01-24 20:00:00,4.91,4.89,65.2
SCOTLAND,2025-01-24 20:30:00,6.33,2.36,4.7
SCOTLAND,2025-01-24 21:00:00,4.92,3.54,39.2
SCOTLAND,2025-01-24 21:30:00,3.4,2.85,57.9
SCOTLAND,2025-01-24 22:00:00,5.12,0.0,28.4
SCOTLAND,2025-01-24 22:30:00,6.36,3.62,60.0
SCOTLAND,2025-01-24 23:00:00,3.09,3.99,53.2
SCOTLAND,2025-01-24 23:30:00,3.95,1.08,44.4
SCOTLAND,2025-01-25 00:00:00,6.71,3.3,74.2
SCOTLAND,2025-01-25 00:30:00,4.11,3.38,48.6
SCOTLAND,2025-01-25 01:00:00,5.48,4.75,45.8
SCOTLAND,2025-01-25 01:30:00,3.39,6.15,8.9
SCOTLAND,2025-01-25 02:00:00,3.72,5.08,46.5
SCOTLAND,2025-01-25 02:30:00,3.53,5.0,37.8
SCOTLAND,2025-01-25 03:00:00,3.84,4.59,57.2
SCOTLAND,2025-01-25 03:30:00,2.95,5.41,101.7
SCOTLAND,2025-01-25 04:00:00,3.08,5.62,63.5
SCOTLAND,2025-01-25 04:30:00,4.63,1.07,28.7
SCOTLAND,2025-01-25 05:00:00,2.11,5.32,13.7
SCOTLAND,2025-01-25 05:30:00,1.93,3.64,73.4
SCOTLAND,2025-01-25 06:00:00,2.13,0.38,40.6
SCOTLAND,2025-01-25 06:30:00,0.64,5.48,66.7
SCOTLAND,2025-01-25 07:00:00,0.67,4.29,41.0
SCOTLAND,2025-01-25 07:30:00,3.87,5.15,74.2
SCOTLAND,2025-01-25 08:00:00,3.0,6.03,60.6
SCOTLAND,2025-01-25 08:30:00,1.12,6.58,60.5
SCOTLAND,2025-01-25 09:00:00,0.51,7.93,43.2
SCOTLAND,2025-01-25 09:30:00,-0.67,5.99,46.8
SCOTLAND,2025-01-25 10:00:00,2.13,7.63,35.3
SCOTLAND,2025-01-25 10:30:00,1.56,6.97,72.3
SCOTLAND,2025-01-25 11:00:00,1.71,8.78,58.3
SCOTLAND,2025-01-25 11:30:00,2.41,7.3,77.7
SCOTLAND,2025-01-25 12:00:00,3.93,2.2,82.1
SCOTLAND,2025-01-25 12:30:00,2.55,2.51,64.0
SCOTLAND,2025-01-25 13:00:00,3.05,7.74,66.9
SCOTLAND,2025-01-25 13:30:00,1.89,1.98,59.1
SCOTLAND,2025-01-25 14:00:00,1.73,2.57,55.6
SCOTLAND,2025-01-25 14:30:00,2.84,5.45,46.7
SCOTLAND,2025-01-25 15:00:00,0.9,0.63,59.7
SCOTLAND,2025-01-25 15:30:00,3.16,1.53,95.3
SCOTLAND,2025-01-25 16:00:00,5.34,3.88,64.2
SCOTLAND,2025-01-25 16:30:00,4.03,1.49,78.6
SCOTLAND,2025-01-25 17:00:00,5.78,0.05,64.1
SCOTLAND,2025-01-25 17:30:00,5.16,3.36,97.8
SCOTLAND,2025-01-25 18:00:00,7.46,3.24,56.0
SCOTLAND,2025-01-25 18:30:00,4.67,2.78,43.4
SCOTLAND,2025-01-25 19:00:00,5.88,7.92,87.9
SCOTLAND,2025-01-25 19:30:00,6.22,0.0,26.4
SCOTLAND,2025-01-25 20:00:00,6.62,7.24,70.0
SCOTLAND,2025-01-25 20:30:00,4.98,6.7,73.6
SCOTLAND,2025-01-25 21:00:00,6.64,0.29,66.2
SCOTLAND,2025-01-25 21:30:00,7.41,5.05,77.1
SCOTLAND,2025-01-25 22:00:00,5.12,4.21,85.2
SCOTLAND,2025-01-25 22:30:00,4.27,2.46,51.4
SCOTLAND,2025-01-25 23:00:00,4.79,0.78,73.2
SCOTLAND,2025-01-25 23:30:00,4.56,5.71,21.9
SCOTLAND,2025-01-26 00:00:00,5.44,6.67,67.9
SCOTLAND,2025-01-26 00:30:00,4.45,5.73,82.9
SCOTLAND,2025-01-26 01:00:00,4.56,5.2,89.8
SCOTLAND,2025-01-26 01:30:00,4.84,2.4,82.8
SCOTLAND,2025-01-26 02:00:00,3.26,4.07,61.9
SCOTLAND,2025-01-26 02:30:00,4.58,7.5,60.4
SCOTLAND,2025-01-26 03:00:00,4.97,4.33,85.2
SCOTLAND,2025-01-26 03:30:00,3.13,3.02,94.6
SCOTLAND,2025-01-26 04:00:00,1.71,2.69,37.4
SCOTLAND,2025-01-26 04:30:00,3.93,7.01,66.7
SCOTLAND,2025-01-26 05:00:00,0.82,3.99,54.6
SCOTLAND,2025-01-26 05:30:00,0.76,3.02,69.1
SCOTLAND,2025-01-26 06:00:00,0.95,4.58,28.0
SCOTLAND,2025-01-26 06:30:00,3.7,3.22,75.7
SCOTLAND,2025-01-26 07:00:00,1.71,4.8,39.6
SCOTLAND,2025-01-26 07:30:00,0.57,2.52,60.5
SCOTLAND,2025-01-26 08:00:00,3.0,4.87,43.8
SCOTLAND,2025-01-26 08:30:00,1.52,3.84,53.7
SCOTLAND,2025-01-26 09:00:00,1.46,5.53,47.0
SCOTLAND,2025-01-26 09:30:00,1.07,5.96,68.4
SCOTLAND,2025-01-26 10:00:00,3.22,6.87,35.5
SCOTLAND,2025-01-26 10:30:00,2.03,2.98,38.4
SCOTLAND,2025-01-26 11:00:00,1.05,3.4,54.7
SCOTLAND,2025-01-26 11:30:00,1.27,3.97,104.0
SCOTLAND,2025-01-26 12:00:00,0.34,6.27,59.7
SCOTLAND,2025-01-26 12:30:00,1.89,0.0,73.7
SCOTLAND,2025-01-26 13:00:00,1.17,5.66,91.3
SCOTLAND,2025-01-26 13:30:00,1.36,6.34,60.5
SCOTLAND,2025-01-26 14:00:00,0.9,1.59,63.2
SCOTLAND,2025-01-26 14:30:00,3.89,0.84,60.6
SCOTLAND,2025-01-26 15:00:00,4.92,6.0,52.6
SCOTLAND,2025-01-26 15:30:00,4.46,6.14,75.3
SCOTLAND,2025-01-26 16:00:00,5.48,4.23,58.3
SCOTLAND,2025-01-26 16:30:00,4.74,2.47,80.0
SCOTLAND,2025-01-26 17:00:00,2.99,2.99,59.3
SCOTLAND,2025-01-26 17:30:00,5.39,5.32,86.8
SCOTLAND,2025-01-26 18:00:00,5.24,2.56,57.4
SCOTLAND,2025-01-26 18:30:00,4.76,5.04,40.8
SCOTLAND,2025-01-26 19:00:00,5.13,7.25,63.2
SCOTLAND,2025-01-26 19:30:00,4.08,3.32,19.8
SCOTLAND,2025-01-26 20:00:00,5.34,7.3,38.6
SCOTLAND,2025-01-26 20:30:00,3.67,2.69,76.6
SCOTLAND,2025-01-26 21:00:00,7.39,4.9,36.9
SCOTLAND,2025-01-26 21:30:00,5.32,7.58,54.4
SCOTLAND,2025-01-26 22:00:00,5.31,4.48,32.2
SCOTLAND,2025-01-26 22:30:00,6.34,5.71,24.1
SCOTLAND,2025-01-26 23:00:00,3.23,2.06,73.5
SCOTLAND,2025-01-26 23:30:00,3.93,4.8,56.7
SCOTLAND,2025-01-27 00:00:00,4.57,4.99,64.9
SCOTLAND,2025-01-27 00:30:00,4.46,4.65,63.9
SCOTLAND,2025-01-27 01:00:00,3.75,3.14,93.8
SCOTLAND,2025-01-27 01:30:00,3.47,6.73,47.7
SCOTLAND,2025-01-27 02:00:00,4.45,7.57,53.9
SCOTLAND,2025-01-27 02:30:00,2.68,3.14,59.7
SCOTLAND,2025-01-27 03:00:00,3.35,3.92,52.4
SCOTLAND,2025-01-27 03:30:00,5.31,3.6,48.8
SCOTLAND,2025-01-27 04:00:00,3.48,5.69,85.4
SCOTLAND,2025-01-27 04:30:00,4.79,4.69,54.8
SCOTLAND,2025-01-27 05:00:00,-0.22,2.12,63.8
SCOTLAND,2025-01-27 05:30:00,0.65,0.83,61.2
SCOTLAND,2025-01-27 06:00:00,2.68,3.51,76.1
SCOTLAND,2025-01-27 06:30:00,2.49,6.3,99.1
SCOTLAND,2025-01-27 07:00:00,4.69,5.46,51.7
SCOTLAND,2025-01-27 07:30:00,1.62,7.15,43.9
SCOTLAND,2025-01-27 08:00:00,3.22,3.66,64.1
SCOTLAND,2025-01-27 08:30:00,0.51,1.35,55.0
SCOTLAND,2025-01-27 09:00:00,3.11,2.6,89.0
SCOTLAND,2025-01-27 09:30:00,0.86,1.86,64.6
SCOTLAND,2025-01-27 10:00:00,2.56,4.38,62.7
SCOTLAND,2025-01-27 10:30:00,3.67,4.19,51.5
SCOTLAND,2025-01-27 11:00:00,0.71,6.55,52.3
SCOTLAND,2025-01-27 11:30:00,1.67,6.1,97.0
SCOTLAND,2025-01-27 12:00:00,2.78,3.73,59.9
SCOTLAND,2025-01-27 12:30:00,1.93,3.29,53.7
SCOTLAND,2025-01-27 13:00:00,4.06,3.82,84.5
SCOTLAND,2025-01-27 13:30:00,2.82,3.27,83.0
SCOTLAND,2025-01-27 14:00:00,3.51,3.75,60.6
SCOTLAND,2025-01-27 14:30:00,5.24,4.61,82.5
SCOTLAND,2025-01-27 15:00:00,3.72,6.18,64.3
SCOTLAND,2025-01-27 15:30:00,5.06,5.93,43.1
SCOTLAND,2025-01-27 16:00:00,4.57,5.91,80.1
SCOTLAND,2025-01-27 16:30:00,5.98,4.21,87.7
SCOTLAND,2025-01-27 17:00:00,4.11,1.01,55.0
SCOTLAND,2025-01-27 17:30:00,6.33,1.83,33.5
SCOTLAND,2025-01-27 18:00:00,3.15,5.47,33.9
SCOTLAND,2025-01-27 18:30:00,5.87,3.34,46.1
SCOTLAND,2025-01-27 19:00:00,4.21,4.41,46.4
SCOTLAND,2025-01-27 19:30:00,5.41,4.8,71.0
SCOTLAND,2025-01-27 20:00:00,6.6,4.33,41.1
SCOTLAND,2025-01-27 20:30:00,6.04,5.31,56.7
SCOTLAND,2025-01-27 21:00:00,5.07,8.95,36.7
SCOTLAND,2025-01-27 21:30:00,6.01,6.09,53.9
SCOTLAND,2025-01-27 22:00:00,5.01,3.2,60.0
SCOTLAND,2025-01-27 22:30:00,6.29,3.6,116.0
SCOTLAND,2025-01-27 23:00:00,4.35,6.76,69.8
SCOTLAND,2025-01-27 23:30:00,5.03,6.94,31.2
SCOTLAND,2025-01-28 00:00:00,5.06,2.57,52.2
SCOTLAND,2025-01-28 00:30:00,3.97,2.07,30.3
SCOTLAND,2025-01-28 01:00:00,4.53,3.87,54.6
SCOTLAND,2025-01-28 01:30:00,4.98,4.9,55.2
SCOTLAND,2025-01-28 02:00:00,7.21,6.04,104.0
SCOTLAND,2025-01-28 02:30:00,3.05,4.5,37.7
SCOTLAND,2025-01-28 03:00:00,2.63,2.83,113.9
SCOTLAND,2025-01-28 03:30:00,2.2,3.53,33.8
SCOTLAND,2025-01-28 04:00:00,3.19,2.2,76.5
SCOTLAND,2025-01-28 04:30:00,0.4,3.76,26.8
SCOTLAND,2025-01-28 05:00:00,1.55,3.43,49.2
SCOTLAND,2025-01-28 05:30:00,1.53,5.94,99.1
SCOTLAND,2025-01-28 06:00:00,2.22,2.28,61.2
SCOTLAND,2025-01-28 06:30:00,1.39,5.78,65.2
SCOTLAND,2025-01-28 07:00:00,-0.28,6.2,77.4
SCOTLAND,2025-01-28 07:30:00,3.41,2.97,65.4
SCOTLAND,2025-01-28 08:00:00,0.13,3.9,67.1
SCOTLAND,2025-01-28 08:30:00,0.79,4.68,63.0
SCOTLAND,2025-01-28 09:00:00,1.08,6.79,55.8
SCOTLAND,2025-01-28 09:30:00,1.78,1.07,69.3
SCOTLAND,2025-01-28 10:00:00,1.24,5.91,36.4
SCOTLAND,2025-01-28 10:30:00,2.33,0.0,71.1
SCOTLAND,2025-01-28 11:00:00,1.93,4.8,49.2
SCOTLAND,2025-01-28 11:30:00,1.0,3.13,63.5
SCOTLAND,2025-01-28 12:00:00,3.24,4.61,43.1
SCOTLAND,2025-01-28 12:30:00,4.75,4.67,48.8
SCOTLAND,2025-01-28 13:00:00,3.54,4.51,56.8
SCOTLAND,2025-01-28 13:30:00,2.68,5.97,91.1
SCOTLAND,2025-01-28 14:00:00,1.11,6.46,60.4
SCOTLAND,2025-01-28 14:30:00,3.83,6.7,12.2
SCOTLAND,2025-01-28 15:00:00,5.04,6.56,47.6
SCOTLAND,2025-01-28 15:30:00,2.39,7.28,28.4
SCOTLAND,2025-01-28 16:00:00,5.05,6.05,67.1
SCOTLAND,2025-01-28 16:30:00,5.23,3.47,68.3
SCOTLAND,2025-01-28 17:00:00,4.11,2.84,60.6
SCOTLAND,2025-01-28 17:30:00,3.12,5.15,15.3
SCOTLAND,2025-01-28 18:00:00,5.72,4.91,45.7
SCOTLAND,2025-01-28 18:30:00,3.8,3.18,71.5
SCOTLAND,2025-01-28 19:00:00,5.9,1.78,61.9
SCOTLAND,2025-01-28 19:30:00,5.8,4.44,42.2
SCOTLAND,2025-01-28 20:00:00,5.74,5.84,69.7
SCOTLAND,2025-01-28 20:30:00,6.04,7.29,63.0
SCOTLAND,2025-01-28 21:00:00,4.47,2.32,63.2
SCOTLAND,2025-01-28 21:30:00,3.76,3.38,68.4
SCOTLAND,2025-01-28 22:00:00,6.69,0.91,61.8
SCOTLAND,2025-01-28 22:30:00,5.2,4.08,62.5
SCOTLAND,2025-01-28 23:00:00,4.93,6.78,82.4
SCOTLAND,2025-01-28 23:30:00,7.54,3.98,52.6
SCOTLAND,2025-01-29 00:00:00,3.46,2.96,72.9
SCOTLAND,2025-01-29 00:30:00,5.66,5.35,48.0
SCOTLAND,2025-01-29 01:00:00,3.34,7.91,45.0
SCOTLAND,2025-01-29 01:30:00,5.83,4.81,46.8
SCOTLAND,2025-01-29 02:00:00,2.2,2.62,67.5
SCOTLAND,2025-01-29 02:30:00,2.53,7.11,56.3
SCOTLAND,2025-01-29 03:00:00,3.94,5.24,89.2
SCOTLAND,2025-01-29 03:30:00,2.57,4.21,34.8
SCOTLAND,2025-01-29 04:00:00,2.74,6.28,64.0
SCOTLAND,2025-01-29 04:30:00,5.39,5.04,50.3
SCOTLAND,2025-01-29 05:00:00,2.75,1.07,45.6
SCOTLAND,2025-01-29 05:30:00,0.74,4.03,58.9
SCOTLAND,2025-01-29 06:00:00,3.33,3.8,42.0
SCOTLAND,2025-01-29 06:30:00,3.76,0.0,60.7
SCOTLAND,2025-01-29 07:00:00,1.95,3.98,69.0
SCOTLAND,2025-01-29 07:30:00,1.82,5.0,49.2
SCOTLAND,2025-01-29 08:00:00,-0.13,3.91,41.5
SCOTLAND,2025-01-29 08:30:00,0.74,6.32,88.0
SCOTLAND,2025-01-29 09:00:00,3.06,5.91,61.1
SCOTLAND,2025-01-29 09:30:00,2.9,4.71,95.1
SCOTLAND,2025-01-29 10:00:00,0.78,5.35,37.2
SCOTLAND,2025-01-29 10:30:00,2.7,0.56,38.2
SCOTLAND,2025-01-29 11:00:00,0.66,4.5,66.4
SCOTLAND,2025-01-29 11:30:00,5.14,3.82,73.9
SCOTLAND,2025-01-29 12:00:00,2.81,5.38,62.6
SCOTLAND,2025-01-29 12:30:00,3.94,1.89,15.9
SCOTLAND,2025-01-29 13:00:00,3.6,0.39,83.6
SCOTLAND,2025-01-29 13:30:00,2.44,1.92,108.6
SCOTLAND,2025-01-29 14:00:00,3.6,3.58,73.5
SCOTLAND,2025-01-29 14:30:00,4.6,6.28,36.0
SCOTLAND,2025-01-29 15:00:00,4.78,3.41,43.4
SCOTLAND,2025-01-29 15:30:00,4.19,0.38,76.6
SCOTLAND,2025-01-29 16:00:00,4.27,3.04,57.5
SCOTLAND,2025-01-29 16:30:00,4.42,6.28,40.3
SCOTLAND,2025-01-29 17:00:00,4.57,3.57,40.8
SCOTLAND,2025-01-29 17:30:00,5.22,2.55,34.7
SCOTLAND,2025-01-29 18:00:00,5.98,7.09,60.9
SCOTLAND,2025-01-29 18:30:00,5.23,3.75,50.7
SCOTLAND,2025-01-29 19:00:00,6.95,4.19,20.8
SCOTLAND,2025-01-29 19:30:00,6.99,5.91,70.8
SCOTLAND,2025-01-29 20:00:00,2.31,3.99,76.1
SCOTLAND,2025-01-29 20:30:00,6.07,4.41,76.1
SCOTLAND,2025-01-29 21:00:00,5.72,6.41,62.9
SCOTLAND,2025-01-29 21:30:00,5.65,5.78,52.8
SCOTLAND,2025-01-29 22:00:00,4.03,4.01,70.6
SCOTLAND,2025-01-29 22:30:00,6.46,5.86,58.8
SCOTLAND,2025-01-29 23:00:00,4.83,2.82,64.5
SCOTLAND,2025-01-29 23:30:00,3.06,4.05,111.3
SCOTLAND,2025-01-30 00:00:00,2.88,4.31,66.8
SCOTLAND,2025-01-30 00:30:00,5.29,2.07,69.3
SCOTLAND,2025-01-30 01:00:00,3.56,1.14,77.1
SCOTLAND,2025-01-30 01:30:00,5.0,2.07,50.2
SCOTLAND,2025-01-30 02:00:00,2.99,0.71,73.7
SCOTLAND,2025-01-30 02:30:00,4.65,3.33,59.5
SCOTLAND,2025-01-30 03:00:00,3.31,4.49,35.7
SCOTLAND,2025-01-30 03:30:00,3.75,1.65,72.3
SCOTLAND,2025-01-30 04:00:00,1.41,1.4,59.5
SCOTLAND,2025-01-30 04:30:00,2.62,4.21,43.9
SCOTLAND,2025-01-30 05:00:00,2.51,4.59,81.0
SCOTLAND,2025-01-30 05:30:00,2.49,2.8,35.8
SCOTLAND,2025-01-30 06:00:00,0.12,4.65,74.3
SCOTLAND,2025-01-30 06:30:00,0.88,4.51,56.9
SCOTLAND,2025-01-30 07:00:00,2.62,5.73,19.2
SCOTLAND,2025-01-30 07:30:00,2.99,4.5,50.4
SCOTLAND,2025-01-30 08:00:00,1.08,4.06,50.9
SCOTLAND,2025-01-30 08:30:00,0.56,2.58,41.3
SCOTLAND,2025-01-30 09:00:00,3.37,4.11,100.6
SCOTLAND,2025-01-30 09:30:00,2.2,5.18,40.9
SCOTLAND,2025-01-30 10:00:00,1.69,4.15,48.5
SCOTLAND,2025-01-30 10:30:00,1.4,4.84,67.9
SCOTLAND,2025-01-30 11:00:00,0.67,4.57,70.0
SCOTLAND,2025-01-30 11:30:00,1.56,2.62,67.9
SCOTLAND,2025-01-30 12:00:00,-0.4,4.0,89.4
SCOTLAND,2025-01-30 12:30:00,-0.43,5.65,69.8
SCOTLAND,2025-01-30 13:00:00,1.44,5.04,78.0
SCOTLAND,2025-01-30 13:30:00,1.76,2.59,60.5
SCOTLAND,2025-01-30 14:00:00,4.86,2.92,59.2
SCOTLAND,2025-01-30 14:30:00,2.89,4.05,78.8
SCOTLAND,2025-01-30 15:00:00,4.33,3.29,59.4
SCOTLAND,2025-01-30 15:30:00,3.24,2.01,81.7
SCOTLAND,2025-01-30 16:00:00,6.65,0.42,70.5
SCOTLAND,2025-01-30 16:30:00,5.72,1.58,51.5
SCOTLAND,2025-01-30 17:00:00,4.41,7.8,89.7
SCOTLAND,2025-01-30 17:30:00,3.99,1.08,73.9
SCOTLAND,2025-01-30 18:00:00,6.07,6.49,40.9
SCOTLAND,2025-01-30 18:30:00,6.29,2.54,71.2
SCOTLAND,2025-01-30 19:00:00,5.57,7.8,68.1
SCOTLAND,2025-01-30 19:30:00,5.24,4.28,58.2
SCOTLAND,2025-01-30 20:00:00,4.3,7.85,88.8
SCOTLAND,2025-01-30 20:30:00,5.47,5.4,96.9
SCOTLAND,2025-01-30 21:00:00,7.1,3.39,58.4
SCOTLAND,2025-01-30 21:30:00,3.56,5.55,82.4
SCOTLAND,2025-01-30 22:00:00,6.92,5.4,66.3
SCOTLAND,2025-01-30 22:30:00,4.22,4.64,48.6
SCOTLAND,2025-01-30 23:00:00,5.73,2.47,69.3
SCOTLAND,2025-01-30 23:30:00,6.69,4.75,65.9
SCOTLAND,2025-01-31 00:00:00,5.85,7.54,58.1
SCOTLAND,2025-01-31 00:30:00,5.38,7.02,72.0
SCOTLAND,2025-01-31 01:00:00,1.87,2.57,73.5
SCOTLAND,2025-01-31 01:30:00,3.79,6.88,93.4
SCOTLAND,2025-01-31 02:00:00,3.04,1.93,53.5
SCOTLAND,2025-01-31 02:30:00,3.25,7.07,41.4
SCOTLAND,2025-01-31 03:00:00,4.13,6.78,74.7
SCOTLAND,2025-01-31 03:30:00,3.76,3.68,93.3
SCOTLAND,2025-01-31 04:00:00,2.46,5.9,57.1
SCOTLAND,2025-01-31 04:30:00,0.54,3.46,57.2
SCOTLAND,2025-01-31 05:00:00,2.17,2.68,71.3
SCOTLAND,2025-01-31 05:30:00,3.22,3.39,54.3
SCOTLAND,2025-01-31 06:00:00,0.76,4.51,84.8
SCOTLAND,2025-01-31 06:30:00,3.68,2.8,95.8
SCOTLAND,2025-01-31 07:00:00,1.39,1.97,35.5
SCOTLAND,2025-01-31 07:30:00,0.53,4.67,55.4
SCOTLAND,2025-01-31 08:00:00,0.99,2.31,40.4
SCOTLAND,2025-01-31 08:30:00,0.69,6.03,92.5
SCOTLAND,2025-01-31 09:00:00,4.06,5.37,51.1
SCOTLAND,2025-01-31 09:30:00,1.02,5.51,55.6
SCOTLAND,2025-01-31 10:00:00,2.52,7.86,63.9
SCOTLAND,2025-01-31 10:30:00,4.75,1.75,68.1
SCOTLAND,2025-01-31 11:00:00,2.72,2.03,74.4
SCOTLAND,2025-01-31 11:30:00,4.18,8.41,67.4
SCOTLAND,2025-01-31 12:00:00,0.47,4.95,73.4
SCOTLAND,2025-01-31 12:30:00,2.47,4.43,51.3
SCOTLAND,2025-01-31 13:00:00,3.07,6.03,85.0
SCOTLAND,2025-01-31 13:30:00,1.71,2.98,31.4
SCOTLAND,2025-01-31 14:00:00,5.96,5.74,24.0
SCOTLAND,2025-01-31 14:30:00,3.68,3.43,46.4
SCOTLAND,2025-01-31 15:00:00,5.51,6.03,64.9
SCOTLAND,2025-01-31 15:30:00,3.5,2.73,60.8
SCOTLAND,2025-01-31 16:00:00,4.2,3.99,70.0
SCOTLAND,2025-01-31 16:30:00,2.91,2.48,59.4
SCOTLAND,2025-01-31 17:00:00,7.05,5.69,59.9
SCOTLAND,2025-01-31 17:30:00,5.65,3.8,79.4
SCOTLAND,2025-01-31 18:00:00,6.01,6.56,35.6
SCOTLAND,2025-01-31 18:30:00,4.52,4.55,68.9
SCOTLAND,2025-01-31 19:00:00,8.57,0.38,59.4
SCOTLAND,2025-01-31 19:30:00,5.59,4.48,91.2
SCOTLAND,2025-01-31 20:00:00,6.8,0.79,87.6
SCOTLAND,2025-01-31 20:30:00,7.56,4.53,30.9
SCOTLAND,2025-01-31 21:00:00,5.5,4.94,77.9
SCOTLAND,2025-01-31 21:30:00,3.56,2.46,79.8
SCOTLAND,2025-01-31 22:00:00,7.29,4.86,80.7
SCOTLAND,2025-01-31 22:30:00,6.03,5.93,62.6
SCOTLAND,2025-01-31 23:00:00,5.74,1.56,73.0
SCOTLAND,2025-01-31 23:30:00,3.66,5.44,52.1
SCOTLAND,2025-02-01 00:00:00,4.46,2.09,50.9
SCOTLAND,2025-02-01 00:30:00,5.26,5.51,79.7
SCOTLAND,2025-02-01 01:00:00,2.96,1.0,42.4
SCOTLAND,2025-02-01 01:30:00,3.06,7.13,84.1
SCOTLAND,2025-02-01 02:00:00,2.62,7.42,83.0
SCOTLAND,2025-02-01 02:30:00,1.86,1.94,30.1
SCOTLAND,2025-02-01 03:00:00,3.2,4.03,60.3
SCOTLAND,2025-02-01 03:30:00,0.87,1.15,64.7
SCOTLAND,2025-02-01 04:00:00,3.57,0.0,36.9
SCOTLAND,2025-02-01 04:30:00,4.05,1.55,59.7
SCOTLAND,2025-02-01 05:00:00,0.82,5.66,23.7
SCOTLAND,2025-02-01 05:30:00,2.04,5.88,71.0
SCOTLAND,2025-02-01 06:00:00,1.53,2.6,55.8
SCOTLAND,2025-02-01 06:30:00,0.54,3.8,58.5
SCOTLAND,2025-02-01 07:00:00,1.39,6.0,40.7
SCOTLAND,2025-02-01 07:30:00,-0.16,2.95,62.2
SCOTLAND,2025-02-01 08:00:00,1.69,3.7,39.7
SCOTLAND,2025-02-01 08:30:00,0.64,3.02,49.8
SCOTLAND,2025-02-01 09:00:00,3.21,4.53,50.4
SCOTLAND,2025-02-01 09:30:00,3.2,4.89,35.6
SCOTLAND,2025-02-01 10:00:00,-1.8,1.35,70.7
SCOTLAND,2025-02-01 10:30:00,3.16,0.68,71.9
SCOTLAND,2025-02-01 11:00:00,3.15,6.79,77.1
SCOTLAND,2025-02-01 11:30:00,4.03,4.98,68.2
SCOTLAND,2025-02-01 12:00:00,2.42,5.64,36.0
SCOTLAND,2025-02-01 12:30:00,2.65,5.08,85.3
SCOTLAND,2025-02-01 13:00:00,2.73,5.93,56.5
SCOTLAND,2025-02-01 13:30:00,4.49,2.4,73.1
SCOTLAND,2025-02-01 14:00:00,3.71,1.63,57.2
SCOTLAND,2025-02-01 14:30:00,5.41,1.96,33.3
SCOTLAND,2025-02-01 15:00:00,4.82,0.64,88.1
SCOTLAND,2025-02-01 15:30:00,6.18,6.08,59.8
SCOTLAND,2025-02-01 16:00:00,6.82,6.69,50.4
SCOTLAND,2025-02-01 16:30:00,6.55,2.18,56.5
SCOTLAND,2025-02-01 17:00:00,3.08,4.29,54.7
SCOTLAND,2025-02-01 17:30:00,4.69,3.67,49.6
SCOTLAND,2025-02-01 18:00:00,5.6,6.57,40.9
SCOTLAND,2025-02-01 18:30:00,6.59,4.43,66.7
SCOTLAND,2025-02-01 19:00:00,5.72,2.57,68.0
SCOTLAND,2025-02-01 19:30:00,6.37,2.4,35.9
SCOTLAND,2025-02-01 20:00:00,5.92,5.51,78.1
SCOTLAND,2025-02-01 20:30:00,7.26,4.74,55.3
SCOTLAND,2025-02-01 21:00:00,5.75,1.51,47.7
SCOTLAND,2025-02-01 21:30:00,5.69,3.47,61.7
SCOTLAND,2025-02-01 22:00:00,3.9,1.7,74.0
SCOTLAND,2025-02-01 22:30:00,4.55,2.65,61.7
SCOTLAND,2025-02-01 23:00:00,4.12,6.21,37.4
SCOTLAND,2025-02-01 23:30:00,5.24,2.5,62.8
SCOTLAND,2025-02-02 00:00:00,4.29,3.95,82.0
SCOTLAND,2025-02-02 00:30:00,4.06,2.61,54.3
SCOTLAND,2025-02-02 01:00:00,6.17,3.82,82.2
SCOTLAND,2025-02-02 01:30:00,4.19,6.38,67.3
SCOTLAND,2025-02-02 02:00:00,4.55,1.13,31.5
SCOTLAND,2025-02-02 02:30:00,5.17,6.12,103.6
SCOTLAND,2025-02-02 03:00:00,1.59,4.97,41.6
SCOTLAND,2025-02-02 03:30:00,2.48,3.0,66.9
SCOTLAND,2025-02-02 04:00:00,2.09,4.07,75.0
SCOTLAND,2025-02-02 04:30:00,4.24,5.39,68.1
SCOTLAND,2025-02-02 05:00:00,2.3,2.86,69.7
SCOTLAND,2025-02-02 05:30:00,1.21,4.24,40.6
SCOTLAND,2025-02-02 06:00:00,2.11,1.89,52.8
SCOTLAND,2025-02-02 06:30:00,1.34,2.41,58.4
SCOTLAND,2025-02-02 07:00:00,-0.95,0.4,74.5
SCOTLAND,2025-02-02 07:30:00,2.13,2.55,77.5
SCOTLAND,2025-02-02 08:00:00,1.12,2.84,45.9
SCOTLAND,2025-02-02 08:30:00,4.18,4.47,63.5
SCOTLAND,2025-02-02 09:00:00,2.52,0.29,49.3
SCOTLAND,2025-02-02 09:30:00,2.5,3.99,99.7
SCOTLAND,2025-02-02 10:00:00,1.51,5.89,74.5
SCOTLAND,2025-02-02 10:30:00,2.33,4.65,54.8
SCOTLAND,2025-02-02 11:00:00,0.11,4.7,67.7
SCOTLAND,2025-02-02 11:30:00,3.18,4.13,77.5
SCOTLAND,2025-02-02 12:00:00,1.85,6.94,42.2
SCOTLAND,2025-02-02 12:30:00,2.76,5.36,50.7
SCOTLAND,2025-02-02 13:00:00,4.27,3.31,62.1
SCOTLAND,2025-02-02 13:30:00,3.15,2.85,100.5
SCOTLAND,2025-02-02 14:00:00,2.88,0.0,45.5
SCOTLAND,2025-02-02 14:30:00,4.05,3.25,78.3
SCOTLAND,2025-02-02 15:00:00,5.58,3.36,29.7
SCOTLAND,2025-02-02 15:30:00,2.87,3.94,31.8
SCOTLAND,2025-02-02 16:00:00,4.45,6.84,66.2
SCOTLAND,2025-02-02 16:30:00,4.94,1.92,63.3
SCOTLAND,2025-02-02 17:00:00,4.99,4.48,73.1
SCOTLAND,2025-02-02 17:30:00,6.38,4.26,69.2
SCOTLAND,2025-02-02 18:00:00,5.01,6.27,44.0
SCOTLAND,2025-02-02 18:30:00,5.37,6.47,51.3
SCOTLAND,2025-02-02 19:00:00,4.21,3.18,85.1
SCOTLAND,2025-02-02 19:30:00,3.09,4.2,48.6
SCOTLAND,2025-02-02 20:00:00,5.69,3.3,77.3
SCOTLAND,2025-02-02 20:30:00,5.95,6.02,83.1
SCOTLAND,2025-02-02 21:00:00,5.86,3.28,66.8
SCOTLAND,2025-02-02 21:30:00,6.5,1.69,64.2
SCOTLAND,2025-02-02 22:00:00,5.32,3.16,47.6
SCOTLAND,2025-02-02 22:30:00,4.87,6.51,53.4
SCOTLAND,2025-02-02 23:00:00,6.67,4.26,39.6
SCOTLAND,2025-02-02 23:30:00,5.53,1.62,70.9
SCOTLAND,2025-02-03 00:00:00,4.71,5.71,85.8
SCOTLAND,2025-02-03 00:30:00,2.87,3.08,38.2
SCOTLAND,2025-02-03 01:00:00,7.06,3.12,36.3
SCOTLAND,2025-02-03 01:30:00,7.16,2.55,30.8
SCOTLAND,2025-02-03 02:00:00,2.56,4.29,60.8
SCOTLAND,2025-02-03 02:30:00,2.95,3.03,61.0
SCOTLAND,2025-02-03 03:00:00,5.03,4.67,49.9
SCOTLAND,2025-02-03 03:30:00,3.16,5.54,90.2
SCOTLAND,2025-02-03 04:00:00,1.63,6.23,54.4
SCOTLAND,2025-02-03 04:30:00,1.01,0.36,84.0
SCOTLAND,2025-02-03 05:00:00,4.28,2.86,56.2
SCOTLAND,2025-02-03 05:30:00,0.4,5.52,59.5
SCOTLAND,2025-02-03 06:00:00,0.36,4.41,35.0
SCOTLAND,2025-02-03 06:30:00,2.89,1.83,66.1
SCOTLAND,2025-02-03 07:00:00,1.24,0.0,77.9
SCOTLAND,2025-02-03 07:30:00,3.28,2.96,64.9
SCOTLAND,2025-02-03 08:00:00,2.48,4.94,91.1
SCOTLAND,2025-02-03 08:30:00,2.45,3.28,67.7
SCOTLAND,2025-02-03 09:00:00,1.51,1.87,82.0
SCOTLAND,2025-02-03 09:30:00,2.66,0.28,47.7
SCOTLAND,2025-02-03 10:00:00,3.13,0.87,46.4
SCOTLAND,2025-02-03 10:30:00,5.42,3.34,79.5
SCOTLAND,2025-02-03 11:00:00,4.34,2.18,64.8
SCOTLAND,2025-02-03 11:30:00,5.01,4.92,102.6
SCOTLAND,2025-02-03 12:00:00,2.19,7.59,60.3
SCOTLAND,2025-02-03 12:30:00,2.56,5.28,58.0
SCOTLAND,2025-02-03 13:00:00,3.34,4.97,27.5
SCOTLAND,2025-02-03 13:30:00,2.48,5.45,77.8
SCOTLAND,2025-02-03 14:00:00,4.38,4.55,67.2
SCOTLAND,2025-02-03 14:30:00,5.1,1.15,50.8
SCOTLAND,2025-02-03 15:00:00,4.38,4.39,22.0
SCOTLAND,2025-02-03 15:30:00,2.96,3.97,78.2
SCOTLAND,2025-02-03 16:00:00,4.45,2.67,69.5
SCOTLAND,2025-02-03 16:30:00,4.56,5.76,56.0
SCOTLAND,2025-02-03 17:00:00,4.03,6.84,82.3
SCOTLAND,2025-02-03 17:30:00,4.22,4.79,54.1
SCOTLAND,2025-02-03 18:00:00,6.43,2.25,75.7
SCOTLAND,2025-02-03 18:30:00,7.12,2.11,61.2
SCOTLAND,2025-02-03 19:00:00,7.35,2.0,48.0
SCOTLAND,2025-02-03 19:30:00,6.68,3.68,31.6
SCOTLAND,2025-02-03 20:00:00,5.57,7.49,97.1
SCOTLAND,2025-02-03 20:30:00,5.19,2.17,51.8
SCOTLAND,2025-02-03 21:00:00,8.05,5.68,86.4
SCOTLAND,2025-02-03 21:30:00,7.08,1.36,42.9
SCOTLAND,2025-02-03 22:00:00,4.85,2.96,47.8
SCOTLAND,2025-02-03 22:30:00,5.01,5.28,62.4
SCOTLAND,2025-02-03 23:00:00,6.83,4.5,47.8
SCOTLAND,2025-02-03 23:30:00,5.6,0.98,18.4
SCOTLAND,2025-02-04 00:00:00,5.79,6.04,61.3
SCOTLAND,2025-02-04 00:30:00,4.55,1.32,81.0
SCOTLAND,2025-02-04 01:00:00,5.13,4.58,59.9
SCOTLAND,2025-02-04 01:30:00,3.98,1.77,64.5
SCOTLAND,2025-02-04 02:00:00,3.38,3.15,90.9
SCOTLAND,2025-02-04 02:30:00,3.96,0.0,50.4
SCOTLAND,2025-02-04 03:00:00,2.3,3.72,34.4
SCOTLAND,2025-02-04 03:30:00,4.02,3.41,51.4
SCOTLAND,2025-02-04 04:00:00,3.2,3.85,57.6
SCOTLAND,2025-02-04 04:30:00,2.75,3.96,66.2
SCOTLAND,2025-02-04 05:00:00,2.87,6.25,50.2
SCOTLAND,2025-02-04 05:30:00,2.89,8.89,59.3
SCOTLAND,2025-02-04 06:00:00,2.29,1.47,47.2
SCOTLAND,2025-02-04 06:30:00,2.16,5.07,71.7
SCOTLAND,2025-02-04 07:00:00,2.48,5.61,42.0
SCOTLAND,2025-02-04 07:30:00,2.68,4.03,62.2
SCOTLAND,2025-02-04 08:00:00,1.59,2.09,38.1
SCOTLAND,2025-02-04 08:30:00,2.41,5.0,57.7
SCOTLAND,2025-02-04 09:00:00,2.07,2.56,69.1
SCOTLAND,2025-02-04 09:30:00,2.16,3.27,75.6
SCOTLAND,2025-02-04 10:00:00,3.06,0.93,60.9
SCOTLAND,2025-02-04 10:30:00,1.14,4.28,3.3
SCOTLAND,2025-02-04 11:00:00,2.84,5.42,58.0
SCOTLAND,2025-02-04 11:30:00,1.21,7.91,80.8
SCOTLAND,2025-02-04 12:00:00,2.38,3.48,24.3
SCOTLAND,2025-02-04 12:30:00,3.59,1.26,72.0
SCOTLAND,2025-02-04 13:00:00,4.73,3.86,40.8
SCOTLAND,2025-02-04 13:30:00,5.0,4.0,61.7
SCOTLAND,2025-02-04 14:00:00,2.9,4.39,56.3
SCOTLAND,2025-02-04 14:30:00,2.43,6.68,91.7
SCOTLAND,2025-02-04 15:00:00,5.76,5.74,91.8
SCOTLAND,2025-02-04 15:30:00,3.28,1.88,52.5
SCOTLAND,2025-02-04 16:00:00,5.38,3.41,41.6
SCOTLAND,2025-02-04 16:30:00,5.03,3.81,75.1
SCOTLAND,2025-02-04 17:00:00,5.49,0.19,66.9
SCOTLAND,2025-02-04 17:30:00,7.33,4.06,77.8
SCOTLAND,2025-02-04 18:00:00,5.15,5.13,46.6
SCOTLAND,2025-02-04 18:30:00,5.46,3.52,68.6
SCOTLAND,2025-02-04 19:00:00,4.96,1.07,68.5
SCOTLAND,2025-02-04 19:30:00,6.47,4.22,76.8
SCOTLAND,2025-02-04 20:00:00,5.78,4.56,53.7
SCOTLAND,2025-02-04 20:30:00,5.71,4.68,100.8
SCOTLAND,2025-02-04 21:00:00,6.84,5.1,73.9
SCOTLAND,2025-02-04 21:30:00,3.14,4.64,76.4
SCOTLAND,2025-02-04 22:00:00,5.85,3.91,43.1
SCOTLAND,2025-02-04 22:30:00,5.23,2.33,78.0
SCOTLAND,2025-02-04 23:00:00,7.24,7.87,44.7
SCOTLAND,2025-02-04 23:30:00,4.63,2.5,41.7
SCOTLAND,2025-02-05 00:00:00,3.88,2.97,75.7
SCOTLAND,2025-02-05 00:30:00,4.23,6.11,84.6
SCOTLAND,2025-02-05 01:00:00,4.95,6.46,35.5
SCOTLAND,2025-02-05 01:30:00,3.94,4.38,64.0
SCOTLAND,2025-02-05 02:00:00,5.8,2.0,50.3
SCOTLAND,2025-02-05 02:30:00,3.99,2.96,41.2
SCOTLAND,2025-02-05 03:00:00,3.0,3.51,86.1
SCOTLAND,2025-02-05 03:30:00,2.35,5.63,82.9
SCOTLAND,2025-02-05 04:00:00,2.47,4.52,70.4
SCOTLAND,2025-02-05 04:30:00,3.58,4.16,47.8
SCOTLAND,2025-02-05 05:00:00,3.47,3.25,60.5
SCOTLAND,2025-02-05 05:30:00,2.88,5.71,94.7
SCOTLAND,2025-02-05 06:00:00,1.47,4.11,33.3
SCOTLAND,2025-02-05 06:30:00,4.13,4.09,54.6
SCOTLAND,2025-02-05 07:00:00,2.22,4.21,46.8
SCOTLAND,2025-02-05 07:30:00,3.58,5.29,74.1
SCOTLAND,2025-02-05 08:00:00,1.27,2.53,58.0
SCOTLAND,2025-02-05 08:30:00,3.05,5.0,46.0
SCOTLAND,2025-02-05 09:00:00,2.96,2.06,48.1
SCOTLAND,2025-02-05 09:30:00,2.35,1.66,42.7
SCOTLAND,2025-02-05 10:00:00,4.22,6.73,101.2
SCOTLAND,2025-02-05 10:30:00,2.9,5.29,57.2
SCOTLAND,2025-02-05 11:00:00,2.25,5.74,84.5
SCOTLAND,2025-02-05 11:30:00,3.62,2.32,67.0
SCOTLAND,2025-02-05 12:00:00,2.16,3.35,89.5
SCOTLAND,2025-02-05 12:30:00,1.65,8.34,69.9
SCOTLAND,2025-02-05 13:00:00,3.01,4.14,47.7
SCOTLAND,2025-02-05 13:30:00,2.91,4.15,54.1
SCOTLAND,2025-02-05 14:00:00,2.97,3.56,36.3
SCOTLAND,2025-02-05 14:30:00,2.56,1.44,90.1
SCOTLAND,2025-02-05 15:00:00,5.09,5.19,60.2
SCOTLAND,2025-02-05 15:30:00,5.21,6.35,67.3
SCOTLAND,2025-02-05 16:00:00,7.06,3.93,70.8
SCOTLAND,2025-02-05 16:30:00,5.93,2.14,60.8
SCOTLAND,2025-02-05 17:00:00,3.29,3.74,55.0
SCOTLAND,2025-02-05 17:30:00,5.1,3.18,69.2
SCOTLAND,2025-02-05 18:00:00,4.76,7.72,70.2
SCOTLAND,2025-02-05 18:30:00,4.86,5.29,77.9
SCOTLAND,2025-02-05 19:00:00,6.46,1.99,100.3
SCOTLAND,2025-02-05 19:30:00,6.79,1.5,63.8
SCOTLAND,2025-02-05 20:00:00,5.82,4.01,38.5
SCOTLAND,2025-02-05 20:30:00,6.15,2.34,53.7
SCOTLAND,2025-02-05 21:00:00,6.48,3.05,54.8
SCOTLAND,2025-02-05 21:30:00,7.0,2.22,48.3
SCOTLAND,2025-02-05 22:00:00,4.31,2.35,62.3
SCOTLAND,2025-02-05 22:30:00,6.59,2.39,71.0
SCOTLAND,2025-02-05 23:00:00,5.63,1.23,63.1
SCOTLAND,2025-02-05 23:30:00,6.94,0.22,96.1
SCOTLAND,2025-02-06 00:00:00,4.42,0.7,62.5
SCOTLAND,2025-02-06 00:30:00,6.15,3.44,65.6
SCOTLAND,2025-02-06 01:00:00,7.22,4.41,113.7
SCOTLAND,2025-02-06 01:30:00,6.19,4.1,65.2
SCOTLAND,2025-02-06 02:00:00,3.77,4.5,70.1
SCOTLAND,2025-02-06 02:30:00,3.67,1.24,83.8
SCOTLAND,2025-02-06 03:00:00,4.8,1.17,63.1
SCOTLAND,2025-02-06 03:30:00,4.87,5.85,47.5
SCOTLAND,2025-02-06 04:00:00,4.33,4.03,67.0
SCOTLAND,2025-02-06 04:30:00,2.05,0.0,46.0
SCOTLAND,2025-02-06 05:00:00,3.38,3.59,71.7
SCOTLAND,2025-02-06 05:30:00,4.07,3.34,52.3
SCOTLAND,2025-02-06 06:00:00,-0.2,0.9,35.9
SCOTLAND,2025-02-06 06:30:00,3.09,3.36,50.4
SCOTLAND,2025-02-06 07:00:00,1.44,2.44,76.6
SCOTLAND,2025-02-06 07:30:00,2.33,5.98,20.5
SCOTLAND,2025-02-06 08:00:00,2.79,3.03,54.9
SCOTLAND,2025-02-06 08:30:00,3.78,3.22,68.9
SCOTLAND,2025-02-06 09:00:00,1.0,4.07,31.4
SCOTLAND,2025-02-06 09:30:00,2.15,4.77,79.9
SCOTLAND,2025-02-06 10:00:00,1.44,2.94,48.4
SCOTLAND,2025-02-06 10:30:00,2.12,2.07,21.2
SCOTLAND,2025-02-06 11:00:00,1.49,3.9,57.3
SCOTLAND,2025-02-06 11:30:00,3.4,5.68,51.9
SCOTLAND,2025-02-06 12:00:00,1.25,4.81,59.8
SCOTLAND,2025-02-06 12:30:00,2.84,6.44,68.1
SCOTLAND,2025-02-06 13:00:00,3.78,4.33,75.3
SCOTLAND,2025-02-06 13:30:00,2.81,2.24,55.8
SCOTLAND,2025-02-06 14:00:00,2.74,3.91,61.7
SCOTLAND,2025-02-06 14:30:00,4.07,3.28,89.8
SCOTLAND,2025-02-06 15:00:00,5.8,3.81,61.7
SCOTLAND,2025-02-06 15:30:00,6.32,2.83,42.6
SCOTLAND,2025-02-06 16:00:00,5.43,4.83,68.8
SCOTLAND,2025-02-06 16:30:00,6.15,2.53,34.6
SCOTLAND,2025-02-06 17:00:00,4.87,5.16,43.4
SCOTLAND,2025-02-06 17:30:00,3.25,4.29,49.8
SCOTLAND,2025-02-06 18:00:00,3.81,4.15,53.0
SCOTLAND,2025-02-06 18:30:00,4.94,4.18,70.5
SCOTLAND,2025-02-06 19:00:00,6.07,2.8,51.2
SCOTLAND,2025-02-06 19:30:00,7.38,5.5,33.2
SCOTLAND,2025-02-06 20:00:00,4.66,1.61,79.1
SCOTLAND,2025-02-06 20:30:00,4.08,5.57,67.2
SCOTLAND,2025-02-06 21:00:00,6.26,3.05,81.4
SCOTLAND,2025-02-06 21:30:00,6.22,1.11,38.2
SCOTLAND,2025-02-06 22:00:00,3.91,6.4,85.6
SCOTLAND,2025-02-06 22:30:00,7.19,3.71,34.3
SCOTLAND,2025-02-06 23:00:00,4.3,2.02,59.2
SCOTLAND,2025-02-06 23:30:00,7.23,6.77,51.2
SCOTLAND,2025-02-07 00:00:00,2.54,1.67,81.4
SCOTLAND,2025-02-07 00:30:00,5.5,3.29,52.3
SCOTLAND,2025-02-07 01:00:00,3.84,1.59,97.3
SCOTLAND,2025-02-07 01:30:00,6.8,2.36,28.4
SCOTLAND,2025-02-07 02:00:00,4.42,3.71,71.3
SCOTLAND,2025-02-07 02:30:00,5.25,1.66,83.0
SCOTLAND,2025-02-07 03:00:00,3.28,5.22,55.3
SCOTLAND,2025-02-07 03:30:00,4.81,0.0,73.3
SCOTLAND,2025-02-07 04:00:00,2.22,4.15,82.4
SCOTLAND,2025-02-07 04:30:00,2.26,2.08,53.3
SCOTLAND,2025-02-07 05:00:00,2.28,1.9,61.9
SCOTLAND,2025-02-07 05:30:00,3.0,4.93,45.2
SCOTLAND,2025-02-07 06:00:00,1.35,3.76,55.6
SCOTLAND,2025-02-07 06:30:00,2.22,2.59,65.9
SCOTLAND,2025-02-07 07:00:00,1.16,3.76,54.5
SCOTLAND,2025-02-07 07:30:00,2.25,6.37,36.3
SCOTLAND,2025-02-07 08:00:00,-0.65,2.81,39.3
SCOTLAND,2025-02-07 08:30:00,-1.4,7.49,70.1
SCOTLAND,2025-02-07 09:00:00,3.09,3.43,67.6
SCOTLAND,2025-02-07 09:30:00,1.78,5.63,63.4
SCOTLAND,2025-02-07 10:00:00,2.44,4.08,86.4
SCOTLAND,2025-02-07 10:30:00,2.69,1.94,66.1
SCOTLAND,2025-02-07 11:00:00,3.39,3.71,59.1
SCOTLAND,2025-02-07 11:30:00,1.53,4.19,38.1
SCOTLAND,2025-02-07 12:00:00,2.92,2.66,77.7
SCOTLAND,2025-02-07 12:30:00,5.08,1.71,59.9
SCOTLAND,2025-02-07 13:00:00,3.33,4.93,61.7
SCOTLAND,2025-02-07 13:30:00,3.24,4.19,56.1
SCOTLAND,2025-02-07 14:00:00,6.13,2.41,64.6
SCOTLAND,2025-02-07 14:30:00,4.83,4.88,54.6
SCOTLAND,2025-02-07 15:00:00,6.38,0.0,40.3
SCOTLAND,2025-02-07 15:30:00,5.53,2.24,43.1
SCOTLAND,2025-02-07 16:00:00,4.66,2.43,71.5
SCOTLAND,2025-02-07 16:30:00,6.3,4.18,79.0
SCOTLAND,2025-02-07 17:00:00,3.97,4.15,84.3
SCOTLAND,2025-02-07 17:30:00,6.81,6.87,49.4
SCOTLAND,2025-02-07 18:00:00,7.05,3.15,70.7
SCOTLAND,2025-02-07 18:30:00,7.52,2.41,26.6
SCOTLAND,2025-02-07 19:00:00,8.37,4.98,58.1
SCOTLAND,2025-02-07 19:30:00,5.96,0.0,63.8
SCOTLAND,2025-02-07 20:00:00,5.58,4.1,60.5
SCOTLAND,2025-02-07 20:30:00,2.17,4.98,63.4
SCOTLAND,2025-02-07 21:00:00,6.54,3.63,60.9
SCOTLAND,2025-02-07 21:30:00,6.36,4.55,68.6
SCOTLAND,2025-02-07 22:00:00,6.29,7.7,46.9
SCOTLAND,2025-02-07 22:30:00,5.5,7.39,57.2
SCOTLAND,2025-02-07 23:00:00,6.75,4.27,55.9
SCOTLAND,2025-02-07 23:30:00,6.82,5.04,32.4
SCOTLAND,2025-02-08 00:00:00,5.49,2.01,82.9
SCOTLAND,2025-02-08 00:30:00,7.39,7.75,66.4
SCOTLAND,2025-02-08 01:00:00,4.25,4.64,43.1
SCOTLAND,2025-02-08 01:30:00,7.62,6.39,65.5
SCOTLAND,2025-02-08 02:00:00,5.48,3.02,40.1
SCOTLAND,2025-02-08 02:30:00,1.63,4.17,56.3
SCOTLAND,2025-02-08 03:00:00,4.39,4.03,68.5
SCOTLAND,2025-02-08 03:30:00,4.74,1.08,75.6
SCOTLAND,2025-02-08 04:00:00,2.8,5.04,78.4
SCOTLAND,2025-02-08 04:30:00,4.52,4.26,63.2
SCOTLAND,2025-02-08 05:00:00,3.94,1.0,42.9
SCOTLAND,2025-02-08 05:30:00,2.54,1.33,55.1
SCOTLAND,2025-02-08 06:00:00,2.16,4.17,59.0
SCOTLAND,2025-02-08 06:30:00,3.84,5.15,58.7
SCOTLAND,2025-02-08 07:00:00,1.95,3.9,59.5
SCOTLAND,2025-02-08 07:30:00,5.38,1.08,43.3
SCOTLAND,2025-02-08 08:00:00,1.0,4.54,64.1
SCOTLAND,2025-02-08 08:30:00,1.6,5.79,66.7
SCOTLAND,2025-02-08 09:00:00,3.48,6.41,21.6
SCOTLAND,2025-02-08 09:30:00,3.18,1.42,64.5
SCOTLAND,2025-02-08 10:00:00,2.47,3.94,38.3
SCOTLAND,2025-02-08 10:30:00,3.79,1.42,73.5
SCOTLAND,2025-02-08 11:00:00,1.15,3.96,92.5
SCOTLAND,2025-02-08 11:30:00,5.7,0.76,47.3
SCOTLAND,2025-02-08 12:00:00,2.66,8.51,58.8
SCOTLAND,2025-02-08 12:30:00,4.57,4.6,38.4
SCOTLAND,2025-02-08 13:00:00,1.54,2.77,101.7
SCOTLAND,2025-02-08 13:30:00,4.08,6.11,34.5
SCOTLAND,2025-02-08 14:00:00,3.89,5.56,40.4
SCOTLAND,2025-02-08 14:30:00,4.21,2.24,74.9
SCOTLAND,2025-02-08 15:00:00,5.28,5.37,75.7
SCOTLAND,2025-02-08 15:30:00,4.53,6.01,49.4
SCOTLAND,2025-02-08 16:00:00,6.04,0.06,46.6
SCOTLAND,2025-02-08 16:30:00,8.06,5.22,71.0
SCOTLAND,2025-02-08 17:00:00,4.71,1.81,55.2
SCOTLAND,2025-02-08 17:30:00,5.62,7.83,78.3
SCOTLAND,2025-02-08 18:00:00,6.15,4.13,73.6
SCOTLAND,2025-02-08 18:30:00,4.43,0.16,73.4
SCOTLAND,2025-02-08 19:00:00,6.3,1.38,22.3
SCOTLAND,2025-02-08 19:30:00,7.29,2.96,67.2
SCOTLAND,2025-02-08 20:00:00,5.97,3.93,49.3
SCOTLAND,2025-02-08 20:30:00,6.19,5.15,55.0
SCOTLAND,2025-02-08 21:00:00,5.82,5.22,72.1
SCOTLAND,2025-02-08 21:30:00,4.85,3.94,50.6
SCOTLAND,2025-02-08 22:00:00,6.03,6.87,66.5
SCOTLAND,2025-02-08 22:30:00,8.61,4.44,57.0
SCOTLAND,2025-02-08 23:00:00,5.68,4.29,65.8
SCOTLAND,2025-02-08 23:30:00,4.51,3.53,47.0
SCOTLAND,2025-02-09 00:00:00,6.59,0.15,62.8
SCOTLAND,2025-02-09 00:30:00,3.53,4.86,52.8
SCOTLAND,2025-02-09 01:00:00,2.69,5.88,14.7
SCOTLAND,2025-02-09 01:30:00,4.83,5.38,84.8
SCOTLAND,2025-02-09 02:00:00,2.42,2.97,79.5
SCOTLAND,2025-02-09 02:30:00,5.73,6.56,106.1
SCOTLAND,2025-02-09 03:00:00,3.22,4.74,53.8
SCOTLAND,2025-02-09 03:30:00,1.46,3.82,24.1
SCOTLAND,2025-02-09 04:00:00,2.73,1.06,67.9
SCOTLAND,2025-02-09 04:30:00,2.42,0.43,75.6
SCOTLAND,2025-02-09 05:00:00,2.21,3.14,42.4
SCOTLAND,2025-02-09 05:30:00,4.31,4.54,49.0
SCOTLAND,2025-02-09 06:00:00,0.32,9.02,95.6
SCOTLAND,2025-02-09 06:30:00,4.35,2.59,51.0
SCOTLAND,2025-02-09 07:00:00,2.9,2.21,42.2
SCOTLAND,2025-02-09 07:30:00,4.17,3.89,39.8
SCOTLAND,2025-02-09 08:00:00,3.49,2.85,24.4
SCOTLAND,2025-02-09 08:30:00,0.99,2.97,64.0
SCOTLAND,2025-02-09 09:00:00,2.62,6.46,55.7
SCOTLAND,2025-02-09 09:30:00,1.86,6.49,77.6
SCOTLAND,2025-02-09 10:00:00,2.36,4.58,51.4
SCOTLAND,2025-02-09 10:30:00,1.22,8.39,50.2
SCOTLAND,2025-02-09 11:00:00,3.29,0.97,73.3
SCOTLAND,2025-02-09 11:30:00,1.49,7.36,92.4
SCOTLAND,2025-02-09 12:00:00,4.03,4.23,56.6
SCOTLAND,2025-02-09 12:30:00,3.29,4.82,61.6
SCOTLAND,2025-02-09 13:00:00,5.01,2.16,87.5
SCOTLAND,2025-02-09 13:30:00,3.33,2.51,66.5
SCOTLAND,2025-02-09 14:00:00,4.86,0.53,51.3
SCOTLAND,2025-02-09 14:30:00,1.74,2.65,48.6
SCOTLAND,2025-02-09 15:00:00,5.22,2.42,50.1
SCOTLAND,2025-02-09 15:30:00,6.43,8.13,43.4
SCOTLAND,2025-02-09 16:00:00,6.57,4.78,28.7
SCOTLAND,2025-02-09 16:30:00,4.4,0.0,65.8
SCOTLAND,2025-02-09 17:00:00,4.47,4.27,106.3
SCOTLAND,2025-02-09 17:30:00,7.68,2.47,41.8
SCOTLAND,2025-02-09 18:00:00,7.63,1.99,77.8
SCOTLAND,2025-02-09 18:30:00,9.37,5.35,81.3
SCOTLAND,2025-02-09 19:00:00,7.56,2.89,65.2
SCOTLAND,2025-02-09 19:30:00,5.13,6.58,40.5
SCOTLAND,2025-02-09 20:00:00,7.19,6.26,51.2
SCOTLAND,2025-02-09 20:30:00,5.48,3.66,43.9
SCOTLAND,2025-02-09 21:00:00,6.47,2.17,44.8
SCOTLAND,2025-02-09 21:30:00,6.94,5.24,54.7
SCOTLAND,2025-02-09 22:00:00,4.11,6.34,51.9
SCOTLAND,2025-02-09 22:30:00,8.56,3.74,62.4
SCOTLAND,2025-02-09 23:00:00,5.25,4.49,122.6
SCOTLAND,2025-02-09 23:30:00,5.35,6.55,61.6
SCOTLAND,2025-02-10 00:00:00,6.82,0.14,95.0
SCOTLAND,2025-02-10 00:30:00,5.82,3.46,76.3
SCOTLAND,2025-02-10 01:00:00,5.11,1.7,16.4
SCOTLAND,2025-02-10 01:30:00,7.12,3.55,49.0
SCOTLAND,2025-02-10 02:00:00,3.77,6.93,51.2
SCOTLAND,2025-02-10 02:30:00,5.19,3.33,37.4
SCOTLAND,2025-02-10 03:00:00,4.98,6.21,47.8
SCOTLAND,2025-02-10 03:30:00,3.85,4.19,68.0
SCOTLAND,2025-02-10 04:00:00,5.78,3.35,54.1
SCOTLAND,2025-02-10 04:30:00,3.2,2.12,29.0
SCOTLAND,2025-02-10 05:00:00,3.16,5.05,60.0
SCOTLAND,2025-02-10 05:30:00,2.93,2.2,64.5
SCOTLAND,2025-02-10 06:00:00,2.89,4.95,65.8
SCOTLAND,2025-02-10 06:30:00,3.16,6.64,70.3
SCOTLAND,2025-02-10 07:00:00,3.06,0.51,79.0
SCOTLAND,2025-02-10 07:30:00,2.13,4.16,37.1
SCOTLAND,2025-02-10 08:00:00,4.92,0.0,86.8
SCOTLAND,2025-02-10 08:30:00,2.92,0.19,96.7
SCOTLAND,2025-02-10 09:00:00,3.1,0.0,52.4
SCOTLAND,2025-02-10 09:30:00,3.12,7.43,52.6
SCOTLAND,2025-02-10 10:00:00,-0.49,6.92,69.0
SCOTLAND,2025-02-10 10:30:00,0.0,4.69,68.1
SCOTLAND,2025-02-10 11:00:00,2.61,2.35,49.0
SCOTLAND,2025-02-10 11:30:00,2.61,4.71,74.2
SCOTLAND,2025-02-10 12:00:00,0.84,4.51,68.8
SCOTLAND,2025-02-10 12:30:00,3.62,3.19,85.6
SCOTLAND,2025-02-10 13:00:00,5.51,3.27,58.5
SCOTLAND,2025-02-10 13:30:00,4.82,6.57,45.3
SCOTLAND,2025-02-10 14:00:00,3.16,4.55,39.8
SCOTLAND,2025-02-10 14:30:00,2.08,2.36,67.5
SCOTLAND,2025-02-10 15:00:00,6.8,2.58,57.8
SCOTLAND,2025-02-10 15:30:00,5.12,2.7,46.9
SCOTLAND,2025-02-10 16:00:00,5.82,1.61,46.2
SCOTLAND,2025-02-10 16:30:00,5.17,4.64,32.7
SCOTLAND,2025-02-10 17:00:00,5.67,1.42,47.7
SCOTLAND,2025-02-10 17:30:00,6.78,3.85,90.0
SCOTLAND,2025-02-10 18:00:00,6.06,5.94,74.3
SCOTLAND,2025-02-10 18:30:00,6.13,1.37,58.1
SCOTLAND,2025-02-10 19:00:00,5.71,2.86,62.8
SCOTLAND,2025-02-10 19:30:00,4.61,2.25,41.8
SCOTLAND,2025-02-10 20:00:00,6.11,2.46,47.4
SCOTLAND,2025-02-10 20:30:00,6.58,3.11,60.1
SCOTLAND,2025-02-10 21:00:00,5.01,2.34,96.7
SCOTLAND,2025-02-10 21:30:00,5.51,0.0,66.2
SCOTLAND,2025-02-10 22:00:00,5.3,4.49,58.4
SCOTLAND,2025-02-10 22:30:00,6.81,3.8,55.9
SCOTLAND,2025-02-10 23:00:00,7.21,0.0,36.1
SCOTLAND,2025-02-10 23:30:00,4.84,0.61,51.4
SCOTLAND,2025-02-11 00:00:00,4.79,5.95,58.4
SCOTLAND,2025-02-11 00:30:00,5.22,3.24,41.1
SCOTLAND,2025-02-11 01:00:00,6.07,6.42,38.2
SCOTLAND,2025-02-11 01:30:00,6.94,2.66,46.5
SCOTLAND,2025-02-11 02:00:00,5.05,5.12,58.7
SCOTLAND,2025-02-11 02:30:00,4.06,6.34,48.8
SCOTLAND,2025-02-11 03:00:00,3.88,7.39,35.9
SCOTLAND,2025-02-11 03:30:00,3.41,6.05,69.5
SCOTLAND,2025-02-11 04:00:00,4.55,1.35,65.8
SCOTLAND,2025-02-11 04:30:00,3.14,8.54,74.6
SCOTLAND,2025-02-11 05:00:00,3.04,4.57,61.0
SCOTLAND,2025-02-11 05:30:00,3.9,2.29,84.6
SCOTLAND,2025-02-11 06:00:00,1.16,4.41,45.2
SCOTLAND,2025-02-11 06:30:00,2.8,5.98,29.2
SCOTLAND,2025-02-11 07:00:00,2.34,1.12,55.0
SCOTLAND,2025-02-11 07:30:00,0.82,4.32,52.3
SCOTLAND,2025-02-11 08:00:00,3.38,6.46,60.2
SCOTLAND,2025-02-11 08:30:00,3.55,6.76,43.4
SCOTLAND,2025-02-11 09:00:00,4.27,3.93,42.4
SCOTLAND,2025-02-11 09:30:00,2.91,3.86,34.7
SCOTLAND,2025-02-11 10:00:00,1.43,7.27,65.0
SCOTLAND,2025-02-11 10:30:00,4.53,3.17,45.6
SCOTLAND,2025-02-11 11:00:00,1.04,5.94,67.4
SCOTLAND,2025-02-11 11:30:00,2.58,2.41,80.3
SCOTLAND,2025-02-11 12:00:00,3.27,3.67,49.2
SCOTLAND,2025-02-11 12:30:00,2.99,5.1,34.5
SCOTLAND,2025-02-11 13:00:00,4.06,5.91,58.5
SCOTLAND,2025-02-11 13:30:00,5.23,6.68,76.3
SCOTLAND,2025-02-11 14:00:00,3.83,3.93,66.2
SCOTLAND,2025-02-11 14:30:00,3.92,2.99,49.9
SCOTLAND,2025-02-11 15:00:00,8.05,3.46,79.2
SCOTLAND,2025-02-11 15:30:00,3.95,7.4,53.2
SCOTLAND,2025-02-11 16:00:00,5.54,0.33,80.1
SCOTLAND,2025-02-11 16:30:00,7.08,1.63,81.1
SCOTLAND,2025-02-11 17:00:00,4.29,5.26,54.8
SCOTLAND,2025-02-11 17:30:00,7.5,4.5,76.8
SCOTLAND,2025-02-11 18:00:00,7.7,3.42,59.5
SCOTLAND,2025-02-11 18:30:00,4.88,3.4,94.7
SCOTLAND,2025-02-11 19:00:00,7.32,1.91,89.4
SCOTLAND,2025-02-11 19:30:00,6.88,5.66,68.8
SCOTLAND,2025-02-11 20:00:00,6.98,0.0,79.9
SCOTLAND,2025-02-11 20:30:00,3.77,6.03,61.8
SCOTLAND,2025-02-11 21:00:00,7.41,4.32,78.8
SCOTLAND,2025-02-11 21:30:00,6.43,4.56,67.3
SCOTLAND,2025-02-11 22:00:00,8.47,5.2,36.3
SCOTLAND,2025-02-11 22:30:00,5.53,5.2,82.7
SCOTLAND,2025-02-11 23:00:00,5.03,8.48,63.2
SCOTLAND,2025-02-11 23:30:00,6.4,1.49,80.1
SCOTLAND,2025-02-12 00:00:00,5.01,2.51,54.3
SCOTLAND,2025-02-12 00:30:00,7.2,4.93,44.0
SCOTLAND,2025-02-12 01:00:00,4.42,6.82,55.7
SCOTLAND,2025-02-12 01:30:00,5.73,5.61,0.0
SCOTLAND,2025-02-12 02:00:00,6.06,2.3,53.5
SCOTLAND,2025-02-12 02:30:00,6.39,6.89,68.9
SCOTLAND,2025-02-12 03:00:00,4.9,5.96,85.7
SCOTLAND,2025-02-12 03:30:00,5.89,4.22,46.7
SCOTLAND,2025-02-12 04:00:00,3.24,4.25,59.0
SCOTLAND,2025-02-12 04:30:00,2.33,4.87,31.8
SCOTLAND,2025-02-12 05:00:00,3.23,4.3,62.1
SCOTLAND,2025-02-12 05:30:00,4.15,5.44,100.0
SCOTLAND,2025-02-12 06:00:00,2.19,4.56,63.9
SCOTLAND,2025-02-12 06:30:00,3.01,1.47,38.7
SCOTLAND,2025-02-12 07:00:00,2.62,0.85,54.0
SCOTLAND,2025-02-12 07:30:00,1.83,3.4,80.4
SCOTLAND,2025-02-12 08:00:00,1.25,5.74,49.7
SCOTLAND,2025-02-12 08:30:00,2.01,4.93,55.1
SCOTLAND,2025-02-12 09:00:00,1.54,3.26,28.0
SCOTLAND,2025-02-12 09:30:00,3.07,0.0,76.0
SCOTLAND,2025-02-12 10:00:00,3.55,7.2,99.3
SCOTLAND,2025-02-12 10:30:00,3.93,2.75,99.1
SCOTLAND,2025-02-12 11:00:00,1.7,0.19,93.3
SCOTLAND,2025-02-12 11:30:00,3.85,0.25,35.6
SCOTLAND,2025-02-12 12:00:00,4.2,2.26,46.9
SCOTLAND,2025-02-12 12:30:00,5.9,8.3,62.6
SCOTLAND,2025-02-12 13:00:00,3.84,5.8,49.9
SCOTLAND,2025-02-12 13:30:00,1.35,0.0,58.7
SCOTLAND,2025-02-12 14:00:00,5.6,4.03,74.6
SCOTLAND,2025-02-12 14:30:00,5.63,6.77,63.4
SCOTLAND,2025-02-12 15:00:00,5.39,3.93,55.3
SCOTLAND,2025-02-12 15:30:00,3.17,6.34,53.1
SCOTLAND,2025-02-12 16:00:00,5.01,2.92,35.9
SCOTLAND,2025-02-12 16:30:00,5.44,5.03,47.3
SCOTLAND,2025-02-12 17:00:00,7.2,3.26,32.4
SCOTLAND,2025-02-12 17:30:00,7.61,4.4,75.5
SCOTLAND,2025-02-12 18:00:00,7.34,2.11,50.6
SCOTLAND,2025-02-12 18:30:00,7.52,7.67,61.1
SCOTLAND,2025-02-12 19:00:00,5.72,7.36,48.7
SCOTLAND,2025-02-12 19:30:00,6.87,3.14,64.8
SCOTLAND,2025-02-12 20:00:00,5.41,3.25,48.7
SCOTLAND,2025-02-12 20:30:00,7.34,4.33,75.8
SCOTLAND,2025-02-12 21:00:00,5.48,3.58,71.3
SCOTLAND,2025-02-12 21:30:00,7.5,1.11,65.7
SCOTLAND,2025-02-12 22:00:00,5.3,5.82,93.5
SCOTLAND,2025-02-12 22:30:00,3.14,2.69,64.7
SCOTLAND,2025-02-12 23:00:00,5.95,5.88,61.4
SCOTLAND,2025-02-12 23:30:00,5.32,1.96,38.6
SCOTLAND,2025-02-13 00:00:00,4.71,2.87,66.9
SCOTLAND,2025-02-13 00:30:00,5.42,2.7,41.8
SCOTLAND,2025-02-13 01:00:00,4.28,2.87,46.5
SCOTLAND,2025-02-13 01:30:00,5.93,6.74,38.8
SCOTLAND,2025-02-13 02:00:00,5.95,5.39,63.2
SCOTLAND,2025-02-13 02:30:00,6.44,3.66,67.2
SCOTLAND,2025-02-13 03:00:00,4.24,4.1,68.3
SCOTLAND,2025-02-13 03:30:00,4.14,4.93,47.9
SCOTLAND,2025-02-13 04:00:00,2.84,2.65,53.4
SCOTLAND,2025-02-13 04:30:00,4.82,3.08,71.7
SCOTLAND,2025-02-13 05:00:00,3.51,3.12,83.6
SCOTLAND,2025-02-13 05:30:00,4.08,4.0,58.5
SCOTLAND,2025-02-13 06:00:00,2.99,0.94,45.2
SCOTLAND,2025-02-13 06:30:00,3.43,0.83,46.5
SCOTLAND,2025-02-13 07:00:00,2.2,9.81,72.1
SCOTLAND,2025-02-13 07:30:00,3.99,2.39,66.5
SCOTLAND,2025-02-13 08:00:00,0.49,3.34,69.1
SCOTLAND,2025-02-13 08:30:00,0.9,4.79,68.6
SCOTLAND,2025-02-13 09:00:00,1.95,2.33,47.1
SCOTLAND,2025-02-13 09:30:00,2.26,3.37,69.2
SCOTLAND,2025-02-13 10:00:00,2.23,7.2,88.7
SCOTLAND,2025-02-13 10:30:00,3.16,3.31,50.4
SCOTLAND,2025-02-13 11:00:00,3.57,4.98,56.4
SCOTLAND,2025-02-13 11:30:00,2.72,4.71,61.2
SCOTLAND,2025-02-13 12:00:00,2.92,4.23,49.1
SCOTLAND,2025-02-13 12:30:00,2.7,3.99,49.7
SCOTLAND,2025-02-13 13:00:00,3.21,6.09,52.9
SCOTLAND,2025-02-13 13:30:00,6.3,5.25,45.2
SCOTLAND,2025-02-13 14:00:00,6.0,2.57,95.5
SCOTLAND,2025-02-13 14:30:00,4.88,5.09,60.6
SCOTLAND,2025-02-13 15:00:00,5.44,3.54,43.3
SCOTLAND,2025-02-13 15:30:00,5.53,6.05,38.6
SCOTLAND,2025-02-13 16:00:00,7.45,5.2,52.1
SCOTLAND,2025-02-13 16:30:00,5.06,7.73,76.9
SCOTLAND,2025-02-13 17:00:00,7.39,3.5,70.0
SCOTLAND,2025-02-13 17:30:00,6.44,3.65,62.0
SCOTLAND,2025-02-13 18:00:00,7.67,7.2,55.5
SCOTLAND,2025-02-13 18:30:00,4.76,7.29,89.8
SCOTLAND,2025-02-13 19:00:00,7.02,7.59,65.9
SCOTLAND,2025-02-13 19:30:00,5.45,1.38,36.2
SCOTLAND,2025-02-13 20:00:00,6.61,3.07,49.6
SCOTLAND,2025-02-13 20:30:00,6.48,5.72,50.2
SCOTLAND,2025-02-13 21:00:00,5.68,3.04,76.6
SCOTLAND,2025-02-13 21:30:00,6.45,4.56,88.0
SCOTLAND,2025-02-13 22:00:00,9.75,5.28,69.7
SCOTLAND,2025-02-13 22:30:00,4.92,4.74,61.1
SCOTLAND,2025-02-13 23:00:00,7.09,3.22,63.6
SCOTLAND,2025-02-13 23:30:00,6.75,7.8,88.1
SCOTLAND,2025-02-14 00:00:00,7.19,5.45,52.2
SCOTLAND,2025-02-14 00:30:00,6.54,2.46,56.3
SCOTLAND,2025-02-14 01:00:00,7.32,5.08,64.1
SCOTLAND,2025-02-14 01:30:00,5.61,3.81,21.2
SCOTLAND,2025-02-14 02:00:00,3.15,5.23,43.4
SCOTLAND,2025-02-14 02:30:00,4.54,1.55,47.1
SCOTLAND,2025-02-14 03:00:00,4.15,5.85,80.2
SCOTLAND,2025-02-14 03:30:00,3.27,4.61,34.3
SCOTLAND,2025-02-14 04:00:00,3.74,5.91,58.8
SCOTLAND,2025-02-14 04:30:00,5.25,5.67,64.3
SCOTLAND,2025-02-14 05:00:00,2.95,2.93,33.8
SCOTLAND,2025-02-14 05:30:00,1.7,5.99,87.2
SCOTLAND,2025-02-14 06:00:00,1.64,4.14,31.7
SCOTLAND,2025-02-14 06:30:00,1.76,4.52,50.7
SCOTLAND,2025-02-14 07:00:00,0.44,7.44,59.1
SCOTLAND,2025-02-14 07:30:00,1.41,4.26,58.5
SCOTLAND,2025-02-14 08:00:00,3.17,3.32,65.7
SCOTLAND,2025-02-14 08:30:00,3.8,1.36,47.5
SCOTLAND,2025-02-14 09:00:00,3.74,2.9,58.5
SCOTLAND,2025-02-14 09:30:00,2.17,3.18,51.1
SCOTLAND,2025-02-14 10:00:00,1.43,4.92,79.1
SCOTLAND,2025-02-14 10:30:00,2.72,5.9,51.2
SCOTLAND,2025-02-14 11:00:00,2.59,4.82,67.7
SCOTLAND,2025-02-14 11:30:00,3.12,5.35,36.8
SCOTLAND,2025-02-14 12:00:00,3.3,5.93,77.3
SCOTLAND,2025-02-14 12:30:00,4.67,6.04,53.3
SCOTLAND,2025-02-14 13:00:00,2.1,3.48,71.4
SCOTLAND,2025-02-14 13:30:00,5.11,2.95,42.6
SCOTLAND,2025-02-14 14:00:00,3.63,2.91,25.9
SCOTLAND,2025-02-14 14:30:00,4.04,4.1,58.2
SCOTLAND,2025-02-14 15:00:00,4.79,2.62,49.7
SCOTLAND,2025-02-14 15:30:00,4.52,5.41,60.0
SCOTLAND,2025-02-14 16:00:00,9.47,3.34,67.9
SCOTLAND,2025-02-14 16:30:00,5.3,3.33,88.1
SCOTLAND,2025-02-14 17:00:00,7.28,0.49,41.6
SCOTLAND,2025-02-14 17:30:00,5.92,2.97,32.9
SCOTLAND,2025-02-14 18:00:00,6.54,0.24,62.3
SCOTLAND,2025-02-14 18:30:00,7.28,5.75,57.4
SCOTLAND,2025-02-14 19:00:00,8.41,4.66,75.2
SCOTLAND,2025-02-14 19:30:00,5.72,7.04,59.9
SCOTLAND,2025-02-14 20:00:00,8.56,6.72,64.6
SCOTLAND,2025-02-14 20:30:00,7.16,3.64,45.3
SCOTLAND,2025-02-14 21:00:00,7.31,5.09,30.9
SCOTLAND,2025-02-14 21:30:00,6.5,5.74,86.4
SCOTLAND,2025-02-14 22:00:00,7.27,0.97,41.0
SCOTLAND,2025-02-14 22:30:00,5.99,6.8,49.1
SCOTLAND,2025-02-14 23:00:00,7.35,2.75,69.6
SCOTLAND,2025-02-14 23:30:00,4.95,3.61,39.6
SCOTLAND,2025-02-15 00:00:00,7.46,2.61,32.2
SCOTLAND,2025-02-15 00:30:00,3.78,3.83,51.8
SCOTLAND,2025-02-15 01:00:00,6.03,3.53,81.0
SCOTLAND,2025-02-15 01:30:00,4.79,6.05,42.9
SCOTLAND,2025-02-15 02:00:00,2.93,2.35,39.7
SCOTLAND,2025-02-15 02:30:00,3.24,4.83,55.2
SCOTLAND,2025-02-15 03:00:00,4.38,5.06,29.7
SCOTLAND,2025-02-15 03:30:00,4.9,1.59,49.6
SCOTLAND,2025-02-15 04:00:00,1.46,5.31,29.6
SCOTLAND,2025-02-15 04:30:00,2.29,1.74,57.7
SCOTLAND,2025-02-15 05:00:00,3.13,5.62,58.1
SCOTLAND,2025-02-15 05:30:00,4.48,4.76,43.0
SCOTLAND,2025-02-15 06:00:00,2.2,7.02,82.1
SCOTLAND,2025-02-15 06:30:00,3.99,5.91,68.4
SCOTLAND,2025-02-15 07:00:00,3.2,4.1,90.6
SCOTLAND,2025-02-15 07:30:00,2.24,4.48,29.3
SCOTLAND,2025-02-15 08:00:00,1.01,7.63,71.1
SCOTLAND,2025-02-15 08:30:00,2.48,4.16,35.6
SCOTLAND,2025-02-15 09:00:00,2.29,1.08,54.7
SCOTLAND,2025-02-15 09:30:00,3.62,4.91,88.6
SCOTLAND,2025-02-15 10:00:00,3.35,0.0,95.1
SCOTLAND,2025-02-15 10:30:00,1.99,4.32,61.8
SCOTLAND,2025-02-15 11:00:00,3.61,4.1,61.2
SCOTLAND,2025-02-15 11:30:00,1.73,9.17,71.7
SCOTLAND,2025-02-15 12:00:00,3.79,7.68,40.7
SCOTLAND,2025-02-15 12:30:00,4.77,2.89,67.2
SCOTLAND,2025-02-15 13:00:00,4.72,0.0,34.2
SCOTLAND,2025-02-15 13:30:00,6.12,3.5,96.0
SCOTLAND,2025-02-15 14:00:00,6.3,3.56,54.4
SCOTLAND,2025-02-15 14:30:00,6.71,8.21,54.8
SCOTLAND,2025-02-15 15:00:00,7.09,6.06,81.6
SCOTLAND,2025-02-15 15:30:00,5.37,2.66,41.0
SCOTLAND,2025-02-15 16:00:00,4.17,7.82,60.2
SCOTLAND,2025-02-15 16:30:00,4.36,6.0,51.4
SCOTLAND,2025-02-15 17:00:00,5.36,8.14,36.0
SCOTLAND,2025-02-15 17:30:00,6.43,2.82,46.5
SCOTLAND,2025-02-15 18:00:00,4.71,4.12,44.3
SCOTLAND,2025-02-15 18:30:00,7.17,3.91,54.4
SCOTLAND,2025-02-15 19:00:00,5.62,6.86,73.2
SCOTLAND,2025-02-15 19:30:00,5.85,1.28,26.0
SCOTLAND,2025-02-15 20:00:00,8.1,5.82,78.8
SCOTLAND,2025-02-15 20:30:00,6.59,5.61,78.5
SCOTLAND,2025-02-15 21:00:00,6.58,3.28,42.4
SCOTLAND,2025-02-15 21:30:00,7.17,5.12,52.7
SCOTLAND,2025-02-15 22:00:00,6.12,3.57,74.2
SCOTLAND,2025-02-15 22:30:00,4.81,1.79,40.5
SCOTLAND,2025-02-15 23:00:00,5.97,4.63,40.8
SCOTLAND,2025-02-15 23:30:00,7.24,6.93,67.4
SCOTLAND,2025-02-16 00:00:00,7.14,2.17,44.0
SCOTLAND,2025-02-16 00:30:00,6.41,3.92,43.9
SCOTLAND,2025-02-16 01:00:00,7.02,4.6,72.6
SCOTLAND,2025-02-16 01:30:00,4.5,7.36,57.2
SCOTLAND,2025-02-16 02:00:00,6.02,2.83,63.0
SCOTLAND,2025-02-16 02:30:00,5.46,7.99,52.1
SCOTLAND,2025-02-16 03:00:00,4.52,5.18,34.5
SCOTLAND,2025-02-16 03:30:00,1.67,2.01,77.4
SCOTLAND,2025-02-16 04:00:00,5.85,2.15,38.1
SCOTLAND,2025-02-16 04:30:00,5.63,2.87,53.3
SCOTLAND,2025-02-16 05:00:00,5.13,6.59,76.8
SCOTLAND,2025-02-16 05:30:00,1.32,1.48,80.2
SCOTLAND,2025-02-16 06:00:00,3.44,2.44,53.8
SCOTLAND,2025-02-16 06:30:00,4.39,7.06,59.9
SCOTLAND,2025-02-16 07:00:00,2.04,3.45,84.2
SCOTLAND,2025-02-16 07:30:00,4.45,4.39,50.5
SCOTLAND,2025-02-16 08:00:00,4.09,7.25,33.8
SCOTLAND,2025-02-16 08:30:00,2.51,6.31,61.3
SCOTLAND,2025-02-16 09:00:00,2.27,4.37,66.7
SCOTLAND,2025-02-16 09:30:00,1.51,4.18,66.6
SCOTLAND,2025-02-16 10:00:00,2.47,2.44,50.3
SCOTLAND,2025-02-16 10:30:00,1.9,5.7,42.3
SCOTLAND,2025-02-16 11:00:00,3.61,3.25,47.3
SCOTLAND,2025-02-16 11:30:00,5.02,3.74,48.0
SCOTLAND,2025-02-16 12:00:00,2.87,4.68,74.9
SCOTLAND,2025-02-16 12:30:00,5.32,3.66,55.9
SCOTLAND,2025-02-16 13:00:00,4.43,4.33,46.1
SCOTLAND,2025-02-16 13:30:00,6.03,4.04,69.6
SCOTLAND,2025-02-16 14:00:00,5.3,4.81,41.9
SCOTLAND,2025-02-16 14:30:00,4.79,8.56,88.6
SCOTLAND,2025-02-16 15:00:00,5.5,3.27,20.1
SCOTLAND,2025-02-16 15:30:00,4.71,3.84,54.3
SCOTLAND,2025-02-16 16:00:00,5.5,5.24,42.0
SCOTLAND,2025-02-16 16:30:00,6.12,3.78,44.1
SCOTLAND,2025-02-16 17:00:00,8.22,5.5,45.8
SCOTLAND,2025-02-16 17:30:00,6.83,1.22,48.1
SCOTLAND,2025-02-16 18:00:00,8.12,4.7,64.9
SCOTLAND,2025-02-16 18:30:00,7.71,5.22,55.2
SCOTLAND,2025-02-16 19:00:00,7.85,0.62,48.0
SCOTLAND,2025-02-16 19:30:00,6.61,5.1,54.2
SCOTLAND,2025-02-16 20:00:00,4.65,0.15,58.8
SCOTLAND,2025-02-16 20:30:00,6.22,2.18,40.6
SCOTLAND,2025-02-16 21:00:00,6.89,6.6,62.4
SCOTLAND,2025-02-16 21:30:00,8.3,3.25,68.0
SCOTLAND,2025-02-16 22:00:00,8.15,3.68,60.5
SCOTLAND,2025-02-16 22:30:00,6.08,5.19,76.2
SCOTLAND,2025-02-16 23:00:00,6.63,3.54,33.0
SCOTLAND,2025-02-16 23:30:00,6.15,3.62,64.2
SCOTLAND,2025-02-17 00:00:00,5.99,7.14,47.5
SCOTLAND,2025-02-17 00:30:00,3.96,1.71,48.6
SCOTLAND,2025-02-17 01:00:00,6.67,1.41,39.1
SCOTLAND,2025-02-17 01:30:00,5.87,5.7,32.1
SCOTLAND,2025-02-17 02:00:00,2.73,2.43,71.8
SCOTLAND,2025-02-17 02:30:00,5.03,2.5,73.3
SCOTLAND,2025-02-17 03:00:00,4.49,3.78,30.9
SCOTLAND,2025-02-17 03:30:00,3.41,7.91,53.9
SCOTLAND,2025-02-17 04:00:00,2.71,3.24,62.1
SCOTLAND,2025-02-17 04:30:00,4.91,5.24,47.8
SCOTLAND,2025-02-17 05:00:00,4.97,5.63,52.0
SCOTLAND,2025-02-17 05:30:00,3.29,5.2,79.3
SCOTLAND,2025-02-17 06:00:00,1.3,4.14,59.4
SCOTLAND,2025-02-17 06:30:00,2.44,2.85,79.0
SCOTLAND,2025-02-17 07:00:00,3.56,8.21,49.7
SCOTLAND,2025-02-17 07:30:00,3.09,4.62,76.1
SCOTLAND,2025-02-17 08:00:00,4.48,4.19,40.3
SCOTLAND,2025-02-17 08:30:00,2.0,4.29,80.2
SCOTLAND,2025-02-17 09:00:00,1.19,1.66,73.6
SCOTLAND,2025-02-17 09:30:00,1.37,1.75,80.5
SCOTLAND,2025-02-17 10:00:00,2.86,3.4,84.6
SCOTLAND,2025-02-17 10:30:00,1.85,1.47,89.3
SCOTLAND,2025-02-17 11:00:00,3.72,5.36,54.4
SCOTLAND,2025-02-17 11:30:00,3.31,2.59,65.7
SCOTLAND,2025-02-17 12:00:00,4.85,4.39,79.1
SCOTLAND,2025-02-17 12:30:00,4.65,1.9,57.4
SCOTLAND,2025-02-17 13:00:00,3.8,5.51,68.3
SCOTLAND,2025-02-17 13:30:00,4.49,6.03,26.4
SCOTLAND,2025-02-17 14:00:00,4.13,2.96,64.5
SCOTLAND,2025-02-17 14:30:00,5.52,4.0,36.3
SCOTLAND,2025-02-17 15:00:00,5.86,4.26,33.6
SCOTLAND,2025-02-17 15:30:00,5.02,4.75,89.8
SCOTLAND,2025-02-17 16:00:00,4.55,5.58,40.6
SCOTLAND,2025-02-17 16:30:00,4.33,1.58,70.9
SCOTLAND,2025-02-17 17:00:00,6.42,3.37,68.2
SCOTLAND,2025-02-17 17:30:00,6.32,4.22,54.5
SCOTLAND,2025-02-17 18:00:00,5.35,7.38,85.2
SCOTLAND,2025-02-17 18:30:00,8.49,2.92,47.7
SCOTLAND,2025-02-17 19:00:00,6.29,6.15,60.0
SCOTLAND,2025-02-17 19:30:00,6.13,4.73,46.7
SCOTLAND,2025-02-17 20:00:00,5.23,4.26,50.7
SCOTLAND,2025-02-17 20:30:00,6.84,0.0,43.9
SCOTLAND,2025-02-17 21:00:00,6.73,0.97,33.3
SCOTLAND,2025-02-17 21:30:00,6.83,5.4,43.9
SCOTLAND,2025-02-17 22:00:00,6.27,3.52,31.9
SCOTLAND,2025-02-17 22:30:00,8.01,3.63,56.9
SCOTLAND,2025-02-17 23:00:00,6.72,0.88,76.6
SCOTLAND,2025-02-17 23:30:00,7.53,4.28,68.3
SCOTLAND,2025-02-18 00:00:00,5.52,5.73,45.2
SCOTLAND,2025-02-18 00:30:00,5.88,4.05,59.3
SCOTLAND,2025-02-18 01:00:00,6.72,8.38,58.0
SCOTLAND,2025-02-18 01:30:00,6.0,2.4,78.6
SCOTLAND,2025-02-18 02:00:00,4.29,10.29,29.9
SCOTLAND,2025-02-18 02:30:00,7.49,5.98,39.8
SCOTLAND,2025-02-18 03:00:00,7.18,2.14,54.3
SCOTLAND,2025-02-18 03:30:00,2.84,3.71,59.1
SCOTLAND,2025-02-18 04:00:00,4.91,8.88,50.8
SCOTLAND,2025-02-18 04:30:00,0.61,5.3,50.1
SCOTLAND,2025-02-18 05:00:00,5.68,3.93,46.3
SCOTLAND,2025-02-18 05:30:00,2.29,5.25,55.0
SCOTLAND,2025-02-18 06:00:00,4.94,3.58,85.5
SCOTLAND,2025-02-18 06:30:00,1.53,0.52,74.9
SCOTLAND,2025-02-18 07:00:00,2.43,3.47,41.8
SCOTLAND,2025-02-18 07:30:00,1.68,5.27,59.7
SCOTLAND,2025-02-18 08:00:00,1.64,5.58,81.1
SCOTLAND,2025-02-18 08:30:00,2.78,6.01,42.0
SCOTLAND,2025-02-18 09:00:00,3.68,4.32,45.8
SCOTLAND,2025-02-18 09:30:00,5.45,4.47,49.4
SCOTLAND,2025-02-18 10:00:00,3.21,2.26,39.2
SCOTLAND,2025-02-18 10:30:00,2.64,3.24,45.5
SCOTLAND,2025-02-18 11:00:00,5.0,2.47,43.2
SCOTLAND,2025-02-18 11:30:00,2.08,1.44,78.5
SCOTLAND,2025-02-18 12:00:00,4.22,5.38,78.3
SCOTLAND,2025-02-18 12:30:00,3.51,6.94,48.7
SCOTLAND,2025-02-18 13:00:00,3.08,4.75,62.6
SCOTLAND,2025-02-18 13:30:00,4.57,6.03,61.9
SCOTLAND,2025-02-18 14:00:00,5.29,6.72,64.8
SCOTLAND,2025-02-18 14:30:00,5.51,1.16,126.9
SCOTLAND,2025-02-18 15:00:00,3.52,2.92,49.7
SCOTLAND,2025-02-18 15:30:00,7.96,2.8,68.0
SCOTLAND,2025-02-18 16:00:00,5.24,1.92,70.3
SCOTLAND,2025-02-18 16:30:00,5.05,4.42,71.3
SCOTLAND,2025-02-18 17:00:00,8.62,1.48,57.2
SCOTLAND,2025-02-18 17:30:00,6.2,4.0,106.2
SCOTLAND,2025-02-18 18:00:00,6.44,0.0,56.4
SCOTLAND,2025-02-18 18:30:00,6.5,3.52,47.1
SCOTLAND,2025-02-18 19:00:00,5.26,8.32,65.7
SCOTLAND,2025-02-18 19:30:00,6.62,8.26,44.4
SCOTLAND,2025-02-18 20:00:00,7.64,1.5,73.5
SCOTLAND,2025-02-18 20:30:00,5.55,4.94,95.2
SCOTLAND,2025-02-18 21:00:00,6.96,0.0,60.6
SCOTLAND,2025-02-18 21:30:00,7.42,5.8,86.5
SCOTLAND,2025-02-18 22:00:00,8.48,3.74,48.1
SCOTLAND,2025-02-18 22:30:00,5.3,2.92,68.6
SCOTLAND,2025-02-18 23:00:00,4.71,2.15,70.1
SCOTLAND,2025-02-18 23:30:00,5.55,4.74,45.3
SCOTLAND,2025-02-19 00:00:00,6.32,2.46,25.8
SCOTLAND,2025-02-19 00:30:00,7.12,2.61,55.5
SCOTLAND,2025-02-19 01:00:00,4.66,5.09,66.0
SCOTLAND,2025-02-19 01:30:00,6.14,2.9,59.1
SCOTLAND,2025-02-19 02:00:00,5.48,7.09,65.5
SCOTLAND,2025-02-19 02:30:00,3.77,4.54,57.0
SCOTLAND,2025-02-19 03:00:00,2.06,0.31,58.8
SCOTLAND,2025-02-19 03:30:00,4.48,3.41,75.9
SCOTLAND,2025-02-19 04:00:00,2.85,1.23,45.1
SCOTLAND,2025-02-19 04:30:00,3.24,3.88,45.6
SCOTLAND,2025-02-19 05:00:00,0.99,0.0,62.2
SCOTLAND,2025-02-19 05:30:00,2.21,0.0,71.2
SCOTLAND,2025-02-19 06:00:00,5.1,3.81,64.8
SCOTLAND,2025-02-19 06:30:00,3.58,0.0,76.0
SCOTLAND,2025-02-19 07:00:00,4.53,7.67,52.1
SCOTLAND,2025-02-19 07:30:00,1.68,6.72,69.0
SCOTLAND,2025-02-19 08:00:00,4.02,2.71,64.9
SCOTLAND,2025-02-19 08:30:00,1.71,3.99,53.7
SCOTLAND,2025-02-19 09:00:00,5.86,5.1,21.3
SCOTLAND,2025-02-19 09:30:00,3.04,4.74,51.5
SCOTLAND,2025-02-19 10:00:00,1.92,5.32,42.7
SCOTLAND,2025-02-19 10:30:00,3.93,1.91,50.4
SCOTLAND,2025-02-19 11:00:00,4.71,4.98,60.6
SCOTLAND,2025-02-19 11:30:00,3.53,4.18,45.8
SCOTLAND,2025-02-19 12:00:00,2.16,5.14,87.5
SCOTLAND,2025-02-19 12:30:00,4.7,4.51,38.2
SCOTLAND,2025-02-19 13:00:00,5.51,4.96,73.7
SCOTLAND,2025-02-19 13:30:00,5.7,7.17,39.9
SCOTLAND,2025-02-19 14:00:00,3.43,4.3,43.4
SCOTLAND,2025-02-19 14:30:00,3.66,6.44,41.8
SCOTLAND,2025-02-19 15:00:00,5.48,0.74,61.1
SCOTLAND,2025-02-19 15:30:00,6.91,6.43,78.8
SCOTLAND,2025-02-19 16:00:00,5.88,6.22,67.7
SCOTLAND,2025-02-19 16:30:00,5.45,4.76,75.9
SCOTLAND,2025-02-19 17:00:00,4.8,1.88,57.4
SCOTLAND,2025-02-19 17:30:00,4.92,1.53,52.4
SCOTLAND,2025-02-19 18:00:00,7.9,5.95,65.8
SCOTLAND,2025-02-19 18:30:00,6.92,8.17,50.3
SCOTLAND,2025-02-19 19:00:00,7.2,2.82,36.8
SCOTLAND,2025-02-19 19:30:00,8.33,3.39,72.5
SCOTLAND,2025-02-19 20:00:00,6.68,6.49,42.0
SCOTLAND,2025-02-19 20:30:00,8.37,5.79,27.7
SCOTLAND,2025-02-19 21:00:00,6.29,6.04,89.5
SCOTLAND,2025-02-19 21:30:00,7.77,3.21,42.6
SCOTLAND,2025-02-19 22:00:00,7.39,3.15,53.1
SCOTLAND,2025-02-19 22:30:00,6.44,5.76,92.5
SCOTLAND,2025-02-19 23:00:00,7.62,4.02,43.8
SCOTLAND,2025-02-19 23:30:00,7.19,7.33,78.1
SCOTLAND,2025-02-20 00:00:00,6.28,3.02,66.2
SCOTLAND,2025-02-20 00:30:00,7.42,4.46,58.1
SCOTLAND,2025-02-20 01:00:00,4.73,9.18,44.0
SCOTLAND,2025-02-20 01:30:00,4.37,4.33,56.4
SCOTLAND,2025-02-20 02:00:00,6.26,6.11,38.1
SCOTLAND,2025-02-20 02:30:00,4.13,2.25,74.1
SCOTLAND,2025-02-20 03:00:00,5.03,3.26,63.9
SCOTLAND,2025-02-20 03:30:00,3.17,2.51,36.6
SCOTLAND,2025-02-20 04:00:00,4.21,4.28,42.3
SCOTLAND,2025-02-20 04:30:00,4.54,6.11,41.5
SCOTLAND,2025-02-20 05:00:00,3.23,5.03,59.9
SCOTLAND,2025-02-20 05:30:00,1.97,3.12,51.5
SCOTLAND,2025-02-20 06:00:00,3.1,3.74,88.2
SCOTLAND,2025-02-20 06:30:00,3.05,0.56,61.6
SCOTLAND,2025-02-20 07:00:00,5.2,3.67,52.1
SCOTLAND,2025-02-20 07:30:00,2.74,5.17,54.4
SCOTLAND,2025-02-20 08:00:00,1.22,2.66,58.8
SCOTLAND,2025-02-20 08:30:00,3.68,2.83,54.7
SCOTLAND,2025-02-20 09:00:00,3.16,2.45,58.3
SCOTLAND,2025-02-20 09:30:00,3.66,1.63,65.5
SCOTLAND,2025-02-20 10:00:00,1.99,1.86,48.1
SCOTLAND,2025-02-20 10:30:00,4.94,0.57,51.6
SCOTLAND,2025-02-20 11:00:00,3.59,6.33,95.1
SCOTLAND,2025-02-20 11:30:00,3.11,5.08,58.3
SCOTLAND,2025-02-20 12:00:00,3.91,4.55,31.5
SCOTLAND,2025-02-20 12:30:00,3.98,4.9,44.5
SCOTLAND,2025-02-20 13:00:00,5.07,0.54,61.7
SCOTLAND,2025-02-20 13:30:00,6.13,3.56,42.4
SCOTLAND,2025-02-20 14:00:00,3.32,4.78,76.7
SCOTLAND,2025-02-20 14:30:00,4.97,3.07,25.2
SCOTLAND,2025-02-20 15:00:00,5.7,2.62,48.6
SCOTLAND,2025-02-20 15:30:00,7.49,0.4,30.0
SCOTLAND,2025-02-20 16:00:00,6.31,3.23,50.7
SCOTLAND,2025-02-20 16:30:00,6.36,4.51,42.5
SCOTLAND,2025-02-20 17:00:00,5.74,4.1,63.0
SCOTLAND,2025-02-20 17:30:00,7.03,2.83,66.2
SCOTLAND,2025-02-20 18:00:00,7.91,4.09,58.1
SCOTLAND,2025-02-20 18:30:00,6.48,2.77,43.1
SCOTLAND,2025-02-20 19:00:00,6.61,4.9,44.0
SCOTLAND,2025-02-20 19:30:00,6.88,3.62,92.0
SCOTLAND,2025-02-20 20:00:00,7.9,5.41,76.6
SCOTLAND,2025-02-20 20:30:00,6.38,6.75,62.9
SCOTLAND,2025-02-20 21:00:00,6.91,1.57,52.8
SCOTLAND,2025-02-20 21:30:00,4.85,3.5,49.6
SCOTLAND,2025-02-20 22:00:00,6.29,1.23,72.7
SCOTLAND,2025-02-20 22:30:00,7.48,7.38,89.9
SCOTLAND,2025-02-20 23:00:00,6.64,6.05,64.7
SCOTLAND,2025-02-20 23:30:00,5.94,3.44,71.5
SCOTLAND,2025-02-21 00:00:00,11.0,6.33,64.4
SCOTLAND,2025-02-21 00:30:00,6.67,4.95,58.4
SCOTLAND,2025-02-21 01:00:00,6.52,3.69,41.8
SCOTLAND,2025-02-21 01:30:00,6.19,5.23,57.4
SCOTLAND,2025-02-21 02:00:00,5.47,5.92,59.1
SCOTLAND,2025-02-21 02:30:00,4.56,2.58,55.4
SCOTLAND,2025-02-21 03:00:00,6.42,3.6,66.5
SCOTLAND,2025-02-21 03:30:00,4.19,3.18,44.2
SCOTLAND,2025-02-21 04:00:00,4.21,2.97,82.9
SCOTLAND,2025-02-21 04:30:00,3.96,3.91,56.8
SCOTLAND,2025-02-21 05:00:00,4.12,6.98,41.3
SCOTLAND,2025-02-21 05:30:00,4.01,0.86,82.0
SCOTLAND,2025-02-21 06:00:00,3.23,1.01,37.0
SCOTLAND,2025-02-21 06:30:00,4.34,0.67,65.0
SCOTLAND,2025-02-21 07:00:00,2.65,3.61,47.9
SCOTLAND,2025-02-21 07:30:00,2.02,3.03,70.3
SCOTLAND,2025-02-21 08:00:00,2.74,4.84,55.6
SCOTLAND,2025-02-21 08:30:00,3.83,4.83,50.3
SCOTLAND,2025-02-21 09:00:00,2.02,5.91,45.4
SCOTLAND,2025-02-21 09:30:00,3.76,4.06,51.7
SCOTLAND,2025-02-21 10:00:00,3.88,6.74,71.3
SCOTLAND,2025-02-21 10:30:00,3.52,7.24,29.9
SCOTLAND,2025-02-21 11:00:00,2.34,3.07,85.5
SCOTLAND,2025-02-21 11:30:00,4.81,0.57,52.1
SCOTLAND,2025-02-21 12:00:00,2.51,3.92,76.2
SCOTLAND,2025-02-21 12:30:00,5.26,4.54,52.3
SCOTLAND,2025-02-21 13:00:00,4.46,5.37,102.3
SCOTLAND,2025-02-21 13:30:00,3.15,7.18,64.4
SCOTLAND,2025-02-21 14:00:00,6.08,4.37,85.3
SCOTLAND,2025-02-21 14:30:00,5.49,2.7,68.1
SCOTLAND,2025-02-21 15:00:00,6.96,4.0,22.7
SCOTLAND,2025-02-21 15:30:00,5.47,4.2,59.2
SCOTLAND,2025-02-21 16:00:00,5.5,6.65,17.3
SCOTLAND,2025-02-21 16:30:00,6.21,4.22,97.7
SCOTLAND,2025-02-21 17:00:00,6.49,4.89,62.3
SCOTLAND,2025-02-21 17:30:00,6.62,7.53,40.0
SCOTLAND,2025-02-21 18:00:00,6.03,5.51,64.6
SCOTLAND,2025-02-21 18:30:00,6.49,3.86,76.5
SCOTLAND,2025-02-21 19:00:00,7.61,2.57,64.3
SCOTLAND,2025-02-21 19:30:00,6.97,4.94,54.2
SCOTLAND,2025-02-21 20:00:00,5.64,5.34,69.9
SCOTLAND,2025-02-21 20:30:00,8.79,1.37,58.7
SCOTLAND,2025-02-21 21:00:00,6.75,3.21,32.3
SCOTLAND,2025-02-21 21:30:00,5.75,4.54,51.0
SCOTLAND,2025-02-21 22:00:00,5.83,6.86,102.7
SCOTLAND,2025-02-21 22:30:00,6.76,1.0,67.1
SCOTLAND,2025-02-21 23:00:00,4.01,1.3,67.4
SCOTLAND,2025-02-21 23:30:00,4.85,3.41,33.3
SCOTLAND,2025-02-22 00:00:00,6.22,6.25,49.0
SCOTLAND,2025-02-22 00:30:00,6.13,2.37,46.6
SCOTLAND,2025-02-22 01:00:00,4.67,5.57,34.6
SCOTLAND,2025-02-22 01:30:00,5.27,4.82,76.4
SCOTLAND,2025-02-22 02:00:00,5.68,3.85,49.8
SCOTLAND,2025-02-22 02:30:00,6.26,2.27,44.7
SCOTLAND,2025-02-22 03:00:00,6.26,4.72,67.1
SCOTLAND,2025-02-22 03:30:00,5.35,3.81,34.1
SCOTLAND,2025-02-22 04:00:00,4.45,3.96,44.5
SCOTLAND,2025-02-22 04:30:00,2.85,3.91,35.6
SCOTLAND,2025-02-22 05:00:00,3.57,3.47,57.9
SCOTLAND,2025-02-22 05:30:00,4.22,5.24,47.2
SCOTLAND,2025-02-22 06:00:00,4.46,3.56,91.6
SCOTLAND,2025-02-22 06:30:00,2.72,0.78,75.0
SCOTLAND,2025-02-22 07:00:00,3.73,6.4,65.6
SCOTLAND,2025-02-22 07:30:00,6.03,3.62,78.8
SCOTLAND,2025-02-22 08:00:00,2.52,4.98,72.2
SCOTLAND,2025-02-22 08:30:00,4.15,5.55,1.7
SCOTLAND,2025-02-22 09:00:00,3.14,2.85,53.2
SCOTLAND,2025-02-22 09:30:00,2.88,5.95,63.6
SCOTLAND,2025-02-22 10:00:00,2.81,1.06,87.6
SCOTLAND,2025-02-22 10:30:00,2.64,3.74,98.5
SCOTLAND,2025-02-22 11:00:00,2.99,3.45,64.2
SCOTLAND,2025-02-22 11:30:00,1.81,0.56,51.3
SCOTLAND,2025-02-22 12:00:00,3.62,4.27,42.4
SCOTLAND,2025-02-22 12:30:00,4.67,0.0,58.7
SCOTLAND,2025-02-22 13:00:00,5.07,4.66,57.1
SCOTLAND,2025-02-22 13:30:00,3.84,3.62,82.2
SCOTLAND,2025-02-22 14:00:00,4.43,5.96,80.5
SCOTLAND,2025-02-22 14:30:00,3.07,3.74,42.4
SCOTLAND,2025-02-22 15:00:00,3.87,5.58,68.5
SCOTLAND,2025-02-22 15:30:00,5.99,1.83,63.8
SCOTLAND,2025-02-22 16:00:00,4.58,4.15,48.1
SCOTLAND,2025-02-22 16:30:00,7.41,3.27,64.2
SCOTLAND,2025-02-22 17:00:00,6.85,3.85,61.9
SCOTLAND,2025-02-22 17:30:00,6.93,2.21,67.3
SCOTLAND,2025-02-22 18:00:00,7.92,4.79,53.6
SCOTLAND,2025-02-22 18:30:00,7.09,3.27,57.9
SCOTLAND,2025-02-22 19:00:00,5.66,6.76,94.8
SCOTLAND,2025-02-22 19:30:00,6.24,5.57,86.2
SCOTLAND,2025-02-22 20:00:00,6.0,0.0,87.3
SCOTLAND,2025-02-22 20:30:00,7.14,2.96,60.9
SCOTLAND,2025-02-22 21:00:00,6.64,9.92,50.4
SCOTLAND,2025-02-22 21:30:00,7.48,6.58,83.2
SCOTLAND,2025-02-22 22:00:00,8.2,3.15,57.3
SCOTLAND,2025-02-22 22:30:00,4.27,3.85,60.6
SCOTLAND,2025-02-22 23:00:00,7.46,7.59,72.8
SCOTLAND,2025-02-22 23:30:00,7.85,3.97,83.1
SCOTLAND,2025-02-23 00:00:00,6.22,6.28,74.5
SCOTLAND,2025-02-23 00:30:00,6.68,0.92,79.7
SCOTLAND,2025-02-23 01:00:00,6.18,5.41,65.6
SCOTLAND,2025-02-23 01:30:00,6.31,6.6,51.5
SCOTLAND,2025-02-23 02:00:00,5.77,2.45,70.4
SCOTLAND,2025-02-23 02:30:00,5.51,2.74,61.7
SCOTLAND,2025-02-23 03:00:00,5.26,3.24,66.4
SCOTLAND,2025-02-23 03:30:00,5.01,0.16,66.7
SCOTLAND,2025-02-23 04:00:00,3.85,3.17,39.7
SCOTLAND,2025-02-23 04:30:00,4.16,2.95,82.9
SCOTLAND,2025-02-23 05:00:00,1.7,2.07,41.4
SCOTLAND,2025-02-23 05:30:00,4.11,6.35,69.1
SCOTLAND,2025-02-23 06:00:00,2.16,3.14,45.4
SCOTLAND,2025-02-23 06:30:00,4.09,3.1,34.6
SCOTLAND,2025-02-23 07:00:00,3.98,6.53,56.8
SCOTLAND,2025-02-23 07:30:00,3.42,0.99,22.9
SCOTLAND,2025-02-23 08:00:00,0.99,3.91,54.5
SCOTLAND,2025-02-23 08:30:00,3.87,3.6,77.8
SCOTLAND,2025-02-23 09:00:00,4.32,3.36,41.9
SCOTLAND,2025-02-23 09:30:00,0.98,6.87,43.0
SCOTLAND,2025-02-23 10:00:00,1.68,4.26,33.2
SCOTLAND,2025-02-23 10:30:00,3.63,3.33,76.6
SCOTLAND,2025-02-23 11:00:00,4.8,6.21,63.7
SCOTLAND,2025-02-23 11:30:00,2.77,1.93,50.4
SCOTLAND,2025-02-23 12:00:00,6.6,3.5,62.9
SCOTLAND,2025-02-23 12:30:00,6.03,4.51,46.5
SCOTLAND,2025-02-23 13:00:00,5.57,3.14,65.2
SCOTLAND,2025-02-23 13:30:00,5.31,3.01,63.4
SCOTLAND,2025-02-23 14:00:00,7.13,2.75,83.7
SCOTLAND,2025-02-23 14:30:00,4.5,7.6,44.6
SCOTLAND,2025-02-23 15:00:00,5.25,7.02,87.9
SCOTLAND,2025-02-23 15:30:00,6.71,1.84,61.5
SCOTLAND,2025-02-23 16:00:00,6.21,2.29,72.5
SCOTLAND,2025-02-23 16:30:00,5.28,1.42,30.8
SCOTLAND,2025-02-23 17:00:00,8.68,2.98,51.2
SCOTLAND,2025-02-23 17:30:00,5.39,6.74,35.2
SCOTLAND,2025-02-23 18:00:00,5.5,3.36,59.6
SCOTLAND,2025-02-23 18:30:00,7.73,2.65,87.8
SCOTLAND,2025-02-23 19:00:00,6.34,1.98,40.1
SCOTLAND,2025-02-23 19:30:00,6.21,1.66,73.5
SCOTLAND,2025-02-23 20:00:00,6.01,3.73,41.5
SCOTLAND,2025-02-23 20:30:00,5.8,6.21,88.8
SCOTLAND,2025-02-23 21:00:00,8.66,1.06,36.0
SCOTLAND,2025-02-23 21:30:00,9.52,3.49,35.3
SCOTLAND,2025-02-23 22:00:00,8.24,4.13,70.3
SCOTLAND,2025-02-23 22:30:00,4.26,3.35,77.1
SCOTLAND,2025-02-23 23:00:00,5.86,6.47,36.3
SCOTLAND,2025-02-23 23:30:00,6.49,7.29,39.3
SCOTLAND,2025-02-24 00:00:00,6.59,5.17,61.6
SCOTLAND,2025-02-24 00:30:00,5.97,2.25,63.5
SCOTLAND,2025-02-24 01:00:00,5.66,1.13,79.8
SCOTLAND,2025-02-24 01:30:00,4.69,1.18,49.3
SCOTLAND,2025-02-24 02:00:00,4.2,3.48,37.6
SCOTLAND,2025-02-24 02:30:00,5.8,6.76,61.9
SCOTLAND,2025-02-24 03:00:00,3.02,2.17,64.0
SCOTLAND,2025-02-24 03:30:00,2.39,1.53,30.3
SCOTLAND,2025-02-24 04:00:00,4.41,8.32,37.3
SCOTLAND,2025-02-24 04:30:00,5.25,2.87,36.2
SCOTLAND,2025-02-24 05:00:00,5.73,8.32,67.4
SCOTLAND,2025-02-24 05:30:00,4.29,4.12,57.3
SCOTLAND,2025-02-24 06:00:00,3.94,5.35,89.9
SCOTLAND,2025-02-24 06:30:00,2.91,4.25,58.4
SCOTLAND,2025-02-24 07:00:00,4.56,8.8,79.1
SCOTLAND,2025-02-24 07:30:00,4.29,5.82,82.8
SCOTLAND,2025-02-24 08:00:00,6.16,0.63,70.8
SCOTLAND,2025-02-24 08:30:00,0.17,5.9,69.9
SCOTLAND,2025-02-24 09:00:00,2.68,0.0,59.7
SCOTLAND,2025-02-24 09:30:00,3.6,3.87,48.8
SCOTLAND,2025-02-24 10:00:00,2.46,3.9,45.6
SCOTLAND,2025-02-24 10:30:00,4.51,3.84,29.0
SCOTLAND,2025-02-24 11:00:00,4.06,4.83,89.1
SCOTLAND,2025-02-24 11:30:00,4.97,2.2,85.7
SCOTLAND,2025-02-24 12:00:00,2.6,4.06,73.6
SCOTLAND,2025-02-24 12:30:00,6.02,7.78,82.9
SCOTLAND,2025-02-24 13:00:00,4.59,5.16,64.0
SCOTLAND,2025-02-24 13:30:00,3.9,3.77,92.4
SCOTLAND,2025-02-24 14:00:00,6.04,8.12,40.5
SCOTLAND,2025-02-24 14:30:00,4.81,4.83,73.4
SCOTLAND,2025-02-24 15:00:00,5.64,5.6,74.3
SCOTLAND,2025-02-24 15:30:00,4.12,5.51,79.3
SCOTLAND,2025-02-24 16:00:00,6.62,0.32,55.0
SCOTLAND,2025-02-24 16:30:00,6.79,2.27,76.5
SCOTLAND,2025-02-24 17:00:00,7.56,4.27,60.3
SCOTLAND,2025-02-24 17:30:00,6.91,3.99,36.9
SCOTLAND,2025-02-24 18:00:00,6.48,4.14,85.5
SCOTLAND,2025-02-24 18:30:00,7.83,6.94,34.7
SCOTLAND,2025-02-24 19:00:00,6.77,8.15,46.6
SCOTLAND,2025-02-24 19:30:00,6.28,3.46,96.3
SCOTLAND,2025-02-24 20:00:00,6.46,5.11,67.1
SCOTLAND,2025-02-24 20:30:00,4.95,3.97,50.0
SCOTLAND,2025-02-24 21:00:00,8.01,7.48,53.8
SCOTLAND,2025-02-24 21:30:00,6.79,9.04,47.2
SCOTLAND,2025-02-24 22:00:00,5.39,6.76,59.1
SCOTLAND,2025-02-24 22:30:00,7.34,8.46,34.7
SCOTLAND,2025-02-24 23:00:00,6.45,1.53,66.0
SCOTLAND,2025-02-24 23:30:00,6.02,1.65,73.2
SCOTLAND,2025-02-25 00:00:00,6.34,1.5,38.6
SCOTLAND,2025-02-25 00:30:00,6.57,0.66,64.1
SCOTLAND,2025-02-25 01:00:00,7.45,5.33,48.8
SCOTLAND,2025-02-25 01:30:00,6.17,1.5,62.5
SCOTLAND,2025-02-25 02:00:00,4.93,1.92,71.2
SCOTLAND,2025-02-25 02:30:00,2.95,1.63,40.8
SCOTLAND,2025-02-25 03:00:00,4.2,6.6,73.6
SCOTLAND,2025-02-25 03:30:00,4.93,4.12,59.8
SCOTLAND,2025-02-25 04:00:00,5.97,0.37,73.9
SCOTLAND,2025-02-25 04:30:00,3.71,5.01,69.1
SCOTLAND,2025-02-25 05:00:00,4.79,7.17,35.3
SCOTLAND,2025-02-25 05:30:00,5.12,3.87,51.7
SCOTLAND,2025-02-25 06:00:00,6.03,5.4,52.5
SCOTLAND,2025-02-25 06:30:00,4.74,3.91,52.2
SCOTLAND,2025-02-25 07:00:00,2.66,4.61,49.0
SCOTLAND,2025-02-25 07:30:00,3.58,5.77,62.0
SCOTLAND,2025-02-25 08:00:00,5.7,4.03,84.3
SCOTLAND,2025-02-25 08:30:00,4.49,7.05,95.5
SCOTLAND,2025-02-25 09:00:00,1.28,4.53,58.0
SCOTLAND,2025-02-25 09:30:00,3.53,3.21,50.2
SCOTLAND,2025-02-25 10:00:00,2.27,4.19,76.8
SCOTLAND,2025-02-25 10:30:00,3.0,3.34,47.4
SCOTLAND,2025-02-25 11:00:00,2.72,3.53,66.2
SCOTLAND,2025-02-25 11:30:00,5.42,1.62,59.5
SCOTLAND,2025-02-25 12:00:00,5.74,1.64,82.8
SCOTLAND,2025-02-25 12:30:00,3.8,5.42,56.1
SCOTLAND,2025-02-25 13:00:00,5.36,7.22,57.8
SCOTLAND,2025-02-25 13:30:00,6.0,4.55,45.9
SCOTLAND,2025-02-25 14:00:00,5.15,3.58,34.6
SCOTLAND,2025-02-25 14:30:00,5.87,5.32,74.6
SCOTLAND,2025-02-25 15:00:00,7.56,5.91,49.1
SCOTLAND,2025-02-25 15:30:00,5.37,5.68,67.0
SCOTLAND,2025-02-25 16:00:00,6.3,2.25,50.4
SCOTLAND,2025-02-25 16:30:00,7.02,0.1,17.9
SCOTLAND,2025-02-25 17:00:00,7.57,2.93,68.4
SCOTLAND,2025-02-25 17:30:00,8.63,1.97,29.9
SCOTLAND,2025-02-25 18:00:00,6.72,2.63,59.5
SCOTLAND,2025-02-25 18:30:00,7.7,4.65,60.8
SCOTLAND,2025-02-25 19:00:00,8.52,5.34,56.7
SCOTLAND,2025-02-25 19:30:00,8.02,0.91,79.1
SCOTLAND,2025-02-25 20:00:00,7.35,1.6,52.5
SCOTLAND,2025-02-25 20:30:00,8.57,2.46,67.4
SCOTLAND,2025-02-25 21:00:00,8.31,4.05,44.4
SCOTLAND,2025-02-25 21:30:00,7.18,1.18,51.2
SCOTLAND,2025-02-25 22:00:00,5.73,3.91,37.2
SCOTLAND,2025-02-25 22:30:00,7.16,6.27,81.5
SCOTLAND,2025-02-25 23:00:00,5.24,2.67,75.3
SCOTLAND,2025-02-25 23:30:00,7.58,2.77,51.2
SCOTLAND,2025-02-26 00:00:00,6.48,0.33,69.5
SCOTLAND,2025-02-26 00:30:00,7.68,3.22,34.5
SCOTLAND,2025-02-26 01:00:00,7.59,4.44,72.8
SCOTLAND,2025-02-26 01:30:00,4.31,1.37,67.5
SCOTLAND,2025-02-26 02:00:00,6.61,1.74,58.2
SCOTLAND,2025-02-26 02:30:00,3.47,2.6,55.4
SCOTLAND,2025-02-26 03:00:00,5.45,0.0,83.8
SCOTLAND,2025-02-26 03:30:00,4.66,6.59,72.6
SCOTLAND,2025-02-26 04:00:00,5.4,8.04,45.9
SCOTLAND,2025-02-26 04:30:00,4.54,2.02,58.2
SCOTLAND,2025-02-26 05:00:00,4.83,6.25,53.1
SCOTLAND,2025-02-26 05:30:00,2.52,4.15,44.7
SCOTLAND,2025-02-26 06:00:00,2.95,5.34,68.7
SCOTLAND,2025-02-26 06:30:00,4.65,3.33,78.2
SCOTLAND,2025-02-26 07:00:00,3.46,3.43,40.2
SCOTLAND,2025-02-26 07:30:00,0.94,0.87,63.9
SCOTLAND,2025-02-26 08:00:00,2.29,0.71,52.5
SCOTLAND,2025-02-26 08:30:00,3.71,4.83,59.5
SCOTLAND,2025-02-26 09:00:00,3.37,2.92,71.4
SCOTLAND,2025-02-26 09:30:00,3.23,3.85,78.7
SCOTLAND,2025-02-26 10:00:00,4.6,3.63,54.1
SCOTLAND,2025-02-26 10:30:00,3.25,0.0,79.7
SCOTLAND,2025-02-26 11:00:00,3.14,5.71,60.7
SCOTLAND,2025-02-26 11:30:00,5.63,5.06,76.4
SCOTLAND,2025-02-26 12:00:00,3.67,1.43,62.7
SCOTLAND,2025-02-26 12:30:00,2.08,3.06,38.6
SCOTLAND,2025-02-26 13:00:00,3.85,5.19,69.5
SCOTLAND,2025-02-26 13:30:00,4.67,4.64,50.3
SCOTLAND,2025-02-26 14:00:00,8.29,4.6,49.4
SCOTLAND,2025-02-26 14:30:00,6.43,6.48,46.1
SCOTLAND,2025-02-26 15:00:00,4.19,1.56,47.9
SCOTLAND,2025-02-26 15:30:00,5.83,0.74,52.5
SCOTLAND,2025-02-26 16:00:00,6.13,4.65,71.0
SCOTLAND,2025-02-26 16:30:00,6.86,7.58,79.7
SCOTLAND,2025-02-26 17:00:00,7.06,2.06,47.8
SCOTLAND,2025-02-26 17:30:00,5.08,4.31,66.0
SCOTLAND,2025-02-26 18:00:00,8.18,4.53,79.0
SCOTLAND,2025-02-26 18:30:00,8.4,1.94,50.7
SCOTLAND,2025-02-26 19:00:00,7.3,2.59,55.6
SCOTLAND,2025-02-26 19:30:00,7.67,3.75,60.0
SCOTLAND,2025-02-26 20:00:00,6.25,5.01,67.8
SCOTLAND,2025-02-26 20:30:00,6.46,1.41,82.1
SCOTLAND,2025-02-26 21:00:00,9.41,4.47,53.5
SCOTLAND,2025-02-26 21:30:00,8.57,4.94,56.2
SCOTLAND,2025-02-26 22:00:00,8.27,2.38,47.6
SCOTLAND,2025-02-26 22:30:00,7.55,4.23,71.5
SCOTLAND,2025-02-26 23:00:00,8.23,0.9,60.7
SCOTLAND,2025-02-26 23:30:00,9.07,2.81,47.1
SCOTLAND,2025-02-27 00:00:00,3.74,4.2,70.5
SCOTLAND,2025-02-27 00:30:00,7.13,1.93,59.8
SCOTLAND,2025-02-27 01:00:00,6.22,4.1,40.3
SCOTLAND,2025-02-27 01:30:00,6.04,2.37,26.3
SCOTLAND,2025-02-27 02:00:00,6.25,4.28,70.7
SCOTLAND,2025-02-27 02:30:00,4.79,5.25,78.4
SCOTLAND,2025-02-27 03:00:00,7.02,5.63,66.9
SCOTLAND,2025-02-27 03:30:00,3.26,3.79,34.4
SCOTLAND,2025-02-27 04:00:00,3.45,7.91,41.6
SCOTLAND,2025-02-27 04:30:00,1.62,5.63,47.9
SCOTLAND,2025-02-27 05:00:00,4.94,1.66,52.3
SCOTLAND,2025-02-27 05:30:00,5.45,1.36,57.0
SCOTLAND,2025-02-27 06:00:00,4.05,2.56,64.4
SCOTLAND,2025-02-27 06:30:00,3.72,5.07,93.2
SCOTLAND,2025-02-27 07:00:00,6.71,4.93,58.0
SCOTLAND,2025-02-27 07:30:00,4.03,3.54,31.4
SCOTLAND,2025-02-27 08:00:00,3.38,6.16,33.6
SCOTLAND,2025-02-27 08:30:00,2.25,2.84,66.7
SCOTLAND,2025-02-27 09:00:00,6.35,2.38,61.6
SCOTLAND,2025-02-27 09:30:00,3.51,3.4,59.1
SCOTLAND,2025-02-27 10:00:00,3.14,9.49,73.5
SCOTLAND,2025-02-27 10:30:00,3.15,6.37,64.6
SCOTLAND,2025-02-27 11:00:00,4.09,3.64,55.5
SCOTLAND,2025-02-27 11:30:00,2.56,0.65,66.7
SCOTLAND,2025-02-27 12:00:00,2.84,5.75,44.0
SCOTLAND,2025-02-27 12:30:00,3.12,5.55,54.7
SCOTLAND,2025-02-27 13:00:00,5.94,4.07,93.8
SCOTLAND,2025-02-27 13:30:00,5.82,4.82,74.4
SCOTLAND,2025-02-27 14:00:00,5.11,0.71,66.5
SCOTLAND,2025-02-27 14:30:00,7.76,0.0,68.4
SCOTLAND,2025-02-27 15:00:00,4.11,3.95,61.4
SCOTLAND,2025-02-27 15:30:00,6.85,4.42,84.7
SCOTLAND,2025-02-27 16:00:00,7.83,3.61,79.7
SCOTLAND,2025-02-27 16:30:00,6.06,3.03,38.3
SCOTLAND,2025-02-27 17:00:00,8.42,3.4,16.4
SCOTLAND,2025-02-27 17:30:00,7.5,3.13,54.6
SCOTLAND,2025-02-27 18:00:00,6.89,3.33,109.1
SCOTLAND,2025-02-27 18:30:00,9.16,5.4,64.3
SCOTLAND,2025-02-27 19:00:00,8.72,4.49,74.7
SCOTLAND,2025-02-27 19:30:00,8.04,4.26,76.9
SCOTLAND,2025-02-27 20:00:00,6.93,4.12,42.4
SCOTLAND,2025-02-27 20:30:00,6.4,0.0,68.2
SCOTLAND,2025-02-27 21:00:00,8.24,6.17,40.2
SCOTLAND,2025-02-27 21:30:00,7.89,4.0,73.3
SCOTLAND,2025-02-27 22:00:00,6.38,3.33,32.0
SCOTLAND,2025-02-27 22:30:00,6.31,4.01,63.1
SCOTLAND,2025-02-27 23:00:00,4.83,2.98,62.9
SCOTLAND,2025-02-27 23:30:00,8.54,2.31,68.8
SCOTLAND,2025-02-28 00:00:00,5.81,3.11,44.2
SCOTLAND,2025-02-28 00:30:00,5.23,3.05,78.9
SCOTLAND,2025-02-28 01:00:00,5.1,2.18,63.8
SCOTLAND,2025-02-28 01:30:00,6.01,3.86,64.6
SCOTLAND,2025-02-28 02:00:00,4.28,2.2,77.8
SCOTLAND,2025-02-28 02:30:00,5.31,5.19,82.0
SCOTLAND,2025-02-28 03:00:00,5.99,1.26,57.9
SCOTLAND,2025-02-28 03:30:00,6.22,5.05,63.3
SCOTLAND,2025-02-28 04:00:00,2.52,2.77,61.2
SCOTLAND,2025-02-28 04:30:00,2.78,5.59,57.9
SCOTLAND,2025-02-28 05:00:00,1.7,2.87,54.8
SCOTLAND,2025-02-28 05:30:00,3.92,6.84,70.4
SCOTLAND,2025-02-28 06:00:00,2.12,1.02,55.2
SCOTLAND,2025-02-28 06:30:00,3.91,5.98,91.1
SCOTLAND,2025-02-28 07:00:00,5.7,3.12,76.8
SCOTLAND,2025-02-28 07:30:00,4.07,1.82,26.0
SCOTLAND,2025-02-28 08:00:00,3.66,1.01,44.7
SCOTLAND,2025-02-28 08:30:00,2.67,4.44,83.1
SCOTLAND,2025-02-28 09:00:00,3.57,2.92,22.8
SCOTLAND,2025-02-28 09:30:00,4.11,4.06,50.1
SCOTLAND,2025-02-28 10:00:00,5.16,1.62,47.7
SCOTLAND,2025-02-28 10:30:00,3.46,2.88,69.9
SCOTLAND,2025-02-28 11:00:00,4.63,6.1,69.0
SCOTLAND,2025-02-28 11:30:00,3.94,3.32,68.2
SCOTLAND,2025-02-28 12:00:00,4.26,4.09,69.2
SCOTLAND,2025-02-28 12:30:00,4.65,4.62,45.8
SCOTLAND,2025-02-28 13:00:00,6.59,1.79,67.9
SCOTLAND,2025-02-28 13:30:00,4.39,6.16,75.9
SCOTLAND,2025-02-28 14:00:00,5.49,7.11,56.6
SCOTLAND,2025-02-28 14:30:00,6.55,2.55,67.3
SCOTLAND,2025-02-28 15:00:00,4.89,4.04,59.1
SCOTLAND,2025-02-28 15:30:00,7.06,2.66,115.3
SCOTLAND,2025-02-28 16:00:00,4.83,4.47,65.2
SCOTLAND,2025-02-28 16:30:00,7.13,2.97,64.4
SCOTLAND,2025-02-28 17:00:00,6.23,7.75,48.6
SCOTLAND,2025-02-28 17:30:00,6.72,2.67,45.6
SCOTLAND,2025-02-28 18:00:00,5.54,5.34,47.9
SCOTLAND,2025-02-28 18:30:00,6.26,2.07,65.5
SCOTLAND,2025-02-28 19:00:00,7.45,4.05,46.3
SCOTLAND,2025-02-28 19:30:00,7.94,2.68,61.3
SCOTLAND,2025-02-28 20:00:00,7.32,0.62,96.5
SCOTLAND,2025-02-28 20:30:00,8.18,4.36,66.1
SCOTLAND,2025-02-28 21:00:00,9.88,6.27,66.3
SCOTLAND,2025-02-28 21:30:00,6.57,2.9,27.5
SCOTLAND,2025-02-28 22:00:00,6.78,5.32,71.4
SCOTLAND,2025-02-28 22:30:00,7.96,2.97,69.9
SCOTLAND,2025-02-28 23:00:00,7.89,0.0,65.5
SCOTLAND,2025-02-28 23:30:00,9.4,3.42,14.6
SCOTLAND,2025-03-01 00:00:00,5.57,0.37,48.6
SCOTLAND,2025-03-01 00:30:00,5.07,5.86,74.0
SCOTLAND,2025-03-01 01:00:00,6.47,6.45,49.8
SCOTLAND,2025-03-01 01:30:00,6.15,8.39,70.5
SCOTLAND,2025-03-01 02:00:00,6.24,2.46,52.5
SCOTLAND,2025-03-01 02:30:00,4.34,7.36,32.0
SCOTLAND,2025-03-01 03:00:00,6.12,5.16,31.1
SCOTLAND,2025-03-01 03:30:00,6.39,3.48,36.2
SCOTLAND,2025-03-01 04:00:00,4.98,2.36,56.3
SCOTLAND,2025-03-01 04:30:00,3.93,2.24,38.6
SCOTLAND,2025-03-01 05:00:00,5.08,4.65,64.7
SCOTLAND,2025-03-01 05:30:00,3.69,4.1,46.8
SCOTLAND,2025-03-01 06:00:00,2.91,7.42,75.9
SCOTLAND,2025-03-01 06:30:00,3.14,1.01,29.4
SCOTLAND,2025-03-01 07:00:00,2.85,4.22,62.1
SCOTLAND,2025-03-01 07:30:00,3.79,4.67,41.3
SCOTLAND,2025-03-01 08:00:00,5.35,3.61,65.3
SCOTLAND,2025-03-01 08:30:00,2.75,4.62,97.4
SCOTLAND,2025-03-01 09:00:00,2.42,1.77,44.4
SCOTLAND,2025-03-01 09:30:00,3.21,2.96,41.3
SCOTLAND,2025-03-01 10:00:00,3.75,7.12,57.3
SCOTLAND,2025-03-01 10:30:00,3.69,4.69,71.7
SCOTLAND,2025-03-01 11:00:00,5.78,4.48,60.0
SCOTLAND,2025-03-01 11:30:00,2.94,5.48,44.8
SCOTLAND,2025-03-01 12:00:00,3.49,4.39,87.7
SCOTLAND,2025-03-01 12:30:00,5.41,3.92,42.3
SCOTLAND,2025-03-01 13:00:00,6.85,3.89,54.8
SCOTLAND,2025-03-01 13:30:00,5.69,3.1,46.4
SCOTLAND,2025-03-01 14:00:00,4.75,2.68,39.7
SCOTLAND,2025-03-01 14:30:00,4.06,5.94,72.0
SCOTLAND,2025-03-01 15:00:00,5.07,5.78,65.6
SCOTLAND,2025-03-01 15:30:00,5.67,1.55,66.1
SCOTLAND,2025-03-01 16:00:00,8.78,4.03,78.0
SCOTLAND,2025-03-01 16:30:00,6.29,5.84,57.3
SCOTLAND,2025-03-01 17:00:00,4.07,2.56,62.4
SCOTLAND,2025-03-01 17:30:00,8.26,3.69,60.5
SCOTLAND,2025-03-01 18:00:00,6.57,7.12,87.0
SCOTLAND,2025-03-01 18:30:00,6.46,0.97,27.5
SCOTLAND,2025-03-01 19:00:00,8.2,4.27,45.9
SCOTLAND,2025-03-01 19:30:00,7.8,1.54,74.3
SCOTLAND,2025-03-01 20:00:00,7.08,1.84,53.4
SCOTLAND,2025-03-01 20:30:00,7.06,4.73,81.0
SCOTLAND,2025-03-01 21:00:00,8.81,4.32,56.6
SCOTLAND,2025-03-01 21:30:00,6.79,0.46,59.7
SCOTLAND,2025-03-01 22:00:00,6.25,6.44,56.4
SCOTLAND,2025-03-01 22:30:00,8.17,3.03,47.8
SCOTLAND,2025-03-01 23:00:00,7.68,4.56,65.8
SCOTLAND,2025-03-01 23:30:00,6.84,5.58,71.6
SCOTLAND,2025-03-02 00:00:00,3.98,3.49,78.3
SCOTLAND,2025-03-02 00:30:00,5.37,0.62,57.5
SCOTLAND,2025-03-02 01:00:00,6.74,3.08,83.3
SCOTLAND,2025-03-02 01:30:00,8.32,0.15,53.1
SCOTLAND,2025-03-02 02:00:00,2.86,5.32,47.8
SCOTLAND,2025-03-02 02:30:00,5.02,6.3,36.1
SCOTLAND,2025-03-02 03:00:00,3.18,0.0,82.9
SCOTLAND,2025-03-02 03:30:00,6.32,3.41,37.0
SCOTLAND,2025-03-02 04:00:00,5.6,9.51,55.8
SCOTLAND,2025-03-02 04:30:00,3.15,6.48,39.6
SCOTLAND,2025-03-02 05:00:00,3.74,0.0,54.5
SCOTLAND,2025-03-02 05:30:00,2.65,6.52,42.4
SCOTLAND,2025-03-02 06:00:00,4.8,3.79,62.3
SCOTLAND,2025-03-02 06:30:00,4.49,3.89,48.3
SCOTLAND,2025-03-02 07:00:00,2.69,5.02,25.8
SCOTLAND,2025-03-02 07:30:00,5.68,4.26,53.9
SCOTLAND,2025-03-02 08:00:00,3.91,2.81,56.8
SCOTLAND,2025-03-02 08:30:00,2.24,4.75,58.6
SCOTLAND,2025-03-02 09:00:00,3.89,6.97,45.5
SCOTLAND,2025-03-02 09:30:00,3.51,0.7,69.9
SCOTLAND,2025-03-02 10:00:00,3.84,4.03,57.2
SCOTLAND,2025-03-02 10:30:00,3.17,8.99,60.7
SCOTLAND,2025-03-02 11:00:00,4.54,1.72,75.9
SCOTLAND,2025-03-02 11:30:00,4.03,4.89,76.2
SCOTLAND,2025-03-02 12:00:00,4.47,2.65,18.1
SCOTLAND,2025-03-02 12:30:00,4.13,2.64,39.4
SCOTLAND,2025-03-02 13:00:00,6.82,5.97,27.1
SCOTLAND,2025-03-02 13:30:00,5.26,2.37,66.6
SCOTLAND,2025-03-02 14:00:00,4.63,2.92,77.3
SCOTLAND,2025-03-02 14:30:00,6.58,7.02,56.1
SCOTLAND,2025-03-02 15:00:00,4.37,5.84,76.7
SCOTLAND,2025-03-02 15:30:00,6.87,2.51,40.7
SCOTLAND,2025-03-02 16:00:00,7.24,2.23,54.5
SCOTLAND,2025-03-02 16:30:00,10.08,8.26,74.3
SCOTLAND,2025-03-02 17:00:00,6.21,2.56,72.9
SCOTLAND,2025-03-02 17:30:00,8.81,2.98,51.8
SCOTLAND,2025-03-02 18:00:00,7.43,1.22,35.5
SCOTLAND,2025-03-02 18:30:00,5.92,5.09,64.9
SCOTLAND,2025-03-02 19:00:00,8.89,0.53,32.7
SCOTLAND,2025-03-02 19:30:00,8.07,2.26,45.6
SCOTLAND,2025-03-02 20:00:00,8.81,2.89,52.2
SCOTLAND,2025-03-02 20:30:00,7.29,3.62,72.3
SCOTLAND,2025-03-02 21:00:00,6.07,3.62,80.9
SCOTLAND,2025-03-02 21:30:00,10.09,1.29,66.0
SCOTLAND,2025-03-02 22:00:00,7.1,3.8,45.8
SCOTLAND,2025-03-02 22:30:00,8.23,5.41,105.4
SCOTLAND,2025-03-02 23:00:00,5.42,0.5,97.0
SCOTLAND,2025-03-02 23:30:00,6.95,3.09,63.4
SCOTLAND,2025-03-03 00:00:00,4.97,4.75,58.6
SCOTLAND,2025-03-03 00:30:00,7.94,5.71,76.9
SCOTLAND,2025-03-03 01:00:00,6.39,7.21,70.4
SCOTLAND,2025-03-03 01:30:00,5.52,2.38,47.5
SCOTLAND,2025-03-03 02:00:00,6.35,1.34,62.8
SCOTLAND,2025-03-03 02:30:00,4.65,1.49,40.4
SCOTLAND,2025-03-03 03:00:00,5.1,5.53,47.8
SCOTLAND,2025-03-03 03:30:00,2.64,10.31,80.1
SCOTLAND,2025-03-03 04:00:00,5.77,7.26,61.7
SCOTLAND,2025-03-03 04:30:00,4.48,6.71,84.3
SCOTLAND,2025-03-03 05:00:00,4.97,5.76,37.7
SCOTLAND,2025-03-03 05:30:00,3.92,7.41,74.5
SCOTLAND,2025-03-03 06:00:00,2.16,2.94,87.7
SCOTLAND,2025-03-03 06:30:00,4.46,4.36,63.8
SCOTLAND,2025-03-03 07:00:00,3.61,2.95,45.0
SCOTLAND,2025-03-03 07:30:00,4.93,4.48,72.7
SCOTLAND,2025-03-03 08:00:00,4.3,6.82,68.2
SCOTLAND,2025-03-03 08:30:00,4.63,4.33,42.9
SCOTLAND,2025-03-03 09:00:00,3.44,5.18,72.2
SCOTLAND,2025-03-03 09:30:00,5.46,3.08,64.1
SCOTLAND,2025-03-03 10:00:00,3.76,7.25,66.8
SCOTLAND,2025-03-03 10:30:00,4.39,3.93,55.9
SCOTLAND,2025-03-03 11:00:00,2.49,1.48,63.2
SCOTLAND,2025-03-03 11:30:00,4.3,4.37,76.9
SCOTLAND,2025-03-03 12:00:00,4.76,3.3,56.2
SCOTLAND,2025-03-03 12:30:00,4.94,3.24,79.2
SCOTLAND,2025-03-03 13:00:00,5.12,4.5,45.3
SCOTLAND,2025-03-03 13:30:00,6.41,6.88,35.5
SCOTLAND,2025-03-03 14:00:00,6.13,3.78,65.1
SCOTLAND,2025-03-03 14:30:00,6.19,0.0,73.7
SCOTLAND,2025-03-03 15:00:00,7.5,6.45,43.0
SCOTLAND,2025-03-03 15:30:00,6.13,2.92,25.5
SCOTLAND,2025-03-03 16:00:00,5.9,1.83,66.0
SCOTLAND,2025-03-03 16:30:00,4.69,2.04,50.6
SCOTLAND,2025-03-03 17:00:00,7.98,9.56,65.5
SCOTLAND,2025-03-03 17:30:00,5.82,2.64,71.8
SCOTLAND,2025-03-03 18:00:00,5.76,6.19,64.9
SCOTLAND,2025-03-03 18:30:00,7.23,0.63,76.6
SCOTLAND,2025-03-03 19:00:00,6.66,4.31,57.2
SCOTLAND,2025-03-03 19:30:00,5.68,3.54,38.2
SCOTLAND,2025-03-03 20:00:00,6.86,4.87,72.6
SCOTLAND,2025-03-03 20:30:00,7.62,2.23,48.3
SCOTLAND,2025-03-03 21:00:00,6.78,0.0,61.3
SCOTLAND,2025-03-03 21:30:00,5.58,4.15,33.7
SCOTLAND,2025-03-03 22:00:00,5.93,5.34,60.4
SCOTLAND,2025-03-03 22:30:00,5.12,2.88,64.7
SCOTLAND,2025-03-03 23:00:00,6.32,3.31,64.4
SCOTLAND,2025-03-03 23:30:00,7.11,2.02,60.4
SCOTLAND,2025-03-04 00:00:00,6.35,7.45,58.1
SCOTLAND,2025-03-04 00:30:00,6.86,4.52,54.2
SCOTLAND,2025-03-04 01:00:00,5.35,4.92,68.4
SCOTLAND,2025-03-04 01:30:00,8.71,5.48,73.7
SCOTLAND,2025-03-04 02:00:00,6.56,2.62,37.4
SCOTLAND,2025-03-04 02:30:00,4.49,5.38,85.6
SCOTLAND,2025-03-04 03:00:00,6.06,3.67,90.2
SCOTLAND,2025-03-04 03:30:00,4.65,1.7,64.6
SCOTLAND,2025-03-04 04:00:00,6.25,2.31,29.3
SCOTLAND,2025-03-04 04:30:00,4.74,5.54,6.6
SCOTLAND,2025-03-04 05:00:00,5.46,1.27,73.0
SCOTLAND,2025-03-04 05:30:00,1.89,1.05,71.1
SCOTLAND,2025-03-04 06:00:00,5.42,3.98,103.1
SCOTLAND,2025-03-04 06:30:00,2.74,1.93,54.6
SCOTLAND,2025-03-04 07:00:00,3.35,4.57,46.6
SCOTLAND,2025-03-04 07:30:00,4.45,5.09,89.0
SCOTLAND,2025-03-04 08:00:00,3.11,4.67,70.9
SCOTLAND,2025-03-04 08:30:00,3.69,3.58,22.9
SCOTLAND,2025-03-04 09:00:00,3.87,5.19,59.0
SCOTLAND,2025-03-04 09:30:00,2.83,0.64,68.2
SCOTLAND,2025-03-04 10:00:00,4.01,6.78,33.9
SCOTLAND,2025-03-04 10:30:00,3.4,1.36,78.5
SCOTLAND,2025-03-04 11:00:00,5.77,7.85,69.4
SCOTLAND,2025-03-04 11:30:00,5.23,4.87,70.3
SCOTLAND,2025-03-04 12:00:00,4.76,5.24,98.5
SCOTLAND,2025-03-04 12:30:00,4.96,4.05,63.6
SCOTLAND,2025-03-04 13:00:00,5.0,4.49,56.7
SCOTLAND,2025-03-04 13:30:00,6.55,6.09,99.0
SCOTLAND,2025-03-04 14:00:00,5.67,4.58,64.4
SCOTLAND,2025-03-04 14:30:00,5.94,6.26,30.8
SCOTLAND,2025-03-04 15:00:00,6.77,7.99,84.5
SCOTLAND,2025-03-04 15:30:00,7.71,5.68,49.3
SCOTLAND,2025-03-04 16:00:00,5.8,2.52,39.5
SCOTLAND,2025-03-04 16:30:00,7.83,6.94,67.8
SCOTLAND,2025-03-04 17:00:00,8.08,4.59,70.2
SCOTLAND,2025-03-04 17:30:00,4.57,4.63,52.3
SCOTLAND,2025-03-04 18:00:00,7.38,4.45,47.1
SCOTLAND,2025-03-04 18:30:00,6.14,2.51,33.9
SCOTLAND,2025-03-04 19:00:00,6.24,1.96,34.2
SCOTLAND,2025-03-04 19:30:00,8.26,2.2,26.5
SCOTLAND,2025-03-04 20:00:00,7.22,1.77,86.3
SCOTLAND,2025-03-04 20:30:00,7.86,1.06,70.2
SCOTLAND,2025-03-04 21:00:00,7.73,3.52,88.3
SCOTLAND,2025-03-04 21:30:00,6.46,6.07,52.6
SCOTLAND,2025-03-04 22:00:00,7.41,2.5,47.7
SCOTLAND,2025-03-04 22:30:00,6.91,0.2,66.2
SCOTLAND,2025-03-04 23:00:00,7.25,1.0,71.9
SCOTLAND,2025-03-04 23:30:00,8.86,2.67,45.9
SCOTLAND,2025-03-05 00:00:00,8.08,4.81,57.6
SCOTLAND,2025-03-05 00:30:00,7.73,4.55,85.7
SCOTLAND,2025-03-05 01:00:00,6.25,4.85,79.8
SCOTLAND,2025-03-05 01:30:00,3.33,6.27,50.9
SCOTLAND,2025-03-05 02:00:00,6.35,7.33,54.5
SCOTLAND,2025-03-05 02:30:00,5.2,3.89,33.9
SCOTLAND,2025-03-05 03:00:00,7.87,3.91,89.6
SCOTLAND,2025-03-05 03:30:00,4.83,4.07,77.0
SCOTLAND,2025-03-05 04:00:00,3.43,3.79,76.3
SCOTLAND,2025-03-05 04:30:00,4.49,3.03,80.1
SCOTLAND,2025-03-05 05:00:00,6.02,7.12,47.9
SCOTLAND,2025-03-05 05:30:00,3.64,3.06,72.9
SCOTLAND,2025-03-05 06:00:00,2.58,1.72,47.1
SCOTLAND,2025-03-05 06:30:00,2.89,5.77,74.7
SCOTLAND,2025-03-05 07:00:00,3.24,3.61,14.3
SCOTLAND,2025-03-05 07:30:00,3.27,6.49,50.8
SCOTLAND,2025-03-05 08:00:00,2.44,6.75,39.9
SCOTLAND,2025-03-05 08:30:00,5.6,9.78,58.0
SCOTLAND,2025-03-05 09:00:00,5.31,0.66,29.2
SCOTLAND,2025-03-05 09:30:00,2.86,5.64,60.0
SCOTLAND,2025-03-05 10:00:00,3.79,1.42,57.7
SCOTLAND,2025-03-05 10:30:00,3.24,2.16,41.9
SCOTLAND,2025-03-05 11:00:00,4.56,2.56,59.9
SCOTLAND,2025-03-05 11:30:00,2.21,5.01,64.3
SCOTLAND,2025-03-05 12:00:00,4.47,4.32,76.8
SCOTLAND,2025-03-05 12:30:00,3.01,4.13,36.5
SCOTLAND,2025-03-05 13:00:00,5.34,3.48,59.6
SCOTLAND,2025-03-05 13:30:00,6.25,5.64,79.6
SCOTLAND,2025-03-05 14:00:00,5.27,5.41,69.1
SCOTLAND,2025-03-05 14:30:00,5.3,4.23,57.6
SCOTLAND,2025-03-05 15:00:00,7.94,5.62,54.0
SCOTLAND,2025-03-05 15:30:00,5.78,5.92,84.1
SCOTLAND,2025-03-05 16:00:00,7.13,5.32,83.5
SCOTLAND,2025-03-05 16:30:00,6.54,4.17,68.8
SCOTLAND,2025-03-05 17:00:00,6.65,7.4,52.1
SCOTLAND,2025-03-05 17:30:00,7.24,7.83,26.5
SCOTLAND,2025-03-05 18:00:00,7.74,2.68,60.0
SCOTLAND,2025-03-05 18:30:00,6.03,3.26,60.4
SCOTLAND,2025-03-05 19:00:00,7.97,5.79,18.2
SCOTLAND,2025-03-05 19:30:00,7.53,3.65,58.8
SCOTLAND,2025-03-05 20:00:00,7.79,2.34,32.2
SCOTLAND,2025-03-05 20:30:00,8.01,2.01,67.2
SCOTLAND,2025-03-05 21:00:00,6.56,5.39,59.0
SCOTLAND,2025-03-05 21:30:00,7.7,3.51,52.7
SCOTLAND,2025-03-05 22:00:00,7.2,6.36,32.4
SCOTLAND,2025-03-05 22:30:00,6.7,6.11,74.8
SCOTLAND,2025-03-05 23:00:00,8.77,3.88,36.3
SCOTLAND,2025-03-05 23:30:00,5.83,3.4,73.7
SCOTLAND,2025-03-06 00:00:00,6.49,3.34,67.1
SCOTLAND,2025-03-06 00:30:00,6.83,3.12,42.0
SCOTLAND,2025-03-06 01:00:00,7.45,6.1,41.0
SCOTLAND,2025-03-06 01:30:00,5.83,5.33,39.5
SCOTLAND,2025-03-06 02:00:00,6.24,3.35,38.1
SCOTLAND,2025-03-06 02:30:00,7.93,3.32,69.4
SCOTLAND,2025-03-06 03:00:00,3.93,7.1,95.1
SCOTLAND,2025-03-06 03:30:00,3.48,3.67,83.9
SCOTLAND,2025-03-06 04:00:00,4.24,4.82,29.8
SCOTLAND,2025-03-06 04:30:00,3.85,4.61,49.4
SCOTLAND,2025-03-06 05:00:00,3.95,0.97,71.8
SCOTLAND,2025-03-06 05:30:00,2.78,7.08,47.7
SCOTLAND,2025-03-06 06:00:00,5.03,5.4,42.3
SCOTLAND,2025-03-06 06:30:00,3.37,3.09,53.0
SCOTLAND,2025-03-06 07:00:00,2.31,5.07,47.6
SCOTLAND,2025-03-06 07:30:00,3.73,6.01,70.3
SCOTLAND,2025-03-06 08:00:00,3.05,6.08,72.0
SCOTLAND,2025-03-06 08:30:00,2.95,2.97,78.0
SCOTLAND,2025-03-06 09:00:00,4.8,0.99,41.9
SCOTLAND,2025-03-06 09:30:00,4.7,1.65,74.5
SCOTLAND,2025-03-06 10:00:00,6.39,4.75,43.4
SCOTLAND,2025-03-06 10:30:00,4.28,6.07,61.8
SCOTLAND,2025-03-06 11:00:00,4.96,2.4,47.0
SCOTLAND,2025-03-06 11:30:00,5.47,2.58,13.4
SCOTLAND,2025-03-06 12:00:00,4.43,4.63,79.1
SCOTLAND,2025-03-06 12:30:00,6.77,4.17,71.9
SCOTLAND,2025-03-06 13:00:00,5.42,4.71,56.6
SCOTLAND,2025-03-06 13:30:00,5.74,2.54,95.6
SCOTLAND,2025-03-06 14:00:00,2.93,5.14,65.8
SCOTLAND,2025-03-06 14:30:00,6.24,1.63,29.8
SCOTLAND,2025-03-06 15:00:00,7.04,6.68,64.0
SCOTLAND,2025-03-06 15:30:00,7.28,3.08,66.0
SCOTLAND,2025-03-06 16:00:00,8.27,3.37,81.3
SCOTLAND,2025-03-06 16:30:00,4.84,2.77,69.8
SCOTLAND,2025-03-06 17:00:00,9.5,4.03,41.4
SCOTLAND,2025-03-06 17:30:00,9.47,3.75,72.0
SCOTLAND,2025-03-06 18:00:00,7.13,4.28,49.9
SCOTLAND,2025-03-06 18:30:00,10.24,6.38,91.8
SCOTLAND,2025-03-06 19:00:00,6.78,0.35,54.7
SCOTLAND,2025-03-06 19:30:00,10.75,3.36,78.9
SCOTLAND,2025-03-06 20:00:00,6.57,2.34,58.6
SCOTLAND,2025-03-06 20:30:00,10.33,6.2,23.0
SCOTLAND,2025-03-06 21:00:00,8.53,1.7,47.7
SCOTLAND,2025-03-06 21:30:00,8.34,6.8,84.3
SCOTLAND,2025-03-06 22:00:00,7.93,4.69,84.2
SCOTLAND,2025-03-06 22:30:00,5.64,7.65,46.8
SCOTLAND,2025-03-06 23:00:00,7.52,3.01,39.2
SCOTLAND,2025-03-06 23:30:00,7.77,4.47,58.1
SCOTLAND,2025-03-07 00:00:00,6.66,7.05,99.5
SCOTLAND,2025-03-07 00:30:00,8.35,4.55,30.5
SCOTLAND,2025-03-07 01:00:00,7.12,5.34,73.9
SCOTLAND,2025-03-07 01:30:00,5.0,5.7,88.1
SCOTLAND,2025-03-07 02:00:00,4.67,5.37,45.4
SCOTLAND,2025-03-07 02:30:00,5.72,2.1,53.7
SCOTLAND,2025-03-07 03:00:00,4.92,4.82,76.0
SCOTLAND,2025-03-07 03:30:00,4.225,2.7,66.5
SCOTLAND,2025-03-07 04:00:00,3.53,3.78,60.8
SCOTLAND,2025-03-07 04:30:00,3.74,5.12,57.2
SCOTLAND,2025-03-07 05:00:00,4.62,6.45,52.3
SCOTLAND,2025-03-07 05:30:00,5.45,6.89,84.9
SCOTLAND,2025-03-07 06:00:00,3.89,2.05,47.2
SCOTLAND,2025-03-07 06:30:00,2.21,5.37,73.5
SCOTLAND,2025-03-07 07:00:00,4.06,1.25,53.4
SCOTLAND,2025-03-07 07:30:00,5.57,5.22,74.1
SCOTLAND,2025-03-07 08:00:00,7.82,4.66,21.1
SCOTLAND,2025-03-07 08:30:00,2.53,4.61,60.3
SCOTLAND,2025-03-07 09:00:00,3.71,3.69,45.9
SCOTLAND,2025-03-07 09:30:00,4.36,6.79,91.2
SCOTLAND,2025-03-07 10:00:00,6.16,2.09,59.6
SCOTLAND,2025-03-07 10:30:00,3.74,5.18,58.5
SCOTLAND,2025-03-07 11:00:00,4.16,6.91,61.8
SCOTLAND,2025-03-07 11:30:00,4.58,4.83,72.2
SCOTLAND,2025-03-07 12:00:00,5.66,7.1,36.9
SCOTLAND,2025-03-07 12:30:00,5.24,3.8,54.6
SCOTLAND,2025-03-07 13:00:00,6.24,6.59,49.3
SCOTLAND,2025-03-07 13:30:00,7.35,1.14,70.6
SCOTLAND,2025-03-07 14:00:00,4.78,2.72,61.1
SCOTLAND,2025-03-07 14:30:00,5.37,0.0,71.0
SCOTLAND,2025-03-07 15:00:00,7.3,3.68,55.7
SCOTLAND,2025-03-07 15:30:00,5.92,0.58,27.3
SCOTLAND,2025-03-07 16:00:00,7.81,6.13,70.7
SCOTLAND,2025-03-07 16:30:00,7.3,5.57,72.9
SCOTLAND,2025-03-07 17:00:00,6.32,4.44,54.7
SCOTLAND,2025-03-07 17:30:00,6.92,6.28,88.3
SCOTLAND,2025-03-07 18:00:00,4.76,3.49,54.5
SCOTLAND,2025-03-07 18:30:00,8.97,1.1,6.2
SCOTLAND,2025-03-07 19:00:00,8.76,5.93,27.9
SCOTLAND,2025-03-07 19:30:00,7.63,7.06,40.6
SCOTLAND,2025-03-07 20:00:00,7.97,5.02,34.3
SCOTLAND,2025-03-07 20:30:00,7.17,0.62,57.0
SCOTLAND,2025-03-07 21:00:00,6.83,4.42,71.4
SCOTLAND,2025-03-07 21:30:00,9.44,8.66,63.7
SCOTLAND,2025-03-07 22:00:00,7.2,3.25,42.6
SCOTLAND,2025-03-07 22:30:00,8.12,3.01,69.3
SCOTLAND,2025-03-07 23:00:00,6.14,3.07,67.8
SCOTLAND,2025-03-07 23:30:00,7.11,0.16,59.7
SCOTLAND,2025-03-08 00:00:00,5.93,6.36,77.5
SCOTLAND,2025-03-08 00:30:00,4.16,5.6,67.0
SCOTLAND,2025-03-08 01:00:00,4.63,5.76,37.0
SCOTLAND,2025-03-08 01:30:00,7.79,2.71,32.7
SCOTLAND,2025-03-08 02:00:00,8.44,0.91,45.5
SCOTLAND,2025-03-08 02:30:00,5.16,3.09,72.6
SCOTLAND,2025-03-08 03:00:00,5.45,6.01,66.7
SCOTLAND,2025-03-08 03:30:00,3.37,5.1,64.2
SCOTLAND,2025-03-08 04:00:00,4.15,8.15,71.0
SCOTLAND,2025-03-08 04:30:00,6.02,5.95,52.4
SCOTLAND,2025-03-08 05:00:00,5.24,4.63,50.0
SCOTLAND,2025-03-08 05:30:00,3.01,4.05,70.6
SCOTLAND,2025-03-08 06:00:00,4.18,3.64,60.5
SCOTLAND,2025-03-08 06:30:00,3.82,7.1,64.9
SCOTLAND,2025-03-08 07:00:00,3.38,0.38,56.5
SCOTLAND,2025-03-08 07:30:00,3.27,2.77,77.0
SCOTLAND,2025-03-08 08:00:00,3.99,0.64,71.1
SCOTLAND,2025-03-08 08:30:00,2.0,5.39,51.4
SCOTLAND,2025-03-08 09:00:00,4.07,3.95,57.3
SCOTLAND,2025-03-08 09:30:00,4.21,4.16,93.7
SCOTLAND,2025-03-08 10:00:00,4.43,4.49,47.2
SCOTLAND,2025-03-08 10:30:00,4.62,1.95,80.7
SCOTLAND,2025-03-08 11:00:00,2.7,2.31,30.7
SCOTLAND,2025-03-08 11:30:00,4.98,3.15,72.3
SCOTLAND,2025-03-08 12:00:00,3.72,5.06,70.4
SCOTLAND,2025-03-08 12:30:00,5.15,4.06,62.5
SCOTLAND,2025-03-08 13:00:00,4.28,1.85,69.8
SCOTLAND,2025-03-08 13:30:00,4.93,4.91,87.9
SCOTLAND,2025-03-08 14:00:00,5.35,2.8,54.2
SCOTLAND,2025-03-08 14:30:00,5.94,5.23,59.5
SCOTLAND,2025-03-08 15:00:00,8.91,4.84,74.1
SCOTLAND,2025-03-08 15:30:00,6.37,6.02,56.3
SCOTLAND,2025-03-08 16:00:00,6.12,5.81,59.0
SCOTLAND,2025-03-08 16:30:00,7.19,5.96,62.5
SCOTLAND,2025-03-08 17:00:00,7.13,2.93,79.1
SCOTLAND,2025-03-08 17:30:00,6.9,3.9,65.2
SCOTLAND,2025-03-08 18:00:00,7.97,6.03,58.7
SCOTLAND,2025-03-08 18:30:00,9.28,3.5,66.7
SCOTLAND,2025-03-08 19:00:00,7.61,8.19,53.7
SCOTLAND,2025-03-08 19:30:00,7.51,4.23,55.2
SCOTLAND,2025-03-08 20:00:00,8.27,6.46,62.7
SCOTLAND,2025-03-08 20:30:00,8.12,3.54,50.9
SCOTLAND,2025-03-08 21:00:00,7.94,4.02,81.1
SCOTLAND,2025-03-08 21:30:00,6.68,6.91,57.4
SCOTLAND,2025-03-08 22:00:00,7.8,1.87,70.1
SCOTLAND,2025-03-08 22:30:00,6.47,4.75,65.0
SCOTLAND,2025-03-08 23:00:00,6.92,0.0,98.9
SCOTLAND,2025-03-08 23:30:00,6.04,4.55,46.9
SCOTLAND,2025-03-09 00:00:00,8.2,3.24,46.5
SCOTLAND,2025-03-09 00:30:00,7.66,1.46,52.6
SCOTLAND,2025-03-09 01:00:00,7.29,7.01,42.7
SCOTLAND,2025-03-09 01:30:00,5.73,4.7,24.0
SCOTLAND,2025-03-09 02:00:00,7.57,2.0,52.1
SCOTLAND,2025-03-09 02:30:00,6.25,4.1,42.7
SCOTLAND,2025-03-09 03:00:00,7.49,0.0,39.8
SCOTLAND,2025-03-09 03:30:00,4.66,2.1,82.0
SCOTLAND,2025-03-09 04:00:00,2.95,7.11,55.0
SCOTLAND,2025-03-09 04:30:00,3.31,0.0,56.1
SCOTLAND,2025-03-09 05:00:00,3.69,4.47,51.9
SCOTLAND,2025-03-09 05:30:00,5.67,3.72,52.4
SCOTLAND,2025-03-09 06:00:00,5.38,4.46,73.9
SCOTLAND,2025-03-09 06:30:00,5.59,3.41,60.7
SCOTLAND,2025-03-09 07:00:00,5.02,0.0,58.2
SCOTLAND,2025-03-09 07:30:00,3.74,4.75,45.6
SCOTLAND,2025-03-09 08:00:00,5.26,2.52,51.7
SCOTLAND,2025-03-09 08:30:00,3.14,6.46,22.5
SCOTLAND,2025-03-09 09:00:00,6.15,6.95,49.8
SCOTLAND,2025-03-09 09:30:00,5.24,4.26,89.8
SCOTLAND,2025-03-09 10:00:00,5.35,8.39,31.9
SCOTLAND,2025-03-09 10:30:00,4.44,0.55,50.7
SCOTLAND,2025-03-09 11:00:00,7.23,4.94,77.7
SCOTLAND,2025-03-09 11:30:00,5.14,4.9,50.6
SCOTLAND,2025-03-09 12:00:00,4.09,2.9,10.9
SCOTLAND,2025-03-09 12:30:00,4.84,4.48,48.9
SCOTLAND,2025-03-09 13:00:00,5.27,5.05,75.9
SCOTLAND,2025-03-09 13:30:00,3.99,2.41,73.6
SCOTLAND,2025-03-09 14:00:00,6.65,6.69,83.5
SCOTLAND,2025-03-09 14:30:00,8.84,3.41,88.4
SCOTLAND,2025-03-09 15:00:00,5.36,8.79,68.2
SCOTLAND,2025-03-09 15:30:00,7.11,5.98,35.6
SCOTLAND,2025-03-09 16:00:00,5.65,4.23,66.2
SCOTLAND,2025-03-09 16:30:00,9.44,2.1,87.7
SCOTLAND,2025-03-09 17:00:00,7.04,3.44,57.1
SCOTLAND,2025-03-09 17:30:00,6.99,4.97,52.9
SCOTLAND,2025-03-09 18:00:00,5.98,3.46,68.2
SCOTLAND,2025-03-09 18:30:00,5.99,5.16,81.2
SCOTLAND,2025-03-09 19:00:00,9.65,4.68,27.5
SCOTLAND,2025-03-09 19:30:00,8.65,5.93,47.5
SCOTLAND,2025-03-09 20:00:00,7.85,4.97,92.2
SCOTLAND,2025-03-09 20:30:00,7.63,5.78,65.7
SCOTLAND,2025-03-09 21:00:00,8.11,6.66,45.0
SCOTLAND,2025-03-09 21:30:00,8.15,4.05,32.9
SCOTLAND,2025-03-09 22:00:00,9.15,5.66,60.6
SCOTLAND,2025-03-09 22:30:00,7.36,4.0,72.7
SCOTLAND,2025-03-09 23:00:00,7.42,2.66,50.7
SCOTLAND,2025-03-09 23:30:00,7.34,2.13,66.0
SCOTLAND,2025-03-10 00:00:00,6.04,2.09,117.5
SCOTLAND,2025-03-10 00:30:00,9.32,4.29,75.3
SCOTLAND,2025-03-10 01:00:00,7.73,3.85,65.1
SCOTLAND,2025-03-10 01:30:00,6.19,6.51,82.8
SCOTLAND,2025-03-10 02:00:00,7.86,4.53,99.0
SCOTLAND,2025-03-10 02:30:00,5.9,8.09,51.7
SCOTLAND,2025-03-10 03:00:00,3.91,8.06,71.9
SCOTLAND,2025-03-10 03:30:00,6.09,3.28,44.8
SCOTLAND,2025-03-10 04:00:00,4.09,4.28,57.3
SCOTLAND,2025-03-10 04:30:00,2.66,7.39,52.4
SCOTLAND,2025-03-10 05:00:00,6.06,2.59,62.8
SCOTLAND,2025-03-10 05:30:00,5.74,5.67,55.2
SCOTLAND,2025-03-10 06:00:00,4.87,5.35,57.3
SCOTLAND,2025-03-10 06:30:00,2.92,2.75,53.2
SCOTLAND,2025-03-10 07:00:00,4.09,7.18,76.3
SCOTLAND,2025-03-10 07:30:00,3.08,7.67,58.6
SCOTLAND,2025-03-10 08:00:00,4.79,2.12,51.9
SCOTLAND,2025-03-10 08:30:00,5.23,2.24,61.0
SCOTLAND,2025-03-10 09:00:00,4.62,1.95,28.0
SCOTLAND,2025-03-10 09:30:00,5.14,9.73,68.3
SCOTLAND,2025-03-10 10:00:00,5.04,2.23,86.5
SCOTLAND,2025-03-10 10:30:00,3.8,6.33,70.9
SCOTLAND,2025-03-10 11:00:00,5.33,5.19,70.1
SCOTLAND,2025-03-10 11:30:00,4.91,5.94,46.9
SCOTLAND,2025-03-10 12:00:00,4.7,6.94,63.1
SCOTLAND,2025-03-10 12:30:00,4.6,6.07,75.1
SCOTLAND,2025-03-10 13:00:00,3.91,5.46,62.5
SCOTLAND,2025-03-10 13:30:00,6.32,4.02,68.4
SCOTLAND,2025-03-10 14:00:00,3.79,2.21,73.3
SCOTLAND,2025-03-10 14:30:00,9.13,4.73,47.5
SCOTLAND,2025-03-10 15:00:00,6.67,2.21,82.5
SCOTLAND,2025-03-10 15:30:00,6.56,6.11,57.2
SCOTLAND,2025-03-10 16:00:00,8.36,0.75,60.4
SCOTLAND,2025-03-10 16:30:00,7.64,3.46,66.5
SCOTLAND,2025-03-10 17:00:00,7.81,6.1,71.2
SCOTLAND,2025-03-10 17:30:00,7.87,5.76,35.6
SCOTLAND,2025-03-10 18:00:00,6.82,1.23,69.9
SCOTLAND,2025-03-10 18:30:00,8.22,6.77,66.3
SCOTLAND,2025-03-10 19:00:00,7.16,4.27,26.2
SCOTLAND,2025-03-10 19:30:00,7.43,0.0,65.9
SCOTLAND,2025-03-10 20:00:00,7.65,3.74,43.2
SCOTLAND,2025-03-10 20:30:00,7.19,5.39,34.2
SCOTLAND,2025-03-10 21:00:00,8.53,2.38,29.7
SCOTLAND,2025-03-10 21:30:00,9.39,6.66,50.3
SCOTLAND,2025-03-10 22:00:00,7.06,3.5,45.4
SCOTLAND,2025-03-10 22:30:00,6.96,4.9,97.3
SCOTLAND,2025-03-10 23:00:00,6.98,6.05,66.4
SCOTLAND,2025-03-10 23:30:00,5.4,3.95,57.3
SCOTLAND,2025-03-11 00:00:00,8.79,7.01,66.8
SCOTLAND,2025-03-11 00:30:00,8.49,3.71,80.1
SCOTLAND,2025-03-11 01:00:00,6.67,6.2,81.6
SCOTLAND,2025-03-11 01:30:00,7.41,2.52,52.4
SCOTLAND,2025-03-11 02:00:00,6.94,5.79,62.9
SCOTLAND,2025-03-11 02:30:00,5.66,4.38,55.0
SCOTLAND,2025-03-11 03:00:00,5.19,7.92,51.4
SCOTLAND,2025-03-11 03:30:00,6.12,4.31,37.9
SCOTLAND,2025-03-11 04:00:00,3.52,3.84,24.9
SCOTLAND,2025-03-11 04:30:00,7.23,3.28,52.0
SCOTLAND,2025-03-11 05:00:00,6.09,3.72,71.7
SCOTLAND,2025-03-11 05:30:00,3.93,4.09,77.4
SCOTLAND,2025-03-11 06:00:00,3.27,5.06,16.5
SCOTLAND,2025-03-11 06:30:00,5.82,2.89,58.5
SCOTLAND,2025-03-11 07:00:00,3.98,2.05,41.1
SCOTLAND,2025-03-11 07:30:00,4.73,5.14,44.1
SCOTLAND,2025-03-11 08:00:00,4.68,5.12,53.2
SCOTLAND,2025-03-11 08:30:00,2.48,3.92,66.6
SCOTLAND,2025-03-11 09:00:00,4.03,2.82,68.4
SCOTLAND,2025-03-11 09:30:00,5.62,2.46,54.6
SCOTLAND,2025-03-11 10:00:00,7.59,4.58,37.2
SCOTLAND,2025-03-11 10:30:00,3.73,2.49,66.8
SCOTLAND,2025-03-11 11:00:00,4.99,2.73,93.4
SCOTLAND,2025-03-11 11:30:00,4.72,3.09,38.0
SCOTLAND,2025-03-11 12:00:00,3.96,1.51,56.6
SCOTLAND,2025-03-11 12:30:00,3.97,5.57,49.5
SCOTLAND,2025-03-11 13:00:00,6.52,4.98,71.6
SCOTLAND,2025-03-11 13:30:00,6.59,7.99,44.7
SCOTLAND,2025-03-11 14:00:00,7.05,4.8,79.1
SCOTLAND,2025-03-11 14:30:00,6.17,6.35,36.8
SCOTLAND,2025-03-11 15:00:00,5.35,2.86,58.7
SCOTLAND,2025-03-11 15:30:00,6.61,2.52,42.2
SCOTLAND,2025-03-11 16:00:00,6.25,0.58,54.8
SCOTLAND,2025-03-11 16:30:00,6.96,4.88,63.0
SCOTLAND,2025-03-11 17:00:00,9.6,5.62,73.3
SCOTLAND,2025-03-11 17:30:00,7.89,5.07,56.0
SCOTLAND,2025-03-11 18:00:00,7.88,7.84,58.7
SCOTLAND,2025-03-11 18:30:00,6.17,5.39,75.8
SCOTLAND,2025-03-11 19:00:00,8.15,0.24,83.2
SCOTLAND,2025-03-11 19:30:00,8.24,3.38,81.4
SCOTLAND,2025-03-11 20:00:00,5.6,4.22,50.3
SCOTLAND,2025-03-11 20:30:00,9.82,4.49,44.4
SCOTLAND,2025-03-11 21:00:00,9.33,0.0,69.1
SCOTLAND,2025-03-11 21:30:00,6.45,3.08,55.7
SCOTLAND,2025-03-11 22:00:00,8.86,8.41,28.0
SCOTLAND,2025-03-11 22:30:00,8.3,8.4,49.7
SCOTLAND,2025-03-11 23:00:00,6.69,4.47,74.9
SCOTLAND,2025-03-11 23:30:00,8.24,3.28,45.6
SCOTLAND,2025-03-12 00:00:00,8.66,2.45,25.5
SCOTLAND,2025-03-12 00:30:00,5.33,2.85,86.9
SCOTLAND,2025-03-12 01:00:00,5.17,7.04,83.5
SCOTLAND,2025-03-12 01:30:00,6.87,0.0,38.7
SCOTLAND,2025-03-12 02:00:00,5.32,7.46,49.8
SCOTLAND,2025-03-12 02:30:00,5.15,4.38,34.6
SCOTLAND,2025-03-12 03:00:00,5.53,2.4,108.4
SCOTLAND,2025-03-12 03:30:00,4.46,7.86,39.5
SCOTLAND,2025-03-12 04:00:00,5.39,5.0,62.6
SCOTLAND,2025-03-12 04:30:00,5.17,5.72,67.5
SCOTLAND,2025-03-12 05:00:00,4.46,2.65,57.0
SCOTLAND,2025-03-12 05:30:00,4.45,3.6,61.4
SCOTLAND,2025-03-12 06:00:00,2.65,1.94,75.0
SCOTLAND,2025-03-12 06:30:00,1.65,6.39,49.9
SCOTLAND,2025-03-12 07:00:00,6.15,6.45,54.1
SCOTLAND,2025-03-12 07:30:00,3.88,7.19,82.9
SCOTLAND,2025-03-12 08:00:00,5.24,6.29,40.4
SCOTLAND,2025-03-12 08:30:00,4.32,2.46,40.0
SCOTLAND,2025-03-12 09:00:00,4.34,3.17,57.0
SCOTLAND,2025-03-12 09:30:00,3.55,1.49,90.5
SCOTLAND,2025-03-12 10:00:00,4.53,1.12,63.3
SCOTLAND,2025-03-12 10:30:00,6.17,5.92,50.7
SCOTLAND,2025-03-12 11:00:00,4.07,2.09,46.6
SCOTLAND,2025-03-12 11:30:00,3.87,1.06,52.0
SCOTLAND,2025-03-12 12:00:00,5.49,3.17,63.9
SCOTLAND,2025-03-12 12:30:00,7.02,7.67,58.8
SCOTLAND,2025-03-12 13:00:00,6.62,3.67,51.2
SCOTLAND,2025-03-12 13:30:00,4.22,4.17,79.5
SCOTLAND,2025-03-12 14:00:00,4.55,3.43,54.0
SCOTLAND,2025-03-12 14:30:00,6.37,4.53,69.7
SCOTLAND,2025-03-12 15:00:00,8.87,2.26,43.3
SCOTLAND,2025-03-12 15:30:00,6.89,6.91,33.7
SCOTLAND,2025-03-12 16:00:00,7.48,3.6,75.4
SCOTLAND,2025-03-12 16:30:00,7.83,4.1,68.8
SCOTLAND,2025-03-12 17:00:00,6.7,5.6,85.0
SCOTLAND,2025-03-12 17:30:00,7.61,3.18,57.4
SCOTLAND,2025-03-12 18:00:00,8.76,3.92,38.4
SCOTLAND,2025-03-12 18:30:00,8.95,2.03,67.6
SCOTLAND,2025-03-12 19:00:00,5.77,4.22,58.8
SCOTLAND,2025-03-12 19:30:00,5.65,4.67,40.2
SCOTLAND,2025-03-12 20:00:00,8.18,3.18,33.3
SCOTLAND,2025-03-12 20:30:00,6.82,2.07,77.7
SCOTLAND,2025-03-12 21:00:00,9.01,8.39,50.8
SCOTLAND,2025-03-12 21:30:00,7.36,4.27,53.6
SCOTLAND,2025-03-12 22:00:00,7.11,4.11,72.7
SCOTLAND,2025-03-12 22:30:00,5.28,2.86,34.7
SCOTLAND,2025-03-12 23:00:00,7.31,4.87,80.1
SCOTLAND,2025-03-12 23:30:00,6.97,4.21,29.7
SCOTLAND,2025-03-13 00:00:00,6.09,4.41,35.5
SCOTLAND,2025-03-13 00:30:00,8.61,5.05,43.7
SCOTLAND,2025-03-13 01:00:00,4.86,2.56,43.8
SCOTLAND,2025-03-13 01:30:00,5.18,1.19,55.9
SCOTLAND,2025-03-13 02:00:00,7.0,2.58,68.0
SCOTLAND,2025-03-13 02:30:00,5.73,5.22,45.8
SCOTLAND,2025-03-13 03:00:00,5.94,4.24,84.5
SCOTLAND,2025-03-13 03:30:00,6.27,4.51,33.5
SCOTLAND,2025-03-13 04:00:00,4.49,2.4,45.2
SCOTLAND,2025-03-13 04:30:00,5.14,4.48,65.0
SCOTLAND,2025-03-13 05:00:00,6.22,4.97,37.9
SCOTLAND,2025-03-13 05:30:00,4.95,5.17,82.7
SCOTLAND,2025-03-13 06:00:00,4.2,3.71,79.4
SCOTLAND,2025-03-13 06:30:00,4.6,0.8,27.4
SCOTLAND,2025-03-13 07:00:00,6.4,0.57,57.0
SCOTLAND,2025-03-13 07:30:00,5.25,0.47,40.5
SCOTLAND,2025-03-13 08:00:00,2.63,7.6,96.3
SCOTLAND,2025-03-13 08:30:00,3.24,5.16,65.5
SCOTLAND,2025-03-13 09:00:00,3.85,0.75,101.5
SCOTLAND,2025-03-13 09:30:00,2.01,4.42,48.3
SCOTLAND,2025-03-13 10:00:00,5.6,5.69,42.4
SCOTLAND,2025-03-13 10:30:00,3.44,0.9,63.5
SCOTLAND,2025-03-13 11:00:00,5.56,3.12,55.6
SCOTLAND,2025-03-13 11:30:00,7.0,5.87,84.3
SCOTLAND,2025-03-13 12:00:00,2.43,5.09,64.5
SCOTLAND,2025-03-13 12:30:00,3.62,1.91,56.1
SCOTLAND,2025-03-13 13:00:00,3.99,2.4,51.7
SCOTLAND,2025-03-13 13:30:00,6.29,2.59,51.9
SCOTLAND,2025-03-13 14:00:00,7.35,0.47,64.1
SCOTLAND,2025-03-13 14:30:00,6.59,4.83,51.0
SCOTLAND,2025-03-13 15:00:00,5.36,7.04,44.6
SCOTLAND,2025-03-13 15:30:00,5.3,4.04,46.7
SCOTLAND,2025-03-13 16:00:00,8.38,3.47,81.2
SCOTLAND,2025-03-13 16:30:00,7.66,3.22,80.1
SCOTLAND,2025-03-13 17:00:00,6.75,3.36,69.5
SCOTLAND,2025-03-13 17:30:00,7.81,2.65,32.3
SCOTLAND,2025-03-13 18:00:00,7.83,2.55,60.5
SCOTLAND,2025-03-13 18:30:00,7.35,2.56,55.2
SCOTLAND,2025-03-13 19:00:00,7.96,5.39,67.6
SCOTLAND,2025-03-13 19:30:00,10.57,4.28,47.9
SCOTLAND,2025-03-13 20:00:00,7.92,5.14,78.1
SCOTLAND,2025-03-13 20:30:00,9.73,1.97,83.1
SCOTLAND,2025-03-13 21:00:00,8.0,2.15,56.3
SCOTLAND,2025-03-13 21:30:00,9.51,4.91,38.2
SCOTLAND,2025-03-13 22:00:00,6.41,1.54,46.8
SCOTLAND,2025-03-13 22:30:00,7.95,1.75,52.3
SCOTLAND,2025-03-13 23:00:00,9.22,7.24,87.9
SCOTLAND,2025-03-13 23:30:00,5.38,7.35,61.7
SCOTLAND,2025-03-14 00:00:00,7.26,6.06,72.7
SCOTLAND,2025-03-14 00:30:00,4.92,2.78,53.4
SCOTLAND,2025-03-14 01:00:00,5.09,5.99,85.9
SCOTLAND,2025-03-14 01:30:00,6.67,4.6,59.8
SCOTLAND,2025-03-14 02:00:00,6.28,6.24,28.2
SCOTLAND,2025-03-14 02:30:00,6.75,4.02,47.2
SCOTLAND,2025-03-14 03:00:00,5.04,7.66,36.1
SCOTLAND,2025-03-14 03:30:00,5.44,7.26,37.1
SCOTLAND,2025-03-14 04:00:00,4.62,4.08,67.4
SCOTLAND,2025-03-14 04:30:00,5.07,2.21,68.1
SCOTLAND,2025-03-14 05:00:00,4.63,5.26,76.6
SCOTLAND,2025-03-14 05:30:00,2.97,6.07,55.4
SCOTLAND,2025-03-14 06:00:00,5.42,4.99,93.4
SCOTLAND,2025-03-14 06:30:00,4.44,3.19,50.8
SCOTLAND,2025-03-14 07:00:00,2.99,5.62,40.2
SCOTLAND,2025-03-14 07:30:00,5.19,3.55,28.3
SCOTLAND,2025-03-14 08:00:00,5.95,0.0,58.5
SCOTLAND,2025-03-14 08:30:00,4.44,0.0,67.9
SCOTLAND,2025-03-14 09:00:00,3.43,3.5,84.2
SCOTLAND,2025-03-14 09:30:00,4.4,3.3,56.9
SCOTLAND,2025-03-14 10:00:00,6.56,4.81,44.1
SCOTLAND,2025-03-14 10:30:00,3.85,1.62,51.9
SCOTLAND,2025-03-14 11:00:00,6.68,3.67,35.9
SCOTLAND,2025-03-14 11:30:00,5.27,3.21,70.1
SCOTLAND,2025-03-14 12:00:00,4.87,6.89,43.6
SCOTLAND,2025-03-14 12:30:00,3.77,5.88,23.9
SCOTLAND,2025-03-14 13:00:00,5.44,5.6,20.5
SCOTLAND,2025-03-14 13:30:00,5.72,1.01,26.8
SCOTLAND,2025-03-14 14:00:00,4.88,3.63,47.3
SCOTLAND,2025-03-14 14:30:00,7.49,4.16,51.2
SCOTLAND,2025-03-14 15:00:00,5.11,4.45,97.1
SCOTLAND,2025-03-14 15:30:00,5.84,2.83,40.9
SCOTLAND,2025-03-14 16:00:00,8.58,5.85,52.0
SCOTLAND,2025-03-14 16:30:00,6.44,2.11,54.8
SCOTLAND,2025-03-14 17:00:00,8.8,4.08,83.2
SCOTLAND,2025-03-14 17:30:00,6.71,0.0,106.9
SCOTLAND,2025-03-14 18:00:00,8.15,5.56,45.8
SCOTLAND,2025-03-14 18:30:00,6.26,4.31,24.1
SCOTLAND,2025-03-14 19:00:00,7.78,6.04,68.1
SCOTLAND,2025-03-14 19:30:00,8.4,7.49,66.8
SCOTLAND,2025-03-14 20:00:00,5.88,3.7,94.7
SCOTLAND,2025-03-14 20:30:00,7.79,7.73,78.4
SCOTLAND,2025-03-14 21:00:00,7.61,1.84,66.1
SCOTLAND,2025-03-14 21:30:00,9.62,0.84,62.2
SCOTLAND,2025-03-14 22:00:00,5.45,3.32,30.2
SCOTLAND,2025-03-14 22:30:00,8.57,2.62,80.8
SCOTLAND,2025-03-14 23:00:00,6.93,2.74,30.9
SCOTLAND,2025-03-14 23:30:00,8.05,4.98,76.9
SCOTLAND,2025-03-15 00:00:00,7.99,4.8,70.7
SCOTLAND,2025-03-15 00:30:00,8.04,5.82,32.5
SCOTLAND,2025-03-15 01:00:00,6.17,0.75,66.0
SCOTLAND,2025-03-15 01:30:00,8.68,5.79,49.1
SCOTLAND,2025-03-15 02:00:00,6.81,4.7,64.2
SCOTLAND,2025-03-15 02:30:00,4.64,6.63,38.8
SCOTLAND,2025-03-15 03:00:00,5.25,5.92,53.3
SCOTLAND,2025-03-15 03:30:00,5.78,4.24,61.2
SCOTLAND,2025-03-15 04:00:00,5.34,4.43,61.3
SCOTLAND,2025-03-15 04:30:00,4.13,0.9,78.0
SCOTLAND,2025-03-15 05:00:00,6.04,4.67,65.9
SCOTLAND,2025-03-15 05:30:00,3.69,0.0,55.5
SCOTLAND,2025-03-15 06:00:00,2.2,4.37,83.5
SCOTLAND,2025-03-15 06:30:00,3.73,2.88,41.9
SCOTLAND,2025-03-15 07:00:00,4.33,3.93,41.7
SCOTLAND,2025-03-15 07:30:00,5.37,9.4,81.4
SCOTLAND,2025-03-15 08:00:00,4.07,3.75,50.8
SCOTLAND,2025-03-15 08:30:00,3.56,5.92,78.0
SCOTLAND,2025-03-15 09:00:00,2.87,4.73,80.0
SCOTLAND,2025-03-15 09:30:00,3.85,3.58,72.5
SCOTLAND,2025-03-15 10:00:00,5.34,4.86,64.6
SCOTLAND,2025-03-15 10:30:00,4.94,3.44,39.9
SCOTLAND,2025-03-15 11:00:00,2.92,5.19,61.9
SCOTLAND,2025-03-15 11:30:00,5.34,2.34,61.8
SCOTLAND,2025-03-15 12:00:00,5.3,6.56,75.3
SCOTLAND,2025-03-15 12:30:00,4.32,5.01,46.6
SCOTLAND,2025-03-15 13:00:00,2.55,7.45,53.3
SCOTLAND,2025-03-15 13:30:00,6.94,2.68,45.5
SCOTLAND,2025-03-15 14:00:00,5.55,4.51,63.2
SCOTLAND,2025-03-15 14:30:00,6.8,3.01,60.7
SCOTLAND,2025-03-15 15:00:00,5.71,6.94,36.3
SCOTLAND,2025-03-15 15:30:00,5.74,3.15,103.0
SCOTLAND,2025-03-15 16:00:00,8.13,2.29,74.8
SCOTLAND,2025-03-15 16:30:00,7.82,4.55,72.5
SCOTLAND,2025-03-15 17:00:00,7.69,4.34,32.0
SCOTLAND,2025-03-15 17:30:00,9.35,3.1,37.7
SCOTLAND,2025-03-15 18:00:00,7.33,3.07,45.6
SCOTLAND,2025-03-15 18:30:00,8.87,5.95,24.7
SCOTLAND,2025-03-15 19:00:00,7.52,3.11,56.9
SCOTLAND,2025-03-15 19:30:00,10.18,2.37,88.1
SCOTLAND,2025-03-15 20:00:00,8.03,7.14,54.4
SCOTLAND,2025-03-15 20:30:00,7.69,3.95,83.3
SCOTLAND,2025-03-15 21:00:00,8.33,4.42,71.5
SCOTLAND,2025-03-15 21:30:00,7.08,4.67,48.7
SCOTLAND,2025-03-15 22:00:00,9.7,4.84,72.5
SCOTLAND,2025-03-15 22:30:00,5.49,5.41,56.8
SCOTLAND,2025-03-15 23:00:00,5.9,4.19,32.7
SCOTLAND,2025-03-15 23:30:00,8.35,6.87,27.8
SCOTLAND,2025-03-16 00:00:00,7.21,3.67,24.2
SCOTLAND,2025-03-16 00:30:00,8.35,5.25,96.5
SCOTLAND,2025-03-16 01:00:00,7.36,2.24,69.3
SCOTLAND,2025-03-16 01:30:00,8.31,3.07,75.3
SCOTLAND,2025-03-16 02:00:00,3.42,6.95,74.4
SCOTLAND,2025-03-16 02:30:00,3.19,4.77,24.2
SCOTLAND,2025-03-16 03:00:00,5.0,5.36,57.6
SCOTLAND,2025-03-16 03:30:00,7.24,4.13,59.3
SCOTLAND,2025-03-16 04:00:00,6.56,3.32,59.5
SCOTLAND,2025-03-16 04:30:00,5.37,3.86,80.9
SCOTLAND,2025-03-16 05:00:00,4.03,2.34,40.9
SCOTLAND,2025-03-16 05:30:00,2.26,6.97,43.8
SCOTLAND,2025-03-16 06:00:00,4.23,7.12,57.4
SCOTLAND,2025-03-16 06:30:00,5.13,1.16,85.2
SCOTLAND,2025-03-16 07:00:00,4.17,1.96,41.7
SCOTLAND,2025-03-16 07:30:00,6.34,2.83,42.1
SCOTLAND,2025-03-16 08:00:00,3.73,4.09,62.7
SCOTLAND,2025-03-16 08:30:00,4.78,4.47,71.6
SCOTLAND,2025-03-16 09:00:00,3.99,8.14,51.2
SCOTLAND,2025-03-16 09:30:00,5.94,2.8,34.3
SCOTLAND,2025-03-16 10:00:00,2.51,4.61,80.9
SCOTLAND,2025-03-16 10:30:00,3.13,2.25,67.0
SCOTLAND,2025-03-16 11:00:00,4.83,2.83,37.0
SCOTLAND,2025-03-16 11:30:00,5.2,5.31,68.9
SCOTLAND,2025-03-16 12:00:00,5.28,1.89,65.7
SCOTLAND,2025-03-16 12:30:00,5.53,1.37,54.6
SCOTLAND,2025-03-16 13:00:00,6.17,3.84,24.7
SCOTLAND,2025-03-16 13:30:00,4.96,2.59,70.1
SCOTLAND,2025-03-16 14:00:00,9.36,4.27,38.4
SCOTLAND,2025-03-16 14:30:00,6.05,4.02,73.6
SCOTLAND,2025-03-16 15:00:00,8.25,6.78,69.7
SCOTLAND,2025-03-16 15:30:00,6.76,6.97,53.7
SCOTLAND,2025-03-16 16:00:00,7.31,3.51,21.6
SCOTLAND,2025-03-16 16:30:00,8.77,5.35,17.3
SCOTLAND,2025-03-16 17:00:00,8.86,3.39,77.8
SCOTLAND,2025-03-16 17:30:00,7.75,1.29,60.5
SCOTLAND,2025-03-16 18:00:00,6.9,1.55,75.6
SCOTLAND,2025-03-16 18:30:00,8.45,7.0,52.9
SCOTLAND,2025-03-16 19:00:00,7.02,5.28,45.0
SCOTLAND,2025-03-16 19:30:00,7.81,5.05,57.7
SCOTLAND,2025-03-16 20:00:00,7.66,1.19,76.9
SCOTLAND,2025-03-16 20:30:00,7.8,5.24,68.7
SCOTLAND,2025-03-16 21:00:00,9.49,3.53,53.7
SCOTLAND,2025-03-16 21:30:00,6.85,2.91,66.1
SCOTLAND,2025-03-16 22:00:00,7.0,4.63,86.4
SCOTLAND,2025-03-16 22:30:00,7.44,1.37,52.6
SCOTLAND,2025-03-16 23:00:00,5.95,6.67,61.5
SCOTLAND,2025-03-16 23:30:00,6.79,2.88,38.7
SCOTLAND,2025-03-17 00:00:00,8.5,7.67,33.1
SCOTLAND,2025-03-17 00:30:00,8.54,3.51,82.8
SCOTLAND,2025-03-17 01:00:00,4.6,4.45,52.7
SCOTLAND,2025-03-17 01:30:00,7.59,4.12,60.4
SCOTLAND,2025-03-17 02:00:00,6.16,7.12,56.9
SCOTLAND,2025-03-17 02:30:00,7.32,5.26,76.0
SCOTLAND,2025-03-17 03:00:00,4.55,5.41,66.1
SCOTLAND,2025-03-17 03:30:00,4.34,3.58,101.3
SCOTLAND,2025-03-17 04:00:00,4.82,3.26,68.1
SCOTLAND,2025-03-17 04:30:00,4.64,4.28,51.9
SCOTLAND,2025-03-17 05:00:00,5.35,3.88,95.1
SCOTLAND,2025-03-17 05:30:00,4.93,3.55,78.5
SCOTLAND,2025-03-17 06:00:00,2.88,7.38,42.2
SCOTLAND,2025-03-17 06:30:00,5.98,6.91,50.5
SCOTLAND,2025-03-17 07:00:00,3.84,3.78,71.2
SCOTLAND,2025-03-17 07:30:00,3.16,3.78,54.4
SCOTLAND,2025-03-17 08:00:00,2.9,1.91,62.3
SCOTLAND,2025-03-17 08:30:00,4.42,2.47,61.4
SCOTLAND,2025-03-17 09:00:00,3.58,6.61,58.1
SCOTLAND,2025-03-17 09:30:00,5.67,0.61,65.8
SCOTLAND,2025-03-17 10:00:00,5.27,3.72,50.3
SCOTLAND,2025-03-17 10:30:00,4.37,5.48,38.2
SCOTLAND,2025-03-17 11:00:00,5.71,4.64,55.3
SCOTLAND,2025-03-17 11:30:00,4.61,4.12,89.9
SCOTLAND,2025-03-17 12:00:00,5.7,2.11,52.2
SCOTLAND,2025-03-17 12:30:00,3.91,0.22,39.1
SCOTLAND,2025-03-17 13:00:00,5.91,6.55,77.9
SCOTLAND,2025-03-17 13:30:00,4.38,2.4,43.1
SCOTLAND,2025-03-17 14:00:00,3.19,3.66,74.5
SCOTLAND,2025-03-17 14:30:00,5.98,1.46,44.8
SCOTLAND,2025-03-17 15:00:00,6.41,5.54,56.7
SCOTLAND,2025-03-17 15:30:00,7.57,3.84,64.3
SCOTLAND,2025-03-17 16:00:00,6.16,2.63,37.4
SCOTLAND,2025-03-17 16:30:00,8.01,3.42,0.0
SCOTLAND,2025-03-17 17:00:00,8.28,5.95,45.4
SCOTLAND,2025-03-17 17:30:00,8.28,3.58,21.9
SCOTLAND,2025-03-17 18:00:00,10.36,3.59,63.6
SCOTLAND,2025-03-17 18:30:00,7.27,3.41,62.9
SCOTLAND,2025-03-17 19:00:00,6.97,7.39,75.1
SCOTLAND,2025-03-17 19:30:00,8.84,3.72,46.3
SCOTLAND,2025-03-17 20:00:00,9.52,5.22,52.8
SCOTLAND,2025-03-17 20:30:00,6.98,0.85,60.5
SCOTLAND,2025-03-17 21:00:00,7.92,6.37,77.9
SCOTLAND,2025-03-17 21:30:00,8.26,3.84,39.3
SCOTLAND,2025-03-17 22:00:00,9.29,3.89,70.9
SCOTLAND,2025-03-17 22:30:00,9.43,2.87,45.1
SCOTLAND,2025-03-17 23:00:00,10.66,5.19,55.0
SCOTLAND,2025-03-17 23:30:00,9.19,3.38,65.9
SCOTLAND,2025-03-18 00:00:00,6.64,3.97,55.1
SCOTLAND,2025-03-18 00:30:00,6.42,4.49,48.5
SCOTLAND,2025-03-18 01:00:00,7.53,3.39,29.0
SCOTLAND,2025-03-18 01:30:00,7.59,5.28,100.6
SCOTLAND,2025-03-18 02:00:00,6.35,4.37,68.6
SCOTLAND,2025-03-18 02:30:00,7.55,5.91,65.7
SCOTLAND,2025-03-18 03:00:00,5.77,5.69,58.7
SCOTLAND,2025-03-18 03:30:00,4.26,1.0,54.7
SCOTLAND,2025-03-18 04:00:00,5.47,8.94,57.8
SCOTLAND,2025-03-18 04:30:00,5.38,3.19,71.1
SCOTLAND,2025-03-18 05:00:00,5.25,2.72,41.8
SCOTLAND,2025-03-18 05:30:00,4.43,2.31,55.8
SCOTLAND,2025-03-18 06:00:00,4.76,3.0,86.2
SCOTLAND,2025-03-18 06:30:00,5.98,3.54,42.6
SCOTLAND,2025-03-18 07:00:00,4.36,3.73,58.9
SCOTLAND,2025-03-18 07:30:00,3.92,1.9,60.6
SCOTLAND,2025-03-18 08:00:00,3.9,3.48,61.7
SCOTLAND,2025-03-18 08:30:00,4.24,4.14,52.9
SCOTLAND,2025-03-18 09:00:00,4.83,2.56,40.4
SCOTLAND,2025-03-18 09:30:00,3.32,2.65,36.8
SCOTLAND,2025-03-18 10:00:00,2.56,5.01,82.9
SCOTLAND,2025-03-18 10:30:00,5.26,3.03,29.1
SCOTLAND,2025-03-18 11:00:00,5.14,0.79,58.4
SCOTLAND,2025-03-18 11:30:00,3.95,0.0,86.6
SCOTLAND,2025-03-18 12:00:00,3.82,3.29,57.7
SCOTLAND,2025-03-18 12:30:00,4.76,4.93,46.7
SCOTLAND,2025-03-18 13:00:00,6.27,4.64,35.2
SCOTLAND,2025-03-18 13:30:00,6.09,1.89,39.0
SCOTLAND,2025-03-18 14:00:00,6.67,3.18,66.7
SCOTLAND,2025-03-18 14:30:00,6.78,1.14,73.3
SCOTLAND,2025-03-18 15:00:00,7.18,2.83,57.6
SCOTLAND,2025-03-18 15:30:00,7.77,3.36,98.1
SCOTLAND,2025-03-18 16:00:00,9.11,4.23,55.9
SCOTLAND,2025-03-18 16:30:00,7.1,2.8,62.3
SCOTLAND,2025-03-18 17:00:00,8.56,1.3,71.6
SCOTLAND,2025-03-18 17:30:00,8.86,5.14,57.7
SCOTLAND,2025-03-18 18:00:00,8.69,6.6,59.0
SCOTLAND,2025-03-18 18:30:00,8.09,8.27,65.5
SCOTLAND,2025-03-18 19:00:00,7.05,5.75,67.2
SCOTLAND,2025-03-18 19:30:00,7.47,1.79,64.3
SCOTLAND,2025-03-18 20:00:00,8.25,1.51,58.4
SCOTLAND,2025-03-18 20:30:00,8.14,3.88,68.8
SCOTLAND,2025-03-18 21:00:00,6.14,1.78,51.2
SCOTLAND,2025-03-18 21:30:00,9.85,8.74,60.1
SCOTLAND,2025-03-18 22:00:00,8.11,0.0,76.3
SCOTLAND,2025-03-18 22:30:00,8.6,4.57,37.6
SCOTLAND,2025-03-18 23:00:00,10.11,7.04,65.3
SCOTLAND,2025-03-18 23:30:00,8.93,4.1,74.8
SCOTLAND,2025-03-19 00:00:00,5.79,0.0,37.1
SCOTLAND,2025-03-19 00:30:00,6.39,2.71,68.1
SCOTLAND,2025-03-19 01:00:00,6.57,3.94,38.7
SCOTLAND,2025-03-19 01:30:00,5.35,4.08,50.2
SCOTLAND,2025-03-19 02:00:00,6.37,5.09,89.5
SCOTLAND,2025-03-19 02:30:00,6.34,7.63,67.3
SCOTLAND,2025-03-19 03:00:00,6.67,6.11,73.0
SCOTLAND,2025-03-19 03:30:00,4.88,6.17,53.3
SCOTLAND,2025-03-19 04:00:00,5.72,4.27,80.6
SCOTLAND,2025-03-19 04:30:00,5.83,1.23,97.6
SCOTLAND,2025-03-19 05:00:00,5.95,2.9,39.5
SCOTLAND,2025-03-19 05:30:00,6.09,1.96,74.4
SCOTLAND,2025-03-19 06:00:00,5.91,2.7,46.7
SCOTLAND,2025-03-19 06:30:00,4.07,2.02,64.1
SCOTLAND,2025-03-19 07:00:00,4.88,5.45,45.0
SCOTLAND,2025-03-19 07:30:00,5.44,2.02,75.1
SCOTLAND,2025-03-19 08:00:00,2.58,7.14,50.6
SCOTLAND,2025-03-19 08:30:00,5.08,5.36,37.1
SCOTLAND,2025-03-19 09:00:00,5.43,2.9,54.5
SCOTLAND,2025-03-19 09:30:00,3.63,7.23,38.9
SCOTLAND,2025-03-19 10:00:00,5.15,2.75,79.6
SCOTLAND,2025-03-19 10:30:00,7.42,2.74,62.5
SCOTLAND,2025-03-19 11:00:00,4.49,6.08,55.5
SCOTLAND,2025-03-19 11:30:00,6.03,3.2,100.4
SCOTLAND,2025-03-19 12:00:00,2.73,4.75,59.8
SCOTLAND,2025-03-19 12:30:00,5.31,4.57,61.1
SCOTLAND,2025-03-19 13:00:00,6.11,4.82,91.5
SCOTLAND,2025-03-19 13:30:00,2.53,7.69,106.1
SCOTLAND,2025-03-19 14:00:00,4.26,4.1,84.7
SCOTLAND,2025-03-19 14:30:00,7.46,7.35,66.7
SCOTLAND,2025-03-19 15:00:00,4.44,6.61,71.4
SCOTLAND,2025-03-19 15:30:00,8.64,0.93,38.1
SCOTLAND,2025-03-19 16:00:00,7.38,6.67,89.0
SCOTLAND,2025-03-19 16:30:00,6.49,3.19,111.7
SCOTLAND,2025-03-19 17:00:00,7.11,5.35,51.9
SCOTLAND,2025-03-19 17:30:00,8.35,2.27,44.9
SCOTLAND,2025-03-19 18:00:00,7.65,2.91,54.5
SCOTLAND,2025-03-19 18:30:00,8.73,7.78,49.4
SCOTLAND,2025-03-19 19:00:00,7.11,4.02,44.7
SCOTLAND,2025-03-19 19:30:00,6.33,6.13,61.4
SCOTLAND,2025-03-19 20:00:00,8.58,0.15,49.5
SCOTLAND,2025-03-19 20:30:00,6.66,3.96,62.4
SCOTLAND,2025-03-19 21:00:00,8.45,2.67,44.6
SCOTLAND,2025-03-19 21:30:00,8.06,4.71,49.6
SCOTLAND,2025-03-19 22:00:00,6.97,2.21,48.1
SCOTLAND,2025-03-19 22:30:00,7.55,1.8,52.0
SCOTLAND,2025-03-19 23:00:00,9.26,3.41,37.7
SCOTLAND,2025-03-19 23:30:00,5.07,7.67,80.5
SCOTLAND,2025-03-20 00:00:00,7.74,6.33,69.5
SCOTLAND,2025-03-20 00:30:00,7.31,1.52,94.4
SCOTLAND,2025-03-20 01:00:00,6.39,3.24,60.7
SCOTLAND,2025-03-20 01:30:00,6.98,5.15,68.3
SCOTLAND,2025-03-20 02:00:00,5.71,4.05,69.8
SCOTLAND,2025-03-20 02:30:00,5.6,6.89,59.6
SCOTLAND,2025-03-20 03:00:00,7.8,1.22,71.8
SCOTLAND,2025-03-20 03:30:00,4.81,2.73,76.3
SCOTLAND,2025-03-20 04:00:00,5.13,9.19,69.3
SCOTLAND,2025-03-20 04:30:00,4.56,5.04,55.7
SCOTLAND,2025-03-20 05:00:00,5.98,3.41,67.3
SCOTLAND,2025-03-20 05:30:00,5.22,4.16,78.8
SCOTLAND,2025-03-20 06:00:00,2.5,4.2,47.4
SCOTLAND,2025-03-20 06:30:00,3.05,2.32,48.8
SCOTLAND,2025-03-20 07:00:00,4.19,4.67,69.8
SCOTLAND,2025-03-20 07:30:00,3.98,7.17,53.3
SCOTLAND,2025-03-20 08:00:00,2.06,3.31,60.8
SCOTLAND,2025-03-20 08:30:00,0.47,6.41,58.2
SCOTLAND,2025-03-20 09:00:00,3.08,2.08,73.7
SCOTLAND,2025-03-20 09:30:00,5.53,2.7,35.6
SCOTLAND,2025-03-20 10:00:00,4.82,4.63,70.2
SCOTLAND,2025-03-20 10:30:00,3.99,3.76,60.4
SCOTLAND,2025-03-20 11:00:00,6.15,6.66,88.8
SCOTLAND,2025-03-20 11:30:00,6.55,7.63,78.2
SCOTLAND,2025-03-20 12:00:00,4.69,7.07,35.2
SCOTLAND,2025-03-20 12:30:00,8.24,2.05,76.0
SCOTLAND,2025-03-20 13:00:00,7.61,4.92,23.1
SCOTLAND,2025-03-20 13:30:00,4.74,4.71,71.4
SCOTLAND,2025-03-20 14:00:00,6.18,4.15,33.6
SCOTLAND,2025-03-20 14:30:00,8.53,3.24,74.2
SCOTLAND,2025-03-20 15:00:00,8.6,1.69,62.3
SCOTLAND,2025-03-20 15:30:00,7.25,3.48,76.7
SCOTLAND,2025-03-20 16:00:00,6.6,4.11,53.3
SCOTLAND,2025-03-20 16:30:00,10.19,2.67,73.4
SCOTLAND,2025-03-20 17:00:00,9.97,2.16,61.7
SCOTLAND,2025-03-20 17:30:00,6.63,0.0,45.9
SCOTLAND,2025-03-20 18:00:00,7.45,2.98,54.6
SCOTLAND,2025-03-20 18:30:00,8.14,1.61,66.3
SCOTLAND,2025-03-20 19:00:00,9.79,6.66,55.3
SCOTLAND,2025-03-20 19:30:00,9.4,2.64,53.8
SCOTLAND,2025-03-20 20:00:00,8.88,3.33,37.2
SCOTLAND,2025-03-20 20:30:00,9.4,2.34,50.6
SCOTLAND,2025-03-20 21:00:00,9.6,5.07,63.2
SCOTLAND,2025-03-20 21:30:00,6.57,1.67,67.2
SCOTLAND,2025-03-20 22:00:00,8.89,4.51,51.5
SCOTLAND,2025-03-20 22:30:00,7.52,4.43,37.5
SCOTLAND,2025-03-20 23:00:00,7.92,1.22,41.1
SCOTLAND,2025-03-20 23:30:00,8.03,5.17,66.2
SCOTLAND,2025-03-21 00:00:00,6.1,0.26,59.9
SCOTLAND,2025-03-21 00:30:00,5.16,5.89,40.5
SCOTLAND,2025-03-21 01:00:00,9.63,2.08,68.3
SCOTLAND,2025-03-21 01:30:00,6.07,3.66,63.3
SCOTLAND,2025-03-21 02:00:00,7.47,6.04,73.1
SCOTLAND,2025-03-21 02:30:00,7.68,2.77,71.7
SCOTLAND,2025-03-21 03:00:00,5.51,5.97,62.1
SCOTLAND,2025-03-21 03:30:00,6.66,4.58,73.7
SCOTLAND,2025-03-21 04:00:00,4.47,0.86,77.8
SCOTLAND,2025-03-21 04:30:00,7.05,3.77,74.6
SCOTLAND,2025-03-21 05:00:00,3.07,2.76,61.5
SCOTLAND,2025-03-21 05:30:00,2.94,0.94,62.8
SCOTLAND,2025-03-21 06:00:00,3.98,3.31,52.7
SCOTLAND,2025-03-21 06:30:00,3.16,3.56,59.8
SCOTLAND,2025-03-21 07:00:00,3.8,3.0,56.3
SCOTLAND,2025-03-21 07:30:00,5.49,3.81,25.3
SCOTLAND,2025-03-21 08:00:00,3.0,5.86,47.7
SCOTLAND,2025-03-21 08:30:00,4.33,7.85,71.4
SCOTLAND,2025-03-21 09:00:00,1.93,6.89,62.7
SCOTLAND,2025-03-21 09:30:00,4.95,4.61,76.4
SCOTLAND,2025-03-21 10:00:00,4.61,1.04,65.8
SCOTLAND,2025-03-21 10:30:00,3.04,7.63,53.5
SCOTLAND,2025-03-21 11:00:00,4.96,2.65,66.1
SCOTLAND,2025-03-21 11:30:00,5.57,2.64,68.2
SCOTLAND,2025-03-21 12:00:00,5.52,3.81,46.5
SCOTLAND,2025-03-21 12:30:00,8.21,6.37,73.1
SCOTLAND,2025-03-21 13:00:00,7.27,4.6,53.7
SCOTLAND,2025-03-21 13:30:00,2.75,1.56,99.0
SCOTLAND,2025-03-21 14:00:00,7.83,4.4,31.6
SCOTLAND,2025-03-21 14:30:00,7.2,3.44,72.6
SCOTLAND,2025-03-21 15:00:00,5.62,3.02,75.9
SCOTLAND,2025-03-21 15:30:00,9.27,2.68,42.0
SCOTLAND,2025-03-21 16:00:00,8.66,1.48,38.6
SCOTLAND,2025-03-21 16:30:00,7.75,8.17,44.7
SCOTLAND,2025-03-21 17:00:00,7.41,4.22,51.5
SCOTLAND,2025-03-21 17:30:00,5.73,5.6,63.4
SCOTLAND,2025-03-21 18:00:00,8.61,3.72,87.2
SCOTLAND,2025-03-21 18:30:00,7.56,1.85,89.9
SCOTLAND,2025-03-21 19:00:00,5.73,3.69,58.6
SCOTLAND,2025-03-21 19:30:00,8.23,0.9,38.7
SCOTLAND,2025-03-21 20:00:00,9.58,6.77,52.5
SCOTLAND,2025-03-21 20:30:00,7.32,0.43,76.9
SCOTLAND,2025-03-21 21:00:00,9.57,0.0,16.4
SCOTLAND,2025-03-21 21:30:00,8.53,4.53,51.4
SCOTLAND,2025-03-21 22:00:00,8.13,3.51,60.5
SCOTLAND,2025-03-21 22:30:00,7.09,3.98,47.9
SCOTLAND,2025-03-21 23:00:00,6.94,0.27,56.8
SCOTLAND,2025-03-21 23:30:00,8.81,3.35,53.6
SCOTLAND,2025-03-22 00:00:00,8.98,6.05,91.2
SCOTLAND,2025-03-22 00:30:00,10.18,4.12,39.2
SCOTLAND,2025-03-22 01:00:00,6.36,5.15,85.9
SCOTLAND,2025-03-22 01:30:00,5.73,4.51,45.7
SCOTLAND,2025-03-22 02:00:00,6.29,3.68,66.9
SCOTLAND,2025-03-22 02:30:00,8.91,4.95,52.3
SCOTLAND,2025-03-22 03:00:00,5.24,3.62,44.3
SCOTLAND,2025-03-22 03:30:00,6.12,0.0,56.2
SCOTLAND,2025-03-22 04:00:00,5.31,1.68,53.1
SCOTLAND,2025-03-22 04:30:00,6.81,6.38,50.4
SCOTLAND,2025-03-22 05:00:00,5.68,1.0,54.7
SCOTLAND,2025-03-22 05:30:00,5.33,7.05,81.5
SCOTLAND,2025-03-22 06:00:00,4.99,2.18,84.5
SCOTLAND,2025-03-22 06:30:00,4.33,4.9,57.8
SCOTLAND,2025-03-22 07:00:00,6.93,2.78,76.5
SCOTLAND,2025-03-22 07:30:00,4.43,5.14,89.2
SCOTLAND,2025-03-22 08:00:00,2.06,3.87,43.9
SCOTLAND,2025-03-22 08:30:00,5.0,5.38,51.5
SCOTLAND,2025-03-22 09:00:00,3.91,4.41,37.1
SCOTLAND,2025-03-22 09:30:00,4.94,2.36,73.2
SCOTLAND,2025-03-22 10:00:00,3.16,2.87,46.5
SCOTLAND,2025-03-22 10:30:00,4.38,6.75,75.2
SCOTLAND,2025-03-22 11:00:00,4.48,3.04,75.9
SCOTLAND,2025-03-22 11:30:00,3.66,4.04,49.1
SCOTLAND,2025-03-22 12:00:00,5.26,5.62,48.0
SCOTLAND,2025-03-22 12:30:00,6.64,8.4,70.9
SCOTLAND,2025-03-22 13:00:00,5.85,6.31,40.0
SCOTLAND,2025-03-22 13:30:00,7.78,2.49,99.0
SCOTLAND,2025-03-22 14:00:00,5.61,5.32,31.9
SCOTLAND,2025-03-22 14:30:00,6.21,1.84,34.1
SCOTLAND,2025-03-22 15:00:00,8.43,1.54,46.8
SCOTLAND,2025-03-22 15:30:00,5.97,6.28,78.3
SCOTLAND,2025-03-22 16:00:00,8.99,2.43,84.3
SCOTLAND,2025-03-22 16:30:00,6.52,2.49,47.4
SCOTLAND,2025-03-22 17:00:00,7.09,3.82,44.9
SCOTLAND,2025-03-22 17:30:00,8.16,0.0,64.1
SCOTLAND,2025-03-22 18:00:00,6.89,2.66,48.4
SCOTLAND,2025-03-22 18:30:00,9.33,5.01,57.0
SCOTLAND,2025-03-22 19:00:00,7.54,5.57,92.3
SCOTLAND,2025-03-22 19:30:00,8.37,0.8,47.3
SCOTLAND,2025-03-22 20:00:00,9.14,3.11,44.5
SCOTLAND,2025-03-22 20:30:00,7.39,4.18,32.4
SCOTLAND,2025-03-22 21:00:00,8.36,4.18,51.9
SCOTLAND,2025-03-22 21:30:00,7.15,6.04,36.0
SCOTLAND,2025-03-22 22:00:00,8.41,5.46,62.9
SCOTLAND,2025-03-22 22:30:00,9.68,1.73,45.8
SCOTLAND,2025-03-22 23:00:00,7.33,10.58,69.1
SCOTLAND,2025-03-22 23:30:00,8.72,5.31,61.4
SCOTLAND,2025-03-23 00:00:00,8.76,0.26,65.0
SCOTLAND,2025-03-23 00:30:00,8.02,6.04,39.2
SCOTLAND,2025-03-23 01:00:00,5.72,1.96,69.4
SCOTLAND,2025-03-23 01:30:00,7.67,2.1,94.5
SCOTLAND,2025-03-23 02:00:00,6.85,4.25,56.3
SCOTLAND,2025-03-23 02:30:00,7.62,4.78,94.0
SCOTLAND,2025-03-23 03:00:00,4.53,0.91,46.7
SCOTLAND,2025-03-23 03:30:00,6.65,3.14,82.9
SCOTLAND,2025-03-23 04:00:00,5.03,6.16,45.0
SCOTLAND,2025-03-23 04:30:00,6.92,6.74,49.8
SCOTLAND,2025-03-23 05:00:00,5.68,4.54,69.3
SCOTLAND,2025-03-23 05:30:00,6.63,5.95,69.3
SCOTLAND,2025-03-23 06:00:00,5.57,1.46,59.3
SCOTLAND,2025-03-23 06:30:00,3.45,3.96,80.1
SCOTLAND,2025-03-23 07:00:00,4.56,0.0,41.2
SCOTLAND,2025-03-23 07:30:00,5.27,2.92,74.1
SCOTLAND,2025-03-23 08:00:00,3.05,4.76,67.8
SCOTLAND,2025-03-23 08:30:00,5.45,2.69,74.0
SCOTLAND,2025-03-23 09:00:00,6.38,0.0,60.9
SCOTLAND,2025-03-23 09:30:00,2.4,2.28,46.0
SCOTLAND,2025-03-23 10:00:00,4.69,4.76,76.3
SCOTLAND,2025-03-23 10:30:00,5.09,5.35,40.6
SCOTLAND,2025-03-23 11:00:00,6.36,0.0,87.5
SCOTLAND,2025-03-23 11:30:00,6.71,5.5,100.1
SCOTLAND,2025-03-23 12:00:00,3.34,5.56,62.4
SCOTLAND,2025-03-23 12:30:00,5.8,1.67,67.1
SCOTLAND,2025-03-23 13:00:00,6.4,2.62,58.8
SCOTLAND,2025-03-23 13:30:00,4.41,3.21,77.3
SCOTLAND,2025-03-23 14:00:00,7.68,5.54,77.3
SCOTLAND,2025-03-23 14:30:00,7.67,2.71,66.1
SCOTLAND,2025-03-23 15:00:00,8.33,1.24,35.1
SCOTLAND,2025-03-23 15:30:00,5.29,0.43,41.1
SCOTLAND,2025-03-23 16:00:00,6.87,7.02,52.1
SCOTLAND,2025-03-23 16:30:00,5.68,4.33,56.6
SCOTLAND,2025-03-23 17:00:00,6.98,2.82,79.2
SCOTLAND,2025-03-23 17:30:00,6.23,0.67,68.4
SCOTLAND,2025-03-23 18:00:00,7.5,7.1,57.2
SCOTLAND,2025-03-23 18:30:00,8.12,5.57,29.9
SCOTLAND,2025-03-23 19:00:00,8.84,3.27,78.5
SCOTLAND,2025-03-23 19:30:00,7.66,4.35,53.5
SCOTLAND,2025-03-23 20:00:00,9.0,3.5,64.7
SCOTLAND,2025-03-23 20:30:00,10.61,3.43,67.2
SCOTLAND,2025-03-23 21:00:00,11.18,4.78,16.2
SCOTLAND,2025-03-23 21:30:00,7.64,1.59,76.6
SCOTLAND,2025-03-23 22:00:00,8.12,6.13,71.0
SCOTLAND,2025-03-23 22:30:00,8.96,1.55,69.1
SCOTLAND,2025-03-23 23:00:00,9.56,1.11,54.3
SCOTLAND,2025-03-23 23:30:00,8.34,4.2,85.9
SCOTLAND,2025-03-24 00:00:00,8.41,4.81,74.7
SCOTLAND,2025-03-24 00:30:00,8.45,4.08,53.6
SCOTLAND,2025-03-24 01:00:00,8.24,2.51,58.7
SCOTLAND,2025-03-24 01:30:00,5.67,5.46,82.2
SCOTLAND,2025-03-24 02:00:00,5.41,3.69,51.4
SCOTLAND,2025-03-24 02:30:00,7.83,6.83,51.4
SCOTLAND,2025-03-24 03:00:00,2.31,6.31,60.8
SCOTLAND,2025-03-24 03:30:00,6.08,5.93,53.4
SCOTLAND,2025-03-24 04:00:00,4.78,3.29,68.8
SCOTLAND,2025-03-24 04:30:00,6.59,7.27,67.3
SCOTLAND,2025-03-24 05:00:00,4.95,5.77,42.5
SCOTLAND,2025-03-24 05:30:00,6.83,4.42,55.9
SCOTLAND,2025-03-24 06:00:00,3.64,5.25,54.9
SCOTLAND,2025-03-24 06:30:00,4.69,0.66,52.2
SCOTLAND,2025-03-24 07:00:00,3.92,4.84,55.2
SCOTLAND,2025-03-24 07:30:00,1.43,3.17,33.8
SCOTLAND,2025-03-24 08:00:00,3.28,6.01,29.6
SCOTLAND,2025-03-24 08:30:00,4.89,2.99,47.4
SCOTLAND,2025-03-24 09:00:00,3.43,4.64,67.8
SCOTLAND,2025-03-24 09:30:00,2.53,6.3,38.6
SCOTLAND,2025-03-24 10:00:00,5.27,1.64,51.7
SCOTLAND,2025-03-24 10:30:00,3.27,2.94,56.4
SCOTLAND,2025-03-24 11:00:00,3.74,4.63,68.0
SCOTLAND,2025-03-24 11:30:00,8.37,5.86,81.2
SCOTLAND,2025-03-24 12:00:00,3.41,0.08,54.7
SCOTLAND,2025-03-24 12:30:00,7.68,8.95,47.6
SCOTLAND,2025-03-24 13:00:00,5.32,5.09,56.5
SCOTLAND,2025-03-24 13:30:00,5.81,5.27,108.9
SCOTLAND,2025-03-24 14:00:00,8.1,7.74,26.8
SCOTLAND,2025-03-24 14:30:00,7.83,2.1,90.2
SCOTLAND,2025-03-24 15:00:00,8.68,5.21,46.6
SCOTLAND,2025-03-24 15:30:00,6.47,3.19,73.7
SCOTLAND,2025-03-24 16:00:00,8.02,6.84,89.0
SCOTLAND,2025-03-24 16:30:00,6.52,4.95,68.3
SCOTLAND,2025-03-24 17:00:00,7.84,5.88,68.8
SCOTLAND,2025-03-24 17:30:00,7.26,3.72,53.7
SCOTLAND,2025-03-24 18:00:00,7.4,3.83,36.7
SCOTLAND,2025-03-24 18:30:00,8.84,6.81,60.9
SCOTLAND,2025-03-24 19:00:00,9.6,4.31,41.6
SCOTLAND,2025-03-24 19:30:00,10.88,0.0,60.2
SCOTLAND,2025-03-24 20:00:00,7.61,7.16,63.9
SCOTLAND,2025-03-24 20:30:00,11.6,4.07,46.3
SCOTLAND,2025-03-24 21:00:00,6.42,6.21,45.0
SCOTLAND,2025-03-24 21:30:00,7.96,6.46,79.0
SCOTLAND,2025-03-24 22:00:00,7.54,3.09,28.4
SCOTLAND,2025-03-24 22:30:00,5.8,5.53,75.7
SCOTLAND,2025-03-24 23:00:00,8.38,4.37,47.3
SCOTLAND,2025-03-24 23:30:00,9.71,0.43,51.6
SCOTLAND,2025-03-25 00:00:00,7.76,4.0,60.0
SCOTLAND,2025-03-25 00:30:00,6.94,5.08,38.1
SCOTLAND,2025-03-25 01:00:00,6.91,4.86,54.0
SCOTLAND,2025-03-25 01:30:00,7.09,4.43,28.3
SCOTLAND,2025-03-25 02:00:00,4.57,4.27,49.0
SCOTLAND,2025-03-25 02:30:00,5.91,5.14,42.2
SCOTLAND,2025-03-25 03:00:00,3.15,7.31,81.8
SCOTLAND,2025-03-25 03:30:00,7.49,1.76,58.6
SCOTLAND,2025-03-25 04:00:00,4.05,3.88,53.7
SCOTLAND,2025-03-25 04:30:00,4.27,5.01,55.3
SCOTLAND,2025-03-25 05:00:00,7.22,4.17,14.1
SCOTLAND,2025-03-25 05:30:00,2.98,8.19,53.5
SCOTLAND,2025-03-25 06:00:00,5.12,4.02,85.5
SCOTLAND,2025-03-25 06:30:00,2.55,6.66,82.7
SCOTLAND,2025-03-25 07:00:00,4.64,4.83,53.3
SCOTLAND,2025-03-25 07:30:00,2.61,5.16,64.4
SCOTLAND,2025-03-25 08:00:00,4.89,4.96,49.1
SCOTLAND,2025-03-25 08:30:00,6.36,4.02,69.8
SCOTLAND,2025-03-25 09:00:00,4.31,6.1,61.9
SCOTLAND,2025-03-25 09:30:00,4.53,6.41,29.0
SCOTLAND,2025-03-25 10:00:00,4.5,2.77,66.7
SCOTLAND,2025-03-25 10:30:00,5.21,3.98,47.1
SCOTLAND,2025-03-25 11:00:00,5.12,4.65,56.8
SCOTLAND,2025-03-25 11:30:00,6.48,5.22,60.3
SCOTLAND,2025-03-25 12:00:00,2.75,3.56,71.3
SCOTLAND,2025-03-25 12:30:00,5.23,4.61,56.0
SCOTLAND,2025-03-25 13:00:00,6.33,6.8,74.2
SCOTLAND,2025-03-25 13:30:00,4.5,0.68,68.0
SCOTLAND,2025-03-25 14:00:00,7.97,0.68,56.2
SCOTLAND,2025-03-25 14:30:00,9.42,3.46,105.5
SCOTLAND,2025-03-25 15:00:00,6.1,2.71,47.3
SCOTLAND,2025-03-25 15:30:00,5.55,0.62,56.0
SCOTLAND,2025-03-25 16:00:00,7.74,2.57,51.4
SCOTLAND,2025-03-25 16:30:00,9.3,5.94,55.3
SCOTLAND,2025-03-25 17:00:00,8.5,0.73,64.9
SCOTLAND,2025-03-25 17:30:00,7.91,3.25,60.6
SCOTLAND,2025-03-25 18:00:00,8.15,1.37,90.2
SCOTLAND,2025-03-25 18:30:00,9.44,3.22,28.3
SCOTLAND,2025-03-25 19:00:00,5.55,8.01,56.9
SCOTLAND,2025-03-25 19:30:00,9.42,2.1,54.5
SCOTLAND,2025-03-25 20:00:00,8.26,4.48,61.6
SCOTLAND,2025-03-25 20:30:00,7.46,2.13,58.5
SCOTLAND,2025-03-25 21:00:00,6.39,2.35,57.2
SCOTLAND,2025-03-25 21:30:00,8.98,7.01,51.4
SCOTLAND,2025-03-25 22:00:00,8.34,0.27,66.0
SCOTLAND,2025-03-25 22:30:00,7.21,3.38,68.6
SCOTLAND,2025-03-25 23:00:00,8.6,1.09,74.4
SCOTLAND,2025-03-25 23:30:00,7.94,6.53,86.3
SCOTLAND,2025-03-26 00:00:00,9.53,1.15,67.2
SCOTLAND,2025-03-26 00:30:00,5.71,6.6,86.0
SCOTLAND,2025-03-26 01:00:00,8.29,3.15,69.8
SCOTLAND,2025-03-26 01:30:00,6.45,4.03,58.3
SCOTLAND,2025-03-26 02:00:00,4.2,2.38,100.9
SCOTLAND,2025-03-26 02:30:00,6.49,4.32,59.8
SCOTLAND,2025-03-26 03:00:00,5.59,4.07,52.7
SCOTLAND,2025-03-26 03:30:00,3.34,5.57,89.0
SCOTLAND,2025-03-26 04:00:00,4.2,3.17,87.0
SCOTLAND,2025-03-26 04:30:00,4.67,4.78,137.9
SCOTLAND,2025-03-26 05:00:00,5.94,4.14,75.9
SCOTLAND,2025-03-26 05:30:00,6.12,2.68,28.7
SCOTLAND,2025-03-26 06:00:00,5.58,5.49,54.6
SCOTLAND,2025-03-26 06:30:00,6.84,6.89,73.9
SCOTLAND,2025-03-26 07:00:00,4.33,0.0,56.9
SCOTLAND,2025-03-26 07:30:00,2.46,0.0,71.6
SCOTLAND,2025-03-26 08:00:00,6.01,0.1,55.4
SCOTLAND,2025-03-26 08:30:00,4.58,3.42,35.2
SCOTLAND,2025-03-26 09:00:00,6.26,1.3,24.9
SCOTLAND,2025-03-26 09:30:00,3.02,4.96,55.2
SCOTLAND,2025-03-26 10:00:00,3.94,5.06,66.0
SCOTLAND,2025-03-26 10:30:00,2.1,5.04,81.3
SCOTLAND,2025-03-26 11:00:00,5.04,3.53,94.1
SCOTLAND,2025-03-26 11:30:00,4.33,3.67,66.0
SCOTLAND,2025-03-26 12:00:00,5.66,3.46,61.6
SCOTLAND,2025-03-26 12:30:00,7.48,5.62,58.7
SCOTLAND,2025-03-26 13:00:00,5.04,2.54,77.1
SCOTLAND,2025-03-26 13:30:00,4.17,8.81,59.4
SCOTLAND,2025-03-26 14:00:00,4.94,4.36,45.6
SCOTLAND,2025-03-26 14:30:00,6.1,0.98,55.7
SCOTLAND,2025-03-26 15:00:00,4.57,2.8,45.1
SCOTLAND,2025-03-26 15:30:00,6.51,2.47,60.6
SCOTLAND,2025-03-26 16:00:00,8.66,4.72,83.4
SCOTLAND,2025-03-26 16:30:00,7.0,4.65,66.6
SCOTLAND,2025-03-26 17:00:00,9.39,2.54,74.2
SCOTLAND,2025-03-26 17:30:00,6.98,2.86,53.5
SCOTLAND,2025-03-26 18:00:00,8.87,1.83,42.9
SCOTLAND,2025-03-26 18:30:00,7.56,4.1,43.1
SCOTLAND,2025-03-26 19:00:00,8.85,3.28,71.8
SCOTLAND,2025-03-26 19:30:00,8.61,7.5,62.2
SCOTLAND,2025-03-26 20:00:00,7.14,3.57,60.4
SCOTLAND,2025-03-26 20:30:00,7.51,7.03,54.4
SCOTLAND,2025-03-26 21:00:00,7.76,4.36,43.7
SCOTLAND,2025-03-26 21:30:00,9.69,5.53,62.4
SCOTLAND,2025-03-26 22:00:00,9.04,3.0,33.0
SCOTLAND,2025-03-26 22:30:00,7.94,3.0,23.3
SCOTLAND,2025-03-26 23:00:00,6.74,1.54,41.0
SCOTLAND,2025-03-26 23:30:00,9.61,5.02,77.4
SCOTLAND,2025-03-27 00:00:00,8.24,6.17,60.5
SCOTLAND,2025-03-27 00:30:00,9.45,1.54,58.8
SCOTLAND,2025-03-27 01:00:00,5.92,6.48,67.6
SCOTLAND,2025-03-27 01:30:00,8.57,1.19,49.2
SCOTLAND,2025-03-27 02:00:00,4.49,4.72,52.3
SCOTLAND,2025-03-27 02:30:00,7.53,4.06,21.7
SCOTLAND,2025-03-27 03:00:00,4.12,4.16,68.4
SCOTLAND,2025-03-27 03:30:00,3.45,3.83,41.7
SCOTLAND,2025-03-27 04:00:00,4.3,2.69,62.2
SCOTLAND,2025-03-27 04:30:00,4.78,0.03,62.1
SCOTLAND,2025-03-27 05:00:00,4.79,2.12,54.5
SCOTLAND,2025-03-27 05:30:00,4.8,4.09,55.5
SCOTLAND,2025-03-27 06:00:00,5.09,3.9,74.8
SCOTLAND,2025-03-27 06:30:00,6.8,3.97,48.8
SCOTLAND,2025-03-27 07:00:00,2.97,5.29,43.8
SCOTLAND,2025-03-27 07:30:00,7.51,9.56,56.2
SCOTLAND,2025-03-27 08:00:00,2.63,5.31,97.8
SCOTLAND,2025-03-27 08:30:00,3.05,7.8,26.7
SCOTLAND,2025-03-27 09:00:00,2.95,4.62,78.3
SCOTLAND,2025-03-27 09:30:00,4.62,4.9,79.9
SCOTLAND,2025-03-27 10:00:00,6.36,2.76,44.5
SCOTLAND,2025-03-27 10:30:00,6.16,4.91,70.6
SCOTLAND,2025-03-27 11:00:00,4.42,5.28,40.3
SCOTLAND,2025-03-27 11:30:00,5.51,4.22,62.1
SCOTLAND,2025-03-27 12:00:00,6.57,1.96,72.2
SCOTLAND,2025-03-27 12:30:00,5.65,2.42,36.2
SCOTLAND,2025-03-27 13:00:00,8.38,3.86,53.6
SCOTLAND,2025-03-27 13:30:00,4.74,6.18,78.2
SCOTLAND,2025-03-27 14:00:00,7.61,3.88,73.5
SCOTLAND,2025-03-27 14:30:00,5.64,4.44,59.0
SCOTLAND,2025-03-27 15:00:00,7.47,0.37,93.7
SCOTLAND,2025-03-27 15:30:00,9.09,1.7,70.4
SCOTLAND,2025-03-27 16:00:00,5.84,4.17,20.5
SCOTLAND,2025-03-27 16:30:00,7.28,3.02,80.8
SCOTLAND,2025-03-27 17:00:00,10.04,7.38,80.8
SCOTLAND,2025-03-27 17:30:00,8.14,4.78,66.9
SCOTLAND,2025-03-27 18:00:00,6.94,6.29,72.4
SCOTLAND,2025-03-27 18:30:00,9.24,0.0,68.1
SCOTLAND,2025-03-27 19:00:00,9.77,3.97,51.0
SCOTLAND,2025-03-27 19:30:00,6.93,1.13,62.8
SCOTLAND,2025-03-27 20:00:00,8.35,3.5,87.5
SCOTLAND,2025-03-27 20:30:00,7.12,3.31,90.5
SCOTLAND,2025-03-27 21:00:00,8.19,4.13,56.8
SCOTLAND,2025-03-27 21:30:00,9.41,0.0,56.3
SCOTLAND,2025-03-27 22:00:00,8.43,2.0,66.2
SCOTLAND,2025-03-27 22:30:00,9.3,4.9,92.0
SCOTLAND,2025-03-27 23:00:00,7.52,5.0,68.6
SCOTLAND,2025-03-27 23:30:00,7.76,6.27,65.2
SCOTLAND,2025-03-28 00:00:00,6.22,5.5,51.0
SCOTLAND,2025-03-28 00:30:00,7.27,3.5,73.2
SCOTLAND,2025-03-28 01:00:00,8.47,3.68,56.1
SCOTLAND,2025-03-28 01:30:00,4.72,2.58,43.0
SCOTLAND,2025-03-28 02:00:00,7.03,3.79,43.6
SCOTLAND,2025-03-28 02:30:00,6.84,3.86,14.3
SCOTLAND,2025-03-28 03:00:00,7.47,6.02,55.7
SCOTLAND,2025-03-28 03:30:00,6.56,3.35,31.1
SCOTLAND,2025-03-28 04:00:00,8.25,5.5,76.9
SCOTLAND,2025-03-28 04:30:00,5.32,6.25,35.3
SCOTLAND,2025-03-28 05:00:00,4.95,5.48,48.7
SCOTLAND,2025-03-28 05:30:00,6.34,4.61,63.8
SCOTLAND,2025-03-28 06:00:00,4.06,4.81,94.8
SCOTLAND,2025-03-28 06:30:00,5.13,5.11,72.7
SCOTLAND,2025-03-28 07:00:00,3.35,3.73,57.1
SCOTLAND,2025-03-28 07:30:00,2.17,5.58,43.2
SCOTLAND,2025-03-28 08:00:00,5.47,2.48,96.8
SCOTLAND,2025-03-28 08:30:00,4.32,7.84,56.9
SCOTLAND,2025-03-28 09:00:00,4.66,7.13,43.5
SCOTLAND,2025-03-28 09:30:00,4.78,5.08,67.3
SCOTLAND,2025-03-28 10:00:00,4.98,3.81,75.2
SCOTLAND,2025-03-28 10:30:00,5.14,5.93,67.1
SCOTLAND,2025-03-28 11:00:00,6.02,6.27,54.4
SCOTLAND,2025-03-28 11:30:00,6.57,3.69,34.8
SCOTLAND,2025-03-28 12:00:00,5.26,2.55,66.8
SCOTLAND,2025-03-28 12:30:00,5.31,4.26,78.3
SCOTLAND,2025-03-28 13:00:00,7.92,4.59,79.5
SCOTLAND,2025-03-28 13:30:00,5.93,0.87,38.8
SCOTLAND,2025-03-28 14:00:00,6.42,5.59,56.5
SCOTLAND,2025-03-28 14:30:00,8.08,7.66,44.0
SCOTLAND,2025-03-28 15:00:00,9.72,0.73,93.3
SCOTLAND,2025-03-28 15:30:00,7.13,3.53,59.9
SCOTLAND,2025-03-28 16:00:00,6.7,7.0,47.5
SCOTLAND,2025-03-28 16:30:00,6.98,1.24,46.8
SCOTLAND,2025-03-28 17:00:00,7.23,2.47,56.8
SCOTLAND,2025-03-28 17:30:00,6.73,7.19,57.2
SCOTLAND,2025-03-28 18:00:00,8.84,5.72,96.4
SCOTLAND,2025-03-28 18:30:00,9.48,3.5,40.7
SCOTLAND,2025-03-28 19:00:00,8.99,6.12,62.6
SCOTLAND,2025-03-28 19:30:00,8.67,4.43,26.3
SCOTLAND,2025-03-28 20:00:00,8.83,5.46,59.2
SCOTLAND,2025-03-28 20:30:00,10.0,6.31,50.9
SCOTLAND,2025-03-28 21:00:00,9.12,4.09,23.5
SCOTLAND,2025-03-28 21:30:00,8.36,1.94,62.4
SCOTLAND,2025-03-28 22:00:00,9.21,3.56,43.8
SCOTLAND,2025-03-28 22:30:00,8.67,8.89,20.9
SCOTLAND,2025-03-28 23:00:00,8.35,2.91,52.3
SCOTLAND,2025-03-28 23:30:00,7.95,3.31,70.8
SCOTLAND,2025-03-29 00:00:00,7.39,0.0,83.0
SCOTLAND,2025-03-29 00:30:00,9.04,2.79,60.9
SCOTLAND,2025-03-29 01:00:00,8.66,6.07,84.4
SCOTLAND,2025-03-29 01:30:00,7.65,5.54,85.4
SCOTLAND,2025-03-29 02:00:00,6.27,4.88,21.4
SCOTLAND,2025-03-29 02:30:00,4.79,5.0,71.7
SCOTLAND,2025-03-29 03:00:00,5.7,2.79,53.6
SCOTLAND,2025-03-29 03:30:00,6.4,0.0,68.4
SCOTLAND,2025-03-29 04:00:00,5.72,4.49,57.8
SCOTLAND,2025-03-29 04:30:00,4.02,1.8,87.4
SCOTLAND,2025-03-29 05:00:00,4.5,5.62,40.5
SCOTLAND,2025-03-29 05:30:00,5.25,3.12,54.8
SCOTLAND,2025-03-29 06:00:00,4.54,6.89,94.7
SCOTLAND,2025-03-29 06:30:00,5.24,3.17,36.1
SCOTLAND,2025-03-29 07:00:00,3.07,6.9,33.6
SCOTLAND,2025-03-29 07:30:00,4.22,4.31,13.2
SCOTLAND,2025-03-29 08:00:00,3.18,1.32,48.0
SCOTLAND,2025-03-29 08:30:00,4.99,6.06,48.1
SCOTLAND,2025-03-29 09:00:00,4.2,3.76,45.5
SCOTLAND,2025-03-29 09:30:00,5.25,4.9,11.0
SCOTLAND,2025-03-29 10:00:00,5.72,4.25,64.7
SCOTLAND,2025-03-29 10:30:00,6.37,0.43,37.4
SCOTLAND,2025-03-29 11:00:00,5.19,0.0,56.2
SCOTLAND,2025-03-29 11:30:00,6.28,4.79,61.4
SCOTLAND,2025-03-29 12:00:00,5.4,3.14,51.3
SCOTLAND,2025-03-29 12:30:00,5.96,0.9,86.3
SCOTLAND,2025-03-29 13:00:00,5.28,5.12,61.4
SCOTLAND,2025-03-29 13:30:00,4.78,6.59,79.5
SCOTLAND,2025-03-29 14:00:00,4.8,3.85,63.7
SCOTLAND,2025-03-29 14:30:00,4.2,0.0,45.0
SCOTLAND,2025-03-29 15:00:00,5.63,1.91,36.4
SCOTLAND,2025-03-29 15:30:00,7.05,2.22,80.1
SCOTLAND,2025-03-29 16:00:00,7.9,5.59,29.6
SCOTLAND,2025-03-29 16:30:00,6.93,4.27,68.2
SCOTLAND,2025-03-29 17:00:00,7.32,3.0,53.0
SCOTLAND,2025-03-29 17:30:00,7.74,8.33,65.6
SCOTLAND,2025-03-29 18:00:00,8.46,1.48,37.8
SCOTLAND,2025-03-29 18:30:00,8.16,6.26,56.4
SCOTLAND,2025-03-29 19:00:00,8.43,2.51,28.6
SCOTLAND,2025-03-29 19:30:00,9.14,3.49,68.0
SCOTLAND,2025-03-29 20:00:00,8.87,2.07,64.1
SCOTLAND,2025-03-29 20:30:00,7.13,4.44,58.9
SCOTLAND,2025-03-29 21:00:00,10.46,2.27,36.1
SCOTLAND,2025-03-29 21:30:00,8.12,5.22,9.6
SCOTLAND,2025-03-29 22:00:00,9.47,3.58,39.4
SCOTLAND,2025-03-29 22:30:00,7.97,2.52,37.9
SCOTLAND,2025-03-29 23:00:00,5.77,5.46,49.9
SCOTLAND,2025-03-29 23:30:00,7.63,5.69,61.0
SCOTLAND,2025-03-30 00:00:00,5.84,5.35,86.7
SCOTLAND,2025-03-30 00:30:00,8.31,2.27,33.5
SCOTLAND,2025-03-30 01:00:00,6.15,4.21,85.7
SCOTLAND,2025-03-30 01:30:00,6.32,2.7,78.4
SCOTLAND,2025-03-30 02:00:00,6.19,7.43,57.3
SCOTLAND,2025-03-30 02:30:00,8.11,4.77,72.7
SCOTLAND,2025-03-30 03:00:00,5.98,3.78,67.5
SCOTLAND,2025-03-30 03:30:00,7.15,5.05,28.2
SCOTLAND,2025-03-30 04:00:00,6.02,2.69,50.2
SCOTLAND,2025-03-30 04:30:00,6.26,7.4,55.8
SCOTLAND,2025-03-30 05:00:00,7.66,1.81,82.2
SCOTLAND,2025-03-30 05:30:00,5.81,4.42,84.9
SCOTLAND,2025-03-30 06:00:00,4.21,6.56,56.3
SCOTLAND,2025-03-30 06:30:00,4.21,1.35,88.5
SCOTLAND,2025-03-30 07:00:00,6.15,3.04,69.8
SCOTLAND,2025-03-30 07:30:00,4.93,3.29,77.4
SCOTLAND,2025-03-30 08:00:00,3.96,0.0,64.7
SCOTLAND,2025-03-30 08:30:00,4.79,2.81,43.9
SCOTLAND,2025-03-30 09:00:00,2.91,3.27,44.2
SCOTLAND,2025-03-30 09:30:00,5.94,5.03,51.3
SCOTLAND,2025-03-30 10:00:00,5.61,3.79,55.1
SCOTLAND,2025-03-30 10:30:00,4.91,7.54,71.6
SCOTLAND,2025-03-30 11:00:00,4.94,5.79,75.4
SCOTLAND,2025-03-30 11:30:00,5.61,3.34,52.9
SCOTLAND,2025-03-30 12:00:00,4.42,4.36,49.0
SCOTLAND,2025-03-30 12:30:00,5.19,5.25,90.4
SCOTLAND,2025-03-30 13:00:00,6.64,3.79,59.7
SCOTLAND,2025-03-30 13:30:00,7.56,4.78,63.5
SCOTLAND,2025-03-30 14:00:00,7.03,1.14,67.0
SCOTLAND,2025-03-30 14:30:00,5.66,4.79,46.8
SCOTLAND,2025-03-30 15:00:00,7.94,3.69,39.4
SCOTLAND,2025-03-30 15:30:00,6.88,8.41,19.1
SCOTLAND,2025-03-30 16:00:00,7.91,1.98,84.8
SCOTLAND,2025-03-30 16:30:00,8.69,4.37,76.5
SCOTLAND,2025-03-30 17:00:00,8.42,4.01,49.2
SCOTLAND,2025-03-30 17:30:00,7.69,3.07,60.2
SCOTLAND,2025-03-30 18:00:00,6.17,6.06,95.0
SCOTLAND,2025-03-30 18:30:00,7.92,6.35,57.6
SCOTLAND,2025-03-30 19:00:00,7.92,3.24,61.5
SCOTLAND,2025-03-30 19:30:00,7.78,5.21,50.7
SCOTLAND,2025-03-30 20:00:00,7.42,3.96,47.5
SCOTLAND,2025-03-30 20:30:00,8.32,3.89,35.9
SCOTLAND,2025-03-30 21:00:00,10.39,5.63,48.7
SCOTLAND,2025-03-30 21:30:00,8.62,5.27,63.8
SCOTLAND,2025-03-30 22:00:00,10.7,3.52,81.4
SCOTLAND,2025-03-30 22:30:00,6.84,1.64,90.3
SCOTLAND,2025-03-30 23:00:00,7.61,1.67,59.1
SCOTLAND,2025-03-30 23:30:00,9.64,2.47,59.2
SCOTLAND,2025-03-31 00:00:00,5.51,3.06,77.9
SCOTLAND,2025-03-31 00:30:00,6.79,1.46,46.0
SCOTLAND,2025-03-31 01:00:00,6.52,5.53,66.8
SCOTLAND,2025-03-31 01:30:00,7.94,4.06,48.8
SCOTLAND,2025-03-31 02:00:00,5.8,4.86,88.6
SCOTLAND,2025-03-31 02:30:00,5.61,1.96,39.6
SCOTLAND,2025-03-31 03:00:00,7.22,3.92,70.0
SCOTLAND,2025-03-31 03:30:00,5.61,5.24,54.8
SCOTLAND,2025-03-31 04:00:00,3.88,5.85,59.3
SCOTLAND,2025-03-31 04:30:00,5.36,4.56,34.0
SCOTLAND,2025-03-31 05:00:00,5.84,2.81,57.2
SCOTLAND,2025-03-31 05:30:00,6.69,5.28,56.8
SCOTLAND,2025-03-31 06:00:00,4.88,0.0,45.2
SCOTLAND,2025-03-31 06:30:00,5.2,2.47,36.1
SCOTLAND,2025-03-31 07:00:00,5.38,6.61,47.0
SCOTLAND,2025-03-31 07:30:00,5.85,5.45,42.4
SCOTLAND,2025-03-31 08:00:00,3.86,7.61,39.9
SCOTLAND,2025-03-31 08:30:00,4.0,7.93,49.8
SCOTLAND,2025-03-31 09:00:00,6.43,1.96,62.5
SCOTLAND,2025-03-31 09:30:00,6.11,3.07,61.8
SCOTLAND,2025-03-31 10:00:00,5.9,2.2,100.3
SCOTLAND,2025-03-31 10:30:00,6.25,3.29,55.8
SCOTLAND,2025-03-31 11:00:00,7.62,3.29,51.5
SCOTLAND,2025-03-31 11:30:00,6.7,1.2,58.6
SCOTLAND,2025-03-31 12:00:00,5.84,2.59,31.8
SCOTLAND,2025-03-31 12:30:00,5.82,5.38,47.8
SCOTLAND,2025-03-31 13:00:00,4.8,6.51,69.5
SCOTLAND,2025-03-31 13:30:00,5.78,5.84,64.4
SCOTLAND,2025-03-31 14:00:00,8.88,5.33,35.0
SCOTLAND,2025-03-31 14:30:00,5.94,2.78,65.6
SCOTLAND,2025-03-31 15:00:00,6.89,1.75,70.6
SCOTLAND,2025-03-31 15:30:00,8.45,3.79,63.8
SCOTLAND,2025-03-31 16:00:00,6.57,2.95,51.3
SCOTLAND,2025-03-31 16:30:00,8.41,4.51,54.1
SCOTLAND,2025-03-31 17:00:00,7.71,0.06,88.9
SCOTLAND,2025-03-31 17:30:00,5.65,4.84,60.7
SCOTLAND,2025-03-31 18:00:00,8.15,3.98,48.1
SCOTLAND,2025-03-31 18:30:00,9.25,1.37,65.9
SCOTLAND,2025-03-31 19:00:00,7.85,3.15,52.8
SCOTLAND,2025-03-31 19:30:00,8.47,5.0,59.4
SCOTLAND,2025-03-31 20:00:00,9.85,6.09,65.6
SCOTLAND,2025-03-31 20:30:00,9.55,8.05,34.6
SCOTLAND,2025-03-31 21:00:00,9.96,7.09,67.8
SCOTLAND,2025-03-31 21:30:00,10.95,7.55,53.9
SCOTLAND,2025-03-31 22:00:00,8.15,5.06,48.8
SCOTLAND,2025-03-31 22:30:00,11.72,5.58,60.8
SCOTLAND,2025-03-31 23:00:00,6.46,4.5,38.7
SCOTLAND,2025-03-31 23:30:00,9.06,0.0,84.9
SOUTH,2025-01-01 00:00:00,7.96,4.33,57.5
SOUTH,2025-01-01 00:30:00,9.74,2.57,54.2
SOUTH,2025-01-01 01:00:00,5.75,5.45,49.5
SOUTH,2025-01-01 01:30:00,6.67,2.97,61.1
SOUTH,2025-01-01 02:00:00,5.21,0.0,68.2
SOUTH,2025-01-01 02:30:00,4.18,5.71,88.1
SOUTH,2025-01-01 03:00:00,6.0,6.6,59.6
SOUTH,2025-01-01 03:30:00,8.12,3.09,17.4
SOUTH,2025-01-01 04:00:00,5.62,7.42,69.6
SOUTH,2025-01-01 04:30:00,5.1,4.66,77.5
SOUTH,2025-01-01 05:00:00,5.2,9.25,50.7
SOUTH,2025-01-01 05:30:00,6.5,5.52,47.4
SOUTH,2025-01-01 06:00:00,4.47,6.04,62.6
SOUTH,2025-01-01 06:30:00,5.39,0.73,71.8
SOUTH,2025-01-01 07:00:00,5.13,3.87,66.5
SOUTH,2025-01-01 07:30:00,4.29,2.82,55.6
SOUTH,2025-01-01 08:00:00,4.16,8.36,76.4
SOUTH,2025-01-01 08:30:00,3.55,8.07,52.2
SOUTH,2025-01-01 09:00:00,4.82,5.79,24.5
SOUTH,2025-01-01 09:30:00,4.5,2.85,63.7
SOUTH,2025-01-01 10:00:00,5.43,3.85,57.8
SOUTH,2025-01-01 10:30:00,6.26,4.6,60.7
SOUTH,2025-01-01 11:00:00,5.48,7.67,63.1
SOUTH,2025-01-01 11:30:00,4.68,0.18,34.2
SOUTH,2025-01-01 12:00:00,5.15,3.78,50.0
SOUTH,2025-01-01 12:30:00,6.14,2.86,43.5
SOUTH,2025-01-01 13:00:00,6.93,6.74,40.1
SOUTH,2025-01-01 13:30:00,6.49,0.19,33.5
SOUTH,2025-01-01 14:00:00,6.01,6.27,46.0
SOUTH,2025-01-01 14:30:00,5.74,4.07,60.7
SOUTH,2025-01-01 15:00:00,6.29,7.97,55.2
SOUTH,2025-01-01 15:30:00,7.37,3.2,67.9
SOUTH,2025-01-01 16:00:00,9.2,7.33,46.3
SOUTH,2025-01-01 16:30:00,9.04,5.1,77.5
SOUTH,2025-01-01 17:00:00,8.02,3.63,76.8
SOUTH,2025-01-01 17:30:00,9.27,7.13,63.6
SOUTH,2025-01-01 18:00:00,8.32,0.0,31.0
SOUTH,2025-01-01 18:30:00,7.97,1.8,74.7
SOUTH,2025-01-01 19:00:00,7.07,3.0,51.7
SOUTH,2025-01-01 19:30:00,10.09,2.78,68.1
SOUTH,2025-01-01 20:00:00,8.95,5.81,75.3
SOUTH,2025-01-01 20:30:00,8.67,0.61,55.8
SOUTH,2025-01-01 21:00:00,8.62,4.57,46.7
SOUTH,2025-01-01 21:30:00,10.02,4.03,43.4
SOUTH,2025-01-01 22:00:00,7.9,7.86,72.0
SOUTH,2025-01-01 22:30:00,9.71,1.92,47.6
SOUTH,2025-01-01 23:00:00,7.31,4.37,56.9
SOUTH,2025-01-01 23:30:00,7.54,3.27,45.7
SOUTH,2025-01-02 00:00:00,7.56,6.23,32.8
SOUTH,2025-01-02 00:30:00,8.2,6.76,56.7
SOUTH,2025-01-02 01:00:00,6.66,5.85,42.3
SOUTH,2025-01-02 01:30:00,7.27,1.92,26.3
SOUTH,2025-01-02 02:00:00,6.6,1.47,59.8
SOUTH,2025-01-02 02:30:00,8.12,7.71,61.7
SOUTH,2025-01-02 03:00:00,7.49,4.8,53.1
SOUTH,2025-01-02 03:30:00,3.95,7.25,41.1
SOUTH,2025-01-02 04:00:00,7.44,5.07,42.4
SOUTH,2025-01-02 04:30:00,6.15,8.27,87.6
SOUTH,2025-01-02 05:00:00,4.75,2.58,61.8
SOUTH,2025-01-02 05:30:00,5.17,6.4,73.3
SOUTH,2025-01-02 06:00:00,3.02,4.92,56.8
SOUTH,2025-01-02 06:30:00,5.09,4.5,81.6
SOUTH,2025-01-02 07:00:00,6.02,2.5,58.9
SOUTH,2025-01-02 07:30:00,4.31,0.64,58.0
SOUTH,2025-01-02 08:00:00,6.99,0.58,59.6
SOUTH,2025-01-02 08:30:00,4.71,4.58,42.7
SOUTH,2025-01-02 09:00:00,3.14,1.24,84.0
SOUTH,2025-01-02 09:30:00,3.67,3.0,97.9
SOUTH,2025-01-02 10:00:00,4.17,4.68,79.1
SOUTH,2025-01-02 10:30:00,6.27,1.34,47.2
SOUTH,2025-01-02 11:00:00,5.73,7.86,46.3
SOUTH,2025-01-02 11:30:00,4.77,4.84,71.2
SOUTH,2025-01-02 12:00:00,6.6,2.31,50.4
SOUTH,2025-01-02 12:30:00,6.04,6.52,55.7
SOUTH,2025-01-02 13:00:00,6.24,1.95,93.5
SOUTH,2025-01-02 13:30:00,6.45,6.16,60.5
SOUTH,2025-01-02 14:00:00,6.88,1.0,21.3
SOUTH,2025-01-02 14:30:00,8.28,4.16,63.7
SOUTH,2025-01-02 15:00:00,5.8,2.19,79.1
SOUTH,2025-01-02 15:30:00,9.39,2.76,72.1
SOUTH,2025-01-02 16:00:00,8.01,3.76,93.3
SOUTH,2025-01-02 16:30:00,7.24,6.48,66.9
SOUTH,2025-01-02 17:00:00,8.17,6.74,65.2
SOUTH,2025-01-02 17:30:00,8.08,6.76,82.5
SOUTH,2025-01-02 18:00:00,9.95,0.0,67.9
SOUTH,2025-01-02 18:30:00,8.77,3.93,71.0
SOUTH,2025-01-02 19:00:00,9.02,5.36,55.2
SOUTH,2025-01-02 19:30:00,10.51,5.56,69.8
SOUTH,2025-01-02 20:00:00,9.37,6.31,78.4
SOUTH,2025-01-02 20:30:00,8.64,5.98,63.1
SOUTH,2025-01-02 21:00:00,11.01,6.2,48.7
SOUTH,2025-01-02 21:30:00,11.51,0.0,71.5
SOUTH,2025-01-02 22:00:00,7.68,7.76,64.6
SOUTH,2025-01-02 22:30:00,7.56,3.47,47.1
SOUTH,2025-01-02 23:00:00,7.83,3.34,46.5
SOUTH,2025-01-02 23:30:00,8.52,4.78,42.1
SOUTH,2025-01-03 00:00:00,5.86,4.62,69.6
SOUTH,2025-01-03 00:30:00,8.72,5.1,88.3
SOUTH,2025-01-03 01:00:00,8.56,9.36,115.8
SOUTH,2025-01-03 01:30:00,5.25,0.0,59.9
SOUTH,2025-01-03 02:00:00,7.45,3.85,72.7
SOUTH,2025-01-03 02:30:00,6.52,2.61,50.2
SOUTH,2025-01-03 03:00:00,6.09,5.69,51.2
SOUTH,2025-01-03 03:30:00,5.98,5.14,56.4
SOUTH,2025-01-03 04:00:00,7.19,2.16,39.5
SOUTH,2025-01-03 04:30:00,6.21,4.81,44.4
SOUTH,2025-01-03 05:00:00,7.04,7.85,48.7
SOUTH,2025-01-03 05:30:00,7.22,0.0,79.4
SOUTH,2025-01-03 06:00:00,4.08,5.95,42.7
SOUTH,2025-01-03 06:30:00,5.03,2.38,56.2
SOUTH,2025-01-03 07:00:00,7.11,3.78,98.0
SOUTH,2025-01-03 07:30:00,4.45,6.98,30.7
SOUTH,2025-01-03 08:00:00,4.5,2.93,87.7
SOUTH,2025-01-03 08:30:00,5.07,0.0,36.4
SOUTH,2025-01-03 09:00:00,3.7,5.87,74.5
SOUTH,2025-01-03 09:30:00,4.55,2.9,72.9
SOUTH,2025-01-03 10:00:00,3.76,4.92,66.7
SOUTH,2025-01-03 10:30:00,4.78,4.8,61.8
SOUTH,2025-01-03 11:00:00,6.03,1.33,71.1
SOUTH,2025-01-03 11:30:00,6.66,4.64,70.8
SOUTH,2025-01-03 12:00:00,5.71,5.78,61.2
SOUTH,2025-01-03 12:30:00,4.47,5.64,30.6
SOUTH,2025-01-03 13:00:00,6.67,3.23,51.9
SOUTH,2025-01-03 13:30:00,6.53,2.58,69.2
SOUTH,2025-01-03 14:00:00,6.91,2.77,84.1
SOUTH,2025-01-03 14:30:00,7.09,5.26,85.5
SOUTH,2025-01-03 15:00:00,9.04,5.16,54.6
SOUTH,2025-01-03 15:30:00,5.65,4.41,79.7
SOUTH,2025-01-03 16:00:00,8.27,0.0,75.7
SOUTH,2025-01-03 16:30:00,8.96,3.4,77.8
SOUTH,2025-01-03 17:00:00,9.01,2.63,82.9
SOUTH,2025-01-03 17:30:00,6.74,3.89,57.2
SOUTH,2025-01-03 18:00:00,7.59,4.61,83.6
SOUTH,2025-01-03 18:30:00,10.08,5.45,29.5
SOUTH,2025-01-03 19:00:00,7.17,4.33,59.4
SOUTH,2025-01-03 19:30:00,8.18,7.81,61.9
SOUTH,2025-01-03 20:00:00,9.5,5.98,61.0
SOUTH,2025-01-03 20:30:00,11.96,2.12,49.1
SOUTH,2025-01-03 21:00:00,7.65,7.13,74.4
SOUTH,2025-01-03 21:30:00,8.12,2.27,84.9
SOUTH,2025-01-03 22:00:00,9.01,6.82,58.9
SOUTH,2025-01-03 22:30:00,9.19,4.6,48.8
SOUTH,2025-01-03 23:00:00,8.09,1.63,68.9
SOUTH,2025-01-03 23:30:00,9.17,5.98,72.0
SOUTH,2025-01-04 00:00:00,7.76,7.1,76.1
SOUTH,2025-01-04 00:30:00,9.58,6.9,57.7
SOUTH,2025-01-04 01:00:00,7.9,5.55,39.3
SOUTH,2025-01-04 01:30:00,6.08,1.4,58.1
SOUTH,2025-01-04 02:00:00,6.51,1.13,62.7
SOUTH,2025-01-04 02:30:00,6.8,6.36,96.2
SOUTH,2025-01-04 03:00:00,6.94,2.61,71.6
SOUTH,2025-01-04 03:30:00,6.41,3.52,44.5
SOUTH,2025-01-04 04:00:00,5.36,3.64,74.5
SOUTH,2025-01-04 04:30:00,6.53,7.65,72.1
SOUTH,2025-01-04 05:00:00,6.01,3.39,41.3
SOUTH,2025-01-04 05:30:00,4.81,2.6,13.9
SOUTH,2025-01-04 06:00:00,3.97,7.2,66.6
SOUTH,2025-01-04 06:30:00,4.73,4.8,24.8
SOUTH,2025-01-04 07:00:00,5.32,6.55,57.8
SOUTH,2025-01-04 07:30:00,2.85,3.17,83.0
SOUTH,2025-01-04 08:00:00,5.22,1.16,102.6
SOUTH,2025-01-04 08:30:00,3.41,3.51,41.3
SOUTH,2025-01-04 09:00:00,3.74,3.1,71.5
SOUTH,2025-01-04 09:30:00,6.53,3.23,41.8
SOUTH,2025-01-04 10:00:00,5.75,5.02,64.3
SOUTH,2025-01-04 10:30:00,5.51,3.77,61.8
SOUTH,2025-01-04 11:00:00,5.28,6.14,100.1
SOUTH,2025-01-04 11:30:00,5.71,3.99,64.6
SOUTH,2025-01-04 12:00:00,5.12,5.53,67.9
SOUTH,2025-01-04 12:30:00,5.41,5.8,60.3
SOUTH,2025-01-04 13:00:00,5.23,4.7,64.3
SOUTH,2025-01-04 13:30:00,7.55,5.66,58.0
SOUTH,2025-01-04 14:00:00,6.35,4.0,66.5
SOUTH,2025-01-04 14:30:00,7.49,4.6,58.4
SOUTH,2025-01-04 15:00:00,8.63,2.65,104.6
SOUTH,2025-01-04 15:30:00,8.35,1.75,63.3
SOUTH,2025-01-04 16:00:00,8.84,3.3,33.1
SOUTH,2025-01-04 16:30:00,6.67,5.08,28.4
SOUTH,2025-01-04 17:00:00,6.59,5.07,56.0
SOUTH,2025-01-04 17:30:00,7.49,3.01,33.5
SOUTH,2025-01-04 18:00:00,9.23,2.39,50.4
SOUTH,2025-01-04 18:30:00,9.06,3.49,47.3
SOUTH,2025-01-04 19:00:00,6.46,4.73,61.4
SOUTH,2025-01-04 19:30:00,8.22,1.93,60.2
SOUTH,2025-01-04 20:00:00,9.49,4.2,89.5
SOUTH,2025-01-04 20:30:00,9.76,3.79,73.3
SOUTH,2025-01-04 21:00:00,8.9,4.09,83.3
SOUTH,2025-01-04 21:30:00,7.77,4.05,81.4
SOUTH,2025-01-04 22:00:00,9.02,3.26,29.3
SOUTH,2025-01-04 22:30:00,5.92,8.15,65.6
SOUTH,2025-01-04 23:00:00,7.63,4.7,42.9
SOUTH,2025-01-04 23:30:00,7.93,2.12,34.6
SOUTH,2025-01-05 00:00:00,5.45,0.8,78.4
SOUTH,2025-01-05 00:30:00,6.79,5.07,77.2
SOUTH,2025-01-05 01:00:00,7.52,3.4,62.4
SOUTH,2025-01-05 01:30:00,7.0,6.41,93.8
SOUTH,2025-01-05 02:00:00,8.72,0.0,52.1
SOUTH,2025-01-05 02:30:00,6.98,4.93,28.9
SOUTH,2025-01-05 03:00:00,4.37,6.61,49.9
SOUTH,2025-01-05 03:30:00,4.68,1.79,67.0
SOUTH,2025-01-05 04:00:00,4.99,4.48,42.4
SOUTH,2025-01-05 04:30:00,3.89,6.85,67.2
SOUTH,2025-01-05 05:00:00,5.16,2.96,86.4
SOUTH,2025-01-05 05:30:00,6.27,6.29,49.5
SOUTH,2025-01-05 06:00:00,5.31,4.8,50.1
SOUTH,2025-01-05 06:30:00,5.13,2.83,67.2
SOUTH,2025-01-05 07:00:00,3.46,5.14,65.6
SOUTH,2025-01-05 07:30:00,4.8,4.9,53.4
SOUTH,2025-01-05 08:00:00,4.17,5.09,70.6
SOUTH,2025-01-05 08:30:00,4.37,2.81,56.7
SOUTH,2025-01-05 09:00:00,4.38,7.05,65.7
SOUTH,2025-01-05 09:30:00,5.06,2.13,73.3
SOUTH,2025-01-05 10:00:00,5.385,2.69,73.9
SOUTH,2025-01-05 10:30:00,5.71,0.0,57.2
SOUTH,2025-01-05 11:00:00,5.71,3.32,62.9
SOUTH,2025-01-05 11:30:00,3.39,0.0,42.4
SOUTH,2025-01-05 12:00:00,6.32,0.0,44.8
SOUTH,2025-01-05 12:30:00,3.67,3.51,95.2
SOUTH,2025-01-05 13:00:00,6.2,3.78,75.1
SOUTH,2025-01-05 13:30:00,6.49,3.57,76.7
SOUTH,2025-01-05 14:00:00,7.54,4.58,57.5
SOUTH,2025-01-05 14:30:00,6.56,5.83,53.9
SOUTH,2025-01-05 15:00:00,8.97,1.91,85.8
SOUTH,2025-01-05 15:30:00,8.06,2.06,69.2
SOUTH,2025-01-05 16:00:00,7.2,4.07,51.2
SOUTH,2025-01-05 16:30:00,7.82,5.88,69.3
SOUTH,2025-01-05 17:00:00,7.04,1.86,64.9
SOUTH,2025-01-05 17:30:00,8.8,2.65,88.6
SOUTH,2025-01-05 18:00:00,9.69,2.75,47.0
SOUTH,2025-01-05 18:30:00,8.44,3.34,82.6
SOUTH,2025-01-05 19:00:00,10.09,4.07,72.2
SOUTH,2025-01-05 19:30:00,9.9,4.12,67.2
SOUTH,2025-01-05 20:00:00,9.69,4.98,46.0
SOUTH,2025-01-05 20:30:00,8.17,3.42,47.3
SOUTH,2025-01-05 21:00:00,7.14,5.35,66.2
SOUTH,2025-01-05 21:30:00,7.3,3.52,56.7
SOUTH,2025-01-05 22:00:00,8.93,1.84,35.6
SOUTH,2025-01-05 22:30:00,9.33,0.93,55.8
SOUTH,2025-01-05 23:00:00,8.0,3.75,64.5
SOUTH,2025-01-05 23:30:00,10.31,0.8,75.8
SOUTH,2025-01-06 00:00:00,5.03,6.79,23.2
SOUTH,2025-01-06 00:30:00,10.97,3.22,83.2
SOUTH,2025-01-06 01:00:00,8.86,3.13,53.5
SOUTH,2025-01-06 01:30:00,6.56,5.57,52.4
SOUTH,2025-01-06 02:00:00,6.06,5.07,43.9
SOUTH,2025-01-06 02:30:00,6.65,4.21,48.4
SOUTH,2025-01-06 03:00:00,5.94,7.07,56.3
SOUTH,2025-01-06 03:30:00,6.1,3.65,68.2
SOUTH,2025-01-06 04:00:00,4.8,4.85,64.6
SOUTH,2025-01-06 04:30:00,3.9,7.59,86.3
SOUTH,2025-01-06 05:00:00,4.67,1.76,64.1
SOUTH,2025-01-06 05:30:00,3.92,6.73,51.6
SOUTH,2025-01-06 06:00:00,7.26,2.35,58.0
SOUTH,2025-01-06 06:30:00,6.83,3.35,64.9
SOUTH,2025-01-06 07:00:00,6.42,2.89,37.3
SOUTH,2025-01-06 07:30:00,3.36,5.17,67.0
SOUTH,2025-01-06 08:00:00,6.32,3.45,34.2
SOUTH,2025-01-06 08:30:00,2.22,9.74,69.5
SOUTH,2025-01-06 09:00:00,5.28,4.56,34.2
SOUTH,2025-01-06 09:30:00,4.16,7.49,71.9
SOUTH,2025-01-06 10:00:00,4.4,1.55,50.7
SOUTH,2025-01-06 10:30:00,4.300000000000001,8.1,56.6
SOUTH,2025-01-06 11:00:00,4.2,3.88,64.8
SOUTH,2025-01-06 11:30:00,4.09,4.8,81.8
SOUTH,2025-01-06 12:00:00,6.21,2.41,50.5
SOUTH,2025-01-06 12:30:00,4.05,3.73,65.6
SOUTH,2025-01-06 13:00:00,5.45,7.88,74.3
SOUTH,2025-01-06 13:30:00,4.38,0.46,42.3
SOUTH,2025-01-06 14:00:00,8.93,5.78,89.2
SOUTH,2025-01-06 14:30:00,7.06,3.58,37.5
SOUTH,2025-01-06 15:00:00,7.98,3.61,55.8
SOUTH,2025-01-06 15:30:00,9.5,3.75,84.0
SOUTH,2025-01-06 16:00:00,6.14,9.38,53.3
SOUTH,2025-01-06 16:30:00,8.89,5.73,51.0
SOUTH,2025-01-06 17:00:00,9.44,5.74,47.2
SOUTH,2025-01-06 17:30:00,7.62,4.09,57.9
SOUTH,2025-01-06 18:00:00,10.45,5.41,58.7
SOUTH,2025-01-06 18:30:00,9.5,0.0,48.9
SOUTH,2025-01-06 19:00:00,9.32,6.23,63.6
SOUTH,2025-01-06 19:30:00,10.73,5.74,51.2
SOUTH,2025-01-06 20:00:00,8.88,4.82,51.9
SOUTH,2025-01-06 20:30:00,10.88,1.78,65.7
SOUTH,2025-01-06 21:00:00,9.86,3.37,50.3
SOUTH,2025-01-06 21:30:00,8.89,5.62,51.0
SOUTH,2025-01-06 22:00:00,7.49,6.3,67.2
SOUTH,2025-01-06 22:30:00,9.99,5.52,99.2
SOUTH,2025-01-06 23:00:00,9.8,2.55,68.5
SOUTH,2025-01-06 23:30:00,7.79,3.09,34.6
SOUTH,2025-01-07 00:00:00,7.77,5.09,58.8
SOUTH,2025-01-07 00:30:00,6.79,0.95,98.0
SOUTH,2025-01-07 01:00:00,8.02,2.35,68.3
SOUTH,2025-01-07 01:30:00,10.26,5.24,9.8
SOUTH,2025-01-07 02:00:00,10.3,0.3,56.3
SOUTH,2025-01-07 02:30:00,5.75,2.52,65.1
SOUTH,2025-01-07 03:00:00,4.11,3.82,80.7
SOUTH,2025-01-07 03:30:00,5.58,1.22,57.5
SOUTH,2025-01-07 04:00:00,5.71,2.81,38.6
SOUTH,2025-01-07 04:30:00,6.74,5.19,40.8
SOUTH,2025-01-07 05:00:00,4.59,4.27,42.6
SOUTH,2025-01-07 05:30:00,5.91,6.94,58.9
SOUTH,2025-01-07 06:00:00,3.92,4.78,56.8
SOUTH,2025-01-07 06:30:00,5.2,4.95,72.4
SOUTH,2025-01-07 07:00:00,5.22,3.88,97.1
SOUTH,2025-01-07 07:30:00,4.5649999999999995,5.67,62.4
SOUTH,2025-01-07 08:00:00,3.91,6.25,62.6
SOUTH,2025-01-07 08:30:00,4.42,3.51,42.6
SOUTH,2025-01-07 09:00:00,6.45,5.37,63.3
SOUTH,2025-01-07 09:30:00,5.13,2.64,21.7
SOUTH,2025-01-07 10:00:00,3.68,2.51,43.9
SOUTH,2025-01-07 10:30:00,5.73,5.62,57.7
SOUTH,2025-01-07 11:00:00,7.39,2.43,57.6
SOUTH,2025-01-07 11:30:00,5.64,6.18,61.9
SOUTH,2025-01-07 12:00:00,6.27,0.69,43.8
SOUTH,2025-01-07 12:30:00,7.43,0.0,84.2
SOUTH,2025-01-07 13:00:00,7.19,2.5,45.0
SOUTH,2025-01-07 13:30:00,8.87,6.82,57.9
SOUTH,2025-01-07 14:00:00,7.27,2.71,62.4
SOUTH,2025-01-07 14:30:00,6.3,3.84,92.6
SOUTH,2025-01-07 15:00:00,7.52,1.9,35.4
SOUTH,2025-01-07 15:30:00,7.78,2.48,64.4
SOUTH,2025-01-07 16:00:00,6.17,5.38,40.9
SOUTH,2025-01-07 16:30:00,8.17,3.32,90.9
SOUTH,2025-01-07 17:00:00,8.73,7.89,70.1
SOUTH,2025-01-07 17:30:00,10.24,3.58,66.2
SOUTH,2025-01-07 18:00:00,10.31,5.81,69.6
SOUTH,2025-01-07 18:30:00,8.45,3.68,80.5
SOUTH,2025-01-07 19:00:00,10.66,2.81,46.6
SOUTH,2025-01-07 19:30:00,7.96,5.66,43.3
SOUTH,2025-01-07 20:00:00,10.09,5.09,50.2
SOUTH,2025-01-07 20:30:00,10.99,1.08,89.9
SOUTH,2025-01-07 21:00:00,9.43,0.0,88.7
SOUTH,2025-01-07 21:30:00,10.21,3.14,42.6
SOUTH,2025-01-07 22:00:00,6.96,8.83,43.4
SOUTH,2025-01-07 22:30:00,7.33,4.54,30.5
SOUTH,2025-01-07 23:00:00,7.35,5.99,68.4
SOUTH,2025-01-07 23:30:00,8.06,4.04,52.0
SOUTH,2025-01-08 00:00:00,8.11,2.48,49.6
SOUTH,2025-01-08 00:30:00,7.45,2.55,78.8
SOUTH,2025-01-08 01:00:00,8.62,2.14,38.5
SOUTH,2025-01-08 01:30:00,7.51,8.31,41.5
SOUTH,2025-01-08 02:00:00,6.99,4.18,58.0
SOUTH,2025-01-08 02:30:00,6.63,6.31,68.2
SOUTH,2025-01-08 03:00:00,7.68,5.18,76.1
SOUTH,2025-01-08 03:30:00,8.56,6.66,101.8
SOUTH,2025-01-08 04:00:00,7.64,2.66,75.3
SOUTH,2025-01-08 04:30:00,7.03,7.84,42.6
SOUTH,2025-01-08 05:00:00,6.43,2.64,69.2
SOUTH,2025-01-08 05:30:00,5.51,4.96,34.6
SOUTH,2025-01-08 06:00:00,6.4,4.41,62.7
SOUTH,2025-01-08 06:30:00,7.79,3.24,66.2
SOUTH,2025-01-08 07:00:00,5.37,4.4,100.0
SOUTH,2025-01-08 07:30:00,5.32,2.87,93.7
SOUTH,2025-01-08 08:00:00,4.81,0.79,46.7
SOUTH,2025-01-08 08:30:00,3.68,0.4,53.5
SOUTH,2025-01-08 09:00:00,5.16,6.36,71.3
SOUTH,2025-01-08 09:30:00,5.95,2.21,75.9
SOUTH,2025-01-08 10:00:00,7.12,4.79,67.6
SOUTH,2025-01-08 10:30:00,3.93,6.11,92.1
SOUTH,2025-01-08 11:00:00,6.15,2.81,57.1
SOUTH,2025-01-08 11:30:00,5.26,3.28,71.7
SOUTH,2025-01-08 12:00:00,6.51,6.01,66.7
SOUTH,2025-01-08 12:30:00,5.14,3.0,49.9
SOUTH,2025-01-08 13:00:00,6.44,7.59,95.2
SOUTH,2025-01-08 13:30:00,7.67,4.24,35.5
SOUTH,2025-01-08 14:00:00,7.44,2.42,89.3
SOUTH,2025-01-08 14:30:00,5.25,4.77,44.3
SOUTH,2025-01-08 15:00:00,7.69,5.33,78.4
SOUTH,2025-01-08 15:30:00,7.62,5.52,48.1
SOUTH,2025-01-08 16:00:00,8.47,6.0,66.0
SOUTH,2025-01-08 16:30:00,7.54,3.44,78.3
SOUTH,2025-01-08 17:00:00,7.28,2.11,70.8
SOUTH,2025-01-08 17:30:00,8.07,1.09,84.3
SOUTH,2025-01-08 18:00:00,7.59,3.6,48.8
SOUTH,2025-01-08 18:30:00,8.55,2.23,72.9
SOUTH,2025-01-08 19:00:00,9.24,5.97,49.0
SOUTH,2025-01-08 19:30:00,11.67,0.19,31.5
SOUTH,2025-01-08 20:00:00,11.28,4.95,66.1
SOUTH,2025-01-08 20:30:00,9.7,5.14,65.4
SOUTH,2025-01-08 21:00:00,7.95,5.64,71.9
SOUTH,2025-01-08 21:30:00,10.83,7.53,65.9
SOUTH,2025-01-08 22:00:00,7.44,7.55,41.7
SOUTH,2025-01-08 22:30:00,9.32,3.49,52.2
SOUTH,2025-01-08 23:00:00,9.51,4.49,69.2
SOUTH,2025-01-08 23:30:00,7.61,3.65,46.1
SOUTH,2025-01-09 00:00:00,8.01,3.76,93.2
SOUTH,2025-01-09 00:30:00,7.94,0.0,85.1
SOUTH,2025-01-09 01:00:00,8.3,3.74,52.1
SOUTH,2025-01-09 01:30:00,6.63,7.88,60.9
SOUTH,2025-01-09 02:00:00,5.16,4.66,81.7
SOUTH,2025-01-09 02:30:00,7.43,2.2,42.2
SOUTH,2025-01-09 03:00:00,5.63,7.04,58.7
SOUTH,2025-01-09 03:30:00,4.71,4.77,62.5
SOUTH,2025-01-09 04:00:00,5.71,1.96,40.8
SOUTH,2025-01-09 04:30:00,7.55,4.5,68.6
SOUTH,2025-01-09 05:00:00,6.13,4.66,51.6
SOUTH,2025-01-09 05:30:00,5.59,6.33,85.5
SOUTH,2025-01-09 06:00:00,4.05,3.58,75.1
SOUTH,2025-01-09 06:30:00,7.77,7.56,45.7
SOUTH,2025-01-09 07:00:00,6.85,4.12,78.8
SOUTH,2025-01-09 07:30:00,6.26,1.47,69.9
SOUTH,2025-01-09 08:00:00,6.45,3.96,55.6
SOUTH,2025-01-09 08:30:00,3.36,5.37,63.8
SOUTH,2025-01-09 09:00:00,4.21,3.35,62.8
SOUTH,2025-01-09 09:30:00,4.64,4.01,28.5
SOUTH,2025-01-09 10:00:00,7.13,4.03,40.2
SOUTH,2025-01-09 10:30:00,2.56,6.06,70.0
SOUTH,2025-01-09 11:00:00,6.09,5.73,75.5
SOUTH,2025-01-09 11:30:00,6.07,3.49,52.5
SOUTH,2025-01-09 12:00:00,6.75,6.79,58.1
SOUTH,2025-01-09 12:30:00,8.02,4.75,66.9
SOUTH,2025-01-09 13:00:00,9.62,7.31,90.2
SOUTH,2025-01-09 13:30:00,5.77,8.38,58.5
SOUTH,2025-01-09 14:00:00,6.97,0.0,65.9
SOUTH,2025-01-09 14:30:00,5.95,4.82,39.1
SOUTH,2025-01-09 15:00:00,9.92,5.1,101.0
SOUTH,2025-01-09 15:30:00,6.54,7.1,27.6
SOUTH,2025-01-09 16:00:00,8.5,2.74,51.9
SOUTH,2025-01-09 16:30:00,7.63,2.17,37.3
SOUTH,2025-01-09 17:00:00,8.13,4.23,80.9
SOUTH,2025-01-09 17:30:00,9.02,6.33,33.4
SOUTH,2025-01-09 18:00:00,8.46,5.42,66.2
SOUTH,2025-01-09 18:30:00,7.95,5.87,50.4
SOUTH,2025-01-09 19:00:00,8.25,4.97,60.1
SOUTH,2025-01-09 19:30:00,8.55,2.89,40.7
SOUTH,2025-01-09 20:00:00,8.77,6.2,64.4
SOUTH,2025-01-09 20:30:00,10.4,5.03,49.0
SOUTH,2025-01-09 21:00:00,7.2,2.15,47.9
SOUTH,2025-01-09 21:30:00,8.28,5.96,77.5
SOUTH,2025-01-09 22:00:00,11.63,2.47,88.8
SOUTH,2025-01-09 22:30:00,10.89,3.54,68.5
SOUTH,2025-01-09 23:00:00,10.15,3.88,57.5
SOUTH,2025-01-09 23:30:00,7.91,0.0,61.3
SOUTH,2025-01-10 00:00:00,7.46,1.85,67.6
SOUTH,2025-01-10 00:30:00,6.57,5.61,68.7
SOUTH,2025-01-10 01:00:00,7.35,3.87,38.6
SOUTH,2025-01-10 01:30:00,8.73,4.37,64.7
SOUTH,2025-01-10 02:00:00,7.92,2.72,32.7
SOUTH,2025-01-10 02:30:00,8.46,5.38,50.4
SOUTH,2025-01-10 03:00:00,7.29,6.52,80.5
SOUTH,2025-01-10 03:30:00,6.12,1.02,36.3
SOUTH,2025-01-10 04:00:00,5.94,6.92,46.9
SOUTH,2025-01-10 04:30:00,5.6,2.77,50.4
SOUTH,2025-01-10 05:00:00,5.89,1.44,79.5
SOUTH,2025-01-10 05:30:00,5.73,8.96,38.9
SOUTH,2025-01-10 06:00:00,7.49,6.78,52.6
SOUTH,2025-01-10 06:30:00,5.11,2.16,43.6
SOUTH,2025-01-10 07:00:00,5.38,4.04,31.2
SOUTH,2025-01-10 07:30:00,8.14,3.48,61.2
SOUTH,2025-01-10 08:00:00,4.56,3.47,53.6
SOUTH,2025-01-10 08:30:00,5.31,3.97,74.5
SOUTH,2025-01-10 09:00:00,5.66,5.41,59.8
SOUTH,2025-01-10 09:30:00,5.66,3.52,78.1
SOUTH,2025-01-10 10:00:00,5.97,3.68,56.6
SOUTH,2025-01-10 10:30:00,5.45,4.06,59.0
SOUTH,2025-01-10 11:00:00,5.23,5.53,74.9
SOUTH,2025-01-10 11:30:00,8.04,2.79,72.0
SOUTH,2025-01-10 12:00:00,4.02,5.66,33.8
SOUTH,2025-01-10 12:30:00,5.13,4.66,48.8
SOUTH,2025-01-10 13:00:00,5.89,3.03,73.1
SOUTH,2025-01-10 13:30:00,5.68,3.89,53.2
SOUTH,2025-01-10 14:00:00,8.3,5.7,27.0
SOUTH,2025-01-10 14:30:00,8.57,2.78,64.3
SOUTH,2025-01-10 15:00:00,6.71,4.74,105.9
SOUTH,2025-01-10 15:30:00,7.99,3.08,55.8
SOUTH,2025-01-10 16:00:00,6.55,6.9,65.6
SOUTH,2025-01-10 16:30:00,7.06,1.97,60.3
SOUTH,2025-01-10 17:00:00,9.85,1.7,80.0
SOUTH,2025-01-10 17:30:00,8.62,2.14,51.6
SOUTH,2025-01-10 18:00:00,11.15,1.22,46.8
SOUTH,2025-01-10 18:30:00,10.19,4.43,45.8
SOUTH,2025-01-10 19:00:00,10.4,6.02,66.0
SOUTH,2025-01-10 19:30:00,8.51,3.08,65.1
SOUTH,2025-01-10 20:00:00,7.74,6.66,90.6
SOUTH,2025-01-10 20:30:00,9.03,4.71,81.3
SOUTH,2025-01-10 21:00:00,11.59,7.11,28.8
SOUTH,2025-01-10 21:30:00,8.87,5.0,51.1
SOUTH,2025-01-10 22:00:00,11.19,7.26,45.3
SOUTH,2025-01-10 22:30:00,8.85,2.5,56.5
SOUTH,2025-01-10 23:00:00,8.46,5.91,44.0
SOUTH,2025-01-10 23:30:00,5.59,0.79,41.5
SOUTH,2025-01-11 00:00:00,7.6,4.37,40.6
SOUTH,2025-01-11 00:30:00,6.93,2.14,39.9
SOUTH,2025-01-11 01:00:00,7.24,2.81,72.4
SOUTH,2025-01-11 01:30:00,6.71,3.28,50.2
SOUTH,2025-01-11 02:00:00,8.35,3.69,78.9
SOUTH,2025-01-11 02:30:00,6.0,3.9,49.6
SOUTH,2025-01-11 03:00:00,5.39,3.86,91.2
SOUTH,2025-01-11 03:30:00,5.84,3.75,36.4
SOUTH,2025-01-11 04:00:00,4.63,2.43,51.9
SOUTH,2025-01-11 04:30:00,5.9,3.55,30.3
SOUTH,2025-01-11 05:00:00,5.22,5.0,35.6
SOUTH,2025-01-11 05:30:00,5.54,4.59,45.9
SOUTH,2025-01-11 06:00:00,6.06,0.96,76.0
SOUTH,2025-01-11 06:30:00,6.09,4.11,80.2
SOUTH,2025-01-11 07:00:00,5.06,2.76,84.7
SOUTH,2025-01-11 07:30:00,7.66,2.61,58.0
SOUTH,2025-01-11 08:00:00,6.64,3.84,70.7
SOUTH,2025-01-11 08:30:00,6.32,2.88,67.5
SOUTH,2025-01-11 09:00:00,5.44,1.57,42.2
SOUTH,2025-01-11 09:30:00,4.67,5.86,77.3
SOUTH,2025-01-11 10:00:00,6.55,4.88,67.4
SOUTH,2025-01-11 10:30:00,5.98,4.82,68.6
SOUTH,2025-01-11 11:00:00,4.28,2.42,41.5
SOUTH,2025-01-11 11:30:00,7.3,7.31,21.0
SOUTH,2025-01-11 12:00:00,8.26,4.17,78.2
SOUTH,2025-01-11 12:30:00,6.99,6.88,63.8
SOUTH,2025-01-11 13:00:00,5.23,3.79,69.3
SOUTH,2025-01-11 13:30:00,6.61,5.32,58.8
SOUTH,2025-01-11 14:00:00,6.67,1.83,52.9
SOUTH,2025-01-11 14:30:00,7.63,0.08,46.0
SOUTH,2025-01-11 15:00:00,5.5,2.77,81.6
SOUTH,2025-01-11 15:30:00,6.48,5.41,111.3
SOUTH,2025-01-11 16:00:00,10.13,4.27,75.5
SOUTH,2025-01-11 16:30:00,6.74,0.85,60.5
SOUTH,2025-01-11 17:00:00,9.28,6.19,49.8
SOUTH,2025-01-11 17:30:00,9.03,4.32,57.6
SOUTH,2025-01-11 18:00:00,9.03,2.29,65.0
SOUTH,2025-01-11 18:30:00,9.35,3.12,72.0
SOUTH,2025-01-11 19:00:00,10.55,5.35,41.2
SOUTH,2025-01-11 19:30:00,9.43,2.18,61.7
SOUTH,2025-01-11 20:00:00,8.29,6.55,74.1
SOUTH,2025-01-11 20:30:00,10.77,6.1,55.1
SOUTH,2025-01-11 21:00:00,8.8,7.48,57.0
SOUTH,2025-01-11 21:30:00,7.69,6.01,62.6
SOUTH,2025-01-11 22:00:00,10.92,4.49,59.6
SOUTH,2025-01-11 22:30:00,10.95,0.92,49.5
SOUTH,2025-01-11 23:00:00,7.73,0.0,75.7
SOUTH,2025-01-11 23:30:00,8.13,5.81,67.0
SOUTH,2025-01-12 00:00:00,9.18,3.09,46.2
SOUTH,2025-01-12 00:30:00,8.56,5.84,59.1
SOUTH,2025-01-12 01:00:00,7.13,1.6,63.7
SOUTH,2025-01-12 01:30:00,7.3,3.86,55.7
SOUTH,2025-01-12 02:00:00,6.92,4.59,70.0
SOUTH,2025-01-12 02:30:00,9.81,5.52,88.7
SOUTH,2025-01-12 03:00:00,5.95,0.8,59.7
SOUTH,2025-01-12 03:30:00,7.96,5.4,81.8
SOUTH,2025-01-12 04:00:00,3.41,6.51,66.0
SOUTH,2025-01-12 04:30:00,4.6,5.45,63.1
SOUTH,2025-01-12 05:00:00,6.49,6.0,67.7
SOUTH,2025-01-12 05:30:00,4.27,3.71,30.9
SOUTH,2025-01-12 06:00:00,6.5,6.8,37.7
SOUTH,2025-01-12 06:30:00,4.91,2.24,51.8
SOUTH,2025-01-12 07:00:00,6.01,3.11,71.7
SOUTH,2025-01-12 07:30:00,6.8,6.2,39.9
SOUTH,2025-01-12 08:00:00,7.11,6.93,87.9
SOUTH,2025-01-12 08:30:00,5.26,2.5,42.3
SOUTH,2025-01-12 09:00:00,4.2,4.02,75.3
SOUTH,2025-01-12 09:30:00,7.09,3.03,59.3
SOUTH,2025-01-12 10:00:00,5.59,2.73,73.2
SOUTH,2025-01-12 10:30:00,6.15,4.28,66.4
SOUTH,2025-01-12 11:00:00,6.78,5.21,44.9
SOUTH,2025-01-12 11:30:00,7.11,4.51,52.2
SOUTH,2025-01-12 12:00:00,6.73,4.69,79.5
SOUTH,2025-01-12 12:30:00,5.2,6.65,60.4
SOUTH,2025-01-12 13:00:00,6.33,2.93,42.0
SOUTH,2025-01-12 13:30:00,4.84,5.35,95.7
SOUTH,2025-01-12 14:00:00,5.51,2.1,73.5
SOUTH,2025-01-12 14:30:00,7.4,5.67,58.2
SOUTH,2025-01-12 15:00:00,7.27,3.55,17.1
SOUTH,2025-01-12 15:30:00,6.6,5.9,81.5
SOUTH,2025-01-12 16:00:00,10.14,4.88,19.4
SOUTH,2025-01-12 16:30:00,7.69,6.65,89.2
SOUTH,2025-01-12 17:00:00,10.5,3.53,36.5
SOUTH,2025-01-12 17:30:00,8.82,4.03,88.2
SOUTH,2025-01-12 18:00:00,9.46,4.03,61.3
SOUTH,2025-01-12 18:30:00,9.66,5.25,47.0
SOUTH,2025-01-12 19:00:00,8.11,6.74,30.5
SOUTH,2025-01-12 19:30:00,11.35,0.18,49.5
SOUTH,2025-01-12 20:00:00,10.62,4.0,36.3
SOUTH,2025-01-12 20:30:00,9.96,4.13,56.1
SOUTH,2025-01-12 21:00:00,8.63,3.93,49.5
SOUTH,2025-01-12 21:30:00,12.3,3.52,53.3
SOUTH,2025-01-12 22:00:00,8.53,7.55,30.5
SOUTH,2025-01-12 22:30:00,9.61,3.52,34.4
SOUTH,2025-01-12 23:00:00,7.88,4.63,44.4
SOUTH,2025-01-12 23:30:00,9.18,7.46,63.1
SOUTH,2025-01-13 00:00:00,6.77,2.31,54.9
SOUTH,2025-01-13 00:30:00,8.1,4.3,65.6
SOUTH,2025-01-13 01:00:00,10.11,3.99,39.3
SOUTH,2025-01-13 01:30:00,9.42,6.53,64.2
SOUTH,2025-01-13 02:00:00,7.22,5.25,56.2
SOUTH,2025-01-13 02:30:00,5.05,5.13,76.1
SOUTH,2025-01-13 03:00:00,8.73,2.54,64.1
SOUTH,2025-01-13 03:30:00,7.3,4.17,62.1
SOUTH,2025-01-13 04:00:00,6.56,4.42,73.3
SOUTH,2025-01-13 04:30:00,7.98,2.49,56.9
SOUTH,2025-01-13 05:00:00,5.6,2.87,30.9
SOUTH,2025-01-13 05:30:00,6.13,4.96,57.2
SOUTH,2025-01-13 06:00:00,5.78,4.84,85.4
SOUTH,2025-01-13 06:30:00,5.28,1.66,58.4
SOUTH,2025-01-13 07:00:00,7.85,1.68,71.7
SOUTH,2025-01-13 07:30:00,6.98,0.0,67.4
SOUTH,2025-01-13 08:00:00,6.24,3.47,48.4
SOUTH,2025-01-13 08:30:00,4.81,3.34,54.6
SOUTH,2025-01-13 09:00:00,5.0,3.31,81.4
SOUTH,2025-01-13 09:30:00,4.13,0.5,81.7
SOUTH,2025-01-13 10:00:00,5.56,3.22,58.0
SOUTH,2025-01-13 10:30:00,6.04,2.95,69.1
SOUTH,2025-01-13 11:00:00,4.95,3.4,20.1
SOUTH,2025-01-13 11:30:00,7.51,3.65,72.1
SOUTH,2025-01-13 12:00:00,7.09,5.1,59.9
SOUTH,2025-01-13 12:30:00,6.99,2.08,38.9
SOUTH,2025-01-13 13:00:00,6.88,2.64,85.7
SOUTH,2025-01-13 13:30:00,7.45,2.57,55.1
SOUTH,2025-01-13 14:00:00,7.68,3.86,64.9
SOUTH,2025-01-13 14:30:00,7.6,1.22,21.3
SOUTH,2025-01-13 15:00:00,7.59,5.12,53.5
SOUTH,2025-01-13 15:30:00,9.52,3.91,84.4
SOUTH,2025-01-13 16:00:00,9.9,6.1,38.3
SOUTH,2025-01-13 16:30:00,8.54,6.45,64.9
SOUTH,2025-01-13 17:00:00,9.6,1.22,94.5
SOUTH,2025-01-13 17:30:00,7.98,0.01,53.7
SOUTH,2025-01-13 18:00:00,6.31,1.83,106.1
SOUTH,2025-01-13 18:30:00,8.8,1.14,60.5
SOUTH,2025-01-13 19:00:00,8.37,5.73,44.0
SOUTH,2025-01-13 19:30:00,9.78,1.71,106.8
SOUTH,2025-01-13 20:00:00,10.12,3.71,54.7
SOUTH,2025-01-13 20:30:00,8.85,2.48,45.8
SOUTH,2025-01-13 21:00:00,8.93,2.89,21.7
SOUTH,2025-01-13 21:30:00,9.01,5.86,55.5
SOUTH,2025-01-13 22:00:00,9.09,6.34,46.0
SOUTH,2025-01-13 22:30:00,10.01,2.66,70.4
SOUTH,2025-01-13 23:00:00,8.46,3.52,74.8
SOUTH,2025-01-13 23:30:00,9.83,3.67,51.5
SOUTH,2025-01-14 00:00:00,10.51,5.18,53.0
SOUTH,2025-01-14 00:30:00,7.8,6.05,62.1
SOUTH,2025-01-14 01:00:00,7.91,4.23,66.1
SOUTH,2025-01-14 01:30:00,8.04,6.41,82.7
SOUTH,2025-01-14 02:00:00,8.23,6.75,60.2
SOUTH,2025-01-14 02:30:00,8.42,6.01,78.3
SOUTH,2025-01-14 03:00:00,8.17,5.26,95.2
SOUTH,2025-01-14 03:30:00,6.42,3.69,56.1
SOUTH,2025-01-14 04:00:00,6.15,0.02,84.7
SOUTH,2025-01-14 04:30:00,5.36,4.34,34.4
SOUTH,2025-01-14 05:00:00,6.92,2.43,39.6
SOUTH,2025-01-14 05:30:00,6.41,2.6,49.7
SOUTH,2025-01-14 06:00:00,6.06,5.6,45.3
SOUTH,2025-01-14 06:30:00,4.67,4.05,69.7
SOUTH,2025-01-14 07:00:00,7.41,1.86,54.3
SOUTH,2025-01-14 07:30:00,7.07,7.95,42.1
SOUTH,2025-01-14 08:00:00,4.7,4.76,49.6
SOUTH,2025-01-14 08:30:00,4.68,4.49,87.9
SOUTH,2025-01-14 09:00:00,4.08,7.0,49.7
SOUTH,2025-01-14 09:30:00,6.07,7.18,65.9
SOUTH,2025-01-14 10:00:00,5.5,5.44,56.9
SOUTH,2025-01-14 10:30:00,6.48,3.59,75.5
SOUTH,2025-01-14 11:00:00,4.5,1.97,34.6
SOUTH,2025-01-14 11:30:00,6.11,0.94,47.5
SOUTH,2025-01-14 12:00:00,5.26,6.96,42.2
SOUTH,2025-01-14 12:30:00,5.04,4.5,90.4
SOUTH,2025-01-14 13:00:00,6.93,3.92,83.2
SOUTH,2025-01-14 13:30:00,8.12,4.85,49.5
SOUTH,2025-01-14 14:00:00,8.13,1.28,48.8
SOUTH,2025-01-14 14:30:00,9.31,6.6,67.9
SOUTH,2025-01-14 15:00:00,5.79,1.58,47.8
SOUTH,2025-01-14 15:30:00,7.9,1.5,55.6
SOUTH,2025-01-14 16:00:00,10.71,4.8,63.9
SOUTH,2025-01-14 16:30:00,7.37,0.72,37.9
SOUTH,2025-01-14 17:00:00,6.99,4.15,66.9
SOUTH,2025-01-14 17:30:00,7.84,4.3,86.4
SOUTH,2025-01-14 18:00:00,11.67,5.54,56.9
SOUTH,2025-01-14 18:30:00,10.21,6.7,23.9
SOUTH,2025-01-14 19:00:00,11.3,2.91,50.4
SOUTH,2025-01-14 19:30:00,9.09,4.64,40.0
SOUTH,2025-01-14 20:00:00,9.25,5.05,63.9
SOUTH,2025-01-14 20:30:00,10.04,3.35,72.5
SOUTH,2025-01-14 21:00:00,10.79,5.99,67.7
SOUTH,2025-01-14 21:30:00,10.65,5.74,108.2
SOUTH,2025-01-14 22:00:00,10.78,3.82,43.6
SOUTH,2025-01-14 22:30:00,9.01,3.34,69.2
SOUTH,2025-01-14 23:00:00,8.16,6.38,35.0
SOUTH,2025-01-14 23:30:00,7.04,3.73,44.8
SOUTH,2025-01-15 00:00:00,7.15,2.73,46.3
SOUTH,2025-01-15 00:30:00,8.67,2.76,50.3
SOUTH,2025-01-15 01:00:00,8.17,6.03,86.5
SOUTH,2025-01-15 01:30:00,8.35,4.45,56.7
SOUTH,2025-01-15 02:00:00,8.23,4.78,83.9
SOUTH,2025-01-15 02:30:00,5.39,3.53,66.1
SOUTH,2025-01-15 03:00:00,7.11,2.12,36.6
SOUTH,2025-01-15 03:30:00,8.11,2.49,28.4
SOUTH,2025-01-15 04:00:00,7.68,4.92,57.9
SOUTH,2025-01-15 04:30:00,5.56,3.77,81.9
SOUTH,2025-01-15 05:00:00,4.3,0.87,48.7
SOUTH,2025-01-15 05:30:00,6.21,3.01,71.6
SOUTH,2025-01-15 06:00:00,7.23,4.56,70.1
SOUTH,2025-01-15 06:30:00,6.25,4.02,36.7
SOUTH,2025-01-15 07:00:00,4.49,1.3,57.3
SOUTH,2025-01-15 07:30:00,6.0,1.1,61.3
SOUTH,2025-01-15 08:00:00,4.61,1.86,48.7
SOUTH,2025-01-15 08:30:00,4.31,5.21,57.0
SOUTH,2025-01-15 09:00:00,6.7,3.11,52.7
SOUTH,2025-01-15 09:30:00,7.97,0.75,83.1
SOUTH,2025-01-15 10:00:00,7.91,5.53,54.1
SOUTH,2025-01-15 10:30:00,7.64,3.36,47.3
SOUTH,2025-01-15 11:00:00,5.78,2.86,43.0
SOUTH,2025-01-15 11:30:00,7.57,2.45,59.5
SOUTH,2025-01-15 12:00:00,4.92,4.06,39.2
SOUTH,2025-01-15 12:30:00,5.24,3.78,79.0
SOUTH,2025-01-15 13:00:00,7.67,5.02,57.7
SOUTH,2025-01-15 13:30:00,6.74,5.58,49.9
SOUTH,2025-01-15 14:00:00,8.66,6.47,44.9
SOUTH,2025-01-15 14:30:00,6.82,2.91,33.6
SOUTH,2025-01-15 15:00:00,7.61,6.6,41.2
SOUTH,2025-01-15 15:30:00,9.76,3.13,98.1
SOUTH,2025-01-15 16:00:00,7.84,3.71,43.6
SOUTH,2025-01-15 16:30:00,7.83,6.68,68.5
SOUTH,2025-01-15 17:00:00,10.3,1.37,71.8
SOUTH,2025-01-15 17:30:00,7.9,1.33,64.3
SOUTH,2025-01-15 18:00:00,9.66,4.11,72.9
SOUTH,2025-01-15 18:30:00,10.44,6.94,38.6
SOUTH,2025-01-15 19:00:00,11.39,7.76,53.4
SOUTH,2025-01-15 19:30:00,7.59,1.23,51.7
SOUTH,2025-01-15 20:00:00,12.07,4.03,48.9
SOUTH,2025-01-15 20:30:00,8.83,1.35,75.7
SOUTH,2025-01-15 21:00:00,9.48,8.2,71.3
SOUTH,2025-01-15 21:30:00,10.58,3.52,40.4
SOUTH,2025-01-15 22:00:00,8.34,1.26,76.4
SOUTH,2025-01-15 22:30:00,8.93,5.91,62.4
SOUTH,2025-01-15 23:00:00,8.72,1.66,65.4
SOUTH,2025-01-15 23:30:00,8.81,5.8,47.1
SOUTH,2025-01-16 00:00:00,9.46,7.28,64.9
SOUTH,2025-01-16 00:30:00,9.67,5.14,94.2
SOUTH,2025-01-16 01:00:00,8.69,5.4,59.3
SOUTH,2025-01-16 01:30:00,7.31,1.58,82.8
SOUTH,2025-01-16 02:00:00,6.51,5.49,67.5
SOUTH,2025-01-16 02:30:00,8.83,2.97,45.8
SOUTH,2025-01-16 03:00:00,7.66,3.42,37.8
SOUTH,2025-01-16 03:30:00,9.53,2.42,42.1
SOUTH,2025-01-16 04:00:00,6.43,6.51,21.0
SOUTH,2025-01-16 04:30:00,8.13,2.18,64.8
SOUTH,2025-01-16 05:00:00,5.5,7.98,62.2
SOUTH,2025-01-16 05:30:00,5.46,3.4,61.6
SOUTH,2025-01-16 06:00:00,6.21,4.88,60.0
SOUTH,2025-01-16 06:30:00,4.34,3.32,70.9
SOUTH,2025-01-16 07:00:00,4.99,5.35,60.6
SOUTH,2025-01-16 07:30:00,5.53,6.39,28.7
SOUTH,2025-01-16 08:00:00,4.91,6.46,92.9
SOUTH,2025-01-16 08:30:00,8.47,4.1,68.2
SOUTH,2025-01-16 09:00:00,6.77,6.55,65.6
SOUTH,2025-01-16 09:30:00,6.9,4.92,69.4
SOUTH,2025-01-16 10:00:00,4.89,3.34,50.6
SOUTH,2025-01-16 10:30:00,4.57,0.7,52.4
SOUTH,2025-01-16 11:00:00,5.99,4.21,70.0
SOUTH,2025-01-16 11:30:00,6.54,3.49,43.5
SOUTH,2025-01-16 12:00:00,7.78,3.8,52.2
SOUTH,2025-01-16 12:30:00,6.5,2.53,50.4
SOUTH,2025-01-16 13:00:00,6.53,3.43,71.8
SOUTH,2025-01-16 13:30:00,7.7,7.09,81.8
SOUTH,2025-01-16 14:00:00,10.07,5.12,69.8
SOUTH,2025-01-16 14:30:00,7.14,5.65,48.2
SOUTH,2025-01-16 15:00:00,6.48,7.05,37.5
SOUTH,2025-01-16 15:30:00,8.77,2.24,80.3
SOUTH,2025-01-16 16:00:00,10.24,5.06,82.4
SOUTH,2025-01-16 16:30:00,8.73,8.47,73.4
SOUTH,2025-01-16 17:00:00,8.06,4.14,57.3
SOUTH,2025-01-16 17:30:00,8.84,0.69,67.0
SOUTH,2025-01-16 18:00:00,7.79,0.0,53.8
SOUTH,2025-01-16 18:30:00,8.55,2.28,4.1
SOUTH,2025-01-16 19:00:00,8.64,3.65,48.6
SOUTH,2025-01-16 19:30:00,10.12,6.79,69.3
SOUTH,2025-01-16 20:00:00,10.96,6.22,41.7
SOUTH,2025-01-16 20:30:00,10.25,5.99,52.2
SOUTH,2025-01-16 21:00:00,8.71,5.06,33.3
SOUTH,2025-01-16 21:30:00,8.35,2.67,68.1
SOUTH,2025-01-16 22:00:00,9.72,6.06,43.4
SOUTH,2025-01-16 22:30:00,8.29,5.05,45.6
SOUTH,2025-01-16 23:00:00,8.41,0.29,65.2
SOUTH,2025-01-16 23:30:00,10.99,1.94,78.4
SOUTH,2025-01-17 00:00:00,8.72,0.47,43.9
SOUTH,2025-01-17 00:30:00,7.65,3.37,67.6
SOUTH,2025-01-17 01:00:00,10.53,1.14,51.3
SOUTH,2025-01-17 01:30:00,7.24,1.46,61.7
SOUTH,2025-01-17 02:00:00,7.8,0.37,60.3
SOUTH,2025-01-17 02:30:00,6.35,4.02,82.9
SOUTH,2025-01-17 03:00:00,7.83,4.36,50.5
SOUTH,2025-01-17 03:30:00,7.36,5.13,68.4
SOUTH,2025-01-17 04:00:00,6.67,4.43,36.3
SOUTH,2025-01-17 04:30:00,5.91,5.42,75.2
SOUTH,2025-01-17 05:00:00,6.49,6.96,69.1
SOUTH,2025-01-17 05:30:00,6.1,1.56,85.9
SOUTH,2025-01-17 06:00:00,6.99,7.6,99.0
SOUTH,2025-01-17 06:30:00,4.52,1.43,8.5
SOUTH,2025-01-17 07:00:00,6.96,5.31,61.8
SOUTH,2025-01-17 07:30:00,4.39,3.82,63.3
SOUTH,2025-01-17 08:00:00,6.73,4.55,71.9
SOUTH,2025-01-17 08:30:00,5.64,6.36,71.4
SOUTH,2025-01-17 09:00:00,4.44,6.78,82.1
SOUTH,2025-01-17 09:30:00,6.42,4.56,89.9
SOUTH,2025-01-17 10:00:00,4.1,6.48,51.4
SOUTH,2025-01-17 10:30:00,7.38,4.24,37.6
SOUTH,2025-01-17 11:00:00,5.78,6.04,56.2
SOUTH,2025-01-17 11:30:00,5.63,2.74,71.6
SOUTH,2025-01-17 12:00:00,8.89,0.0,110.4
SOUTH,2025-01-17 12:30:00,7.04,5.16,52.1
SOUTH,2025-01-17 13:00:00,7.27,4.39,41.1
SOUTH,2025-01-17 13:30:00,6.31,6.37,32.1
SOUTH,2025-01-17 14:00:00,8.32,3.26,42.7
SOUTH,2025-01-17 14:30:00,10.16,2.09,39.7
SOUTH,2025-01-17 15:00:00,8.09,2.46,60.1
SOUTH,2025-01-17 15:30:00,8.5,4.47,57.8
SOUTH,2025-01-17 16:00:00,7.95,5.29,58.0
SOUTH,2025-01-17 16:30:00,8.2,6.96,57.8
SOUTH,2025-01-17 17:00:00,10.52,6.45,83.2
SOUTH,2025-01-17 17:30:00,10.04,4.0,58.8
SOUTH,2025-01-17 18:00:00,9.23,0.0,72.9
SOUTH,2025-01-17 18:30:00,9.82,5.65,57.9
SOUTH,2025-01-17 19:00:00,10.52,1.24,39.0
SOUTH,2025-01-17 19:30:00,6.75,3.73,46.1
SOUTH,2025-01-17 20:00:00,8.71,4.67,52.3
SOUTH,2025-01-17 20:30:00,8.07,9.09,59.3
SOUTH,2025-01-17 21:00:00,8.43,2.66,56.9
SOUTH,2025-01-17 21:30:00,9.52,6.6,58.6
SOUTH,2025-01-17 22:00:00,11.75,3.14,67.7
SOUTH,2025-01-17 22:30:00,10.75,6.39,83.6
SOUTH,2025-01-17 23:00:00,8.88,3.99,15.4
SOUTH,2025-01-17 23:30:00,8.97,6.18,76.1
SOUTH,2025-01-18 00:00:00,8.76,7.4,53.1
SOUTH,2025-01-18 00:30:00,8.0,3.06,39.8
SOUTH,2025-01-18 01:00:00,9.13,4.58,71.0
SOUTH,2025-01-18 01:30:00,7.88,3.88,20.8
SOUTH,2025-01-18 02:00:00,8.31,4.2,40.2
SOUTH,2025-01-18 02:30:00,7.74,3.48,91.8
SOUTH,2025-01-18 03:00:00,6.07,4.66,40.4
SOUTH,2025-01-18 03:30:00,6.68,4.55,56.2
SOUTH,2025-01-18 04:00:00,6.86,4.67,51.1
SOUTH,2025-01-18 04:30:00,7.92,3.39,58.2
SOUTH,2025-01-18 05:00:00,6.88,4.45,71.6
SOUTH,2025-01-18 05:30:00,6.83,4.94,54.1
SOUTH,2025-01-18 06:00:00,4.85,1.14,29.9
SOUTH,2025-01-18 06:30:00,8.25,0.0,81.5
SOUTH,2025-01-18 07:00:00,4.95,6.37,20.4
SOUTH,2025-01-18 07:30:00,5.65,6.91,72.8
SOUTH,2025-01-18 08:00:00,5.46,0.11,36.2
SOUTH,2025-01-18 08:30:00,7.53,3.3,58.7
SOUTH,2025-01-18 09:00:00,6.27,1.39,67.3
SOUTH,2025-01-18 09:30:00,5.43,4.59,49.6
SOUTH,2025-01-18 10:00:00,4.24,3.15,71.5
SOUTH,2025-01-18 10:30:00,6.6,4.06,76.2
SOUTH,2025-01-18 11:00:00,6.2,4.11,51.4
SOUTH,2025-01-18 11:30:00,7.6,4.58,50.0
SOUTH,2025-01-18 12:00:00,5.08,6.21,46.6
SOUTH,2025-01-18 12:30:00,6.95,8.71,74.4
SOUTH,2025-01-18 13:00:00,9.28,2.92,79.3
SOUTH,2025-01-18 13:30:00,7.38,4.73,96.4
SOUTH,2025-01-18 14:00:00,7.53,4.04,43.7
SOUTH,2025-01-18 14:30:00,8.93,2.88,78.4
SOUTH,2025-01-18 15:00:00,6.4,5.1,48.4
SOUTH,2025-01-18 15:30:00,9.26,3.97,50.4
SOUTH,2025-01-18 16:00:00,8.4,2.3,75.1
SOUTH,2025-01-18 16:30:00,7.6,3.47,66.2
SOUTH,2025-01-18 17:00:00,11.21,3.98,55.6
SOUTH,2025-01-18 17:30:00,9.6,0.0,38.4
SOUTH,2025-01-18 18:00:00,9.14,2.57,31.2
SOUTH,2025-01-18 18:30:00,10.62,4.52,62.5
SOUTH,2025-01-18 19:00:00,8.96,4.16,69.3
SOUTH,2025-01-18 19:30:00,9.48,4.89,45.7
SOUTH,2025-01-18 20:00:00,9.98,6.28,82.2
SOUTH,2025-01-18 20:30:00,11.46,4.57,60.6
SOUTH,2025-01-18 21:00:00,9.26,0.39,35.8
SOUTH,2025-01-18 21:30:00,9.59,3.78,85.4
SOUTH,2025-01-18 22:00:00,11.17,2.63,74.7
SOUTH,2025-01-18 22:30:00,9.02,5.37,74.5
SOUTH,2025-01-18 23:00:00,10.77,3.01,78.3
SOUTH,2025-01-18 23:30:00,7.03,6.59,59.5
SOUTH,2025-01-19 00:00:00,8.93,0.0,53.0
SOUTH,2025-01-19 00:30:00,10.56,3.15,72.8
SOUTH,2025-01-19 01:00:00,8.49,6.13,63.4
SOUTH,2025-01-19 01:30:00,7.33,4.11,88.8
SOUTH,2025-01-19 02:00:00,8.53,3.77,100.6
SOUTH,2025-01-19 02:30:00,9.32,5.63,65.7
SOUTH,2025-01-19 03:00:00,8.29,5.53,20.7
SOUTH,2025-01-19 03:30:00,7.89,3.68,51.0
SOUTH,2025-01-19 04:00:00,6.7,0.89,27.5
SOUTH,2025-01-19 04:30:00,8.43,4.92,16.6
SOUTH,2025-01-19 05:00:00,5.83,5.76,55.0
SOUTH,2025-01-19 05:30:00,8.01,6.1,35.6
SOUTH,2025-01-19 06:00:00,6.03,3.1,35.0
SOUTH,2025-01-19 06:30:00,4.45,2.39,48.5
SOUTH,2025-01-19 07:00:00,6.34,6.09,69.2
SOUTH,2025-01-19 07:30:00,6.9,3.47,70.9
SOUTH,2025-01-19 08:00:00,5.75,3.12,94.1
SOUTH,2025-01-19 08:30:00,3.13,0.25,66.9
SOUTH,2025-01-19 09:00:00,5.68,1.13,41.0
SOUTH,2025-01-19 09:30:00,4.89,5.78,81.8
SOUTH,2025-01-19 10:00:00,8.17,0.82,35.4
SOUTH,2025-01-19 10:30:00,4.48,6.58,67.5
SOUTH,2025-01-19 11:00:00,6.61,4.46,59.0
SOUTH,2025-01-19 11:30:00,5.17,5.03,56.6
SOUTH,2025-01-19 12:00:00,5.49,5.15,52.3
SOUTH,2025-01-19 12:30:00,7.2,3.75,76.0
SOUTH,2025-01-19 13:00:00,7.68,2.23,65.8
SOUTH,2025-01-19 13:30:00,7.84,5.02,78.6
SOUTH,2025-01-19 14:00:00,7.19,5.34,29.0
SOUTH,2025-01-19 14:30:00,7.79,3.45,86.1
SOUTH,2025-01-19 15:00:00,8.26,5.22,28.3
SOUTH,2025-01-19 15:30:00,8.03,2.31,104.6
SOUTH,2025-01-19 16:00:00,8.13,4.15,62.3
SOUTH,2025-01-19 16:30:00,7.02,2.95,67.3
SOUTH,2025-01-19 17:00:00,9.45,0.0,49.8
SOUTH,2025-01-19 17:30:00,10.57,5.18,81.9
SOUTH,2025-01-19 18:00:00,8.48,6.56,59.2
SOUTH,2025-01-19 18:30:00,11.57,4.01,23.1
SOUTH,2025-01-19 19:00:00,10.88,3.11,53.2
SOUTH,2025-01-19 19:30:00,8.12,7.24,50.6
SOUTH,2025-01-19 20:00:00,11.82,3.14,43.3
SOUTH,2025-01-19 20:30:00,11.51,3.85,58.9
SOUTH,2025-01-19 21:00:00,8.33,3.08,67.7
SOUTH,2025-01-19 21:30:00,8.3,2.92,52.4
SOUTH,2025-01-19 22:00:00,9.74,6.96,54.6
SOUTH,2025-01-19 22:30:00,8.83,9.49,52.2
SOUTH,2025-01-19 23:00:00,9.12,3.28,55.0
SOUTH,2025-01-19 23:30:00,9.44,5.84,67.3
SOUTH,2025-01-20 00:00:00,10.29,6.09,63.8
SOUTH,2025-01-20 00:30:00,9.45,6.22,40.0
SOUTH,2025-01-20 01:00:00,11.52,2.97,53.7
SOUTH,2025-01-20 01:30:00,7.06,1.64,77.5
SOUTH,2025-01-20 02:00:00,10.72,2.87,66.3
SOUTH,2025-01-20 02:30:00,8.26,6.0,99.9
SOUTH,2025-01-20 03:00:00,9.31,3.52,69.5
SOUTH,2025-01-20 03:30:00,8.24,3.96,40.3
SOUTH,2025-01-20 04:00:00,6.04,6.3,82.5
SOUTH,2025-01-20 04:30:00,6.75,4.52,81.6
SOUTH,2025-01-20 05:00:00,4.54,3.11,96.3
SOUTH,2025-01-20 05:30:00,6.94,1.74,62.1
SOUTH,2025-01-20 06:00:00,7.49,0.0,63.2
SOUTH,2025-01-20 06:30:00,5.82,0.72,61.5
SOUTH,2025-01-20 07:00:00,5.9,3.95,53.7
SOUTH,2025-01-20 07:30:00,4.84,1.09,47.6
SOUTH,2025-01-20 08:00:00,7.03,4.47,58.8
SOUTH,2025-01-20 08:30:00,4.75,3.25,73.3
SOUTH,2025-01-20 09:00:00,6.67,3.05,13.0
SOUTH,2025-01-20 09:30:00,5.26,3.03,43.7
SOUTH,2025-01-20 10:00:00,5.77,5.63,59.3
SOUTH,2025-01-20 10:30:00,7.46,0.98,54.5
SOUTH,2025-01-20 11:00:00,4.26,3.15,41.2
SOUTH,2025-01-20 11:30:00,8.12,4.82,78.3
SOUTH,2025-01-20 12:00:00,6.48,1.96,41.1
SOUTH,2025-01-20 12:30:00,7.32,7.62,67.4
SOUTH,2025-01-20 13:00:00,7.03,3.62,59.4
SOUTH,2025-01-20 13:30:00,9.91,6.47,64.7
SOUTH,2025-01-20 14:00:00,8.13,4.6,68.9
SOUTH,2025-01-20 14:30:00,7.5,2.31,78.6
SOUTH,2025-01-20 15:00:00,8.54,5.9,89.6
SOUTH,2025-01-20 15:30:00,9.14,4.72,117.6
SOUTH,2025-01-20 16:00:00,9.25,1.82,54.9
SOUTH,2025-01-20 16:30:00,10.86,1.41,46.5
SOUTH,2025-01-20 17:00:00,10.74,3.46,58.0
SOUTH,2025-01-20 17:30:00,10.7,2.57,33.6
SOUTH,2025-01-20 18:00:00,8.07,5.16,64.7
SOUTH,2025-01-20 18:30:00,8.9,1.68,55.1
SOUTH,2025-01-20 19:00:00,11.27,2.33,48.1
SOUTH,2025-01-20 19:30:00,8.5,3.27,66.1
SOUTH,2025-01-20 20:00:00,12.54,4.44,59.0
SOUTH,2025-01-20 20:30:00,11.04,5.39,49.6
SOUTH,2025-01-20 21:00:00,12.69,3.95,64.3
SOUTH,2025-01-20 21:30:00,10.59,4.69,87.5
SOUTH,2025-01-20 22:00:00,9.02,5.57,63.0
SOUTH,2025-01-20 22:30:00,10.91,3.57,53.7
SOUTH,2025-01-20 23:00:00,10.29,4.72,45.2
SOUTH,2025-01-20 23:30:00,11.03,5.47,58.7
SOUTH,2025-01-21 00:00:00,8.51,4.73,71.9
SOUTH,2025-01-21 00:30:00,7.16,4.75,71.7
SOUTH,2025-01-21 01:00:00,5.76,4.39,72.5
SOUTH,2025-01-21 01:30:00,9.28,5.6,54.1
SOUTH,2025-01-21 02:00:00,6.82,0.4,79.7
SOUTH,2025-01-21 02:30:00,8.91,6.34,46.9
SOUTH,2025-01-21 03:00:00,8.52,0.99,44.3
SOUTH,2025-01-21 03:30:00,7.7,5.33,90.2
SOUTH,2025-01-21 04:00:00,6.78,2.27,43.5
SOUTH,2025-01-21 04:30:00,6.24,8.44,73.6
SOUTH,2025-01-21 05:00:00,7.99,3.52,60.0
SOUTH,2025-01-21 05:30:00,7.49,2.99,54.8
SOUTH,2025-01-21 06:00:00,5.53,3.11,60.9
SOUTH,2025-01-21 06:30:00,5.35,4.57,65.1
SOUTH,2025-01-21 07:00:00,5.92,2.35,61.9
SOUTH,2025-01-21 07:30:00,5.53,4.09,79.8
SOUTH,2025-01-21 08:00:00,4.57,8.35,58.7
SOUTH,2025-01-21 08:30:00,6.56,2.49,80.6
SOUTH,2025-01-21 09:00:00,5.99,3.21,49.6
SOUTH,2025-01-21 09:30:00,5.81,4.84,63.1
SOUTH,2025-01-21 10:00:00,6.29,2.58,46.2
SOUTH,2025-01-21 10:30:00,5.78,4.92,71.9
SOUTH,2025-01-21 11:00:00,7.61,4.0,66.9
SOUTH,2025-01-21 11:30:00,6.45,0.52,56.1
SOUTH,2025-01-21 12:00:00,6.62,1.92,49.8
SOUTH,2025-01-21 12:30:00,7.23,1.73,47.2
SOUTH,2025-01-21 13:00:00,9.41,0.79,56.7
SOUTH,2025-01-21 13:30:00,6.15,2.5,56.4
SOUTH,2025-01-21 14:00:00,6.88,5.15,84.3
SOUTH,2025-01-21 14:30:00,9.08,6.05,35.2
SOUTH,2025-01-21 15:00:00,8.29,4.93,75.7
SOUTH,2025-01-21 15:30:00,10.69,6.14,76.1
SOUTH,2025-01-21 16:00:00,12.23,4.19,54.8
SOUTH,2025-01-21 16:30:00,9.28,2.17,61.2
SOUTH,2025-01-21 17:00:00,7.41,2.94,57.9
SOUTH,2025-01-21 17:30:00,10.62,6.22,42.7
SOUTH,2025-01-21 18:00:00,12.29,4.3,64.3
SOUTH,2025-01-21 18:30:00,7.86,2.76,78.9
SOUTH,2025-01-21 19:00:00,10.2,4.22,64.1
SOUTH,2025-01-21 19:30:00,8.27,3.81,85.3
SOUTH,2025-01-21 20:00:00,11.37,3.75,88.1
SOUTH,2025-01-21 20:30:00,8.56,2.06,93.5
SOUTH,2025-01-21 21:00:00,10.69,3.42,59.0
SOUTH,2025-01-21 21:30:00,9.03,4.55,63.6
SOUTH,2025-01-21 22:00:00,9.82,1.68,64.8
SOUTH,2025-01-21 22:30:00,9.17,2.03,82.8
SOUTH,2025-01-21 23:00:00,12.09,7.89,71.7
SOUTH,2025-01-21 23:30:00,9.16,3.86,67.3
SOUTH,2025-01-22 00:00:00,8.63,6.64,23.4
SOUTH,2025-01-22 00:30:00,8.78,5.6,44.8
SOUTH,2025-01-22 01:00:00,8.37,5.19,87.3
SOUTH,2025-01-22 01:30:00,7.1,1.26,43.0
SOUTH,2025-01-22 02:00:00,6.29,1.07,42.5
SOUTH,2025-01-22 02:30:00,9.62,3.38,60.6
SOUTH,2025-01-22 03:00:00,6.47,5.27,93.8
SOUTH,2025-01-22 03:30:00,6.55,7.45,66.6
SOUTH,2025-01-22 04:00:00,7.16,4.8,67.0
SOUTH,2025-01-22 04:30:00,9.37,5.04,69.7
SOUTH,2025-01-22 05:00:00,6.22,5.68,42.8
SOUTH,2025-01-22 05:30:00,6.85,9.77,14.9
SOUTH,2025-01-22 06:00:00,6.69,4.54,55.9
SOUTH,2025-01-22 06:30:00,6.16,4.18,55.5
SOUTH,2025-01-22 07:00:00,6.47,3.02,96.4
SOUTH,2025-01-22 07:30:00,5.9,5.14,48.0
SOUTH,2025-01-22 08:00:00,7.26,5.47,67.5
SOUTH,2025-01-22 08:30:00,4.9,2.5,90.4
SOUTH,2025-01-22 09:00:00,5.29,5.28,43.0
SOUTH,2025-01-22 09:30:00,7.42,2.63,42.7
SOUTH,2025-01-22 10:00:00,5.55,2.89,67.3
SOUTH,2025-01-22 10:30:00,6.49,1.81,59.5
SOUTH,2025-01-22 11:00:00,5.35,5.29,74.9
SOUTH,2025-01-22 11:30:00,6.69,4.54,91.5
SOUTH,2025-01-22 12:00:00,6.95,2.11,70.4
SOUTH,2025-01-22 12:30:00,5.78,3.58,49.2
SOUTH,2025-01-22 13:00:00,6.78,3.5,76.2
SOUTH,2025-01-22 13:30:00,8.95,5.85,66.1
SOUTH,2025-01-22 14:00:00,7.83,0.0,66.6
SOUTH,2025-01-22 14:30:00,5.4,0.15,57.1
SOUTH,2025-01-22 15:00:00,8.97,3.1,87.6
SOUTH,2025-01-22 15:30:00,9.21,3.5,85.0
SOUTH,2025-01-22 16:00:00,11.02,5.03,46.0
SOUTH,2025-01-22 16:30:00,8.48,1.11,59.2
SOUTH,2025-01-22 17:00:00,8.29,3.34,64.7
SOUTH,2025-01-22 17:30:00,7.17,1.47,50.9
SOUTH,2025-01-22 18:00:00,9.81,3.01,55.1
SOUTH,2025-01-22 18:30:00,9.02,1.1,50.4
SOUTH,2025-01-22 19:00:00,9.81,3.38,62.0
SOUTH,2025-01-22 19:30:00,10.57,5.36,48.6
SOUTH,2025-01-22 20:00:00,8.25,6.54,66.9
SOUTH,2025-01-22 20:30:00,8.99,4.56,79.2
SOUTH,2025-01-22 21:00:00,12.14,4.5,79.1
SOUTH,2025-01-22 21:30:00,8.62,3.93,54.0
SOUTH,2025-01-22 22:00:00,10.28,7.22,64.5
SOUTH,2025-01-22 22:30:00,8.74,1.47,89.6
SOUTH,2025-01-22 23:00:00,10.17,4.9,53.8
SOUTH,2025-01-22 23:30:00,9.87,2.03,67.0
SOUTH,2025-01-23 00:00:00,7.8,3.28,48.4
SOUTH,2025-01-23 00:30:00,5.3,3.31,43.8
SOUTH,2025-01-23 01:00:00,8.47,4.0,91.8
SOUTH,2025-01-23 01:30:00,9.09,4.67,68.9
SOUTH,2025-01-23 02:00:00,9.25,4.91,65.1
SOUTH,2025-01-23 02:30:00,9.06,0.0,97.6
SOUTH,2025-01-23 03:00:00,9.6,4.43,34.6
SOUTH,2025-01-23 03:30:00,9.14,2.61,69.6
SOUTH,2025-01-23 04:00:00,5.67,8.45,34.0
SOUTH,2025-01-23 04:30:00,7.29,0.0,59.3
SOUTH,2025-01-23 05:00:00,6.28,6.27,52.3
SOUTH,2025-01-23 05:30:00,8.16,1.95,54.9
SOUTH,2025-01-23 06:00:00,6.16,4.99,66.6
SOUTH,2025-01-23 06:30:00,7.34,4.53,71.9
SOUTH,2025-01-23 07:00:00,5.2,4.78,88.9
SOUTH,2025-01-23 07:30:00,4.26,4.98,72.2
SOUTH,2025-01-23 08:00:00,7.96,5.45,61.8
SOUTH,2025-01-23 08:30:00,6.72,2.53,53.0
SOUTH,2025-01-23 09:00:00,4.67,6.97,68.1
SOUTH,2025-01-23 09:30:00,5.18,4.54,80.9
SOUTH,2025-01-23 10:00:00,7.67,2.14,3.6
SOUTH,2025-01-23 10:30:00,6.95,2.23,71.2
SOUTH,2025-01-23 11:00:00,7.93,6.23,91.4
SOUTH,2025-01-23 11:30:00,8.28,7.5,84.8
SOUTH,2025-01-23 12:00:00,8.97,3.92,36.8
SOUTH,2025-01-23 12:30:00,10.19,4.13,82.1
SOUTH,2025-01-23 13:00:00,7.03,5.93,16.0
SOUTH,2025-01-23 13:30:00,7.2,3.8,68.3
SOUTH,2025-01-23 14:00:00,9.49,1.81,71.9
SOUTH,2025-01-23 14:30:00,9.68,8.69,72.7
SOUTH,2025-01-23 15:00:00,8.17,1.46,92.9
SOUTH,2025-01-23 15:30:00,9.61,3.96,30.8
SOUTH,2025-01-23 16:00:00,8.09,5.26,66.4
SOUTH,2025-01-23 16:30:00,6.87,5.27,31.8
SOUTH,2025-01-23 17:00:00,11.25,4.42,51.7
SOUTH,2025-01-23 17:30:00,10.81,4.71,83.8
SOUTH,2025-01-23 18:00:00,10.04,4.28,54.9
SOUTH,2025-01-23 18:30:00,10.25,7.4,51.0
SOUTH,2025-01-23 19:00:00,10.92,2.24,22.8
SOUTH,2025-01-23 19:30:00,10.39,4.74,58.0
SOUTH,2025-01-23 20:00:00,8.41,4.61,64.8
SOUTH,2025-01-23 20:30:00,9.14,1.29,55.5
SOUTH,2025-01-23 21:00:00,10.92,4.83,44.1
SOUTH,2025-01-23 21:30:00,10.3,5.77,38.9
SOUTH,2025-01-23 22:00:00,10.01,6.68,37.1
SOUTH,2025-01-23 22:30:00,11.33,7.24,56.0
SOUTH,2025-01-23 23:00:00,9.21,6.07,56.6
SOUTH,2025-01-23 23:30:00,6.8,3.8,68.5
SOUTH,2025-01-24 00:00:00,10.16,2.24,55.1
SOUTH,2025-01-24 00:30:00,10.45,3.88,32.5
SOUTH,2025-01-24 01:00:00,10.28,3.57,79.6
SOUTH,2025-01-24 01:30:00,7.12,3.76,69.2
SOUTH,2025-01-24 02:00:00,8.17,1.63,17.0
SOUTH,2025-01-24 02:30:00,10.1,4.5,81.0
SOUTH,2025-01-24 03:00:00,8.87,5.19,54.2
SOUTH,2025-01-24 03:30:00,8.35,6.87,61.5
SOUTH,2025-01-24 04:00:00,9.56,1.0,31.1
SOUTH,2025-01-24 04:30:00,8.46,2.36,96.8
SOUTH,2025-01-24 05:00:00,8.47,7.18,75.9
SOUTH,2025-01-24 05:30:00,5.76,0.68,86.9
SOUTH,2025-01-24 06:00:00,4.74,7.17,72.1
SOUTH,2025-01-24 06:30:00,6.45,4.88,68.4
SOUTH,2025-01-24 07:00:00,6.1,6.85,85.0
SOUTH,2025-01-24 07:30:00,6.53,2.8,83.5
SOUTH,2025-01-24 08:00:00,3.85,4.89,73.3
SOUTH,2025-01-24 08:30:00,5.28,5.95,59.5
SOUTH,2025-01-24 09:00:00,5.69,5.93,40.5
SOUTH,2025-01-24 09:30:00,7.39,0.04,65.1
SOUTH,2025-01-24 10:00:00,6.6,2.92,67.0
SOUTH,2025-01-24 10:30:00,6.45,6.11,70.1
SOUTH,2025-01-24 11:00:00,7.4,4.58,51.5
SOUTH,2025-01-24 11:30:00,8.004999999999999,4.5,56.9
SOUTH,2025-01-24 12:00:00,8.61,4.19,66.8
SOUTH,2025-01-24 12:30:00,5.59,5.89,49.5
SOUTH,2025-01-24 13:00:00,6.51,7.29,72.6
SOUTH,2025-01-24 13:30:00,8.93,4.91,58.3
SOUTH,2025-01-24 14:00:00,7.94,5.56,80.4
SOUTH,2025-01-24 14:30:00,8.19,8.15,56.4
SOUTH,2025-01-24 15:00:00,7.12,0.56,29.6
SOUTH,2025-01-24 15:30:00,8.3,3.54,72.3
SOUTH,2025-01-24 16:00:00,9.24,5.69,60.8
SOUTH,2025-01-24 16:30:00,9.29,2.84,85.6
SOUTH,2025-01-24 17:00:00,7.85,4.6,56.7
SOUTH,2025-01-24 17:30:00,10.63,3.96,60.2
SOUTH,2025-01-24 18:00:00,9.69,6.79,60.0
SOUTH,2025-01-24 18:30:00,12.37,4.54,60.4
SOUTH,2025-01-24 19:00:00,10.03,5.13,49.4
SOUTH,2025-01-24 19:30:00,10.38,4.02,65.9
SOUTH,2025-01-24 20:00:00,10.7,4.8,61.7
SOUTH,2025-01-24 20:30:00,12.16,4.85,106.9
SOUTH,2025-01-24 21:00:00,10.27,5.92,46.9
SOUTH,2025-01-24 21:30:00,11.89,2.59,68.2
SOUTH,2025-01-24 22:00:00,9.69,4.9,55.8
SOUTH,2025-01-24 22:30:00,9.06,3.46,87.7
SOUTH,2025-01-24 23:00:00,10.25,1.42,79.7
SOUTH,2025-01-24 23:30:00,8.62,5.49,70.0
SOUTH,2025-01-25 00:00:00,10.08,7.71,45.1
SOUTH,2025-01-25 00:30:00,10.08,6.52,48.4
SOUTH,2025-01-25 01:00:00,7.97,3.43,65.8
SOUTH,2025-01-25 01:30:00,7.17,5.1,34.6
SOUTH,2025-01-25 02:00:00,9.9,5.03,94.4
SOUTH,2025-01-25 02:30:00,9.15,3.39,45.6
SOUTH,2025-01-25 03:00:00,8.11,3.94,81.4
SOUTH,2025-01-25 03:30:00,6.71,8.04,82.9
SOUTH,2025-01-25 04:00:00,7.1,7.6,45.9
SOUTH,2025-01-25 04:30:00,7.59,1.45,93.2
SOUTH,2025-01-25 05:00:00,4.95,1.12,48.6
SOUTH,2025-01-25 05:30:00,8.52,5.91,62.2
SOUTH,2025-01-25 06:00:00,7.83,3.77,67.6
SOUTH,2025-01-25 06:30:00,8.59,3.51,46.2
SOUTH,2025-01-25 07:00:00,6.98,5.48,62.0
SOUTH,2025-01-25 07:30:00,7.62,3.6,62.3
SOUTH,2025-01-25 08:00:00,6.79,4.57,89.0
SOUTH,2025-01-25 08:30:00,6.79,3.39,69.5
SOUTH,2025-01-25 09:00:00,7.62,5.55,72.9
SOUTH,2025-01-25 09:30:00,4.61,0.0,83.0
SOUTH,2025-01-25 10:00:00,7.14,3.96,72.5
SOUTH,2025-01-25 10:30:00,8.92,6.83,77.3
SOUTH,2025-01-25 11:00:00,5.87,2.49,17.0
SOUTH,2025-01-25 11:30:00,7.69,6.22,81.4
SOUTH,2025-01-25 12:00:00,8.15,3.69,49.8
SOUTH,2025-01-25 12:30:00,6.35,3.67,42.4
SOUTH,2025-01-25 13:00:00,9.93,1.4,56.5
SOUTH,2025-01-25 13:30:00,5.5,4.59,60.0
SOUTH,2025-01-25 14:00:00,7.92,2.13,60.0
SOUTH,2025-01-25 14:30:00,7.69,3.73,95.2
SOUTH,2025-01-25 15:00:00,9.07,5.07,51.6
SOUTH,2025-01-25 15:30:00,7.92,3.95,105.1
SOUTH,2025-01-25 16:00:00,9.0,4.72,45.1
SOUTH,2025-01-25 16:30:00,6.04,2.42,102.9
SOUTH,2025-01-25 17:00:00,10.47,7.28,53.7
SOUTH,2025-01-25 17:30:00,6.93,1.78,67.1
SOUTH,2025-01-25 18:00:00,10.36,3.98,50.5
SOUTH,2025-01-25 18:30:00,11.2,3.0,65.5
SOUTH,2025-01-25 19:00:00,10.51,3.26,44.1
SOUTH,2025-01-25 19:30:00,9.76,7.75,80.0
SOUTH,2025-01-25 20:00:00,11.57,2.43,34.1
SOUTH,2025-01-25 20:30:00,11.66,5.81,62.5
SOUTH,2025-01-25 21:00:00,9.83,1.07,75.6
SOUTH,2025-01-25 21:30:00,11.7,2.64,46.3
SOUTH,2025-01-25 22:00:00,11.57,2.72,92.0
SOUTH,2025-01-25 22:30:00,9.95,3.23,60.8
SOUTH,2025-01-25 23:00:00,9.29,6.25,75.9
SOUTH,2025-01-25 23:30:00,11.06,4.37,51.8
SOUTH,2025-01-26 00:00:00,9.4,3.15,86.4
SOUTH,2025-01-26 00:30:00,10.62,3.82,43.3
SOUTH,2025-01-26 01:00:00,10.78,4.27,57.7
SOUTH,2025-01-26 01:30:00,10.79,2.98,54.3
SOUTH,2025-01-26 02:00:00,8.14,1.37,65.7
SOUTH,2025-01-26 02:30:00,7.5,2.86,47.3
SOUTH,2025-01-26 03:00:00,7.19,2.32,64.4
SOUTH,2025-01-26 03:30:00,7.71,4.1,102.4
SOUTH,2025-01-26 04:00:00,7.23,5.21,72.9
SOUTH,2025-01-26 04:30:00,7.34,4.55,60.4
SOUTH,2025-01-26 05:00:00,7.24,2.83,51.1
SOUTH,2025-01-26 05:30:00,7.02,0.06,86.9
SOUTH,2025-01-26 06:00:00,9.27,4.34,72.0
SOUTH,2025-01-26 06:30:00,7.98,1.35,76.7
SOUTH,2025-01-26 07:00:00,5.97,8.58,56.6
SOUTH,2025-01-26 07:30:00,7.57,3.64,99.5
SOUTH,2025-01-26 08:00:00,5.8,6.33,71.3
SOUTH,2025-01-26 08:30:00,6.9,4.46,48.0
SOUTH,2025-01-26 09:00:00,3.38,6.15,51.2
SOUTH,2025-01-26 09:30:00,7.88,4.7,81.6
SOUTH,2025-01-26 10:00:00,7.64,0.0,71.1
SOUTH,2025-01-26 10:30:00,6.27,6.33,70.6
SOUTH,2025-01-26 11:00:00,7.72,3.46,43.6
SOUTH,2025-01-26 11:30:00,6.48,0.4,49.4
SOUTH,2025-01-26 12:00:00,5.66,1.12,62.1
SOUTH,2025-01-26 12:30:00,8.05,3.94,51.0
SOUTH,2025-01-26 13:00:00,6.76,3.37,45.2
SOUTH,2025-01-26 13:30:00,7.82,0.96,72.6
SOUTH,2025-01-26 14:00:00,7.73,4.75,76.0
SOUTH,2025-01-26 14:30:00,8.81,5.6,22.8
SOUTH,2025-01-26 15:00:00,8.34,6.21,69.2
SOUTH,2025-01-26 15:30:00,11.15,7.41,65.4
SOUTH,2025-01-26 16:00:00,9.11,2.08,51.4
SOUTH,2025-01-26 16:30:00,8.92,2.81,43.5
SOUTH,2025-01-26 17:00:00,10.31,7.39,76.8
SOUTH,2025-01-26 17:30:00,9.44,6.03,66.2
SOUTH,2025-01-26 18:00:00,10.1,3.79,56.4
SOUTH,2025-01-26 18:30:00,10.93,4.28,46.9
SOUTH,2025-01-26 19:00:00,9.41,4.61,67.7
SOUTH,2025-01-26 19:30:00,9.97,1.74,82.5
SOUTH,2025-01-26 20:00:00,11.66,0.03,84.1
SOUTH,2025-01-26 20:30:00,10.16,4.38,80.5
SOUTH,2025-01-26 21:00:00,12.33,6.01,64.3
SOUTH,2025-01-26 21:30:00,8.69,0.0,75.8
SOUTH,2025-01-26 22:00:00,11.75,2.37,55.1
SOUTH,2025-01-26 22:30:00,9.48,2.83,79.3
SOUTH,2025-01-26 23:00:00,10.09,3.54,107.8
SOUTH,2025-01-26 23:30:00,8.11,5.1,41.1
SOUTH,2025-01-27 00:00:00,9.29,4.3,75.2
SOUTH,2025-01-27 00:30:00,9.17,3.27,55.0
SOUTH,2025-01-27 01:00:00,7.7,5.26,65.1
SOUTH,2025-01-27 01:30:00,9.52,3.86,56.5
SOUTH,2025-01-27 02:00:00,9.89,6.04,85.5
SOUTH,2025-01-27 02:30:00,8.93,6.71,52.5
SOUTH,2025-01-27 03:00:00,7.72,6.39,75.2
SOUTH,2025-01-27 03:30:00,7.61,1.91,56.3
SOUTH,2025-01-27 04:00:00,6.66,7.45,73.7
SOUTH,2025-01-27 04:30:00,6.56,1.91,46.0
SOUTH,2025-01-27 05:00:00,6.4,3.67,80.1
SOUTH,2025-01-27 05:30:00,5.91,8.58,43.0
SOUTH,2025-01-27 06:00:00,5.06,7.38,83.8
SOUTH,2025-01-27 06:30:00,6.53,4.76,67.3
SOUTH,2025-01-27 07:00:00,6.71,1.41,15.3
SOUTH,2025-01-27 07:30:00,5.54,7.63,93.4
SOUTH,2025-01-27 08:00:00,6.17,2.08,65.0
SOUTH,2025-01-27 08:30:00,7.01,5.2,14.5
SOUTH,2025-01-27 09:00:00,10.34,6.26,56.4
SOUTH,2025-01-27 09:30:00,5.69,5.97,68.9
SOUTH,2025-01-27 10:00:00,6.86,4.92,58.0
SOUTH,2025-01-27 10:30:00,7.23,5.45,66.2
SOUTH,2025-01-27 11:00:00,7.42,6.79,31.3
SOUTH,2025-01-27 11:30:00,6.11,4.05,46.9
SOUTH,2025-01-27 12:00:00,7.01,6.58,57.3
SOUTH,2025-01-27 12:30:00,5.29,3.15,61.0
SOUTH,2025-01-27 13:00:00,8.01,5.11,68.5
SOUTH,2025-01-27 13:30:00,7.8,1.61,52.1
SOUTH,2025-01-27 14:00:00,7.73,3.43,72.4
SOUTH,2025-01-27 14:30:00,8.97,5.65,53.1
SOUTH,2025-01-27 15:00:00,10.81,5.35,62.0
SOUTH,2025-01-27 15:30:00,9.72,2.65,22.0
SOUTH,2025-01-27 16:00:00,8.75,5.49,61.4
SOUTH,2025-01-27 16:30:00,9.32,2.3,24.8
SOUTH,2025-01-27 17:00:00,11.6,3.58,52.3
SOUTH,2025-01-27 17:30:00,9.09,6.51,75.9
SOUTH,2025-01-27 18:00:00,9.05,6.33,57.4
SOUTH,2025-01-27 18:30:00,9.48,3.41,45.9
SOUTH,2025-01-27 19:00:00,8.83,5.55,56.0
SOUTH,2025-01-27 19:30:00,11.15,4.57,69.9
SOUTH,2025-01-27 20:00:00,8.03,2.27,70.2
SOUTH,2025-01-27 20:30:00,8.95,4.75,35.0
SOUTH,2025-01-27 21:00:00,10.43,7.22,73.9
SOUTH,2025-01-27 21:30:00,8.19,5.7,92.8
SOUTH,2025-01-27 22:00:00,13.57,4.95,35.4
SOUTH,2025-01-27 22:30:00,10.73,7.19,56.6
SOUTH,2025-01-27 23:00:00,11.15,2.32,66.7
SOUTH,2025-01-27 23:30:00,6.91,2.1,59.9
SOUTH,2025-01-28 00:00:00,9.11,1.4,51.0
SOUTH,2025-01-28 00:30:00,9.94,3.83,61.1
SOUTH,2025-01-28 01:00:00,9.95,3.31,84.5
SOUTH,2025-01-28 01:30:00,7.88,7.86,80.0
SOUTH,2025-01-28 02:00:00,8.12,3.42,63.7
SOUTH,2025-01-28 02:30:00,9.27,6.19,35.9
SOUTH,2025-01-28 03:00:00,8.56,0.0,56.8
SOUTH,2025-01-28 03:30:00,9.78,1.16,31.2
SOUTH,2025-01-28 04:00:00,7.81,6.77,65.9
SOUTH,2025-01-28 04:30:00,5.26,0.63,61.8
SOUTH,2025-01-28 05:00:00,5.72,4.27,63.5
SOUTH,2025-01-28 05:30:00,6.55,7.63,70.6
SOUTH,2025-01-28 06:00:00,8.27,5.84,57.3
SOUTH,2025-01-28 06:30:00,6.58,3.4,72.3
SOUTH,2025-01-28 07:00:00,5.84,7.45,46.6
SOUTH,2025-01-28 07:30:00,6.87,3.54,51.9
SOUTH,2025-01-28 08:00:00,9.16,3.12,54.5
SOUTH,2025-01-28 08:30:00,5.75,4.08,58.2
SOUTH,2025-01-28 09:00:00,5.27,3.15,71.0
SOUTH,2025-01-28 09:30:00,7.85,4.05,61.1
SOUTH,2025-01-28 10:00:00,6.38,3.0,43.4
SOUTH,2025-01-28 10:30:00,4.95,2.6,76.3
SOUTH,2025-01-28 11:00:00,6.63,3.31,53.4
SOUTH,2025-01-28 11:30:00,8.63,2.14,65.0
SOUTH,2025-01-28 12:00:00,7.47,4.14,64.4
SOUTH,2025-01-28 12:30:00,7.62,5.59,59.5
SOUTH,2025-01-28 13:00:00,10.12,4.09,29.3
SOUTH,2025-01-28 13:30:00,8.8,4.78,60.6
SOUTH,2025-01-28 14:00:00,8.24,0.0,25.0
SOUTH,2025-01-28 14:30:00,10.53,2.83,77.4
SOUTH,2025-01-28 15:00:00,7.14,1.91,72.2
SOUTH,2025-01-28 15:30:00,8.94,5.08,59.8
SOUTH,2025-01-28 16:00:00,9.3,2.64,38.5
SOUTH,2025-01-28 16:30:00,11.23,7.13,41.3
SOUTH,2025-01-28 17:00:00,8.64,3.3,66.1
SOUTH,2025-01-28 17:30:00,9.75,5.0,59.1
SOUTH,2025-01-28 18:00:00,10.14,8.83,50.5
SOUTH,2025-01-28 18:30:00,12.25,6.89,69.1
SOUTH,2025-01-28 19:00:00,8.17,4.06,50.7
SOUTH,2025-01-28 19:30:00,10.51,1.87,73.6
SOUTH,2025-01-28 20:00:00,11.73,6.34,53.1
SOUTH,2025-01-28 20:30:00,9.28,4.7,91.6
SOUTH,2025-01-28 21:00:00,10.56,4.9,55.8
SOUTH,2025-01-28 21:30:00,9.88,5.32,58.1
SOUTH,2025-01-28 22:00:00,10.77,5.02,66.3
SOUTH,2025-01-28 22:30:00,10.95,2.29,43.5
SOUTH,2025-01-28 23:00:00,9.91,3.96,50.6
SOUTH,2025-01-28 23:30:00,10.25,5.82,81.4
SOUTH,2025-01-29 00:00:00,11.31,1.37,39.1
SOUTH,2025-01-29 00:30:00,9.27,4.16,55.7
SOUTH,2025-01-29 01:00:00,8.47,3.39,68.7
SOUTH,2025-01-29 01:30:00,7.54,8.69,60.4
SOUTH,2025-01-29 02:00:00,9.88,2.84,70.3
SOUTH,2025-01-29 02:30:00,8.74,5.71,56.4
SOUTH,2025-01-29 03:00:00,9.96,1.02,77.1
SOUTH,2025-01-29 03:30:00,8.24,1.96,95.1
SOUTH,2025-01-29 04:00:00,9.84,0.0,63.2
SOUTH,2025-01-29 04:30:00,8.46,4.88,87.3
SOUTH,2025-01-29 05:00:00,8.77,4.53,101.0
SOUTH,2025-01-29 05:30:00,8.33,3.3,50.1
SOUTH,2025-01-29 06:00:00,8.38,2.41,52.6
SOUTH,2025-01-29 06:30:00,6.6,4.71,56.5
SOUTH,2025-01-29 07:00:00,5.11,6.32,52.7
SOUTH,2025-01-29 07:30:00,9.11,4.61,82.8
SOUTH,2025-01-29 08:00:00,7.37,6.63,70.3
SOUTH,2025-01-29 08:30:00,6.9,6.19,104.7
SOUTH,2025-01-29 09:00:00,6.36,5.59,59.9
SOUTH,2025-01-29 09:30:00,7.29,4.08,21.2
SOUTH,2025-01-29 10:00:00,6.64,6.0,46.2
SOUTH,2025-01-29 10:30:00,7.99,4.37,56.6
SOUTH,2025-01-29 11:00:00,8.29,5.36,67.6
SOUTH,2025-01-29 11:30:00,8.42,4.41,30.4
SOUTH,2025-01-29 12:00:00,7.16,0.39,71.8
SOUTH,2025-01-29 12:30:00,8.69,5.88,68.8
SOUTH,2025-01-29 13:00:00,9.26,0.85,58.1
SOUTH,2025-01-29 13:30:00,6.4,3.28,89.1
SOUTH,2025-01-29 14:00:00,9.93,5.32,56.7
SOUTH,2025-01-29 14:30:00,7.42,4.37,80.0
SOUTH,2025-01-29 15:00:00,9.63,0.83,61.9
SOUTH,2025-01-29 15:30:00,6.84,5.61,47.5
SOUTH,2025-01-29 16:00:00,8.15,5.64,70.1
SOUTH,2025-01-29 16:30:00,9.9,8.38,71.4
SOUTH,2025-01-29 17:00:00,9.26,5.04,54.9
SOUTH,2025-01-29 17:30:00,11.55,4.56,66.8
SOUTH,2025-01-29 18:00:00,8.62,4.12,59.0
SOUTH,2025-01-29 18:30:00,9.12,3.56,67.8
SOUTH,2025-01-29 19:00:00,10.54,1.18,55.1
SOUTH,2025-01-29 19:30:00,9.99,4.39,61.5
SOUTH,2025-01-29 20:00:00,10.12,3.1,61.2
SOUTH,2025-01-29 20:30:00,11.77,4.56,85.6
SOUTH,2025-01-29 21:00:00,11.91,6.99,84.6
SOUTH,2025-01-29 21:30:00,12.42,1.69,71.7
SOUTH,2025-01-29 22:00:00,11.81,6.8,46.1
SOUTH,2025-01-29 22:30:00,11.14,4.15,93.2
SOUTH,2025-01-29 23:00:00,8.37,2.46,27.4
SOUTH,2025-01-29 23:30:00,10.2,8.53,59.2
SOUTH,2025-01-30 00:00:00,9.81,5.1,57.9
SOUTH,2025-01-30 00:30:00,10.12,4.78,44.8
SOUTH,2025-01-30 01:00:00,9.09,5.48,76.7
SOUTH,2025-01-30 01:30:00,10.76,4.67,66.4
SOUTH,2025-01-30 02:00:00,9.59,2.81,48.6
SOUTH,2025-01-30 02:30:00,8.54,1.45,67.3
SOUTH,2025-01-30 03:00:00,9.43,2.58,67.8
SOUTH,2025-01-30 03:30:00,7.41,1.97,97.0
SOUTH,2025-01-30 04:00:00,6.48,1.44,63.9
SOUTH,2025-01-30 04:30:00,8.01,5.33,96.0
SOUTH,2025-01-30 05:00:00,6.34,2.84,89.0
SOUTH,2025-01-30 05:30:00,8.4,5.6,49.4
SOUTH,2025-01-30 06:00:00,8.3,5.61,63.4
SOUTH,2025-01-30 06:30:00,6.25,4.21,89.7
SOUTH,2025-01-30 07:00:00,5.44,2.4,48.7
SOUTH,2025-01-30 07:30:00,6.26,3.97,77.3
SOUTH,2025-01-30 08:00:00,7.24,4.12,65.0
SOUTH,2025-01-30 08:30:00,7.43,0.64,79.3
SOUTH,2025-01-30 09:00:00,5.76,3.11,66.1
SOUTH,2025-01-30 09:30:00,6.66,4.97,62.6
SOUTH,2025-01-30 10:00:00,6.61,7.06,72.7
SOUTH,2025-01-30 10:30:00,7.32,5.39,47.3
SOUTH,2025-01-30 11:00:00,9.88,1.82,62.0
SOUTH,2025-01-30 11:30:00,6.93,3.35,51.8
SOUTH,2025-01-30 12:00:00,6.76,6.38,38.3
SOUTH,2025-01-30 12:30:00,8.87,5.3,53.1
SOUTH,2025-01-30 13:00:00,8.81,3.68,40.2
SOUTH,2025-01-30 13:30:00,6.86,5.31,70.9
SOUTH,2025-01-30 14:00:00,8.98,3.22,56.6
SOUTH,2025-01-30 14:30:00,8.29,0.51,61.1
SOUTH,2025-01-30 15:00:00,9.83,4.14,91.8
SOUTH,2025-01-30 15:30:00,8.0,2.68,62.4
SOUTH,2025-01-30 16:00:00,9.98,0.2,70.8
SOUTH,2025-01-30 16:30:00,9.98,0.0,57.9
SOUTH,2025-01-30 17:00:00,9.13,3.09,35.9
SOUTH,2025-01-30 17:30:00,10.6,7.52,64.8
SOUTH,2025-01-30 18:00:00,7.83,4.57,56.5
SOUTH,2025-01-30 18:30:00,9.1,4.71,75.8
SOUTH,2025-01-30 19:00:00,9.81,0.71,23.8
SOUTH,2025-01-30 19:30:00,9.82,3.69,50.7
SOUTH,2025-01-30 20:00:00,9.87,5.14,68.3
SOUTH,2025-01-30 20:30:00,10.92,5.63,48.2
SOUTH,2025-01-30 21:00:00,9.3,2.96,49.4
SOUTH,2025-01-30 21:30:00,8.16,2.91,79.9
SOUTH,2025-01-30 22:00:00,11.38,5.05,62.4
SOUTH,2025-01-30 22:30:00,12.16,1.88,42.6
SOUTH,2025-01-30 23:00:00,11.45,4.06,47.9
SOUTH,2025-01-30 23:30:00,10.76,3.12,44.9
SOUTH,2025-01-31 00:00:00,8.71,4.64,63.7
SOUTH,2025-01-31 00:30:00,11.57,3.42,54.5
SOUTH,2025-01-31 01:00:00,11.0,5.97,62.6
SOUTH,2025-01-31 01:30:00,7.4,2.38,41.0
SOUTH,2025-01-31 02:00:00,8.8,2.98,88.9
SOUTH,2025-01-31 02:30:00,6.87,1.68,64.4
SOUTH,2025-01-31 03:00:00,8.86,0.0,28.8
SOUTH,2025-01-31 03:30:00,7.92,6.71,94.0
SOUTH,2025-01-31 04:00:00,7.26,3.66,44.9
SOUTH,2025-01-31 04:30:00,8.51,7.06,82.6
SOUTH,2025-01-31 05:00:00,7.3,2.32,60.1
SOUTH,2025-01-31 05:30:00,9.0,3.2,27.3
SOUTH,2025-01-31 06:00:00,6.59,3.44,27.2
SOUTH,2025-01-31 06:30:00,7.3,5.01,93.5
SOUTH,2025-01-31 07:00:00,5.22,5.46,77.4
SOUTH,2025-01-31 07:30:00,7.44,1.99,40.8
SOUTH,2025-01-31 08:00:00,6.87,4.18,49.9
SOUTH,2025-01-31 08:30:00,8.3,3.2,25.9
SOUTH,2025-01-31 09:00:00,6.55,4.96,66.2
SOUTH,2025-01-31 09:30:00,7.22,6.99,39.9
SOUTH,2025-01-31 10:00:00,6.51,7.09,24.6
SOUTH,2025-01-31 10:30:00,6.96,6.46,81.9
SOUTH,2025-01-31 11:00:00,8.13,5.37,41.3
SOUTH,2025-01-31 11:30:00,8.99,1.6,39.5
SOUTH,2025-01-31 12:00:00,8.22,3.01,63.7
SOUTH,2025-01-31 12:30:00,8.27,7.56,67.8
SOUTH,2025-01-31 13:00:00,7.49,5.35,45.0
SOUTH,2025-01-31 13:30:00,9.33,4.13,67.2
SOUTH,2025-01-31 14:00:00,6.62,0.0,33.0
SOUTH,2025-01-31 14:30:00,10.85,1.7,73.2
SOUTH,2025-01-31 15:00:00,8.5,3.52,59.2
SOUTH,2025-01-31 15:30:00,11.24,5.17,66.9
SOUTH,2025-01-31 16:00:00,11.31,2.73,79.2
SOUTH,2025-01-31 16:30:00,10.83,5.78,57.2
SOUTH,2025-01-31 17:00:00,9.64,2.26,45.5
SOUTH,2025-01-31 17:30:00,9.07,4.73,55.9
SOUTH,2025-01-31 18:00:00,11.0,4.98,40.9
SOUTH,2025-01-31 18:30:00,9.18,3.54,46.0
SOUTH,2025-01-31 19:00:00,9.63,7.39,32.4
SOUTH,2025-01-31 19:30:00,13.11,4.58,77.8
SOUTH,2025-01-31 20:00:00,11.79,5.23,89.9
SOUTH,2025-01-31 20:30:00,9.45,3.69,44.6
SOUTH,2025-01-31 21:00:00,8.65,2.68,93.7
SOUTH,2025-01-31 21:30:00,10.48,7.97,97.5
SOUTH,2025-01-31 22:00:00,14.08,7.81,102.4
SOUTH,2025-01-31 22:30:00,10.88,4.46,65.3
SOUTH,2025-01-31 23:00:00,10.17,4.3,73.5
SOUTH,2025-01-31 23:30:00,9.61,1.24,66.5
SOUTH,2025-02-01 00:00:00,8.99,2.82,57.4
SOUTH,2025-02-01 00:30:00,9.37,6.22,57.0
SOUTH,2025-02-01 01:00:00,10.73,4.41,58.4
SOUTH,2025-02-01 01:30:00,9.53,1.42,66.1
SOUTH,2025-02-01 02:00:00,9.84,5.98,35.7
SOUTH,2025-02-01 02:30:00,7.0,2.93,84.9
SOUTH,2025-02-01 03:00:00,8.57,2.45,33.8
SOUTH,2025-02-01 03:30:00,7.48,2.5,76.8
SOUTH,2025-02-01 04:00:00,9.04,1.9,73.6
SOUTH,2025-02-01 04:30:00,8.6,1.64,58.5
SOUTH,2025-02-01 05:00:00,7.82,4.33,29.2
SOUTH,2025-02-01 05:30:00,7.56,5.27,88.4
SOUTH,2025-02-01 06:00:00,6.29,2.91,56.2
SOUTH,2025-02-01 06:30:00,7.44,4.19,70.9
SOUTH,2025-02-01 07:00:00,5.54,4.79,46.6
SOUTH,2025-02-01 07:30:00,6.72,7.42,34.8
SOUTH,2025-02-01 08:00:00,6.49,1.45,62.8
SOUTH,2025-02-01 08:30:00,8.08,4.34,57.9
SOUTH,2025-02-01 09:00:00,8.48,4.66,74.8
SOUTH,2025-02-01 09:30:00,7.75,0.0,58.6
SOUTH,2025-02-01 10:00:00,5.79,2.34,86.5
SOUTH,2025-02-01 10:30:00,6.64,7.79,34.7
SOUTH,2025-02-01 11:00:00,6.11,5.52,53.9
SOUTH,2025-02-01 11:30:00,7.77,3.78,57.4
SOUTH,2025-02-01 12:00:00,7.46,4.36,71.5
SOUTH,2025-02-01 12:30:00,9.76,3.59,52.9
SOUTH,2025-02-01 13:00:00,7.68,6.94,72.4
SOUTH,2025-02-01 13:30:00,6.02,0.11,45.1
SOUTH,2025-02-01 14:00:00,9.1,3.93,69.3
SOUTH,2025-02-01 14:30:00,8.61,6.79,73.9
SOUTH,2025-02-01 15:00:00,9.43,6.29,30.3
SOUTH,2025-02-01 15:30:00,9.24,4.28,70.8
SOUTH,2025-02-01 16:00:00,7.76,3.48,67.2
SOUTH,2025-02-01 16:30:00,10.39,6.37,73.7
SOUTH,2025-02-01 17:00:00,10.16,5.35,56.4
SOUTH,2025-02-01 17:30:00,10.41,5.59,59.2
SOUTH,2025-02-01 18:00:00,10.99,5.92,72.8
SOUTH,2025-02-01 18:30:00,12.03,8.66,72.7
SOUTH,2025-02-01 19:00:00,10.2,5.02,68.4
SOUTH,2025-02-01 19:30:00,11.49,6.99,29.7
SOUTH,2025-02-01 20:00:00,12.64,7.7,70.2
SOUTH,2025-02-01 20:30:00,11.53,3.52,60.1
SOUTH,2025-02-01 21:00:00,11.59,5.27,73.0
SOUTH,2025-02-01 21:30:00,11.5,5.8,74.2
SOUTH,2025-02-01 22:00:00,9.32,5.66,93.5
SOUTH,2025-02-01 22:30:00,10.52,7.0,43.5
SOUTH,2025-02-01 23:00:00,10.2,2.72,84.8
SOUTH,2025-02-01 23:30:00,12.2,3.8,81.1
SOUTH,2025-02-02 00:00:00,11.87,3.93,62.3
SOUTH,2025-02-02 00:30:00,10.77,2.31,62.0
SOUTH,2025-02-02 01:00:00,11.98,3.0,75.4
SOUTH,2025-02-02 01:30:00,10.03,3.67,64.0
SOUTH,2025-02-02 02:00:00,10.99,5.11,72.8
SOUTH,2025-02-02 02:30:00,10.81,3.42,41.2
SOUTH,2025-02-02 03:00:00,10.49,4.27,76.1
SOUTH,2025-02-02 03:30:00,7.46,4.78,40.3
SOUTH,2025-02-02 04:00:00,7.96,2.7,44.2
SOUTH,2025-02-02 04:30:00,7.52,0.0,39.1
SOUTH,2025-02-02 05:00:00,8.41,4.7,40.7
SOUTH,2025-02-02 05:30:00,8.13,2.24,73.0
SOUTH,2025-02-02 06:00:00,7.02,3.35,58.4
SOUTH,2025-02-02 06:30:00,10.23,2.48,64.1
SOUTH,2025-02-02 07:00:00,7.89,2.08,31.3
SOUTH,2025-02-02 07:30:00,6.23,5.52,53.8
SOUTH,2025-02-02 08:00:00,6.61,5.82,45.5
SOUTH,2025-02-02 08:30:00,6.78,0.97,65.8
SOUTH,2025-02-02 09:00:00,7.23,5.59,39.4
SOUTH,2025-02-02 09:30:00,6.73,1.44,55.6
SOUTH,2025-02-02 10:00:00,8.93,3.36,35.4
SOUTH,2025-02-02 10:30:00,6.34,0.78,36.7
SOUTH,2025-02-02 11:00:00,8.28,1.11,65.6
SOUTH,2025-02-02 11:30:00,7.5,2.94,64.1
SOUTH,2025-02-02 12:00:00,6.76,5.68,47.4
SOUTH,2025-02-02 12:30:00,7.42,2.99,72.4
SOUTH,2025-02-02 13:00:00,9.02,0.0,64.6
SOUTH,2025-02-02 13:30:00,6.28,3.32,58.1
SOUTH,2025-02-02 14:00:00,8.47,5.0,73.0
SOUTH,2025-02-02 14:30:00,7.96,2.38,59.4
SOUTH,2025-02-02 15:00:00,7.55,3.05,84.3
SOUTH,2025-02-02 15:30:00,9.92,3.32,49.3
SOUTH,2025-02-02 16:00:00,12.29,2.92,51.4
SOUTH,2025-02-02 16:30:00,8.65,4.02,64.9
SOUTH,2025-02-02 17:00:00,9.24,5.98,64.9
SOUTH,2025-02-02 17:30:00,11.32,3.34,64.4
SOUTH,2025-02-02 18:00:00,10.36,6.92,62.1
SOUTH,2025-02-02 18:30:00,10.63,3.08,50.7
SOUTH,2025-02-02 19:00:00,11.1,5.64,47.7
SOUTH,2025-02-02 19:30:00,10.97,4.37,66.5
SOUTH,2025-02-02 20:00:00,8.84,2.15,35.4
SOUTH,2025-02-02 20:30:00,10.93,2.2,51.1
SOUTH,2025-02-02 21:00:00,9.39,3.19,39.8
SOUTH,2025-02-02 21:30:00,11.73,4.96,62.7
SOUTH,2025-02-02 22:00:00,10.26,0.0,51.8
SOUTH,2025-02-02 22:30:00,9.71,4.49,71.2
SOUTH,2025-02-02 23:00:00,10.69,6.53,49.8
SOUTH,2025-02-02 23:30:00,9.57,6.08,63.0
SOUTH,2025-02-03 00:00:00,9.66,7.69,70.4
SOUTH,2025-02-03 00:30:00,9.73,2.63,83.9
SOUTH,2025-02-03 01:00:00,9.72,4.05,72.2
SOUTH,2025-02-03 01:30:00,10.53,5.1,75.9
SOUTH,2025-02-03 02:00:00,9.5,5.11,46.8
SOUTH,2025-02-03 02:30:00,11.13,1.53,65.6
SOUTH,2025-02-03 03:00:00,6.83,3.8,49.7
SOUTH,2025-02-03 03:30:00,8.6,4.68,42.8
SOUTH,2025-02-03 04:00:00,7.92,6.79,36.4
SOUTH,2025-02-03 04:30:00,6.93,5.72,61.4
SOUTH,2025-02-03 05:00:00,7.72,6.04,45.7
SOUTH,2025-02-03 05:30:00,6.92,2.71,53.7
SOUTH,2025-02-03 06:00:00,8.83,0.6,38.5
SOUTH,2025-02-03 06:30:00,5.58,6.8,48.9
SOUTH,2025-02-03 07:00:00,6.63,0.77,55.3
SOUTH,2025-02-03 07:30:00,8.06,4.51,58.1
SOUTH,2025-02-03 08:00:00,5.08,3.34,62.6
SOUTH,2025-02-03 08:30:00,5.76,5.31,75.9
SOUTH,2025-02-03 09:00:00,6.39,5.45,58.0
SOUTH,2025-02-03 09:30:00,8.4,8.07,40.3
SOUTH,2025-02-03 10:00:00,8.15,6.61,42.5
SOUTH,2025-02-03 10:30:00,6.53,2.83,57.6
SOUTH,2025-02-03 11:00:00,7.11,3.6,75.1
SOUTH,2025-02-03 11:30:00,5.27,2.05,72.1
SOUTH,2025-02-03 12:00:00,8.62,1.88,70.1
SOUTH,2025-02-03 12:30:00,9.55,3.9,41.9
SOUTH,2025-02-03 13:00:00,9.49,7.45,44.0
SOUTH,2025-02-03 13:30:00,8.48,6.18,62.1
SOUTH,2025-02-03 14:00:00,6.86,4.89,42.4
SOUTH,2025-02-03 14:30:00,7.43,0.54,81.4
SOUTH,2025-02-03 15:00:00,8.47,4.67,70.4
SOUTH,2025-02-03 15:30:00,9.67,4.59,66.9
SOUTH,2025-02-03 16:00:00,10.12,2.48,44.7
SOUTH,2025-02-03 16:30:00,9.83,3.75,67.7
SOUTH,2025-02-03 17:00:00,11.69,4.69,45.4
SOUTH,2025-02-03 17:30:00,7.75,2.46,35.8
SOUTH,2025-02-03 18:00:00,9.81,4.48,61.5
SOUTH,2025-02-03 18:30:00,12.92,4.97,94.4
SOUTH,2025-02-03 19:00:00,11.74,6.17,53.5
SOUTH,2025-02-03 19:30:00,9.6,3.1,59.8
SOUTH,2025-02-03 20:00:00,10.2,2.0,67.5
SOUTH,2025-02-03 20:30:00,9.75,0.93,39.8
SOUTH,2025-02-03 21:00:00,10.61,2.02,55.9
SOUTH,2025-02-03 21:30:00,11.61,5.15,48.1
SOUTH,2025-02-03 22:00:00,9.12,2.85,71.8
SOUTH,2025-02-03 22:30:00,11.75,4.71,81.6
SOUTH,2025-02-03 23:00:00,12.44,3.03,86.8
SOUTH,2025-02-03 23:30:00,10.06,6.04,72.8
SOUTH,2025-02-04 00:00:00,7.65,2.07,38.0
SOUTH,2025-02-04 00:30:00,7.88,5.76,97.2
SOUTH,2025-02-04 01:00:00,9.23,5.71,86.7
SOUTH,2025-02-04 01:30:00,9.79,3.95,55.6
SOUTH,2025-02-04 02:00:00,9.67,5.75,68.3
SOUTH,2025-02-04 02:30:00,9.53,3.9,31.3
SOUTH,2025-02-04 03:00:00,9.58,1.43,71.1
SOUTH,2025-02-04 03:30:00,9.41,1.72,49.1
SOUTH,2025-02-04 04:00:00,10.57,3.84,38.0
SOUTH,2025-02-04 04:30:00,8.98,2.45,25.4
SOUTH,2025-02-04 05:00:00,8.23,2.17,65.8
SOUTH,2025-02-04 05:30:00,6.63,5.41,63.3
SOUTH,2025-02-04 06:00:00,4.18,4.76,54.8
SOUTH,2025-02-04 06:30:00,8.99,4.79,73.6
SOUTH,2025-02-04 07:00:00,6.24,2.42,59.5
SOUTH,2025-02-04 07:30:00,6.66,6.68,57.2
SOUTH,2025-02-04 08:00:00,5.55,2.34,77.4
SOUTH,2025-02-04 08:30:00,6.82,3.56,79.1
SOUTH,2025-02-04 09:00:00,5.99,0.0,44.6
SOUTH,2025-02-04 09:30:00,7.38,3.5,31.9
SOUTH,2025-02-04 10:00:00,8.51,4.33,67.0
SOUTH,2025-02-04 10:30:00,7.79,1.4,65.5
SOUTH,2025-02-04 11:00:00,8.7,6.28,73.0
SOUTH,2025-02-04 11:30:00,8.22,0.53,59.7
SOUTH,2025-02-04 12:00:00,6.87,6.56,80.3
SOUTH,2025-02-04 12:30:00,6.88,3.91,64.5
SOUTH,2025-02-04 13:00:00,9.58,0.65,20.2
SOUTH,2025-02-04 13:30:00,8.55,0.0,62.9
SOUTH,2025-02-04 14:00:00,9.73,6.47,48.8
SOUTH,2025-02-04 14:30:00,9.21,5.3,38.8
SOUTH,2025-02-04 15:00:00,10.64,4.55,49.1
SOUTH,2025-02-04 15:30:00,9.71,3.72,74.0
SOUTH,2025-02-04 16:00:00,9.59,4.45,48.8
SOUTH,2025-02-04 16:30:00,8.9,4.34,43.9
SOUTH,2025-02-04 17:00:00,11.4,5.18,46.2
SOUTH,2025-02-04 17:30:00,10.69,2.46,31.1
SOUTH,2025-02-04 18:00:00,10.04,3.9,69.4
SOUTH,2025-02-04 18:30:00,10.93,5.82,42.3
SOUTH,2025-02-04 19:00:00,10.5,7.29,25.2
SOUTH,2025-02-04 19:30:00,10.41,1.86,56.5
SOUTH,2025-02-04 20:00:00,10.5,5.2,64.6
SOUTH,2025-02-04 20:30:00,9.45,2.82,60.0
SOUTH,2025-02-04 21:00:00,11.84,8.87,72.7
SOUTH,2025-02-04 21:30:00,9.74,3.81,63.3
SOUTH,2025-02-04 22:00:00,10.13,4.94,19.1
SOUTH,2025-02-04 22:30:00,11.42,3.05,58.0
SOUTH,2025-02-04 23:00:00,12.19,1.48,64.9
SOUTH,2025-02-04 23:30:00,11.39,4.34,30.9
SOUTH,2025-02-05 00:00:00,11.71,3.58,50.5
SOUTH,2025-02-05 00:30:00,9.72,3.24,38.6
SOUTH,2025-02-05 01:00:00,9.8,2.81,72.1
SOUTH,2025-02-05 01:30:00,10.23,7.25,56.2
SOUTH,2025-02-05 02:00:00,8.12,1.06,99.5
SOUTH,2025-02-05 02:30:00,9.88,2.62,90.5
SOUTH,2025-02-05 03:00:00,10.2,1.3,46.4
SOUTH,2025-02-05 03:30:00,8.41,1.86,58.3
SOUTH,2025-02-05 04:00:00,8.94,1.25,65.3
SOUTH,2025-02-05 04:30:00,9.49,4.8,58.6
SOUTH,2025-02-05 05:00:00,6.87,5.66,38.8
SOUTH,2025-02-05 05:30:00,7.96,4.05,80.3
SOUTH,2025-02-05 06:00:00,6.66,3.0,37.6
SOUTH,2025-02-05 06:30:00,7.88,3.15,44.5
SOUTH,2025-02-05 07:00:00,6.24,5.07,40.1
SOUTH,2025-02-05 07:30:00,5.94,5.79,57.0
SOUTH,2025-02-05 08:00:00,8.23,3.28,60.0
SOUTH,2025-02-05 08:30:00,7.28,6.77,83.5
SOUTH,2025-02-05 09:00:00,8.54,2.74,42.2
SOUTH,2025-02-05 09:30:00,8.07,6.75,80.9
SOUTH,2025-02-05 10:00:00,7.37,5.46,73.4
SOUTH,2025-02-05 10:30:00,7.53,4.38,61.8
SOUTH,2025-02-05 11:00:00,6.73,2.63,47.4
SOUTH,2025-02-05 11:30:00,5.75,4.29,59.3
SOUTH,2025-02-05 12:00:00,9.0,6.52,83.8
SOUTH,2025-02-05 12:30:00,9.79,2.49,34.2
SOUTH,2025-02-05 13:00:00,9.69,6.76,88.0
SOUTH,2025-02-05 13:30:00,9.15,0.01,66.6
SOUTH,2025-02-05 14:00:00,9.75,6.5,85.7
SOUTH,2025-02-05 14:30:00,10.18,2.83,41.5
SOUTH,2025-02-05 15:00:00,10.25,2.42,86.6
SOUTH,2025-02-05 15:30:00,7.56,5.13,65.8
SOUTH,2025-02-05 16:00:00,9.84,2.15,22.9
SOUTH,2025-02-05 16:30:00,9.45,2.97,80.0
SOUTH,2025-02-05 17:00:00,9.56,4.91,36.7
SOUTH,2025-02-05 17:30:00,11.08,0.0,97.7
SOUTH,2025-02-05 18:00:00,10.65,0.0,47.1
SOUTH,2025-02-05 18:30:00,9.77,2.69,53.4
SOUTH,2025-02-05 19:00:00,10.22,2.37,39.1
SOUTH,2025-02-05 19:30:00,12.01,6.4,55.4
SOUTH,2025-02-05 20:00:00,11.07,1.75,61.3
SOUTH,2025-02-05 20:30:00,11.36,3.56,67.1
SOUTH,2025-02-05 21:00:00,11.39,1.89,81.5
SOUTH,2025-02-05 21:30:00,10.77,7.35,67.6
SOUTH,2025-02-05 22:00:00,13.19,6.35,64.1
SOUTH,2025-02-05 22:30:00,9.95,2.6,69.6
SOUTH,2025-02-05 23:00:00,10.67,2.82,75.0
SOUTH,2025-02-05 23:30:00,10.55,5.68,42.4
SOUTH,2025-02-06 00:00:00,11.35,5.0,81.6
SOUTH,2025-02-06 00:30:00,11.33,3.83,57.0
SOUTH,2025-02-06 01:00:00,11.81,3.42,73.5
SOUTH,2025-02-06 01:30:00,9.21,0.28,37.9
SOUTH,2025-02-06 02:00:00,9.64,5.4,67.4
SOUTH,2025-02-06 02:30:00,10.53,4.78,46.0
SOUTH,2025-02-06 03:00:00,9.35,4.34,49.6
SOUTH,2025-02-06 03:30:00,9.2,4.16,49.1
SOUTH,2025-02-06 04:00:00,7.94,6.83,84.9
SOUTH,2025-02-06 04:30:00,8.38,4.11,34.2
SOUTH,2025-02-06 05:00:00,9.8,6.07,73.5
SOUTH,2025-02-06 05:30:00,5.01,4.08,57.7
SOUTH,2025-02-06 06:00:00,8.24,3.1,55.8
SOUTH,2025-02-06 06:30:00,8.17,2.45,49.7
SOUTH,2025-02-06 07:00:00,7.45,6.68,74.6
SOUTH,2025-02-06 07:30:00,8.51,4.13,86.9
SOUTH,2025-02-06 08:00:00,5.06,8.04,98.7
SOUTH,2025-02-06 08:30:00,7.7,5.66,59.3
SOUTH,2025-02-06 09:00:00,6.97,2.78,59.1
SOUTH,2025-02-06 09:30:00,7.89,4.84,95.8
SOUTH,2025-02-06 10:00:00,7.54,1.02,89.6
SOUTH,2025-02-06 10:30:00,5.96,2.88,64.9
SOUTH,2025-02-06 11:00:00,8.24,1.11,46.6
SOUTH,2025-02-06 11:30:00,5.96,5.24,81.3
SOUTH,2025-02-06 12:00:00,6.69,5.99,76.8
SOUTH,2025-02-06 12:30:00,7.36,0.03,40.7
SOUTH,2025-02-06 13:00:00,7.92,7.08,57.9
SOUTH,2025-02-06 13:30:00,7.43,4.3,36.7
SOUTH,2025-02-06 14:00:00,9.77,2.04,45.0
SOUTH,2025-02-06 14:30:00,9.6,7.5,99.6
SOUTH,2025-02-06 15:00:00,8.42,2.81,69.3
SOUTH,2025-02-06 15:30:00,11.07,0.0,61.6
SOUTH,2025-02-06 16:00:00,9.57,0.15,35.9
SOUTH,2025-02-06 16:30:00,9.47,4.12,78.1
SOUTH,2025-02-06 17:00:00,10.99,5.9,60.5
SOUTH,2025-02-06 17:30:00,9.72,3.63,72.5
SOUTH,2025-02-06 18:00:00,12.13,3.7,43.3
SOUTH,2025-02-06 18:30:00,11.29,4.96,82.2
SOUTH,2025-02-06 19:00:00,10.27,2.66,73.6
SOUTH,2025-02-06 19:30:00,10.6,3.1,82.6
SOUTH,2025-02-06 20:00:00,9.51,8.11,49.0
SOUTH,2025-02-06 20:30:00,12.19,3.78,64.9
SOUTH,2025-02-06 21:00:00,10.77,5.71,53.7
SOUTH,2025-02-06 21:30:00,10.4,7.63,60.5
SOUTH,2025-02-06 22:00:00,10.08,1.02,93.6
SOUTH,2025-02-06 22:30:00,10.22,8.12,67.2
SOUTH,2025-02-06 23:00:00,10.74,4.34,99.9
SOUTH,2025-02-06 23:30:00,7.94,4.43,55.2
SOUTH,2025-02-07 00:00:00,9.195,4.3,55.2
SOUTH,2025-02-07 00:30:00,10.45,3.95,36.4
SOUTH,2025-02-07 01:00:00,10.19,5.43,50.2
SOUTH,2025-02-07 01:30:00,11.98,6.67,75.2
SOUTH,2025-02-07 02:00:00,10.22,4.06,80.5
SOUTH,2025-02-07 02:30:00,11.1,5.62,49.7
SOUTH,2025-02-07 03:00:00,8.65,5.15,75.1
SOUTH,2025-02-07 03:30:00,8.61,2.87,88.5
SOUTH,2025-02-07 04:00:00,6.93,2.12,36.1
SOUTH,2025-02-07 04:30:00,7.09,6.49,83.1
SOUTH,2025-02-07 05:00:00,7.72,4.99,59.8
SOUTH,2025-02-07 05:30:00,6.38,8.44,84.7
SOUTH,2025-02-07 06:00:00,7.91,2.29,56.0
SOUTH,2025-02-07 06:30:00,6.66,4.2,65.6
SOUTH,2025-02-07 07:00:00,6.88,1.09,98.4
SOUTH,2025-02-07 07:30:00,7.57,4.91,52.4
SOUTH,2025-02-07 08:00:00,5.35,3.83,54.2
SOUTH,2025-02-07 08:30:00,8.07,5.81,73.8
SOUTH,2025-02-07 09:00:00,8.47,7.61,67.0
SOUTH,2025-02-07 09:30:00,8.61,4.99,25.8
SOUTH,2025-02-07 10:00:00,7.3,2.26,64.2
SOUTH,2025-02-07 10:30:00,6.54,5.21,77.7
SOUTH,2025-02-07 11:00:00,9.25,7.24,29.8
SOUTH,2025-02-07 11:30:00,6.37,9.86,78.2
SOUTH,2025-02-07 12:00:00,8.49,4.06,59.0
SOUTH,2025-02-07 12:30:00,5.9,2.46,58.0
SOUTH,2025-02-07 13:00:00,7.84,2.83,106.1
SOUTH,2025-02-07 13:30:00,8.4,4.56,64.4
SOUTH,2025-02-07 14:00:00,9.93,3.05,82.4
SOUTH,2025-02-07 14:30:00,9.75,1.43,58.1
SOUTH,2025-02-07 15:00:00,9.53,3.56,69.2
SOUTH,2025-02-07 15:30:00,10.5,5.03,66.1
SOUTH,2025-02-07 16:00:00,10.32,0.0,74.0
SOUTH,2025-02-07 16:30:00,10.81,2.03,65.1
SOUTH,2025-02-07 17:00:00,11.41,6.34,69.2
SOUTH,2025-02-07 17:30:00,11.02,5.89,54.5
SOUTH,2025-02-07 18:00:00,11.45,2.76,80.0
SOUTH,2025-02-07 18:30:00,9.02,5.63,60.3
SOUTH,2025-02-07 19:00:00,12.31,2.44,61.6
SOUTH,2025-02-07 19:30:00,11.22,4.87,41.1
SOUTH,2025-02-07 20:00:00,11.98,0.31,48.0
SOUTH,2025-02-07 20:30:00,9.34,5.66,67.2
SOUTH,2025-02-07 21:00:00,11.7,6.95,54.3
SOUTH,2025-02-07 21:30:00,11.88,4.13,58.4
SOUTH,2025-02-07 22:00:00,11.915,8.16,52.2
SOUTH,2025-02-07 22:30:00,11.95,4.64,66.0
SOUTH,2025-02-07 23:00:00,10.93,3.33,0.0
SOUTH,2025-02-07 23:30:00,12.48,2.61,55.7
SOUTH,2025-02-08 00:00:00,10.02,2.43,64.3
SOUTH,2025-02-08 00:30:00,10.23,2.57,62.7
SOUTH,2025-02-08 01:00:00,9.76,5.86,35.9
SOUTH,2025-02-08 01:30:00,8.84,5.45,48.5
SOUTH,2025-02-08 02:00:00,8.2,2.82,58.2
SOUTH,2025-02-08 02:30:00,9.17,3.58,41.5
SOUTH,2025-02-08 03:00:00,9.7,6.65,25.6
SOUTH,2025-02-08 03:30:00,6.9,6.01,88.3
SOUTH,2025-02-08 04:00:00,5.73,5.63,89.5
SOUTH,2025-02-08 04:30:00,7.25,7.16,56.8
SOUTH,2025-02-08 05:00:00,8.25,2.56,78.0
SOUTH,2025-02-08 05:30:00,8.87,7.45,85.9
SOUTH,2025-02-08 06:00:00,7.54,10.22,84.3
SOUTH,2025-02-08 06:30:00,8.2,2.01,32.5
SOUTH,2025-02-08 07:00:00,5.62,2.13,84.8
SOUTH,2025-02-08 07:30:00,7.94,2.77,57.6
SOUTH,2025-02-08 08:00:00,6.98,5.6,44.2
SOUTH,2025-02-08 08:30:00,7.7,4.6,44.7
SOUTH,2025-02-08 09:00:00,9.26,3.41,42.1
SOUTH,2025-02-08 09:30:00,8.38,4.11,67.4
SOUTH,2025-02-08 10:00:00,6.13,5.62,99.1
SOUTH,2025-02-08 10:30:00,6.04,4.71,45.9
SOUTH,2025-02-08 11:00:00,11.1,6.48,65.1
SOUTH,2025-02-08 11:30:00,6.4,2.03,73.4
SOUTH,2025-02-08 12:00:00,6.65,1.34,60.2
SOUTH,2025-02-08 12:30:00,8.45,4.76,52.1
SOUTH,2025-02-08 13:00:00,9.87,2.28,71.3
SOUTH,2025-02-08 13:30:00,9.02,5.2,81.3
SOUTH,2025-02-08 14:00:00,8.74,2.68,29.6
SOUTH,2025-02-08 14:30:00,6.86,3.65,58.1
SOUTH,2025-02-08 15:00:00,8.5,2.26,87.4
SOUTH,2025-02-08 15:30:00,10.85,1.48,52.0
SOUTH,2025-02-08 16:00:00,10.77,2.75,45.4
SOUTH,2025-02-08 16:30:00,9.88,6.18,81.3
SOUTH,2025-02-08 17:00:00,9.82,4.92,59.9
SOUTH,2025-02-08 17:30:00,9.49,3.41,37.2
SOUTH,2025-02-08 18:00:00,12.41,7.1,52.6
SOUTH,2025-02-08 18:30:00,10.24,6.11,81.9
SOUTH,2025-02-08 19:00:00,9.88,3.7,58.9
SOUTH,2025-02-08 19:30:00,10.29,4.77,47.4
SOUTH,2025-02-08 20:00:00,10.64,3.8,33.2
SOUTH,2025-02-08 20:30:00,8.82,5.84,46.7
SOUTH,2025-02-08 21:00:00,13.78,7.94,50.9
SOUTH,2025-02-08 21:30:00,14.02,5.88,48.4
SOUTH,2025-02-08 22:00:00,7.92,5.38,60.6
SOUTH,2025-02-08 22:30:00,11.53,3.54,39.4
SOUTH,2025-02-08 23:00:00,10.19,5.41,53.6
SOUTH,2025-02-08 23:30:00,10.27,0.96,61.6
SOUTH,2025-02-09 00:00:00,9.02,5.84,46.8
SOUTH,2025-02-09 00:30:00,10.0,8.33,54.5
SOUTH,2025-02-09 01:00:00,9.34,5.17,27.9
SOUTH,2025-02-09 01:30:00,11.37,5.99,69.4
SOUTH,2025-02-09 02:00:00,5.3,3.48,37.1
SOUTH,2025-02-09 02:30:00,10.7,6.11,67.0
SOUTH,2025-02-09 03:00:00,7.39,6.99,55.3
SOUTH,2025-02-09 03:30:00,11.0,4.53,69.1
SOUTH,2025-02-09 04:00:00,7.8,6.81,71.0
SOUTH,2025-02-09 04:30:00,10.08,4.36,59.2
SOUTH,2025-02-09 05:00:00,8.65,6.89,78.3
SOUTH,2025-02-09 05:30:00,8.1,0.29,74.6
SOUTH,2025-02-09 06:00:00,5.89,4.07,57.9
SOUTH,2025-02-09 06:30:00,5.92,4.75,98.8
SOUTH,2025-02-09 07:00:00,7.04,5.53,102.4
SOUTH,2025-02-09 07:30:00,8.45,2.71,64.3
SOUTH,2025-02-09 08:00:00,7.93,6.87,81.9
SOUTH,2025-02-09 08:30:00,4.03,2.29,58.7
SOUTH,2025-02-09 09:00:00,6.2,0.0,46.9
SOUTH,2025-02-09 09:30:00,7.41,2.95,42.1
SOUTH,2025-02-09 10:00:00,7.67,4.69,51.6
SOUTH,2025-02-09 10:30:00,9.26,4.12,44.3
SOUTH,2025-02-09 11:00:00,6.59,3.57,80.0
SOUTH,2025-02-09 11:30:00,6.95,5.19,61.7
SOUTH,2025-02-09 12:00:00,10.74,4.78,47.4
SOUTH,2025-02-09 12:30:00,9.23,5.54,52.9
SOUTH,2025-02-09 13:00:00,7.44,5.07,61.1
SOUTH,2025-02-09 13:30:00,7.01,4.51,48.5
SOUTH,2025-02-09 14:00:00,7.53,3.3,83.1
SOUTH,2025-02-09 14:30:00,10.8,5.89,64.8
SOUTH,2025-02-09 15:00:00,9.79,4.2,40.1
SOUTH,2025-02-09 15:30:00,8.78,2.79,85.2
SOUTH,2025-02-09 16:00:00,11.64,1.84,61.0
SOUTH,2025-02-09 16:30:00,9.87,3.69,50.4
SOUTH,2025-02-09 17:00:00,12.45,3.96,63.9
SOUTH,2025-02-09 17:30:00,11.03,1.94,62.0
SOUTH,2025-02-09 18:00:00,12.36,6.95,39.3
SOUTH,2025-02-09 18:30:00,9.26,4.12,80.0
SOUTH,2025-02-09 19:00:00,11.71,5.36,35.5
SOUTH,2025-02-09 19:30:00,10.6,0.0,57.4
SOUTH,2025-02-09 20:00:00,8.75,6.67,88.0
SOUTH,2025-02-09 20:30:00,11.52,0.97,66.8
SOUTH,2025-02-09 21:00:00,13.51,4.95,81.3
SOUTH,2025-02-09 21:30:00,10.7,2.26,58.7
SOUTH,2025-02-09 22:00:00,8.77,8.53,62.5
SOUTH,2025-02-09 22:30:00,12.12,3.08,32.2
SOUTH,2025-02-09 23:00:00,12.48,1.75,66.3
SOUTH,2025-02-09 23:30:00,11.3,4.15,45.9
SOUTH,2025-02-10 00:00:00,10.24,2.1,74.6
SOUTH,2025-02-10 00:30:00,11.1,3.96,49.8
SOUTH,2025-02-10 01:00:00,12.46,1.4,32.2
SOUTH,2025-02-10 01:30:00,9.83,3.48,79.8
SOUTH,2025-02-10 02:00:00,10.19,4.06,69.0
SOUTH,2025-02-10 02:30:00,9.99,8.21,64.6
SOUTH,2025-02-10 03:00:00,8.08,4.4,12.9
SOUTH,2025-02-10 03:30:00,8.86,6.19,70.8
SOUTH,2025-02-10 04:00:00,8.77,5.3,79.9
SOUTH,2025-02-10 04:30:00,10.12,4.89,54.3
SOUTH,2025-02-10 05:00:00,5.22,5.96,69.3
SOUTH,2025-02-10 05:30:00,8.18,2.62,77.4
SOUTH,2025-02-10 06:00:00,7.37,3.93,59.0
SOUTH,2025-02-10 06:30:00,8.22,1.7,70.1
SOUTH,2025-02-10 07:00:00,6.62,2.63,75.9
SOUTH,2025-02-10 07:30:00,6.29,5.77,61.8
SOUTH,2025-02-10 08:00:00,5.44,6.73,65.6
SOUTH,2025-02-10 08:30:00,7.89,6.01,87.0
SOUTH,2025-02-10 09:00:00,7.72,5.23,66.7
SOUTH,2025-02-10 09:30:00,7.07,0.83,63.9
SOUTH,2025-02-10 10:00:00,9.34,5.17,40.8
SOUTH,2025-02-10 10:30:00,9.0,3.38,22.3
SOUTH,2025-02-10 11:00:00,9.22,2.11,92.1
SOUTH,2025-02-10 11:30:00,9.38,3.54,68.3
SOUTH,2025-02-10 12:00:00,11.32,6.0,64.3
SOUTH,2025-02-10 12:30:00,11.88,4.24,70.5
SOUTH,2025-02-10 13:00:00,7.77,0.65,54.8
SOUTH,2025-02-10 13:30:00,8.94,4.66,34.4
SOUTH,2025-02-10 14:00:00,10.21,2.34,71.0
SOUTH,2025-02-10 14:30:00,10.54,3.21,42.7
SOUTH,2025-02-10 15:00:00,11.78,5.75,62.7
SOUTH,2025-02-10 15:30:00,11.69,4.17,48.8
SOUTH,2025-02-10 16:00:00,9.21,3.78,73.9
SOUTH,2025-02-10 16:30:00,12.08,4.05,81.8
SOUTH,2025-02-10 17:00:00,10.57,2.44,36.5
SOUTH,2025-02-10 17:30:00,10.22,1.46,96.2
SOUTH,2025-02-10 18:00:00,11.67,3.81,91.0
SOUTH,2025-02-10 18:30:00,9.58,3.73,96.0
SOUTH,2025-02-10 19:00:00,11.17,8.89,74.1
SOUTH,2025-02-10 19:30:00,12.91,6.67,60.0
SOUTH,2025-02-10 20:00:00,10.83,3.77,42.2
SOUTH,2025-02-10 20:30:00,11.34,3.99,90.4
SOUTH,2025-02-10 21:00:00,12.06,8.73,21.1
SOUTH,2025-02-10 21:30:00,9.89,3.29,86.9
SOUTH,2025-02-10 22:00:00,11.02,1.06,55.6
SOUTH,2025-02-10 22:30:00,9.71,1.21,96.0
SOUTH,2025-02-10 23:00:00,10.41,4.35,58.3
SOUTH,2025-02-10 23:30:00,10.53,2.32,54.4
SOUTH,2025-02-11 00:00:00,10.88,6.84,77.1
SOUTH,2025-02-11 00:30:00,9.02,5.98,68.6
SOUTH,2025-02-11 01:00:00,9.25,4.36,70.3
SOUTH,2025-02-11 01:30:00,10.05,4.96,44.5
SOUTH,2025-02-11 02:00:00,11.87,0.14,70.4
SOUTH,2025-02-11 02:30:00,9.92,5.29,47.2
SOUTH,2025-02-11 03:00:00,10.36,3.78,38.6
SOUTH,2025-02-11 03:30:00,7.65,4.25,31.3
SOUTH,2025-02-11 04:00:00,10.64,6.1,92.9
SOUTH,2025-02-11 04:30:00,10.54,3.3,44.4
SOUTH,2025-02-11 05:00:00,4.85,3.19,91.8
SOUTH,2025-02-11 05:30:00,7.07,3.58,50.0
SOUTH,2025-02-11 06:00:00,8.2,6.57,32.3
SOUTH,2025-02-11 06:30:00,6.13,6.97,73.2
SOUTH,2025-02-11 07:00:00,7.24,7.41,35.4
SOUTH,2025-02-11 07:30:00,8.66,3.86,70.9
SOUTH,2025-02-11 08:00:00,4.61,3.48,73.3
SOUTH,2025-02-11 08:30:00,7.4,6.51,82.0
SOUTH,2025-02-11 09:00:00,6.4,5.65,42.1
SOUTH,2025-02-11 09:30:00,7.61,5.31,45.0
SOUTH,2025-02-11 10:00:00,8.69,2.99,49.5
SOUTH,2025-02-11 10:30:00,8.59,2.33,44.0
SOUTH,2025-02-11 11:00:00,9.31,4.22,33.8
SOUTH,2025-02-11 11:30:00,9.09,3.19,34.7
SOUTH,2025-02-11 12:00:00,5.47,5.81,44.5
SOUTH,2025-02-11 12:30:00,6.99,5.28,74.5
SOUTH,2025-02-11 13:00:00,8.02,5.83,97.0
SOUTH,2025-02-11 13:30:00,10.58,6.38,65.7
SOUTH,2025-02-11 14:00:00,8.95,3.89,67.9
SOUTH,2025-02-11 14:30:00,7.97,2.46,34.3
SOUTH,2025-02-11 15:00:00,10.28,4.17,48.3
SOUTH,2025-02-11 15:30:00,10.98,1.91,47.6
SOUTH,2025-02-11 16:00:00,11.42,5.86,45.7
SOUTH,2025-02-11 16:30:00,10.76,2.44,56.4
SOUTH,2025-02-11 17:00:00,11.07,5.12,65.7
SOUTH,2025-02-11 17:30:00,11.22,1.84,67.0
SOUTH,2025-02-11 18:00:00,11.87,5.38,47.0
SOUTH,2025-02-11 18:30:00,12.31,1.37,52.2
SOUTH,2025-02-11 19:00:00,11.08,1.48,54.8
SOUTH,2025-02-11 19:30:00,11.68,0.35,52.9
SOUTH,2025-02-11 20:00:00,9.38,8.08,63.8
SOUTH,2025-02-11 20:30:00,11.63,4.46,70.9
SOUTH,2025-02-11 21:00:00,12.58,0.87,83.6
SOUTH,2025-02-11 21:30:00,12.91,3.87,57.9
SOUTH,2025-02-11 22:00:00,7.49,1.51,69.3
SOUTH,2025-02-11 22:30:00,12.65,5.46,58.6
SOUTH,2025-02-11 23:00:00,13.2,6.01,52.9
SOUTH,2025-02-11 23:30:00,13.51,1.81,33.5
SOUTH,2025-02-12 00:00:00,10.04,2.48,53.4
SOUTH,2025-02-12 00:30:00,11.5,3.93,59.9
SOUTH,2025-02-12 01:00:00,10.13,0.0,32.7
SOUTH,2025-02-12 01:30:00,9.6,2.31,55.8
SOUTH,2025-02-12 02:00:00,11.23,3.85,36.2
SOUTH,2025-02-12 02:30:00,8.59,7.42,87.6
SOUTH,2025-02-12 03:00:00,9.74,0.88,65.5
SOUTH,2025-02-12 03:30:00,9.49,4.05,49.7
SOUTH,2025-02-12 04:00:00,8.11,2.72,39.4
SOUTH,2025-02-12 04:30:00,10.18,5.76,54.9
SOUTH,2025-02-12 05:00:00,8.55,4.78,102.2
SOUTH,2025-02-12 05:30:00,9.18,5.67,60.7
SOUTH,2025-02-12 06:00:00,7.29,6.77,71.7
SOUTH,2025-02-12 06:30:00,6.82,4.91,75.1
SOUTH,2025-02-12 07:00:00,5.1,2.16,66.5
SOUTH,2025-02-12 07:30:00,5.3,0.47,55.1
SOUTH,2025-02-12 08:00:00,8.13,5.08,88.5
SOUTH,2025-02-12 08:30:00,7.64,3.25,36.5
SOUTH,2025-02-12 09:00:00,7.15,5.42,73.5
SOUTH,2025-02-12 09:30:00,7.93,5.09,83.0
SOUTH,2025-02-12 10:00:00,7.9,6.73,46.9
SOUTH,2025-02-12 10:30:00,7.72,3.04,74.3
SOUTH,2025-02-12 11:00:00,6.91,3.36,26.5
SOUTH,2025-02-12 11:30:00,8.84,6.49,76.4
SOUTH,2025-02-12 12:00:00,9.52,5.68,72.6
SOUTH,2025-02-12 12:30:00,9.28,5.36,48.2
SOUTH,2025-02-12 13:00:00,8.78,4.14,54.0
SOUTH,2025-02-12 13:30:00,7.15,1.53,64.1
SOUTH,2025-02-12 14:00:00,10.63,4.02,109.8
SOUTH,2025-02-12 14:30:00,8.44,4.89,83.2
SOUTH,2025-02-12 15:00:00,11.34,5.31,79.3
SOUTH,2025-02-12 15:30:00,10.13,7.33,83.1
SOUTH,2025-02-12 16:00:00,9.52,4.64,32.1
SOUTH,2025-02-12 16:30:00,12.37,4.45,84.3
SOUTH,2025-02-12 17:00:00,10.83,0.29,107.5
SOUTH,2025-02-12 17:30:00,11.11,2.0,80.6
SOUTH,2025-02-12 18:00:00,13.72,3.6,58.2
SOUTH,2025-02-12 18:30:00,11.56,1.78,47.6
SOUTH,2025-02-12 19:00:00,13.61,3.74,44.9
SOUTH,2025-02-12 19:30:00,10.93,6.15,24.4
SOUTH,2025-02-12 20:00:00,11.85,8.92,96.6
SOUTH,2025-02-12 20:30:00,12.23,6.63,83.5
SOUTH,2025-02-12 21:00:00,11.32,5.85,92.2
SOUTH,2025-02-12 21:30:00,9.96,5.15,66.5
SOUTH,2025-02-12 22:00:00,11.4,4.03,64.2
SOUTH,2025-02-12 22:30:00,11.65,6.24,68.6
SOUTH,2025-02-12 23:00:00,10.74,2.32,51.5
SOUTH,2025-02-12 23:30:00,11.27,2.59,77.0
SOUTH,2025-02-13 00:00:00,11.12,6.29,48.5
SOUTH,2025-02-13 00:30:00,9.61,6.27,62.3
SOUTH,2025-02-13 01:00:00,9.88,5.4,71.9
SOUTH,2025-02-13 01:30:00,8.62,6.77,52.6
SOUTH,2025-02-13 02:00:00,9.0,1.33,65.7
SOUTH,2025-02-13 02:30:00,9.38,0.05,71.8
SOUTH,2025-02-13 03:00:00,6.78,3.42,79.9
SOUTH,2025-02-13 03:30:00,8.45,2.19,74.4
SOUTH,2025-02-13 04:00:00,8.31,3.19,82.9
SOUTH,2025-02-13 04:30:00,7.21,3.08,75.6
SOUTH,2025-02-13 05:00:00,6.71,7.55,56.1
SOUTH,2025-02-13 05:30:00,9.24,5.74,57.3
SOUTH,2025-02-13 06:00:00,7.3,3.91,72.8
SOUTH,2025-02-13 06:30:00,6.69,1.59,86.7
SOUTH,2025-02-13 07:00:00,6.79,4.71,56.4
SOUTH,2025-02-13 07:30:00,7.48,6.86,58.5
SOUTH,2025-02-13 08:00:00,7.18,3.46,50.9
SOUTH,2025-02-13 08:30:00,6.8,3.0,89.9
SOUTH,2025-02-13 09:00:00,8.53,3.31,77.7
SOUTH,2025-02-13 09:30:00,5.77,6.75,83.3
SOUTH,2025-02-13 10:00:00,10.56,6.02,67.9
SOUTH,2025-02-13 10:30:00,9.42,2.75,52.9
SOUTH,2025-02-13 11:00:00,8.11,6.74,44.6
SOUTH,2025-02-13 11:30:00,7.04,4.47,72.9
SOUTH,2025-02-13 12:00:00,7.76,5.34,84.6
SOUTH,2025-02-13 12:30:00,10.05,4.71,58.4
SOUTH,2025-02-13 13:00:00,11.17,4.03,76.9
SOUTH,2025-02-13 13:30:00,11.44,5.67,42.1
SOUTH,2025-02-13 14:00:00,8.12,3.4,72.8
SOUTH,2025-02-13 14:30:00,10.14,8.41,67.8
SOUTH,2025-02-13 15:00:00,9.73,1.73,81.2
SOUTH,2025-02-13 15:30:00,10.12,0.99,60.4
SOUTH,2025-02-13 16:00:00,9.41,3.15,60.1
SOUTH,2025-02-13 16:30:00,9.52,3.02,46.6
SOUTH,2025-02-13 17:00:00,10.16,1.98,51.3
SOUTH,2025-02-13 17:30:00,9.95,5.17,63.6
SOUTH,2025-02-13 18:00:00,12.77,7.77,72.2
SOUTH,2025-02-13 18:30:00,11.88,5.48,68.4
SOUTH,2025-02-13 19:00:00,11.6,3.94,41.6
SOUTH,2025-02-13 19:30:00,12.54,3.94,86.1
SOUTH,2025-02-13 20:00:00,12.7,2.75,82.4
SOUTH,2025-02-13 20:30:00,8.53,7.86,35.9
SOUTH,2025-02-13 21:00:00,12.13,4.85,80.2
SOUTH,2025-02-13 21:30:00,11.14,0.0,54.1
SOUTH,2025-02-13 22:00:00,11.08,0.0,60.8
SOUTH,2025-02-13 22:30:00,10.05,5.3,55.6
SOUTH,2025-02-13 23:00:00,13.37,3.49,67.7
SOUTH,2025-02-13 23:30:00,10.76,0.75,56.3
SOUTH,2025-02-14 00:00:00,11.57,5.2,54.7
SOUTH,2025-02-14 00:30:00,8.92,5.29,67.6
SOUTH,2025-02-14 01:00:00,11.2,3.45,29.7
SOUTH,2025-02-14 01:30:00,10.83,3.98,85.1
SOUTH,2025-02-14 02:00:00,9.7,3.91,67.5
SOUTH,2025-02-14 02:30:00,8.95,2.71,58.2
SOUTH,2025-02-14 03:00:00,8.05,3.54,94.9
SOUTH,2025-02-14 03:30:00,10.4,4.62,87.9
SOUTH,2025-02-14 04:00:00,7.68,8.98,51.7
SOUTH,2025-02-14 04:30:00,11.07,8.0,28.4
SOUTH,2025-02-14 05:00:00,10.02,3.43,49.8
SOUTH,2025-02-14 05:30:00,8.88,1.98,69.0
SOUTH,2025-02-14 06:00:00,6.81,4.35,84.0
SOUTH,2025-02-14 06:30:00,8.4,3.28,69.7
SOUTH,2025-02-14 07:00:00,6.05,2.32,52.3
SOUTH,2025-02-14 07:30:00,8.68,4.81,69.6
SOUTH,2025-02-14 08:00:00,7.64,2.42,86.8
SOUTH,2025-02-14 08:30:00,6.83,4.84,58.0
SOUTH,2025-02-14 09:00:00,8.41,2.79,78.9
SOUTH,2025-02-14 09:30:00,9.39,5.98,62.8
SOUTH,2025-02-14 10:00:00,7.41,9.64,42.2
SOUTH,2025-02-14 10:30:00,8.99,4.67,58.9
SOUTH,2025-02-14 11:00:00,8.48,2.98,67.7
SOUTH,2025-02-14 11:30:00,8.63,9.36,79.3
SOUTH,2025-02-14 12:00:00,9.29,5.15,93.1
SOUTH,2025-02-14 12:30:00,7.5,3.63,25.7
SOUTH,2025-02-14 13:00:00,9.82,5.7,42.1
SOUTH,2025-02-14 13:30:00,10.87,2.56,53.8
SOUTH,2025-02-14 14:00:00,9.81,7.19,44.6
SOUTH,2025-02-14 14:30:00,10.02,5.55,70.2
SOUTH,2025-02-14 15:00:00,10.91,5.52,50.0
SOUTH,2025-02-14 15:30:00,12.21,3.78,55.6
SOUTH,2025-02-14 16:00:00,12.29,2.74,65.8
SOUTH,2025-02-14 16:30:00,9.8,9.04,101.6
SOUTH,2025-02-14 17:00:00,10.95,5.04,60.1
SOUTH,2025-02-14 17:30:00,10.66,4.24,59.3
SOUTH,2025-02-14 18:00:00,9.58,4.53,59.2
SOUTH,2025-02-14 18:30:00,11.78,3.84,53.5
SOUTH,2025-02-14 19:00:00,12.65,5.07,85.1
SOUTH,2025-02-14 19:30:00,12.19,3.6,71.1
SOUTH,2025-02-14 20:00:00,9.29,8.21,64.9
SOUTH,2025-02-14 20:30:00,14.29,2.26,39.9
SOUTH,2025-02-14 21:00:00,12.04,4.73,66.1
SOUTH,2025-02-14 21:30:00,11.82,2.74,33.3
SOUTH,2025-02-14 22:00:00,11.74,1.43,35.2
SOUTH,2025-02-14 22:30:00,10.94,4.86,95.8
SOUTH,2025-02-14 23:00:00,12.26,6.87,71.8
SOUTH,2025-02-14 23:30:00,11.52,9.01,36.2
SOUTH,2025-02-15 00:00:00,10.24,3.33,76.1
SOUTH,2025-02-15 00:30:00,9.56,5.53,70.4
SOUTH,2025-02-15 01:00:00,11.22,5.59,87.7
SOUTH,2025-02-15 01:30:00,10.19,5.06,46.7
SOUTH,2025-02-15 02:00:00,8.57,7.53,45.4
SOUTH,2025-02-15 02:30:00,10.5,5.06,81.1
SOUTH,2025-02-15 03:00:00,7.22,5.78,59.0
SOUTH,2025-02-15 03:30:00,8.49,3.5,78.7
SOUTH,2025-02-15 04:00:00,9.61,3.74,39.5
SOUTH,2025-02-15 04:30:00,7.45,5.51,37.0
SOUTH,2025-02-15 05:00:00,8.18,9.36,68.3
SOUTH,2025-02-15 05:30:00,9.21,1.88,37.9
SOUTH,2025-02-15 06:00:00,8.95,3.44,81.1
SOUTH,2025-02-15 06:30:00,8.17,11.11,51.5
SOUTH,2025-02-15 07:00:00,8.27,2.41,80.4
SOUTH,2025-02-15 07:30:00,8.45,2.28,56.1
SOUTH,2025-02-15 08:00:00,9.5,6.7,36.3
SOUTH,2025-02-15 08:30:00,7.29,7.84,58.8
SOUTH,2025-02-15 09:00:00,8.14,6.25,37.8
SOUTH,2025-02-15 09:30:00,6.79,3.55,83.5
SOUTH,2025-02-15 10:00:00,9.34,5.64,59.3
SOUTH,2025-02-15 10:30:00,9.47,3.89,72.2
SOUTH,2025-02-15 11:00:00,9.53,7.59,60.8
SOUTH,2025-02-15 11:30:00,8.0,6.79,86.5
SOUTH,2025-02-15 12:00:00,8.2,1.99,83.7
SOUTH,2025-02-15 12:30:00,6.88,0.81,57.0
SOUTH,2025-02-15 13:00:00,9.34,1.88,64.0
SOUTH,2025-02-15 13:30:00,9.53,3.04,96.6
SOUTH,2025-02-15 14:00:00,10.25,6.26,33.8
SOUTH,2025-02-15 14:30:00,7.97,4.92,93.4
SOUTH,2025-02-15 15:00:00,9.04,4.29,37.8
SOUTH,2025-02-15 15:30:00,9.39,4.39,51.1
SOUTH,2025-02-15 16:00:00,9.16,1.34,26.1
SOUTH,2025-02-15 16:30:00,11.3,5.2,70.7
SOUTH,2025-02-15 17:00:00,10.05,6.01,72.7
SOUTH,2025-02-15 17:30:00,11.15,3.69,48.3
SOUTH,2025-02-15 18:00:00,11.69,7.23,80.5
SOUTH,2025-02-15 18:30:00,11.16,5.08,40.2
SOUTH,2025-02-15 19:00:00,12.54,2.34,72.4
SOUTH,2025-02-15 19:30:00,15.23,2.86,112.6
SOUTH,2025-02-15 20:00:00,12.32,2.5,45.7
SOUTH,2025-02-15 20:30:00,14.57,4.99,49.8
SOUTH,2025-02-15 21:00:00,11.42,4.86,59.8
SOUTH,2025-02-15 21:30:00,11.83,7.55,39.7
SOUTH,2025-02-15 22:00:00,12.24,3.85,51.0
SOUTH,2025-02-15 22:30:00,12.75,1.08,17.4
SOUTH,2025-02-15 23:00:00,11.41,3.72,35.6
SOUTH,2025-02-15 23:30:00,9.09,7.86,68.3
SOUTH,2025-02-16 00:00:00,10.82,8.39,78.4
SOUTH,2025-02-16 00:30:00,12.92,1.64,38.1
SOUTH,2025-02-16 01:00:00,11.05,4.83,82.5
SOUTH,2025-02-16 01:30:00,8.35,5.41,77.8
SOUTH,2025-02-16 02:00:00,10.92,3.19,69.3
SOUTH,2025-02-16 02:30:00,8.86,3.41,41.2
SOUTH,2025-02-16 03:00:00,8.36,3.52,51.2
SOUTH,2025-02-16 03:30:00,8.36,1.4,95.3
SOUTH,2025-02-16 04:00:00,8.19,4.66,28.3
SOUTH,2025-02-16 04:30:00,10.42,4.33,52.0
SOUTH,2025-02-16 05:00:00,7.86,5.74,6.8
SOUTH,2025-02-16 05:30:00,7.39,3.76,57.6
SOUTH,2025-02-16 06:00:00,11.07,3.32,77.8
SOUTH,2025-02-16 06:30:00,10.23,5.34,47.9
SOUTH,2025-02-16 07:00:00,6.32,5.49,89.6
SOUTH,2025-02-16 07:30:00,8.52,6.47,106.7
SOUTH,2025-02-16 08:00:00,8.8,1.8,60.9
SOUTH,2025-02-16 08:30:00,9.44,3.5,87.1
SOUTH,2025-02-16 09:00:00,7.78,4.67,53.7
SOUTH,2025-02-16 09:30:00,8.05,4.42,31.0
SOUTH,2025-02-16 10:00:00,7.53,1.53,52.7
SOUTH,2025-02-16 10:30:00,7.11,6.02,78.4
SOUTH,2025-02-16 11:00:00,9.05,1.46,58.2
SOUTH,2025-02-16 11:30:00,6.76,3.71,71.7
SOUTH,2025-02-16 12:00:00,9.98,4.95,82.7
SOUTH,2025-02-16 12:30:00,9.1,3.53,75.7
SOUTH,2025-02-16 13:00:00,10.36,2.95,66.8
SOUTH,2025-02-16 13:30:00,8.92,0.0,67.9
SOUTH,2025-02-16 14:00:00,8.24,4.66,32.4
SOUTH,2025-02-16 14:30:00,8.93,3.13,81.6
SOUTH,2025-02-16 15:00:00,9.67,1.85,66.6
SOUTH,2025-02-16 15:30:00,10.05,5.58,41.8
SOUTH,2025-02-16 16:00:00,11.05,8.94,55.7
SOUTH,2025-02-16 16:30:00,11.02,0.68,44.6
SOUTH,2025-02-16 17:00:00,11.76,3.34,71.1
SOUTH,2025-02-16 17:30:00,11.72,1.36,78.3
SOUTH,2025-02-16 18:00:00,10.03,2.47,64.1
SOUTH,2025-02-16 18:30:00,13.41,1.99,62.7
SOUTH,2025-02-16 19:00:00,11.91,5.31,81.3
SOUTH,2025-02-16 19:30:00,11.24,6.02,83.9
SOUTH,2025-02-16 20:00:00,13.93,5.0,62.8
SOUTH,2025-02-16 20:30:00,11.22,1.08,55.0
SOUTH,2025-02-16 21:00:00,11.86,3.78,70.8
SOUTH,2025-02-16 21:30:00,9.98,3.64,95.9
SOUTH,2025-02-16 22:00:00,12.72,5.23,67.0
SOUTH,2025-02-16 22:30:00,11.09,0.49,68.2
SOUTH,2025-02-16 23:00:00,8.27,3.35,59.9
SOUTH,2025-02-16 23:30:00,10.67,8.34,92.8
SOUTH,2025-02-17 00:00:00,12.09,2.15,94.6
SOUTH,2025-02-17 00:30:00,11.6,2.12,60.6
SOUTH,2025-02-17 01:00:00,11.52,2.8,62.5
SOUTH,2025-02-17 01:30:00,10.75,1.8,55.1
SOUTH,2025-02-17 02:00:00,8.62,5.74,43.7
SOUTH,2025-02-17 02:30:00,10.2,1.22,39.6
SOUTH,2025-02-17 03:00:00,7.92,3.42,63.2
SOUTH,2025-02-17 03:30:00,9.77,0.46,57.0
SOUTH,2025-02-17 04:00:00,7.95,5.07,55.2
SOUTH,2025-02-17 04:30:00,8.76,2.51,91.0
SOUTH,2025-02-17 05:00:00,6.9,3.2,61.9
SOUTH,2025-02-17 05:30:00,8.14,2.47,27.4
SOUTH,2025-02-17 06:00:00,7.29,2.08,90.2
SOUTH,2025-02-17 06:30:00,10.84,3.9,34.7
SOUTH,2025-02-17 07:00:00,8.81,2.04,50.1
SOUTH,2025-02-17 07:30:00,7.17,3.0,53.6
SOUTH,2025-02-17 08:00:00,6.28,2.6,78.4
SOUTH,2025-02-17 08:30:00,7.81,4.25,19.8
SOUTH,2025-02-17 09:00:00,9.06,2.63,80.2
SOUTH,2025-02-17 09:30:00,8.11,2.88,29.8
SOUTH,2025-02-17 10:00:00,10.73,5.61,75.5
SOUTH,2025-02-17 10:30:00,10.3,4.45,84.3
SOUTH,2025-02-17 11:00:00,7.87,5.48,48.7
SOUTH,2025-02-17 11:30:00,7.84,4.19,37.2
SOUTH,2025-02-17 12:00:00,9.25,3.38,24.2
SOUTH,2025-02-17 12:30:00,8.31,3.31,75.4
SOUTH,2025-02-17 13:00:00,9.68,6.89,69.4
SOUTH,2025-02-17 13:30:00,8.67,3.88,53.7
SOUTH,2025-02-17 14:00:00,10.44,4.12,48.7
SOUTH,2025-02-17 14:30:00,9.86,4.92,41.9
SOUTH,2025-02-17 15:00:00,10.75,0.84,79.9
SOUTH,2025-02-17 15:30:00,11.0,7.26,39.9
SOUTH,2025-02-17 16:00:00,12.21,5.87,56.7
SOUTH,2025-02-17 16:30:00,10.4,1.83,35.8
SOUTH,2025-02-17 17:00:00,10.37,1.49,88.7
SOUTH,2025-02-17 17:30:00,9.47,4.3,67.8
SOUTH,2025-02-17 18:00:00,12.02,4.89,77.0
SOUTH,2025-02-17 18:30:00,11.05,4.18,54.7
SOUTH,2025-02-17 19:00:00,13.35,8.2,38.5
SOUTH,2025-02-17 19:30:00,9.35,5.14,79.3
SOUTH,2025-02-17 20:00:00,14.2,5.48,85.1
SOUTH,2025-02-17 20:30:00,13.85,6.93,75.9
SOUTH,2025-02-17 21:00:00,10.25,3.98,65.4
SOUTH,2025-02-17 21:30:00,11.67,3.92,88.2
SOUTH,2025-02-17 22:00:00,10.68,5.6,65.7
SOUTH,2025-02-17 22:30:00,10.56,1.85,29.4
SOUTH,2025-02-17 23:00:00,11.85,3.87,45.1
SOUTH,2025-02-17 23:30:00,9.02,4.87,56.9
SOUTH,2025-02-18 00:00:00,10.06,2.07,55.7
SOUTH,2025-02-18 00:30:00,11.48,3.34,38.6
SOUTH,2025-02-18 01:00:00,10.36,6.09,60.7
SOUTH,2025-02-18 01:30:00,10.51,3.35,44.0
SOUTH,2025-02-18 02:00:00,8.81,0.68,81.3
SOUTH,2025-02-18 02:30:00,10.47,4.16,65.3
SOUTH,2025-02-18 03:00:00,9.8,2.53,54.1
SOUTH,2025-02-18 03:30:00,8.83,9.02,78.4
SOUTH,2025-02-18 04:00:00,9.12,6.73,82.3
SOUTH,2025-02-18 04:30:00,7.26,3.55,59.7
SOUTH,2025-02-18 05:00:00,9.23,3.55,58.2
SOUTH,2025-02-18 05:30:00,7.95,6.1,34.0
SOUTH,2025-02-18 06:00:00,7.67,0.31,41.5
SOUTH,2025-02-18 06:30:00,8.56,4.67,54.4
SOUTH,2025-02-18 07:00:00,9.33,6.71,58.8
SOUTH,2025-02-18 07:30:00,8.28,3.09,71.3
SOUTH,2025-02-18 08:00:00,6.48,7.59,80.5
SOUTH,2025-02-18 08:30:00,6.48,2.42,67.6
SOUTH,2025-02-18 09:00:00,7.58,5.09,53.5
SOUTH,2025-02-18 09:30:00,9.81,4.02,103.6
SOUTH,2025-02-18 10:00:00,8.91,1.3,97.6
SOUTH,2025-02-18 10:30:00,9.5,4.76,71.6
SOUTH,2025-02-18 11:00:00,7.07,0.39,59.2
SOUTH,2025-02-18 11:30:00,10.16,4.79,90.8
SOUTH,2025-02-18 12:00:00,10.5,4.04,81.3
SOUTH,2025-02-18 12:30:00,10.74,3.84,56.2
SOUTH,2025-02-18 13:00:00,9.57,0.0,65.0
SOUTH,2025-02-18 13:30:00,10.26,4.29,66.2
SOUTH,2025-02-18 14:00:00,9.86,0.01,89.9
SOUTH,2025-02-18 14:30:00,9.47,2.76,84.4
SOUTH,2025-02-18 15:00:00,11.61,4.55,73.8
SOUTH,2025-02-18 15:30:00,9.05,3.84,83.3
SOUTH,2025-02-18 16:00:00,10.1,2.0,61.4
SOUTH,2025-02-18 16:30:00,11.04,5.3,35.2
SOUTH,2025-02-18 17:00:00,8.27,5.84,40.5
SOUTH,2025-02-18 17:30:00,10.6,0.0,78.4
SOUTH,2025-02-18 18:00:00,12.07,4.62,65.5
SOUTH,2025-02-18 18:30:00,9.17,2.03,51.9
SOUTH,2025-02-18 19:00:00,10.95,3.46,64.4
SOUTH,2025-02-18 19:30:00,13.05,1.04,59.8
SOUTH,2025-02-18 20:00:00,12.77,2.15,56.5
SOUTH,2025-02-18 20:30:00,12.47,4.02,72.1
SOUTH,2025-02-18 21:00:00,11.96,3.38,38.9
SOUTH,2025-02-18 21:30:00,12.14,4.2,42.1
SOUTH,2025-02-18 22:00:00,12.35,6.54,48.1
SOUTH,2025-02-18 22:30:00,10.77,2.47,29.8
SOUTH,2025-02-18 23:00:00,13.73,3.1,44.5
SOUTH,2025-02-18 23:30:00,9.98,3.22,47.5
SOUTH,2025-02-19 00:00:00,12.7,1.5,32.3
SOUTH,2025-02-19 00:30:00,11.64,3.79,56.0
SOUTH,2025-02-19 01:00:00,11.16,4.27,59.2
SOUTH,2025-02-19 01:30:00,8.81,0.66,47.4
SOUTH,2025-02-19 02:00:00,8.67,4.54,27.6
SOUTH,2025-02-19 02:30:00,9.44,3.65,59.3
SOUTH,2025-02-19 03:00:00,9.94,3.35,48.0
SOUTH,2025-02-19 03:30:00,10.95,3.36,85.5
SOUTH,2025-02-19 04:00:00,8.58,3.97,57.5
SOUTH,2025-02-19 04:30:00,9.25,3.16,61.7
SOUTH,2025-02-19 05:00:00,10.4,6.1,79.0
SOUTH,2025-02-19 05:30:00,6.95,1.64,63.9
SOUTH,2025-02-19 06:00:00,9.17,2.96,47.4
SOUTH,2025-02-19 06:30:00,9.92,5.37,79.0
SOUTH,2025-02-19 07:00:00,7.51,2.96,77.1
SOUTH,2025-02-19 07:30:00,7.73,2.78,43.6
SOUTH,2025-02-19 08:00:00,7.36,5.75,32.8
SOUTH,2025-02-19 08:30:00,8.73,2.58,56.2
SOUTH,2025-02-19 09:00:00,7.87,3.56,54.8
SOUTH,2025-02-19 09:30:00,7.51,2.86,83.8
SOUTH,2025-02-19 10:00:00,8.27,3.75,48.4
SOUTH,2025-02-19 10:30:00,7.75,2.72,73.8
SOUTH,2025-02-19 11:00:00,7.66,0.0,61.0
SOUTH,2025-02-19 11:30:00,8.23,2.83,76.4
SOUTH,2025-02-19 12:00:00,5.69,7.15,79.0
SOUTH,2025-02-19 12:30:00,8.22,3.1,69.1
SOUTH,2025-02-19 13:00:00,10.09,2.73,30.9
SOUTH,2025-02-19 13:30:00,11.99,5.91,62.8
SOUTH,2025-02-19 14:00:00,10.19,5.24,73.3
SOUTH,2025-02-19 14:30:00,7.47,3.3,51.8
SOUTH,2025-02-19 15:00:00,10.3,5.54,27.8
SOUTH,2025-02-19 15:30:00,8.87,2.64,62.8
SOUTH,2025-02-19 16:00:00,11.97,7.26,54.8
SOUTH,2025-02-19 16:30:00,11.97,5.42,69.8
SOUTH,2025-02-19 17:00:00,11.36,3.2,40.8
SOUTH,2025-02-19 17:30:00,10.03,4.69,59.0
SOUTH,2025-02-19 18:00:00,11.21,5.33,56.4
SOUTH,2025-02-19 18:30:00,10.61,3.47,74.8
SOUTH,2025-02-19 19:00:00,10.68,4.42,59.0
SOUTH,2025-02-19 19:30:00,10.99,3.41,31.7
SOUTH,2025-02-19 20:00:00,12.11,1.27,79.3
SOUTH,2025-02-19 20:30:00,11.86,2.86,80.9
SOUTH,2025-02-19 21:00:00,12.67,2.5,27.1
SOUTH,2025-02-19 21:30:00,13.48,7.75,29.9
SOUTH,2025-02-19 22:00:00,10.73,4.14,50.7
SOUTH,2025-02-19 22:30:00,11.67,3.76,67.3
SOUTH,2025-02-19 23:00:00,10.24,4.39,39.9
SOUTH,2025-02-19 23:30:00,10.9,0.53,52.7
SOUTH,2025-02-20 00:00:00,10.35,5.89,58.9
SOUTH,2025-02-20 00:30:00,11.18,3.96,21.7
SOUTH,2025-02-20 01:00:00,8.16,3.36,65.0
SOUTH,2025-02-20 01:30:00,10.27,2.27,55.7
SOUTH,2025-02-20 02:00:00,9.64,5.56,73.0
SOUTH,2025-02-20 02:30:00,9.37,3.9,65.0
SOUTH,2025-02-20 03:00:00,10.03,7.31,59.5
SOUTH,2025-02-20 03:30:00,10.92,1.68,48.5
SOUTH,2025-02-20 04:00:00,6.47,4.3,71.7
SOUTH,2025-02-20 04:30:00,5.97,4.38,70.9
SOUTH,2025-02-20 05:00:00,9.28,1.61,73.9
SOUTH,2025-02-20 05:30:00,8.63,5.18,57.7
SOUTH,2025-02-20 06:00:00,8.76,6.22,56.3
SOUTH,2025-02-20 06:30:00,8.64,6.5,57.6
SOUTH,2025-02-20 07:00:00,6.75,5.35,85.8
SOUTH,2025-02-20 07:30:00,9.65,5.43,17.8
SOUTH,2025-02-20 08:00:00,7.27,2.83,60.8
SOUTH,2025-02-20 08:30:00,10.06,1.84,100.4
SOUTH,2025-02-20 09:00:00,7.64,2.47,75.2
SOUTH,2025-02-20 09:30:00,9.21,5.3,46.1
SOUTH,2025-02-20 10:00:00,8.91,1.93,45.6
SOUTH,2025-02-20 10:30:00,8.19,2.36,78.9
SOUTH,2025-02-20 11:00:00,7.93,3.56,44.2
SOUTH,2025-02-20 11:30:00,9.87,2.67,80.6
SOUTH,2025-02-20 12:00:00,10.32,3.11,60.5
SOUTH,2025-02-20 12:30:00,8.47,5.09,56.5
SOUTH,2025-02-20 13:00:00,9.02,4.09,31.5
SOUTH,2025-02-20 13:30:00,9.43,5.3,62.5
SOUTH,2025-02-20 14:00:00,11.18,3.25,51.7
SOUTH,2025-02-20 14:30:00,8.69,3.19,95.4
SOUTH,2025-02-20 15:00:00,10.88,2.83,41.9
SOUTH,2025-02-20 15:30:00,8.63,2.34,73.7
SOUTH,2025-02-20 16:00:00,10.52,2.08,44.7
SOUTH,2025-02-20 16:30:00,11.81,3.84,48.7
SOUTH,2025-02-20 17:00:00,11.08,8.41,82.0
SOUTH,2025-02-20 17:30:00,13.21,0.5,57.3
SOUTH,2025-02-20 18:00:00,10.99,5.09,79.1
SOUTH,2025-02-20 18:30:00,12.16,2.26,48.1
SOUTH,2025-02-20 19:00:00,12.71,5.44,62.5
SOUTH,2025-02-20 19:30:00,12.12,4.1,64.8
SOUTH,2025-02-20 20:00:00,12.89,5.26,60.4
SOUTH,2025-02-20 20:30:00,11.98,3.83,46.0
SOUTH,2025-02-20 21:00:00,11.01,5.09,47.2
SOUTH,2025-02-20 21:30:00,12.94,3.9,74.8
SOUTH,2025-02-20 22:00:00,12.53,5.69,51.4
SOUTH,2025-02-20 22:30:00,12.26,5.48,32.1
SOUTH,2025-02-20 23:00:00,13.49,8.53,77.1
SOUTH,2025-02-20 23:30:00,12.42,5.18,54.2
SOUTH,2025-02-21 00:00:00,10.96,5.93,42.5
SOUTH,2025-02-21 00:30:00,9.82,3.21,71.8
SOUTH,2025-02-21 01:00:00,9.57,3.55,58.1
SOUTH,2025-02-21 01:30:00,9.4,0.0,41.5
SOUTH,2025-02-21 02:00:00,10.41,4.97,68.9
SOUTH,2025-02-21 02:30:00,10.83,2.75,44.9
SOUTH,2025-02-21 03:00:00,10.03,3.58,76.3
SOUTH,2025-02-21 03:30:00,10.03,6.57,51.6
SOUTH,2025-02-21 04:00:00,10.37,8.07,61.0
SOUTH,2025-02-21 04:30:00,9.69,2.14,76.1
SOUTH,2025-02-21 05:00:00,10.03,3.01,70.6
SOUTH,2025-02-21 05:30:00,9.02,4.78,74.6
SOUTH,2025-02-21 06:00:00,8.98,3.72,75.0
SOUTH,2025-02-21 06:30:00,9.7,2.89,60.0
SOUTH,2025-02-21 07:00:00,6.04,5.17,82.0
SOUTH,2025-02-21 07:30:00,7.85,4.27,56.0
SOUTH,2025-02-21 08:00:00,7.63,4.46,45.9
SOUTH,2025-02-21 08:30:00,7.81,2.19,70.6
SOUTH,2025-02-21 09:00:00,8.45,3.14,60.7
SOUTH,2025-02-21 09:30:00,7.9,6.29,52.1
SOUTH,2025-02-21 10:00:00,9.12,2.59,74.7
SOUTH,2025-02-21 10:30:00,9.61,6.17,86.5
SOUTH,2025-02-21 11:00:00,9.03,6.48,89.2
SOUTH,2025-02-21 11:30:00,7.33,2.79,33.1
SOUTH,2025-02-21 12:00:00,10.37,0.98,28.0
SOUTH,2025-02-21 12:30:00,7.78,0.52,64.9
SOUTH,2025-02-21 13:00:00,8.27,0.62,59.2
SOUTH,2025-02-21 13:30:00,9.6,0.26,47.2
SOUTH,2025-02-21 14:00:00,10.0,3.29,54.1
SOUTH,2025-02-21 14:30:00,11.51,8.29,54.4
SOUTH,2025-02-21 15:00:00,9.03,3.53,63.5
SOUTH,2025-02-21 15:30:00,10.55,5.22,99.8
SOUTH,2025-02-21 16:00:00,9.04,2.99,87.7
SOUTH,2025-02-21 16:30:00,10.47,5.58,71.4
SOUTH,2025-02-21 17:00:00,12.99,7.83,66.0
SOUTH,2025-02-21 17:30:00,9.41,2.6,99.3
SOUTH,2025-02-21 18:00:00,10.13,4.99,14.7
SOUTH,2025-02-21 18:30:00,10.2,5.77,60.6
SOUTH,2025-02-21 19:00:00,11.57,2.37,24.1
SOUTH,2025-02-21 19:30:00,12.86,3.43,32.6
SOUTH,2025-02-21 20:00:00,12.13,5.16,56.4
SOUTH,2025-02-21 20:30:00,12.23,4.08,47.3
SOUTH,2025-02-21 21:00:00,12.09,5.47,78.6
SOUTH,2025-02-21 21:30:00,12.97,2.65,71.5
SOUTH,2025-02-21 22:00:00,12.38,2.58,51.6
SOUTH,2025-02-21 22:30:00,12.64,6.75,27.4
SOUTH,2025-02-21 23:00:00,13.48,6.33,63.6
SOUTH,2025-02-21 23:30:00,11.22,4.78,48.5
SOUTH,2025-02-22 00:00:00,10.94,1.05,28.7
SOUTH,2025-02-22 00:30:00,13.95,4.13,63.7
SOUTH,2025-02-22 01:00:00,10.63,2.34,54.5
SOUTH,2025-02-22 01:30:00,10.78,3.61,46.5
SOUTH,2025-02-22 02:00:00,10.73,4.38,67.1
SOUTH,2025-02-22 02:30:00,11.0,3.66,57.0
SOUTH,2025-02-22 03:00:00,11.41,2.11,26.3
SOUTH,2025-02-22 03:30:00,10.3,2.74,40.6
SOUTH,2025-02-22 04:00:00,10.21,3.71,37.3
SOUTH,2025-02-22 04:30:00,11.47,0.78,58.4
SOUTH,2025-02-22 05:00:00,6.47,4.54,48.5
SOUTH,2025-02-22 05:30:00,9.72,3.97,84.3
SOUTH,2025-02-22 06:00:00,7.9,0.79,64.3
SOUTH,2025-02-22 06:30:00,8.12,0.36,41.0
SOUTH,2025-02-22 07:00:00,7.34,7.11,72.7
SOUTH,2025-02-22 07:30:00,7.8,4.94,23.3
SOUTH,2025-02-22 08:00:00,7.47,4.8,63.0
SOUTH,2025-02-22 08:30:00,7.5,3.92,66.1
SOUTH,2025-02-22 09:00:00,8.21,5.72,65.7
SOUTH,2025-02-22 09:30:00,8.83,7.43,74.9
SOUTH,2025-02-22 10:00:00,10.51,2.66,31.3
SOUTH,2025-02-22 10:30:00,8.25,3.55,86.3
SOUTH,2025-02-22 11:00:00,7.38,3.84,67.3
SOUTH,2025-02-22 11:30:00,8.86,3.66,66.5
SOUTH,2025-02-22 12:00:00,10.45,7.07,60.6
SOUTH,2025-02-22 12:30:00,8.17,7.07,40.6
SOUTH,2025-02-22 13:00:00,11.78,6.69,86.8
SOUTH,2025-02-22 13:30:00,10.46,0.0,41.3
SOUTH,2025-02-22 14:00:00,10.52,2.65,54.3
SOUTH,2025-02-22 14:30:00,10.89,3.66,38.1
SOUTH,2025-02-22 15:00:00,11.73,5.03,55.5
SOUTH,2025-02-22 15:30:00,11.52,4.19,84.0
SOUTH,2025-02-22 16:00:00,11.33,6.65,26.3
SOUTH,2025-02-22 16:30:00,11.7,3.2,44.5
SOUTH,2025-02-22 17:00:00,12.96,5.78,23.9
SOUTH,2025-02-22 17:30:00,12.42,5.19,47.0
SOUTH,2025-02-22 18:00:00,10.88,0.82,53.9
SOUTH,2025-02-22 18:30:00,11.67,5.59,64.8
SOUTH,2025-02-22 19:00:00,10.81,4.48,55.4
SOUTH,2025-02-22 19:30:00,10.96,0.82,71.2
SOUTH,2025-02-22 20:00:00,12.69,5.11,46.9
SOUTH,2025-02-22 20:30:00,12.36,1.25,42.2
SOUTH,2025-02-22 21:00:00,12.12,4.52,30.7
SOUTH,2025-02-22 21:30:00,10.81,3.27,77.3
SOUTH,2025-02-22 22:00:00,10.91,4.28,64.4
SOUTH,2025-02-22 22:30:00,11.58,4.54,35.8
SOUTH,2025-02-22 23:00:00,10.78,6.87,87.1
SOUTH,2025-02-22 23:30:00,12.58,6.2,27.1
SOUTH,2025-02-23 00:00:00,10.07,3.38,103.5
SOUTH,2025-02-23 00:30:00,10.83,5.49,66.8
SOUTH,2025-02-23 01:00:00,11.15,3.95,38.4
SOUTH,2025-02-23 01:30:00,7.49,6.56,48.9
SOUTH,2025-02-23 02:00:00,7.97,4.88,67.5
SOUTH,2025-02-23 02:30:00,11.13,6.23,43.5
SOUTH,2025-02-23 03:00:00,8.64,3.36,74.8
SOUTH,2025-02-23 03:30:00,7.17,4.26,76.8
SOUTH,2025-02-23 04:00:00,10.28,5.42,79.1
SOUTH,2025-02-23 04:30:00,5.91,7.23,65.9
SOUTH,2025-02-23 05:00:00,10.4,1.65,28.4
SOUTH,2025-02-23 05:30:00,10.94,2.15,54.4
SOUTH,2025-02-23 06:00:00,9.11,5.55,79.4
SOUTH,2025-02-23 06:30:00,8.75,1.89,72.7
SOUTH,2025-02-23 07:00:00,9.14,0.37,85.5
SOUTH,2025-02-23 07:30:00,5.29,6.07,48.6
SOUTH,2025-02-23 08:00:00,9.06,5.02,59.3
SOUTH,2025-02-23 08:30:00,8.75,3.83,72.9
SOUTH,2025-02-23 09:00:00,10.9,1.32,2.6
SOUTH,2025-02-23 09:30:00,7.78,3.03,53.2
SOUTH,2025-02-23 10:00:00,7.37,5.74,35.1
SOUTH,2025-02-23 10:30:00,9.02,5.28,65.7
SOUTH,2025-02-23 11:00:00,9.38,5.9,61.0
SOUTH,2025-02-23 11:30:00,8.38,4.97,70.8
SOUTH,2025-02-23 12:00:00,10.28,0.58,56.7
SOUTH,2025-02-23 12:30:00,7.93,5.12,73.1
SOUTH,2025-02-23 13:00:00,9.36,2.54,70.7
SOUTH,2025-02-23 13:30:00,9.53,6.85,91.9
SOUTH,2025-02-23 14:00:00,11.41,4.47,92.9
SOUTH,2025-02-23 14:30:00,10.5,3.04,47.8
SOUTH,2025-02-23 15:00:00,9.88,3.99,68.3
SOUTH,2025-02-23 15:30:00,9.03,3.1,63.8
SOUTH,2025-02-23 16:00:00,11.98,3.95,64.4
SOUTH,2025-02-23 16:30:00,9.72,2.18,58.9
SOUTH,2025-02-23 17:00:00,12.24,4.46,44.7
SOUTH,2025-02-23 17:30:00,11.34,7.02,69.8
SOUTH,2025-02-23 18:00:00,11.75,1.95,47.2
SOUTH,2025-02-23 18:30:00,11.95,4.55,70.2
SOUTH,2025-02-23 19:00:00,12.61,3.26,50.8
SOUTH,2025-02-23 19:30:00,14.6,2.89,36.7
SOUTH,2025-02-23 20:00:00,10.24,3.29,76.9
SOUTH,2025-02-23 20:30:00,11.52,6.96,59.9
SOUTH,2025-02-23 21:00:00,13.47,2.48,46.6
SOUTH,2025-02-23 21:30:00,12.25,4.97,56.8
SOUTH,2025-02-23 22:00:00,12.29,5.18,34.4
SOUTH,2025-02-23 22:30:00,11.53,2.96,51.5
SOUTH,2025-02-23 23:00:00,12.11,2.99,23.9
SOUTH,2025-02-23 23:30:00,12.17,1.87,68.9
SOUTH,2025-02-24 00:00:00,12.23,0.0,46.1
SOUTH,2025-02-24 00:30:00,11.69,1.18,74.1
SOUTH,2025-02-24 01:00:00,12.04,3.68,46.1
SOUTH,2025-02-24 01:30:00,8.01,5.63,96.0
SOUTH,2025-02-24 02:00:00,12.42,3.61,40.3
SOUTH,2025-02-24 02:30:00,11.27,3.75,68.6
SOUTH,2025-02-24 03:00:00,10.11,4.19,78.5
SOUTH,2025-02-24 03:30:00,11.03,2.95,43.4
SOUTH,2025-02-24 04:00:00,6.27,3.31,40.3
SOUTH,2025-02-24 04:30:00,9.77,3.33,55.9
SOUTH,2025-02-24 05:00:00,9.83,4.79,57.9
SOUTH,2025-02-24 05:30:00,10.88,5.48,52.5
SOUTH,2025-02-24 06:00:00,8.09,5.58,63.7
SOUTH,2025-02-24 06:30:00,7.19,5.79,82.6
SOUTH,2025-02-24 07:00:00,9.75,7.09,97.2
SOUTH,2025-02-24 07:30:00,10.41,4.68,56.2
SOUTH,2025-02-24 08:00:00,6.07,4.02,69.3
SOUTH,2025-02-24 08:30:00,8.32,0.22,54.8
SOUTH,2025-02-24 09:00:00,9.11,1.95,63.0
SOUTH,2025-02-24 09:30:00,8.85,6.24,90.8
SOUTH,2025-02-24 10:00:00,8.08,4.37,63.9
SOUTH,2025-02-24 10:30:00,9.31,5.07,85.7
SOUTH,2025-02-24 11:00:00,6.06,4.84,68.8
SOUTH,2025-02-24 11:30:00,8.57,0.0,58.9
SOUTH,2025-02-24 12:00:00,8.41,7.36,66.8
SOUTH,2025-02-24 12:30:00,8.31,0.0,70.6
SOUTH,2025-02-24 13:00:00,10.58,3.57,70.9
SOUTH,2025-02-24 13:30:00,9.33,6.13,77.9
SOUTH,2025-02-24 14:00:00,8.3,1.21,96.6
SOUTH,2025-02-24 14:30:00,11.39,1.48,31.7
SOUTH,2025-02-24 15:00:00,11.03,1.72,54.3
SOUTH,2025-02-24 15:30:00,10.73,3.82,80.3
SOUTH,2025-02-24 16:00:00,13.47,3.04,39.6
SOUTH,2025-02-24 16:30:00,11.73,7.26,52.7
SOUTH,2025-02-24 17:00:00,12.7,2.33,60.4
SOUTH,2025-02-24 17:30:00,10.29,4.02,57.9
SOUTH,2025-02-24 18:00:00,12.73,7.56,53.0
SOUTH,2025-02-24 18:30:00,9.6,3.6,65.4
SOUTH,2025-02-24 19:00:00,12.44,3.69,86.8
SOUTH,2025-02-24 19:30:00,12.36,3.79,46.0
SOUTH,2025-02-24 20:00:00,10.17,4.66,64.4
SOUTH,2025-02-24 20:30:00,11.0,3.91,57.4
SOUTH,2025-02-24 21:00:00,11.45,2.41,67.3
SOUTH,2025-02-24 21:30:00,11.93,2.82,44.5
SOUTH,2025-02-24 22:00:00,11.84,5.85,63.7
SOUTH,2025-02-24 22:30:00,11.71,4.62,84.6
SOUTH,2025-02-24 23:00:00,12.27,4.52,71.5
SOUTH,2025-02-24 23:30:00,11.49,4.37,51.2
SOUTH,2025-02-25 00:00:00,9.46,4.69,66.2
SOUTH,2025-02-25 00:30:00,10.98,6.07,47.0
SOUTH,2025-02-25 01:00:00,8.72,2.61,32.3
SOUTH,2025-02-25 01:30:00,11.25,2.5,77.7
SOUTH,2025-02-25 02:00:00,11.48,2.15,45.5
SOUTH,2025-02-25 02:30:00,10.96,5.96,23.8
SOUTH,2025-02-25 03:00:00,10.14,0.0,50.1
SOUTH,2025-02-25 03:30:00,11.12,10.02,55.7
SOUTH,2025-02-25 04:00:00,7.83,2.97,61.2
SOUTH,2025-02-25 04:30:00,8.52,2.15,52.3
SOUTH,2025-02-25 05:00:00,9.38,3.66,44.1
SOUTH,2025-02-25 05:30:00,8.1,3.17,42.0
SOUTH,2025-02-25 06:00:00,7.74,5.29,55.9
SOUTH,2025-02-25 06:30:00,6.49,6.05,67.5
SOUTH,2025-02-25 07:00:00,6.73,3.27,45.7
SOUTH,2025-02-25 07:30:00,9.2,3.26,58.7
SOUTH,2025-02-25 08:00:00,8.1,1.04,85.3
SOUTH,2025-02-25 08:30:00,9.12,2.51,63.5
SOUTH,2025-02-25 09:00:00,9.56,4.11,88.0
SOUTH,2025-02-25 09:30:00,11.89,3.75,49.5
SOUTH,2025-02-25 10:00:00,7.4,0.0,82.5
SOUTH,2025-02-25 10:30:00,8.17,5.75,79.4
SOUTH,2025-02-25 11:00:00,7.61,2.14,91.4
SOUTH,2025-02-25 11:30:00,8.82,2.68,41.2
SOUTH,2025-02-25 12:00:00,9.15,7.02,72.3
SOUTH,2025-02-25 12:30:00,9.54,7.18,85.1
SOUTH,2025-02-25 13:00:00,10.21,9.55,55.5
SOUTH,2025-02-25 13:30:00,11.12,3.21,76.3
SOUTH,2025-02-25 14:00:00,10.03,4.92,103.0
SOUTH,2025-02-25 14:30:00,11.47,4.95,46.1
SOUTH,2025-02-25 15:00:00,11.07,1.98,76.0
SOUTH,2025-02-25 15:30:00,11.88,3.64,89.9
SOUTH,2025-02-25 16:00:00,13.15,4.3,70.2
SOUTH,2025-02-25 16:30:00,10.62,3.46,40.6
SOUTH,2025-02-25 17:00:00,11.16,3.79,30.1
SOUTH,2025-02-25 17:30:00,12.43,6.04,59.9
SOUTH,2025-02-25 18:00:00,8.82,3.49,34.9
SOUTH,2025-02-25 18:30:00,11.32,6.9,16.2
SOUTH,2025-02-25 19:00:00,11.28,5.66,47.4
SOUTH,2025-02-25 19:30:00,11.32,8.06,66.8
SOUTH,2025-02-25 20:00:00,13.44,4.99,62.9
SOUTH,2025-02-25 20:30:00,13.84,7.81,29.7
SOUTH,2025-02-25 21:00:00,12.21,3.91,52.3
SOUTH,2025-02-25 21:30:00,13.43,4.51,94.7
SOUTH,2025-02-25 22:00:00,13.38,6.73,38.4
SOUTH,2025-02-25 22:30:00,11.09,2.55,83.8
SOUTH,2025-02-25 23:00:00,10.58,2.12,39.8
SOUTH,2025-02-25 23:30:00,15.04,3.72,69.5
SOUTH,2025-02-26 00:00:00,10.01,5.92,28.1
SOUTH,2025-02-26 00:30:00,10.2,2.54,63.9
SOUTH,2025-02-26 01:00:00,9.94,7.05,69.1
SOUTH,2025-02-26 01:30:00,10.07,6.0,52.9
SOUTH,2025-02-26 02:00:00,9.67,5.79,15.8
SOUTH,2025-02-26 02:30:00,11.26,2.57,47.1
SOUTH,2025-02-26 03:00:00,12.21,2.94,77.2
SOUTH,2025-02-26 03:30:00,10.2,4.77,55.5
SOUTH,2025-02-26 04:00:00,9.02,7.06,76.7
SOUTH,2025-02-26 04:30:00,8.78,1.91,49.5
SOUTH,2025-02-26 05:00:00,10.14,6.36,70.0
SOUTH,2025-02-26 05:30:00,7.02,5.51,83.5
SOUTH,2025-02-26 06:00:00,8.86,7.96,36.2
SOUTH,2025-02-26 06:30:00,9.47,1.96,79.1
SOUTH,2025-02-26 07:00:00,9.18,7.6,69.0
SOUTH,2025-02-26 07:30:00,7.96,3.02,55.5
SOUTH,2025-02-26 08:00:00,7.77,6.69,83.0
SOUTH,2025-02-26 08:30:00,6.58,4.08,61.1
SOUTH,2025-02-26 09:00:00,7.51,4.88,86.3
SOUTH,2025-02-26 09:30:00,9.52,6.69,47.1
SOUTH,2025-02-26 10:00:00,8.69,2.47,64.3
SOUTH,2025-02-26 10:30:00,9.04,5.92,83.6
SOUTH,2025-02-26 11:00:00,9.79,2.28,35.7
SOUTH,2025-02-26 11:30:00,9.59,7.0,59.6
SOUTH,2025-02-26 12:00:00,7.55,8.17,68.8
SOUTH,2025-02-26 12:30:00,9.58,1.66,60.3
SOUTH,2025-02-26 13:00:00,10.69,5.01,47.8
SOUTH,2025-02-26 13:30:00,9.79,2.77,90.0
SOUTH,2025-02-26 14:00:00,11.45,2.95,39.0
SOUTH,2025-02-26 14:30:00,10.71,3.01,52.5
SOUTH,2025-02-26 15:00:00,9.53,1.98,62.9
SOUTH,2025-02-26 15:30:00,10.58,8.99,70.7
SOUTH,2025-02-26 16:00:00,10.0,0.93,67.2
SOUTH,2025-02-26 16:30:00,10.9,6.66,65.1
SOUTH,2025-02-26 17:00:00,9.41,1.96,47.8
SOUTH,2025-02-26 17:30:00,12.32,1.89,62.8
SOUTH,2025-02-26 18:00:00,10.51,4.01,66.7
SOUTH,2025-02-26 18:30:00,13.86,4.49,45.3
SOUTH,2025-02-26 19:00:00,14.1,3.63,73.9
SOUTH,2025-02-26 19:30:00,11.58,4.18,45.6
SOUTH,2025-02-26 20:00:00,12.77,5.61,51.1
SOUTH,2025-02-26 20:30:00,11.72,4.71,45.1
SOUTH,2025-02-26 21:00:00,10.49,4.71,58.1
SOUTH,2025-02-26 21:30:00,12.16,5.04,71.9
SOUTH,2025-02-26 22:00:00,11.92,1.75,48.5
SOUTH,2025-02-26 22:30:00,12.81,4.27,50.1
SOUTH,2025-02-26 23:00:00,10.85,5.24,56.0
SOUTH,2025-02-26 23:30:00,12.7,5.76,54.4
SOUTH,2025-02-27 00:00:00,12.57,4.28,64.8
SOUTH,2025-02-27 00:30:00,8.81,2.06,43.5
SOUTH,2025-02-27 01:00:00,10.57,4.23,62.8
SOUTH,2025-02-27 01:30:00,11.29,2.63,72.4
SOUTH,2025-02-27 02:00:00,12.61,3.29,48.1
SOUTH,2025-02-27 02:30:00,9.61,4.17,50.5
SOUTH,2025-02-27 03:00:00,7.84,1.09,78.4
SOUTH,2025-02-27 03:30:00,11.45,7.2,64.1
SOUTH,2025-02-27 04:00:00,8.24,3.12,33.2
SOUTH,2025-02-27 04:30:00,7.6,4.51,69.7
SOUTH,2025-02-27 05:00:00,11.37,3.83,35.6
SOUTH,2025-02-27 05:30:00,8.87,3.44,51.2
SOUTH,2025-02-27 06:00:00,9.11,1.57,62.4
SOUTH,2025-02-27 06:30:00,9.48,6.84,65.6
SOUTH,2025-02-27 07:00:00,9.75,3.11,54.5
SOUTH,2025-02-27 07:30:00,10.12,1.26,52.7
SOUTH,2025-02-27 08:00:00,9.79,3.58,54.9
SOUTH,2025-02-27 08:30:00,8.12,4.23,79.5
SOUTH,2025-02-27 09:00:00,9.61,4.02,79.7
SOUTH,2025-02-27 09:30:00,8.91,5.72,41.5
SOUTH,2025-02-27 10:00:00,10.79,4.44,10.5
SOUTH,2025-02-27 10:30:00,10.69,4.01,52.9
SOUTH,2025-02-27 11:00:00,8.29,4.88,44.0
SOUTH,2025-02-27 11:30:00,8.33,2.89,54.7
SOUTH,2025-02-27 12:00:00,8.82,5.71,64.9
SOUTH,2025-02-27 12:30:00,9.91,5.22,58.3
SOUTH,2025-02-27 13:00:00,8.69,7.61,76.7
SOUTH,2025-02-27 13:30:00,11.85,6.07,51.7
SOUTH,2025-02-27 14:00:00,7.62,1.54,71.5
SOUTH,2025-02-27 14:30:00,10.31,3.16,15.1
SOUTH,2025-02-27 15:00:00,10.94,1.84,47.0
SOUTH,2025-02-27 15:30:00,11.97,1.94,43.2
SOUTH,2025-02-27 16:00:00,11.66,5.74,52.8
SOUTH,2025-02-27 16:30:00,13.19,1.44,33.8
SOUTH,2025-02-27 17:00:00,10.0,0.7,66.1
SOUTH,2025-02-27 17:30:00,10.67,1.18,66.8
SOUTH,2025-02-27 18:00:00,13.15,6.1,75.8
SOUTH,2025-02-27 18:30:00,11.06,4.55,68.9
SOUTH,2025-02-27 19:00:00,11.8,4.33,37.5
SOUTH,2025-02-27 19:30:00,11.61,4.74,87.1
SOUTH,2025-02-27 20:00:00,13.82,5.32,61.4
SOUTH,2025-02-27 20:30:00,12.34,1.1,45.0
SOUTH,2025-02-27 21:00:00,11.4,5.15,77.0
SOUTH,2025-02-27 21:30:00,13.25,6.37,61.3
SOUTH,2025-02-27 22:00:00,10.99,3.9,47.0
SOUTH,2025-02-27 22:30:00,12.96,3.28,58.2
SOUTH,2025-02-27 23:00:00,12.68,2.52,77.4
SOUTH,2025-02-27 23:30:00,10.23,4.61,58.4
SOUTH,2025-02-28 00:00:00,12.48,1.25,32.4
SOUTH,2025-02-28 00:30:00,12.39,3.22,58.4
SOUTH,2025-02-28 01:00:00,10.21,5.83,65.4
SOUTH,2025-02-28 01:30:00,11.29,1.66,69.0
SOUTH,2025-02-28 02:00:00,9.3,2.68,35.4
SOUTH,2025-02-28 02:30:00,10.3,6.13,64.1
SOUTH,2025-02-28 03:00:00,9.44,4.22,61.9
SOUTH,2025-02-28 03:30:00,10.05,4.35,41.3
SOUTH,2025-02-28 04:00:00,9.62,0.49,70.4
SOUTH,2025-02-28 04:30:00,8.16,6.36,16.0
SOUTH,2025-02-28 05:00:00,11.08,0.72,38.4
SOUTH,2025-02-28 05:30:00,9.43,5.24,54.9
SOUTH,2025-02-28 06:00:00,9.83,2.41,52.8
SOUTH,2025-02-28 06:30:00,8.39,2.92,25.2
SOUTH,2025-02-28 07:00:00,8.53,3.77,79.4
SOUTH,2025-02-28 07:30:00,7.01,2.72,81.7
SOUTH,2025-02-28 08:00:00,8.84,5.1,68.2
SOUTH,2025-02-28 08:30:00,9.04,7.64,61.6
SOUTH,2025-02-28 09:00:00,7.34,5.28,49.8
SOUTH,2025-02-28 09:30:00,8.42,4.74,45.2
SOUTH,2025-02-28 10:00:00,8.14,4.95,50.1
SOUTH,2025-02-28 10:30:00,9.92,2.03,42.2
SOUTH,2025-02-28 11:00:00,11.36,0.94,59.5
SOUTH,2025-02-28 11:30:00,11.3,3.94,84.2
SOUTH,2025-02-28 12:00:00,10.27,3.99,57.6
SOUTH,2025-02-28 12:30:00,6.95,3.36,64.2
SOUTH,2025-02-28 13:00:00,10.25,8.93,65.1
SOUTH,2025-02-28 13:30:00,10.73,6.33,69.7
SOUTH,2025-02-28 14:00:00,10.38,3.84,53.7
SOUTH,2025-02-28 14:30:00,11.02,3.66,71.2
SOUTH,2025-02-28 15:00:00,9.79,4.29,87.9
SOUTH,2025-02-28 15:30:00,10.74,7.69,62.9
SOUTH,2025-02-28 16:00:00,11.42,4.23,54.4
SOUTH,2025-02-28 16:30:00,9.11,5.76,99.5
SOUTH,2025-02-28 17:00:00,12.48,5.08,56.7
SOUTH,2025-02-28 17:30:00,13.29,3.92,64.8
SOUTH,2025-02-28 18:00:00,10.34,2.94,66.6
SOUTH,2025-02-28 18:30:00,13.31,5.87,31.6
SOUTH,2025-02-28 19:00:00,10.65,5.17,46.6
SOUTH,2025-02-28 19:30:00,13.49,0.74,58.2
SOUTH,2025-02-28 20:00:00,12.45,4.96,41.4
SOUTH,2025-02-28 20:30:00,10.13,4.34,69.5
SOUTH,2025-02-28 21:00:00,13.63,3.28,74.0
SOUTH,2025-02-28 21:30:00,13.0,6.64,59.0
SOUTH,2025-02-28 22:00:00,10.14,3.86,61.6
SOUTH,2025-02-28 22:30:00,12.84,0.93,54.4
SOUTH,2025-02-28 23:00:00,12.94,3.79,54.5
SOUTH,2025-02-28 23:30:00,14.19,1.86,82.2
SOUTH,2025-03-01 00:00:00,12.77,3.55,59.4
SOUTH,2025-03-01 00:30:00,11.5,4.36,49.3
SOUTH,2025-03-01 01:00:00,10.55,3.29,54.2
SOUTH,2025-03-01 01:30:00,10.69,0.0,61.8
SOUTH,2025-03-01 02:00:00,9.91,0.27,53.7
SOUTH,2025-03-01 02:30:00,10.08,6.55,50.3
SOUTH,2025-03-01 03:00:00,10.83,6.77,48.7
SOUTH,2025-03-01 03:30:00,9.97,7.46,64.1
SOUTH,2025-03-01 04:00:00,9.99,3.19,72.4
SOUTH,2025-03-01 04:30:00,9.49,0.34,53.6
SOUTH,2025-03-01 05:00:00,7.71,4.22,43.5
SOUTH,2025-03-01 05:30:00,9.7,4.09,37.5
SOUTH,2025-03-01 06:00:00,8.22,5.24,80.7
SOUTH,2025-03-01 06:30:00,7.73,1.81,95.1
SOUTH,2025-03-01 07:00:00,8.6,4.18,46.7
SOUTH,2025-03-01 07:30:00,8.87,7.43,64.6
SOUTH,2025-03-01 08:00:00,9.82,4.06,41.5
SOUTH,2025-03-01 08:30:00,7.72,1.76,63.9
SOUTH,2025-03-01 09:00:00,10.08,4.32,54.5
SOUTH,2025-03-01 09:30:00,7.66,4.71,37.7
SOUTH,2025-03-01 10:00:00,7.45,5.8,55.0
SOUTH,2025-03-01 10:30:00,8.45,3.66,73.1
SOUTH,2025-03-01 11:00:00,9.33,2.51,47.3
SOUTH,2025-03-01 11:30:00,8.89,4.6,59.4
SOUTH,2025-03-01 12:00:00,9.39,4.09,59.3
SOUTH,2025-03-01 12:30:00,8.61,6.21,51.3
SOUTH,2025-03-01 13:00:00,10.18,0.0,56.1
SOUTH,2025-03-01 13:30:00,8.7,2.04,103.6
SOUTH,2025-03-01 14:00:00,10.84,6.45,75.4
SOUTH,2025-03-01 14:30:00,11.72,3.6,88.9
SOUTH,2025-03-01 15:00:00,12.08,4.08,64.7
SOUTH,2025-03-01 15:30:00,10.9,4.1,59.2
SOUTH,2025-03-01 16:00:00,12.0,7.48,38.3
SOUTH,2025-03-01 16:30:00,12.91,3.26,82.9
SOUTH,2025-03-01 17:00:00,11.56,4.83,57.1
SOUTH,2025-03-01 17:30:00,9.88,7.48,43.0
SOUTH,2025-03-01 18:00:00,12.37,1.9,35.9
SOUTH,2025-03-01 18:30:00,12.03,2.81,39.0
SOUTH,2025-03-01 19:00:00,12.43,1.04,62.3
SOUTH,2025-03-01 19:30:00,12.32,0.0,50.6
SOUTH,2025-03-01 20:00:00,13.1,1.87,69.2
SOUTH,2025-03-01 20:30:00,13.06,1.96,59.8
SOUTH,2025-03-01 21:00:00,13.46,2.25,56.3
SOUTH,2025-03-01 21:30:00,13.85,2.28,68.3
SOUTH,2025-03-01 22:00:00,10.98,3.68,68.0
SOUTH,2025-03-01 22:30:00,9.39,2.93,67.7
SOUTH,2025-03-01 23:00:00,12.23,2.96,40.1
SOUTH,2025-03-01 23:30:00,12.71,3.36,69.8
SOUTH,2025-03-02 00:00:00,12.05,3.11,79.3
SOUTH,2025-03-02 00:30:00,10.88,6.38,83.8
SOUTH,2025-03-02 01:00:00,12.37,3.64,105.8
SOUTH,2025-03-02 01:30:00,11.29,4.48,59.6
SOUTH,2025-03-02 02:00:00,9.24,6.59,49.7
SOUTH,2025-03-02 02:30:00,11.7,6.32,70.9
SOUTH,2025-03-02 03:00:00,9.25,3.32,11.8
SOUTH,2025-03-02 03:30:00,9.94,5.61,55.7
SOUTH,2025-03-02 04:00:00,8.89,3.4,81.9
SOUTH,2025-03-02 04:30:00,9.53,7.72,49.7
SOUTH,2025-03-02 05:00:00,9.44,3.13,97.3
SOUTH,2025-03-02 05:30:00,9.4,8.26,52.4
SOUTH,2025-03-02 06:00:00,10.7,4.24,75.1
SOUTH,2025-03-02 06:30:00,7.4,4.7,40.8
SOUTH,2025-03-02 07:00:00,8.97,0.96,58.3
SOUTH,2025-03-02 07:30:00,9.98,5.1,37.8
SOUTH,2025-03-02 08:00:00,6.32,4.99,88.5
SOUTH,2025-03-02 08:30:00,7.44,8.19,59.9
SOUTH,2025-03-02 09:00:00,6.31,0.88,73.9
SOUTH,2025-03-02 09:30:00,8.82,6.96,38.4
SOUTH,2025-03-02 10:00:00,9.0,4.01,57.4
SOUTH,2025-03-02 10:30:00,8.4,3.27,63.1
SOUTH,2025-03-02 11:00:00,9.54,4.51,81.7
SOUTH,2025-03-02 11:30:00,7.74,0.38,78.3
SOUTH,2025-03-02 12:00:00,8.46,3.24,49.0
SOUTH,2025-03-02 12:30:00,8.83,1.08,49.7
SOUTH,2025-03-02 13:00:00,10.86,3.99,69.1
SOUTH,2025-03-02 13:30:00,9.48,5.81,50.8
SOUTH,2025-03-02 14:00:00,8.06,4.63,73.8
SOUTH,2025-03-02 14:30:00,9.92,6.4,44.7
SOUTH,2025-03-02 15:00:00,11.92,7.49,60.7
SOUTH,2025-03-02 15:30:00,10.84,3.79,89.3
SOUTH,2025-03-02 16:00:00,12.08,8.29,65.0
SOUTH,2025-03-02 16:30:00,10.81,2.83,61.1
SOUTH,2025-03-02 17:00:00,9.56,3.05,51.8
SOUTH,2025-03-02 17:30:00,12.3,7.88,61.0
SOUTH,2025-03-02 18:00:00,10.02,2.17,64.7
SOUTH,2025-03-02 18:30:00,12.44,7.25,77.3
SOUTH,2025-03-02 19:00:00,13.64,3.57,79.8
SOUTH,2025-03-02 19:30:00,11.45,5.94,54.9
SOUTH,2025-03-02 20:00:00,10.86,5.19,85.2
SOUTH,2025-03-02 20:30:00,12.11,7.13,30.2
SOUTH,2025-03-02 21:00:00,11.09,3.71,53.3
SOUTH,2025-03-02 21:30:00,11.73,4.27,50.5
SOUTH,2025-03-02 22:00:00,11.9,4.56,48.0
SOUTH,2025-03-02 22:30:00,12.2,2.71,38.3
SOUTH,2025-03-02 23:00:00,12.93,7.42,79.2
SOUTH,2025-03-02 23:30:00,12.41,2.72,54.8
SOUTH,2025-03-03 00:00:00,12.91,0.0,53.5
SOUTH,2025-03-03 00:30:00,12.53,1.72,67.6
SOUTH,2025-03-03 01:00:00,11.62,1.09,61.6
SOUTH,2025-03-03 01:30:00,10.42,4.83,72.1
SOUTH,2025-03-03 02:00:00,11.13,4.15,65.2
SOUTH,2025-03-03 02:30:00,9.24,3.94,45.7
SOUTH,2025-03-03 03:00:00,11.37,5.37,72.2
SOUTH,2025-03-03 03:30:00,12.19,3.34,50.1
SOUTH,2025-03-03 04:00:00,9.22,0.8,32.6
SOUTH,2025-03-03 04:30:00,10.39,1.21,40.7
SOUTH,2025-03-03 05:00:00,9.11,3.18,75.9
SOUTH,2025-03-03 05:30:00,9.3,2.4,77.5
SOUTH,2025-03-03 06:00:00,9.79,1.18,64.5
SOUTH,2025-03-03 06:30:00,8.06,2.52,93.7
SOUTH,2025-03-03 07:00:00,8.86,3.56,61.5
SOUTH,2025-03-03 07:30:00,9.76,2.6,50.4
SOUTH,2025-03-03 08:00:00,9.43,0.97,77.8
SOUTH,2025-03-03 08:30:00,6.72,3.51,31.2
SOUTH,2025-03-03 09:00:00,7.45,6.6,78.8
SOUTH,2025-03-03 09:30:00,10.1,1.1,41.1
SOUTH,2025-03-03 10:00:00,9.32,5.43,45.6
SOUTH,2025-03-03 10:30:00,8.22,1.74,89.8
SOUTH,2025-03-03 11:00:00,8.66,4.06,61.5
SOUTH,2025-03-03 11:30:00,10.56,2.1,81.0
SOUTH,2025-03-03 12:00:00,8.11,6.33,29.1
SOUTH,2025-03-03 12:30:00,9.52,7.25,72.6
SOUTH,2025-03-03 13:00:00,10.63,1.9,46.8
SOUTH,2025-03-03 13:30:00,11.74,4.94,76.0
SOUTH,2025-03-03 14:00:00,10.74,3.44,73.8
SOUTH,2025-03-03 14:30:00,10.96,3.66,34.5
SOUTH,2025-03-03 15:00:00,12.31,4.88,49.1
SOUTH,2025-03-03 15:30:00,12.58,4.49,64.7
SOUTH,2025-03-03 16:00:00,12.71,5.34,65.3
SOUTH,2025-03-03 16:30:00,11.42,7.97,46.8
SOUTH,2025-03-03 17:00:00,12.96,3.83,68.2
SOUTH,2025-03-03 17:30:00,13.54,3.38,70.8
SOUTH,2025-03-03 18:00:00,12.7,2.72,82.6
SOUTH,2025-03-03 18:30:00,13.23,3.13,79.9
SOUTH,2025-03-03 19:00:00,11.58,3.94,52.3
SOUTH,2025-03-03 19:30:00,13.48,3.04,73.7
SOUTH,2025-03-03 20:00:00,13.36,3.25,92.9
SOUTH,2025-03-03 20:30:00,11.75,1.18,75.4
SOUTH,2025-03-03 21:00:00,10.0,6.98,61.8
SOUTH,2025-03-03 21:30:00,10.87,2.1,30.6
SOUTH,2025-03-03 22:00:00,12.84,1.35,69.0
SOUTH,2025-03-03 22:30:00,12.01,3.05,69.2
SOUTH,2025-03-03 23:00:00,12.81,6.29,48.6
SOUTH,2025-03-03 23:30:00,12.02,2.73,62.9
SOUTH,2025-03-04 00:00:00,10.76,3.15,52.5
SOUTH,2025-03-04 00:30:00,12.05,4.01,69.1
SOUTH,2025-03-04 01:00:00,11.09,2.84,63.4
SOUTH,2025-03-04 01:30:00,10.11,5.14,54.9
SOUTH,2025-03-04 02:00:00,10.94,4.44,88.8
SOUTH,2025-03-04 02:30:00,11.16,4.15,47.5
SOUTH,2025-03-04 03:00:00,11.14,3.46,32.5
SOUTH,2025-03-04 03:30:00,9.95,4.38,45.3
SOUTH,2025-03-04 04:00:00,9.56,3.86,59.0
SOUTH,2025-03-04 04:30:00,11.18,1.38,96.6
SOUTH,2025-03-04 05:00:00,9.24,5.16,62.3
SOUTH,2025-03-04 05:30:00,7.21,1.89,50.6
SOUTH,2025-03-04 06:00:00,10.16,1.23,44.6
SOUTH,2025-03-04 06:30:00,9.16,4.95,68.0
SOUTH,2025-03-04 07:00:00,7.59,0.8,69.7
SOUTH,2025-03-04 07:30:00,10.49,3.31,39.4
SOUTH,2025-03-04 08:00:00,8.18,4.79,55.8
SOUTH,2025-03-04 08:30:00,10.39,5.85,63.3
SOUTH,2025-03-04 09:00:00,6.42,2.62,50.1
SOUTH,2025-03-04 09:30:00,7.87,4.38,63.8
SOUTH,2025-03-04 10:00:00,6.96,5.61,60.3
SOUTH,2025-03-04 10:30:00,9.39,5.49,46.2
SOUTH,2025-03-04 11:00:00,10.79,3.72,87.2
SOUTH,2025-03-04 11:30:00,8.21,6.88,43.7
SOUTH,2025-03-04 12:00:00,12.76,2.1,79.0
SOUTH,2025-03-04 12:30:00,9.26,5.43,59.3
SOUTH,2025-03-04 13:00:00,8.87,0.0,105.1
SOUTH,2025-03-04 13:30:00,10.27,0.0,65.4
SOUTH,2025-03-04 14:00:00,11.53,2.57,47.2
SOUTH,2025-03-04 14:30:00,10.67,6.41,61.8
SOUTH,2025-03-04 15:00:00,12.97,6.26,55.9
SOUTH,2025-03-04 15:30:00,9.33,3.55,69.5
SOUTH,2025-03-04 16:00:00,11.77,5.27,75.5
SOUTH,2025-03-04 16:30:00,12.33,3.45,69.4
SOUTH,2025-03-04 17:00:00,14.79,1.02,68.8
SOUTH,2025-03-04 17:30:00,14.31,1.65,78.0
SOUTH,2025-03-04 18:00:00,13.79,1.05,72.8
SOUTH,2025-03-04 18:30:00,12.1,3.88,54.2
SOUTH,2025-03-04 19:00:00,14.2,3.78,51.7
SOUTH,2025-03-04 19:30:00,12.09,3.32,40.6
SOUTH,2025-03-04 20:00:00,12.13,4.24,67.3
SOUTH,2025-03-04 20:30:00,14.14,4.48,51.5
SOUTH,2025-03-04 21:00:00,11.42,4.59,57.9
SOUTH,2025-03-04 21:30:00,12.53,4.53,69.3
SOUTH,2025-03-04 22:00:00,12.75,3.66,45.6
SOUTH,2025-03-04 22:30:00,11.69,5.7,52.4
SOUTH,2025-03-04 23:00:00,10.5,6.32,43.0
SOUTH,2025-03-04 23:30:00,12.15,4.98,60.1
SOUTH,2025-03-05 00:00:00,8.77,4.78,83.9
SOUTH,2025-03-05 00:30:00,12.69,0.0,98.3
SOUTH,2025-03-05 01:00:00,9.67,1.84,74.1
SOUTH,2025-03-05 01:30:00,11.81,4.16,49.8
SOUTH,2025-03-05 02:00:00,12.35,3.92,31.8
SOUTH,2025-03-05 02:30:00,12.23,4.44,80.1
SOUTH,2025-03-05 03:00:00,10.92,8.78,54.4
SOUTH,2025-03-05 03:30:00,10.25,5.44,54.5
SOUTH,2025-03-05 04:00:00,10.71,0.0,58.7
SOUTH,2025-03-05 04:30:00,9.62,3.72,44.2
SOUTH,2025-03-05 05:00:00,10.42,2.99,63.6
SOUTH,2025-03-05 05:30:00,9.29,5.0,85.8
SOUTH,2025-03-05 06:00:00,9.25,5.68,62.6
SOUTH,2025-03-05 06:30:00,8.41,3.72,54.9
SOUTH,2025-03-05 07:00:00,9.5,4.21,45.7
SOUTH,2025-03-05 07:30:00,8.55,0.95,56.7
SOUTH,2025-03-05 08:00:00,8.75,7.62,84.3
SOUTH,2025-03-05 08:30:00,7.51,4.4,63.9
SOUTH,2025-03-05 09:00:00,8.54,3.67,53.6
SOUTH,2025-03-05 09:30:00,11.06,3.17,66.1
SOUTH,2025-03-05 10:00:00,5.98,5.65,81.3
SOUTH,2025-03-05 10:30:00,7.75,2.98,68.1
SOUTH,2025-03-05 11:00:00,9.36,4.93,54.8
SOUTH,2025-03-05 11:30:00,11.57,2.66,108.4
SOUTH,2025-03-05 12:00:00,11.24,5.66,41.3
SOUTH,2025-03-05 12:30:00,10.84,5.21,21.8
SOUTH,2025-03-05 13:00:00,8.55,4.72,57.6
SOUTH,2025-03-05 13:30:00,9.61,6.16,44.1
SOUTH,2025-03-05 14:00:00,10.2,2.71,69.2
SOUTH,2025-03-05 14:30:00,8.68,3.0,29.0
SOUTH,2025-03-05 15:00:00,10.89,5.45,73.3
SOUTH,2025-03-05 15:30:00,10.39,5.07,56.7
SOUTH,2025-03-05 16:00:00,13.38,3.74,6.5
SOUTH,2025-03-05 16:30:00,12.82,3.08,55.1
SOUTH,2025-03-05 17:00:00,12.57,1.15,61.3
SOUTH,2025-03-05 17:30:00,12.8,4.73,49.2
SOUTH,2025-03-05 18:00:00,13.67,2.01,48.7
SOUTH,2025-03-05 18:30:00,12.32,4.59,54.2
SOUTH,2025-03-05 19:00:00,14.15,4.59,61.4
SOUTH,2025-03-05 19:30:00,12.99,5.47,64.3
SOUTH,2025-03-05 20:00:00,10.58,6.18,62.2
SOUTH,2025-03-05 20:30:00,13.57,3.19,27.1
SOUTH,2025-03-05 21:00:00,9.95,2.11,69.3
SOUTH,2025-03-05 21:30:00,14.24,4.6,41.1
SOUTH,2025-03-05 22:00:00,11.54,6.72,36.4
SOUTH,2025-03-05 22:30:00,15.0,7.75,98.4
SOUTH,2025-03-05 23:00:00,12.62,3.32,66.4
SOUTH,2025-03-05 23:30:00,13.25,2.7,40.2
SOUTH,2025-03-06 00:00:00,11.46,2.46,82.3
SOUTH,2025-03-06 00:30:00,11.06,4.19,77.7
SOUTH,2025-03-06 01:00:00,12.85,4.42,66.9
SOUTH,2025-03-06 01:30:00,10.1,6.05,82.7
SOUTH,2025-03-06 02:00:00,8.55,7.53,47.4
SOUTH,2025-03-06 02:30:00,11.51,4.16,58.9
SOUTH,2025-03-06 03:00:00,10.03,2.01,69.4
SOUTH,2025-03-06 03:30:00,9.94,1.38,41.4
SOUTH,2025-03-06 04:00:00,8.25,2.95,68.7
SOUTH,2025-03-06 04:30:00,8.94,5.95,57.9
SOUTH,2025-03-06 05:00:00,9.04,4.03,85.1
SOUTH,2025-03-06 05:30:00,7.74,7.31,77.3
SOUTH,2025-03-06 06:00:00,9.04,6.37,54.2
SOUTH,2025-03-06 06:30:00,9.41,2.92,77.4
SOUTH,2025-03-06 07:00:00,8.02,3.9,72.2
SOUTH,2025-03-06 07:30:00,10.12,2.36,73.6
SOUTH,2025-03-06 08:00:00,7.62,0.0,46.5
SOUTH,2025-03-06 08:30:00,9.8,3.98,50.4
SOUTH,2025-03-06 09:00:00,8.93,4.04,71.2
SOUTH,2025-03-06 09:30:00,6.93,3.8,62.2
SOUTH,2025-03-06 10:00:00,7.43,1.24,53.4
SOUTH,2025-03-06 10:30:00,9.08,4.02,50.0
SOUTH,2025-03-06 11:00:00,8.67,3.21,65.4
SOUTH,2025-03-06 11:30:00,10.88,0.0,71.2
SOUTH,2025-03-06 12:00:00,9.66,5.05,81.3
SOUTH,2025-03-06 12:30:00,8.89,5.89,37.4
SOUTH,2025-03-06 13:00:00,10.43,3.51,60.8
SOUTH,2025-03-06 13:30:00,9.09,4.87,88.6
SOUTH,2025-03-06 14:00:00,9.63,4.38,75.4
SOUTH,2025-03-06 14:30:00,10.44,6.72,52.3
SOUTH,2025-03-06 15:00:00,11.18,2.01,62.3
SOUTH,2025-03-06 15:30:00,11.32,5.27,48.5
SOUTH,2025-03-06 16:00:00,10.98,4.92,85.1
SOUTH,2025-03-06 16:30:00,12.55,7.69,70.0
SOUTH,2025-03-06 17:00:00,12.84,5.36,86.8
SOUTH,2025-03-06 17:30:00,13.7,1.83,74.4
SOUTH,2025-03-06 18:00:00,12.85,3.61,28.1
SOUTH,2025-03-06 18:30:00,10.68,3.27,33.6
SOUTH,2025-03-06 19:00:00,12.32,5.43,49.5
SOUTH,2025-03-06 19:30:00,12.83,1.86,65.4
SOUTH,2025-03-06 20:00:00,13.41,1.15,46.5
SOUTH,2025-03-06 20:30:00,11.28,5.02,63.0
SOUTH,2025-03-06 21:00:00,12.67,3.74,65.8
SOUTH,2025-03-06 21:30:00,13.14,3.01,48.6
SOUTH,2025-03-06 22:00:00,12.46,3.62,97.1
SOUTH,2025-03-06 22:30:00,12.07,4.58,68.4
SOUTH,2025-03-06 23:00:00,13.89,2.38,84.1
SOUTH,2025-03-06 23:30:00,12.04,9.0,66.5
SOUTH,2025-03-07 00:00:00,10.37,3.61,84.1
SOUTH,2025-03-07 00:30:00,11.94,3.88,72.9
SOUTH,2025-03-07 01:00:00,10.95,3.58,43.0
SOUTH,2025-03-07 01:30:00,13.44,1.55,63.1
SOUTH,2025-03-07 02:00:00,11.42,3.97,37.4
SOUTH,2025-03-07 02:30:00,9.65,5.05,46.0
SOUTH,2025-03-07 03:00:00,7.84,4.77,44.3
SOUTH,2025-03-07 03:30:00,11.09,3.6,55.5
SOUTH,2025-03-07 04:00:00,9.91,1.72,45.1
SOUTH,2025-03-07 04:30:00,9.53,1.71,72.8
SOUTH,2025-03-07 05:00:00,9.06,1.1,49.9
SOUTH,2025-03-07 05:30:00,9.55,3.11,67.2
SOUTH,2025-03-07 06:00:00,9.8,8.8,80.7
SOUTH,2025-03-07 06:30:00,7.15,3.28,55.2
SOUTH,2025-03-07 07:00:00,9.6,2.13,50.4
SOUTH,2025-03-07 07:30:00,7.42,2.8,49.8
SOUTH,2025-03-07 08:00:00,8.47,1.63,77.7
SOUTH,2025-03-07 08:30:00,9.41,1.1,60.5
SOUTH,2025-03-07 09:00:00,7.04,6.68,89.1
SOUTH,2025-03-07 09:30:00,8.85,2.29,48.0
SOUTH,2025-03-07 10:00:00,8.57,3.79,84.7
SOUTH,2025-03-07 10:30:00,10.26,5.94,63.1
SOUTH,2025-03-07 11:00:00,8.05,2.46,61.1
SOUTH,2025-03-07 11:30:00,7.99,4.61,74.5
SOUTH,2025-03-07 12:00:00,10.5,5.01,26.4
SOUTH,2025-03-07 12:30:00,11.45,0.87,57.3
SOUTH,2025-03-07 13:00:00,11.07,4.72,37.0
SOUTH,2025-03-07 13:30:00,9.01,4.57,69.2
SOUTH,2025-03-07 14:00:00,9.52,4.79,32.7
SOUTH,2025-03-07 14:30:00,11.6,2.23,61.4
SOUTH,2025-03-07 15:00:00,11.26,6.32,64.4
SOUTH,2025-03-07 15:30:00,10.65,4.72,98.6
SOUTH,2025-03-07 16:00:00,12.73,3.88,45.0
SOUTH,2025-03-07 16:30:00,11.11,5.36,44.1
SOUTH,2025-03-07 17:00:00,12.26,6.88,62.7
SOUTH,2025-03-07 17:30:00,10.97,8.36,91.7
SOUTH,2025-03-07 18:00:00,13.18,6.55,55.2
SOUTH,2025-03-07 18:30:00,13.45,3.15,35.6
SOUTH,2025-03-07 19:00:00,15.89,1.19,65.4
SOUTH,2025-03-07 19:30:00,13.12,5.03,58.4
SOUTH,2025-03-07 20:00:00,12.75,4.28,68.6
SOUTH,2025-03-07 20:30:00,12.84,3.86,36.2
SOUTH,2025-03-07 21:00:00,15.19,5.07,63.8
SOUTH,2025-03-07 21:30:00,12.03,1.99,75.5
SOUTH,2025-03-07 22:00:00,12.39,5.24,35.7
SOUTH,2025-03-07 22:30:00,14.43,5.8,58.5
SOUTH,2025-03-07 23:00:00,12.82,5.48,35.9
SOUTH,2025-03-07 23:30:00,14.27,4.97,47.3
SOUTH,2025-03-08 00:00:00,10.58,5.97,63.8
SOUTH,2025-03-08 00:30:00,12.47,4.05,42.0
SOUTH,2025-03-08 01:00:00,12.02,3.6,59.6
SOUTH,2025-03-08 01:30:00,14.26,5.74,76.7
SOUTH,2025-03-08 02:00:00,14.16,4.77,62.2
SOUTH,2025-03-08 02:30:00,10.08,3.09,23.2
SOUTH,2025-03-08 03:00:00,11.33,1.47,76.2
SOUTH,2025-03-08 03:30:00,10.33,4.26,59.2
SOUTH,2025-03-08 04:00:00,11.56,6.42,59.5
SOUTH,2025-03-08 04:30:00,8.82,5.85,42.5
SOUTH,2025-03-08 05:00:00,7.61,5.0,81.9
SOUTH,2025-03-08 05:30:00,8.99,4.81,52.5
SOUTH,2025-03-08 06:00:00,10.03,6.19,55.3
SOUTH,2025-03-08 06:30:00,7.93,1.09,76.7
SOUTH,2025-03-08 07:00:00,7.6,4.74,74.0
SOUTH,2025-03-08 07:30:00,8.36,3.67,78.0
SOUTH,2025-03-08 08:00:00,7.92,2.18,55.8
SOUTH,2025-03-08 08:30:00,10.43,7.22,58.2
SOUTH,2025-03-08 09:00:00,8.11,6.13,30.0
SOUTH,2025-03-08 09:30:00,9.26,3.91,83.3
SOUTH,2025-03-08 10:00:00,10.84,2.11,63.0
SOUTH,2025-03-08 10:30:00,8.48,3.41,71.1
SOUTH,2025-03-08 11:00:00,9.08,4.39,77.2
SOUTH,2025-03-08 11:30:00,11.3,4.58,62.1
SOUTH,2025-03-08 12:00:00,8.57,7.17,68.9
SOUTH,2025-03-08 12:30:00,10.06,4.17,66.5
SOUTH,2025-03-08 13:00:00,11.3,5.79,89.0
SOUTH,2025-03-08 13:30:00,10.67,7.51,79.0
SOUTH,2025-03-08 14:00:00,10.82,0.67,61.5
SOUTH,2025-03-08 14:30:00,12.76,2.45,61.5
SOUTH,2025-03-08 15:00:00,11.61,5.88,53.0
SOUTH,2025-03-08 15:30:00,10.37,5.14,46.6
SOUTH,2025-03-08 16:00:00,9.69,7.68,76.7
SOUTH,2025-03-08 16:30:00,14.15,5.75,72.2
SOUTH,2025-03-08 17:00:00,12.75,3.63,69.2
SOUTH,2025-03-08 17:30:00,11.64,1.86,54.0
SOUTH,2025-03-08 18:00:00,14.18,1.54,38.1
SOUTH,2025-03-08 18:30:00,13.34,3.17,68.7
SOUTH,2025-03-08 19:00:00,14.01,4.92,48.6
SOUTH,2025-03-08 19:30:00,14.37,5.48,60.5
SOUTH,2025-03-08 20:00:00,12.87,4.75,54.4
SOUTH,2025-03-08 20:30:00,10.94,5.5,72.4
SOUTH,2025-03-08 21:00:00,10.07,5.02,91.6
SOUTH,2025-03-08 21:30:00,11.47,3.85,56.7
SOUTH,2025-03-08 22:00:00,14.62,6.24,44.2
SOUTH,2025-03-08 22:30:00,13.04,8.61,48.8
SOUTH,2025-03-08 23:00:00,12.3,5.03,49.0
SOUTH,2025-03-08 23:30:00,14.42,3.05,35.0
SOUTH,2025-03-09 00:00:00,11.31,5.31,45.6
SOUTH,2025-03-09 00:30:00,12.3,5.13,38.2
SOUTH,2025-03-09 01:00:00,10.78,4.7,72.6
SOUTH,2025-03-09 01:30:00,10.81,4.3,54.9
SOUTH,2025-03-09 02:00:00,11.82,5.04,53.3
SOUTH,2025-03-09 02:30:00,11.52,3.17,68.2
SOUTH,2025-03-09 03:00:00,10.99,8.74,53.9
SOUTH,2025-03-09 03:30:00,10.25,2.71,41.4
SOUTH,2025-03-09 04:00:00,9.39,5.33,73.3
SOUTH,2025-03-09 04:30:00,10.3,3.41,51.1
SOUTH,2025-03-09 05:00:00,8.43,2.89,36.7
SOUTH,2025-03-09 05:30:00,11.16,7.67,25.2
SOUTH,2025-03-09 06:00:00,9.56,4.55,63.8
SOUTH,2025-03-09 06:30:00,8.5,6.05,67.4
SOUTH,2025-03-09 07:00:00,10.25,2.52,35.1
SOUTH,2025-03-09 07:30:00,9.53,2.07,79.0
SOUTH,2025-03-09 08:00:00,6.39,3.06,48.9
SOUTH,2025-03-09 08:30:00,8.54,4.52,67.1
SOUTH,2025-03-09 09:00:00,9.78,5.51,56.9
SOUTH,2025-03-09 09:30:00,11.54,6.77,54.4
SOUTH,2025-03-09 10:00:00,9.05,3.33,66.5
SOUTH,2025-03-09 10:30:00,8.04,2.42,21.0
SOUTH,2025-03-09 11:00:00,9.05,6.13,57.3
SOUTH,2025-03-09 11:30:00,9.41,4.56,42.0
SOUTH,2025-03-09 12:00:00,9.97,5.78,65.5
SOUTH,2025-03-09 12:30:00,11.12,6.53,71.9
SOUTH,2025-03-09 13:00:00,9.57,3.31,94.8
SOUTH,2025-03-09 13:30:00,10.8,4.36,44.5
SOUTH,2025-03-09 14:00:00,10.83,5.43,60.3
SOUTH,2025-03-09 14:30:00,10.32,3.43,81.5
SOUTH,2025-03-09 15:00:00,12.26,5.07,67.9
SOUTH,2025-03-09 15:30:00,10.04,4.54,79.2
SOUTH,2025-03-09 16:00:00,11.63,5.95,69.8
SOUTH,2025-03-09 16:30:00,12.93,4.1,76.0
SOUTH,2025-03-09 17:00:00,10.6,4.07,72.8
SOUTH,2025-03-09 17:30:00,12.71,6.19,57.2
SOUTH,2025-03-09 18:00:00,12.02,0.72,55.1
SOUTH,2025-03-09 18:30:00,13.29,5.52,34.8
SOUTH,2025-03-09 19:00:00,14.28,2.05,57.8
SOUTH,2025-03-09 19:30:00,12.19,4.83,61.7
SOUTH,2025-03-09 20:00:00,13.76,7.69,67.2
SOUTH,2025-03-09 20:30:00,12.25,4.92,95.0
SOUTH,2025-03-09 21:00:00,13.66,5.89,31.3
SOUTH,2025-03-09 21:30:00,13.34,3.46,47.8
SOUTH,2025-03-09 22:00:00,12.65,4.22,48.8
SOUTH,2025-03-09 22:30:00,12.9,3.65,72.6
SOUTH,2025-03-09 23:00:00,12.63,4.75,77.6
SOUTH,2025-03-09 23:30:00,13.02,3.99,22.4
SOUTH,2025-03-10 00:00:00,12.6,2.18,58.4
SOUTH,2025-03-10 00:30:00,12.43,6.67,93.2
SOUTH,2025-03-10 01:00:00,10.4,1.37,65.9
SOUTH,2025-03-10 01:30:00,11.8,1.6,59.7
SOUTH,2025-03-10 02:00:00,11.7,1.54,42.1
SOUTH,2025-03-10 02:30:00,10.21,3.58,72.5
SOUTH,2025-03-10 03:00:00,10.08,4.11,100.4
SOUTH,2025-03-10 03:30:00,9.32,2.69,72.2
SOUTH,2025-03-10 04:00:00,11.17,4.83,92.6
SOUTH,2025-03-10 04:30:00,10.37,0.05,61.7
SOUTH,2025-03-10 05:00:00,8.89,6.77,77.4
SOUTH,2025-03-10 05:30:00,7.67,6.7,76.9
SOUTH,2025-03-10 06:00:00,8.87,3.84,85.1
SOUTH,2025-03-10 06:30:00,6.89,4.89,79.7
SOUTH,2025-03-10 07:00:00,8.95,5.3,61.9
SOUTH,2025-03-10 07:30:00,8.12,2.38,72.8
SOUTH,2025-03-10 08:00:00,8.23,0.95,62.2
SOUTH,2025-03-10 08:30:00,8.37,1.6,61.3
SOUTH,2025-03-10 09:00:00,9.98,4.04,40.8
SOUTH,2025-03-10 09:30:00,9.63,6.07,99.8
SOUTH,2025-03-10 10:00:00,10.99,1.99,75.4
SOUTH,2025-03-10 10:30:00,9.56,1.7,65.1
SOUTH,2025-03-10 11:00:00,11.88,6.39,41.8
SOUTH,2025-03-10 11:30:00,9.59,4.98,28.9
SOUTH,2025-03-10 12:00:00,7.95,4.31,63.0
SOUTH,2025-03-10 12:30:00,7.78,4.78,79.6
SOUTH,2025-03-10 13:00:00,10.21,4.12,70.3
SOUTH,2025-03-10 13:30:00,11.0,0.66,43.7
SOUTH,2025-03-10 14:00:00,10.51,2.28,86.4
SOUTH,2025-03-10 14:30:00,11.75,1.78,56.1
SOUTH,2025-03-10 15:00:00,12.86,2.71,75.3
SOUTH,2025-03-10 15:30:00,13.17,6.43,63.2
SOUTH,2025-03-10 16:00:00,13.49,2.96,104.7
SOUTH,2025-03-10 16:30:00,12.28,6.29,53.5
SOUTH,2025-03-10 17:00:00,13.0,5.09,43.3
SOUTH,2025-03-10 17:30:00,11.25,3.59,79.9
SOUTH,2025-03-10 18:00:00,10.52,3.27,83.6
SOUTH,2025-03-10 18:30:00,11.24,6.51,39.7
SOUTH,2025-03-10 19:00:00,11.82,3.71,93.7
SOUTH,2025-03-10 19:30:00,12.15,0.53,34.8
SOUTH,2025-03-10 20:00:00,14.11,1.29,81.4
SOUTH,2025-03-10 20:30:00,13.07,3.94,65.4
SOUTH,2025-03-10 21:00:00,11.96,4.28,38.5
SOUTH,2025-03-10 21:30:00,14.54,1.95,67.9
SOUTH,2025-03-10 22:00:00,11.48,2.93,53.3
SOUTH,2025-03-10 22:30:00,16.3,3.97,45.2
SOUTH,2025-03-10 23:00:00,11.87,0.99,57.1
SOUTH,2025-03-10 23:30:00,14.62,4.67,76.3
SOUTH,2025-03-11 00:00:00,10.94,3.59,63.7
SOUTH,2025-03-11 00:30:00,11.16,4.8,71.1
SOUTH,2025-03-11 01:00:00,12.2,3.7,79.6
SOUTH,2025-03-11 01:30:00,11.24,3.3,85.9
SOUTH,2025-03-11 02:00:00,9.7,0.59,44.4
SOUTH,2025-03-11 02:30:00,11.5,6.57,48.1
SOUTH,2025-03-11 03:00:00,12.69,4.05,57.9
SOUTH,2025-03-11 03:30:00,9.5,7.9,57.3
SOUTH,2025-03-11 04:00:00,8.43,8.92,67.1
SOUTH,2025-03-11 04:30:00,10.99,7.36,71.1
SOUTH,2025-03-11 05:00:00,10.79,4.11,73.2
SOUTH,2025-03-11 05:30:00,9.58,3.96,62.2
SOUTH,2025-03-11 06:00:00,8.82,5.01,69.0
SOUTH,2025-03-11 06:30:00,10.28,5.28,96.0
SOUTH,2025-03-11 07:00:00,10.36,3.59,68.2
SOUTH,2025-03-11 07:30:00,10.8,2.1,96.3
SOUTH,2025-03-11 08:00:00,8.1,5.8,60.1
SOUTH,2025-03-11 08:30:00,8.97,1.39,76.3
SOUTH,2025-03-11 09:00:00,7.56,1.11,80.9
SOUTH,2025-03-11 09:30:00,11.25,2.67,78.1
SOUTH,2025-03-11 10:00:00,10.26,3.82,84.0
SOUTH,2025-03-11 10:30:00,9.1,5.04,37.4
SOUTH,2025-03-11 11:00:00,8.17,6.34,69.9
SOUTH,2025-03-11 11:30:00,9.45,7.82,94.2
SOUTH,2025-03-11 12:00:00,10.56,1.09,58.0
SOUTH,2025-03-11 12:30:00,9.03,4.18,43.1
SOUTH,2025-03-11 13:00:00,9.08,0.0,63.0
SOUTH,2025-03-11 13:30:00,7.76,3.36,72.5
SOUTH,2025-03-11 14:00:00,10.17,1.83,58.8
SOUTH,2025-03-11 14:30:00,10.04,4.37,41.4
SOUTH,2025-03-11 15:00:00,11.43,3.31,59.8
SOUTH,2025-03-11 15:30:00,13.51,4.4,69.1
SOUTH,2025-03-11 16:00:00,11.28,4.45,55.1
SOUTH,2025-03-11 16:30:00,12.07,5.3,51.0
SOUTH,2025-03-11 17:00:00,11.97,3.03,50.9
SOUTH,2025-03-11 17:30:00,12.66,3.27,87.0
SOUTH,2025-03-11 18:00:00,15.98,2.86,65.3
SOUTH,2025-03-11 18:30:00,14.01,3.47,42.1
SOUTH,2025-03-11 19:00:00,15.05,5.37,65.7
SOUTH,2025-03-11 19:30:00,14.71,5.54,59.1
SOUTH,2025-03-11 20:00:00,11.86,3.01,81.7
SOUTH,2025-03-11 20:30:00,13.85,3.63,91.8
SOUTH,2025-03-11 21:00:00,12.78,5.98,64.0
SOUTH,2025-03-11 21:30:00,15.28,5.51,60.8
SOUTH,2025-03-11 22:00:00,12.55,3.97,46.9
SOUTH,2025-03-11 22:30:00,11.13,4.62,50.4
SOUTH,2025-03-11 23:00:00,11.8,3.82,60.9
SOUTH,2025-03-11 23:30:00,12.46,7.48,71.9
SOUTH,2025-03-12 00:00:00,14.61,3.12,74.1
SOUTH,2025-03-12 00:30:00,11.62,2.88,98.6
SOUTH,2025-03-12 01:00:00,10.67,0.0,47.3
SOUTH,2025-03-12 01:30:00,9.19,2.1,44.5
SOUTH,2025-03-12 02:00:00,11.12,0.0,81.5
SOUTH,2025-03-12 02:30:00,8.83,3.74,54.2
SOUTH,2025-03-12 03:00:00,11.55,4.7,81.4
SOUTH,2025-03-12 03:30:00,10.13,3.07,67.4
SOUTH,2025-03-12 04:00:00,11.31,5.65,65.8
SOUTH,2025-03-12 04:30:00,10.36,3.93,67.4
SOUTH,2025-03-12 05:00:00,12.11,3.51,53.4
SOUTH,2025-03-12 05:30:00,9.13,4.78,21.8
SOUTH,2025-03-12 06:00:00,9.18,5.76,50.5
SOUTH,2025-03-12 06:30:00,9.57,8.22,66.0
SOUTH,2025-03-12 07:00:00,6.46,1.18,55.5
SOUTH,2025-03-12 07:30:00,8.18,4.21,54.7
SOUTH,2025-03-12 08:00:00,10.48,1.82,56.3
SOUTH,2025-03-12 08:30:00,9.34,4.68,62.6
SOUTH,2025-03-12 09:00:00,6.25,4.17,57.3
SOUTH,2025-03-12 09:30:00,10.18,5.45,64.3
SOUTH,2025-03-12 10:00:00,9.72,6.7,80.7
SOUTH,2025-03-12 10:30:00,9.68,8.29,48.7
SOUTH,2025-03-12 11:00:00,8.24,3.98,53.3
SOUTH,2025-03-12 11:30:00,6.71,2.7,66.2
SOUTH,2025-03-12 12:00:00,10.01,2.45,60.8
SOUTH,2025-03-12 12:30:00,10.23,5.43,48.5
SOUTH,2025-03-12 13:00:00,11.61,1.82,50.9
SOUTH,2025-03-12 13:30:00,12.6,1.95,48.1
SOUTH,2025-03-12 14:00:00,9.57,2.35,62.5
SOUTH,2025-03-12 14:30:00,11.93,3.96,54.2
SOUTH,2025-03-12 15:00:00,10.1,2.55,32.2
SOUTH,2025-03-12 15:30:00,12.48,5.61,59.3
SOUTH,2025-03-12 16:00:00,12.61,5.75,61.8
SOUTH,2025-03-12 16:30:00,13.75,1.95,53.7
SOUTH,2025-03-12 17:00:00,11.93,5.29,34.2
SOUTH,2025-03-12 17:30:00,14.23,5.12,91.5
SOUTH,2025-03-12 18:00:00,12.76,2.9,71.8
SOUTH,2025-03-12 18:30:00,14.05,2.57,24.0
SOUTH,2025-03-12 19:00:00,10.82,4.52,87.7
SOUTH,2025-03-12 19:30:00,11.45,3.46,53.7
SOUTH,2025-03-12 20:00:00,15.38,8.52,67.6
SOUTH,2025-03-12 20:30:00,14.16,5.74,37.0
SOUTH,2025-03-12 21:00:00,13.85,1.96,56.9
SOUTH,2025-03-12 21:30:00,14.38,4.16,79.8
SOUTH,2025-03-12 22:00:00,14.37,0.49,20.8
SOUTH,2025-03-12 22:30:00,14.2,6.4,64.6
SOUTH,2025-03-12 23:00:00,12.96,5.79,75.7
SOUTH,2025-03-12 23:30:00,12.13,5.91,53.8
SOUTH,2025-03-13 00:00:00,12.41,4.4,44.5
SOUTH,2025-03-13 00:30:00,11.23,8.47,43.9
SOUTH,2025-03-13 01:00:00,12.08,5.16,59.0
SOUTH,2025-03-13 01:30:00,12.44,4.66,44.3
SOUTH,2025-03-13 02:00:00,11.77,2.91,91.3
SOUTH,2025-03-13 02:30:00,11.64,2.6,66.2
SOUTH,2025-03-13 03:00:00,9.49,4.52,55.9
SOUTH,2025-03-13 03:30:00,9.61,2.32,103.8
SOUTH,2025-03-13 04:00:00,10.23,3.14,49.1
SOUTH,2025-03-13 04:30:00,10.69,2.72,40.3
SOUTH,2025-03-13 05:00:00,9.67,3.92,52.5
SOUTH,2025-03-13 05:30:00,8.64,3.22,51.5
SOUTH,2025-03-13 06:00:00,8.66,4.55,100.1
SOUTH,2025-03-13 06:30:00,10.99,7.88,49.8
SOUTH,2025-03-13 07:00:00,11.2,4.45,77.8
SOUTH,2025-03-13 07:30:00,9.74,3.31,73.0
SOUTH,2025-03-13 08:00:00,9.7,0.46,57.8
SOUTH,2025-03-13 08:30:00,10.17,4.55,68.5
SOUTH,2025-03-13 09:00:00,8.29,4.51,58.3
SOUTH,2025-03-13 09:30:00,8.95,2.64,76.5
SOUTH,2025-03-13 10:00:00,9.8,4.49,96.9
SOUTH,2025-03-13 10:30:00,9.96,6.4,64.9
SOUTH,2025-03-13 11:00:00,9.28,1.88,64.3
SOUTH,2025-03-13 11:30:00,6.51,4.54,65.7
SOUTH,2025-03-13 12:00:00,9.86,3.82,37.5
SOUTH,2025-03-13 12:30:00,11.78,3.33,42.5
SOUTH,2025-03-13 13:00:00,11.26,4.22,53.5
SOUTH,2025-03-13 13:30:00,10.05,3.99,84.2
SOUTH,2025-03-13 14:00:00,11.68,3.93,75.3
SOUTH,2025-03-13 14:30:00,11.15,4.8,62.7
SOUTH,2025-03-13 15:00:00,12.35,3.11,39.5
SOUTH,2025-03-13 15:30:00,12.73,7.01,40.3
SOUTH,2025-03-13 16:00:00,12.34,3.1,75.9
SOUTH,2025-03-13 16:30:00,12.42,10.65,54.6
SOUTH,2025-03-13 17:00:00,14.38,7.27,69.6
SOUTH,2025-03-13 17:30:00,12.58,4.19,60.2
SOUTH,2025-03-13 18:00:00,14.21,2.25,57.1
SOUTH,2025-03-13 18:30:00,12.51,0.55,75.5
SOUTH,2025-03-13 19:00:00,14.33,2.73,78.5
SOUTH,2025-03-13 19:30:00,11.15,4.05,57.7
SOUTH,2025-03-13 20:00:00,13.23,4.17,58.6
SOUTH,2025-03-13 20:30:00,12.66,3.78,84.5
SOUTH,2025-03-13 21:00:00,12.36,8.51,48.6
SOUTH,2025-03-13 21:30:00,13.34,5.14,54.7
SOUTH,2025-03-13 22:00:00,14.51,5.09,56.3
SOUTH,2025-03-13 22:30:00,14.5,1.97,49.8
SOUTH,2025-03-13 23:00:00,13.21,5.6,65.8
SOUTH,2025-03-13 23:30:00,12.38,3.5,80.4
SOUTH,2025-03-14 00:00:00,12.45,2.26,43.3
SOUTH,2025-03-14 00:30:00,13.98,2.56,64.9
SOUTH,2025-03-14 01:00:00,13.3,5.08,46.4
SOUTH,2025-03-14 01:30:00,10.46,7.74,41.3
SOUTH,2025-03-14 02:00:00,10.5,4.75,56.1
SOUTH,2025-03-14 02:30:00,11.85,1.06,56.2
SOUTH,2025-03-14 03:00:00,11.46,5.36,49.7
SOUTH,2025-03-14 03:30:00,9.42,4.43,36.4
SOUTH,2025-03-14 04:00:00,11.7,4.31,47.5
SOUTH,2025-03-14 04:30:00,8.9,2.73,31.9
SOUTH,2025-03-14 05:00:00,10.34,2.39,67.2
SOUTH,2025-03-14 05:30:00,10.39,5.93,64.5
SOUTH,2025-03-14 06:00:00,10.78,6.77,64.6
SOUTH,2025-03-14 06:30:00,9.81,2.89,42.2
SOUTH,2025-03-14 07:00:00,10.77,5.21,72.4
SOUTH,2025-03-14 07:30:00,8.52,7.25,55.9
SOUTH,2025-03-14 08:00:00,8.2,2.85,88.3
SOUTH,2025-03-14 08:30:00,7.83,2.5,112.2
SOUTH,2025-03-14 09:00:00,10.36,2.53,40.5
SOUTH,2025-03-14 09:30:00,7.22,4.19,73.1
SOUTH,2025-03-14 10:00:00,11.25,0.21,36.1
SOUTH,2025-03-14 10:30:00,9.29,9.58,75.9
SOUTH,2025-03-14 11:00:00,10.2,1.55,21.8
SOUTH,2025-03-14 11:30:00,9.8,3.8,55.2
SOUTH,2025-03-14 12:00:00,9.71,2.5,42.4
SOUTH,2025-03-14 12:30:00,11.83,2.23,55.0
SOUTH,2025-03-14 13:00:00,10.6,5.41,44.7
SOUTH,2025-03-14 13:30:00,11.82,2.84,57.1
SOUTH,2025-03-14 14:00:00,13.14,2.06,73.0
SOUTH,2025-03-14 14:30:00,12.37,4.62,57.9
SOUTH,2025-03-14 15:00:00,14.23,3.97,63.7
SOUTH,2025-03-14 15:30:00,11.28,4.3,77.4
SOUTH,2025-03-14 16:00:00,11.83,0.0,69.2
SOUTH,2025-03-14 16:30:00,10.87,5.48,60.0
SOUTH,2025-03-14 17:00:00,13.71,2.1,50.4
SOUTH,2025-03-14 17:30:00,12.17,1.04,80.0
SOUTH,2025-03-14 18:00:00,10.95,6.19,67.6
SOUTH,2025-03-14 18:30:00,12.66,4.69,65.7
SOUTH,2025-03-14 19:00:00,12.62,4.6,73.2
SOUTH,2025-03-14 19:30:00,11.96,4.69,12.7
SOUTH,2025-03-14 20:00:00,10.85,5.13,52.5
SOUTH,2025-03-14 20:30:00,12.14,3.89,52.9
SOUTH,2025-03-14 21:00:00,11.91,0.72,24.6
SOUTH,2025-03-14 21:30:00,13.98,3.16,77.5
SOUTH,2025-03-14 22:00:00,12.38,4.71,57.7
SOUTH,2025-03-14 22:30:00,12.95,4.19,52.0
SOUTH,2025-03-14 23:00:00,11.1,5.53,88.7
SOUTH,2025-03-14 23:30:00,14.57,2.89,46.8
SOUTH,2025-03-15 00:00:00,11.54,3.65,59.1
SOUTH,2025-03-15 00:30:00,11.01,1.04,60.9
SOUTH,2025-03-15 01:00:00,7.49,3.8,43.0
SOUTH,2025-03-15 01:30:00,12.66,6.1,79.3
SOUTH,2025-03-15 02:00:00,10.79,1.73,45.3
SOUTH,2025-03-15 02:30:00,11.55,0.71,85.1
SOUTH,2025-03-15 03:00:00,10.29,5.0,27.9
SOUTH,2025-03-15 03:30:00,9.58,0.19,78.4
SOUTH,2025-03-15 04:00:00,10.01,5.14,61.1
SOUTH,2025-03-15 04:30:00,10.77,3.33,56.3
SOUTH,2025-03-15 05:00:00,9.68,4.81,67.8
SOUTH,2025-03-15 05:30:00,13.16,7.36,28.0
SOUTH,2025-03-15 06:00:00,9.3,3.19,83.0
SOUTH,2025-03-15 06:30:00,9.09,4.93,17.9
SOUTH,2025-03-15 07:00:00,7.46,8.18,60.9
SOUTH,2025-03-15 07:30:00,8.08,4.49,41.0
SOUTH,2025-03-15 08:00:00,8.87,1.09,45.8
SOUTH,2025-03-15 08:30:00,8.71,6.24,68.4
SOUTH,2025-03-15 09:00:00,10.04,3.95,74.8
SOUTH,2025-03-15 09:30:00,8.23,2.53,67.3
SOUTH,2025-03-15 10:00:00,9.14,3.97,57.0
SOUTH,2025-03-15 10:30:00,10.98,6.61,48.7
SOUTH,2025-03-15 11:00:00,7.68,2.58,43.9
SOUTH,2025-03-15 11:30:00,10.79,5.84,41.4
SOUTH,2025-03-15 12:00:00,9.3,1.04,62.4
SOUTH,2025-03-15 12:30:00,10.15,5.58,68.9
SOUTH,2025-03-15 13:00:00,11.42,0.92,48.7
SOUTH,2025-03-15 13:30:00,11.83,2.92,30.7
SOUTH,2025-03-15 14:00:00,12.18,2.85,79.1
SOUTH,2025-03-15 14:30:00,11.18,3.45,84.5
SOUTH,2025-03-15 15:00:00,10.16,6.87,48.5
SOUTH,2025-03-15 15:30:00,11.92,4.34,52.3
SOUTH,2025-03-15 16:00:00,11.29,3.26,41.7
SOUTH,2025-03-15 16:30:00,14.56,3.04,80.9
SOUTH,2025-03-15 17:00:00,13.85,4.73,57.6
SOUTH,2025-03-15 17:30:00,12.85,5.14,61.8
SOUTH,2025-03-15 18:00:00,11.06,0.36,87.2
SOUTH,2025-03-15 18:30:00,9.78,4.39,55.8
SOUTH,2025-03-15 19:00:00,13.33,1.72,66.3
SOUTH,2025-03-15 19:30:00,13.38,9.52,62.3
SOUTH,2025-03-15 20:00:00,14.82,1.0,78.4
SOUTH,2025-03-15 20:30:00,13.48,4.54,65.1
SOUTH,2025-03-15 21:00:00,15.18,4.51,45.9
SOUTH,2025-03-15 21:30:00,12.4,5.63,68.1
SOUTH,2025-03-15 22:00:00,11.1,5.03,40.5
SOUTH,2025-03-15 22:30:00,13.46,2.39,54.9
SOUTH,2025-03-15 23:00:00,11.97,7.04,67.2
SOUTH,2025-03-15 23:30:00,14.13,9.79,60.8
SOUTH,2025-03-16 00:00:00,14.05,2.6,82.6
SOUTH,2025-03-16 00:30:00,11.28,3.96,69.7
SOUTH,2025-03-16 01:00:00,12.6,1.45,44.4
SOUTH,2025-03-16 01:30:00,12.5,3.26,34.8
SOUTH,2025-03-16 02:00:00,11.16,3.76,63.2
SOUTH,2025-03-16 02:30:00,11.88,4.93,46.2
SOUTH,2025-03-16 03:00:00,10.24,5.86,50.2
SOUTH,2025-03-16 03:30:00,10.25,0.99,59.5
SOUTH,2025-03-16 04:00:00,10.66,0.05,40.7
SOUTH,2025-03-16 04:30:00,8.54,5.58,25.6
SOUTH,2025-03-16 05:00:00,9.74,5.44,63.4
SOUTH,2025-03-16 05:30:00,9.3,4.69,78.7
SOUTH,2025-03-16 06:00:00,9.38,0.0,80.7
SOUTH,2025-03-16 06:30:00,9.99,3.93,24.4
SOUTH,2025-03-16 07:00:00,8.96,2.25,38.1
SOUTH,2025-03-16 07:30:00,9.15,2.93,51.5
SOUTH,2025-03-16 08:00:00,10.13,4.51,51.1
SOUTH,2025-03-16 08:30:00,8.5,3.09,55.5
SOUTH,2025-03-16 09:00:00,10.02,1.91,86.3
SOUTH,2025-03-16 09:30:00,10.02,0.0,61.5
SOUTH,2025-03-16 10:00:00,10.76,4.78,52.6
SOUTH,2025-03-16 10:30:00,9.44,4.36,73.9
SOUTH,2025-03-16 11:00:00,8.13,2.79,89.5
SOUTH,2025-03-16 11:30:00,9.87,7.06,113.7
SOUTH,2025-03-16 12:00:00,9.66,1.61,55.2
SOUTH,2025-03-16 12:30:00,11.56,6.48,100.9
SOUTH,2025-03-16 13:00:00,10.68,4.98,47.2
SOUTH,2025-03-16 13:30:00,7.72,3.92,39.2
SOUTH,2025-03-16 14:00:00,12.02,0.24,46.7
SOUTH,2025-03-16 14:30:00,11.57,4.74,59.1
SOUTH,2025-03-16 15:00:00,14.0,7.14,47.7
SOUTH,2025-03-16 15:30:00,13.7,7.52,57.8
SOUTH,2025-03-16 16:00:00,12.3,3.9,48.4
SOUTH,2025-03-16 16:30:00,11.59,6.64,67.9
SOUTH,2025-03-16 17:00:00,12.0,2.15,46.4
SOUTH,2025-03-16 17:30:00,12.46,5.83,44.5
SOUTH,2025-03-16 18:00:00,14.06,4.39,62.6
SOUTH,2025-03-16 18:30:00,14.21,5.69,34.7
SOUTH,2025-03-16 19:00:00,11.88,3.54,66.4
SOUTH,2025-03-16 19:30:00,14.82,4.13,90.7
SOUTH,2025-03-16 20:00:00,12.4,2.92,54.5
SOUTH,2025-03-16 20:30:00,12.27,6.32,10.1
SOUTH,2025-03-16 21:00:00,12.57,6.3,54.4
SOUTH,2025-03-16 21:30:00,14.47,8.4,61.4
SOUTH,2025-03-16 22:00:00,14.38,8.84,67.2
SOUTH,2025-03-16 22:30:00,12.92,5.8,81.3
SOUTH,2025-03-16 23:00:00,12.61,3.03,90.9
SOUTH,2025-03-16 23:30:00,12.34,6.39,64.7
SOUTH,2025-03-17 00:00:00,14.48,2.3,44.7
SOUTH,2025-03-17 00:30:00,13.31,1.74,62.1
SOUTH,2025-03-17 01:00:00,13.66,0.43,67.2
SOUTH,2025-03-17 01:30:00,13.26,3.95,43.3
SOUTH,2025-03-17 02:00:00,10.97,2.32,61.2
SOUTH,2025-03-17 02:30:00,10.95,2.97,68.4
SOUTH,2025-03-17 03:00:00,12.66,4.66,84.2
SOUTH,2025-03-17 03:30:00,12.66,2.83,64.9
SOUTH,2025-03-17 04:00:00,9.78,1.04,66.4
SOUTH,2025-03-17 04:30:00,9.02,4.97,32.0
SOUTH,2025-03-17 05:00:00,10.08,0.86,72.1
SOUTH,2025-03-17 05:30:00,9.4,3.02,80.3
SOUTH,2025-03-17 06:00:00,9.17,4.22,56.4
SOUTH,2025-03-17 06:30:00,10.16,6.09,75.0
SOUTH,2025-03-17 07:00:00,8.79,6.42,43.5
SOUTH,2025-03-17 07:30:00,8.46,3.74,78.8
SOUTH,2025-03-17 08:00:00,7.88,5.78,59.0
SOUTH,2025-03-17 08:30:00,8.77,6.2,45.6
SOUTH,2025-03-17 09:00:00,12.1,3.65,62.7
SOUTH,2025-03-17 09:30:00,11.21,4.35,81.4
SOUTH,2025-03-17 10:00:00,7.21,3.11,67.1
SOUTH,2025-03-17 10:30:00,10.85,5.54,72.2
SOUTH,2025-03-17 11:00:00,11.14,4.95,21.4
SOUTH,2025-03-17 11:30:00,11.6,2.32,65.6
SOUTH,2025-03-17 12:00:00,10.5,4.09,40.1
SOUTH,2025-03-17 12:30:00,7.96,2.0,74.9
SOUTH,2025-03-17 13:00:00,9.03,2.24,67.5
SOUTH,2025-03-17 13:30:00,9.54,2.91,61.5
SOUTH,2025-03-17 14:00:00,11.63,1.91,62.5
SOUTH,2025-03-17 14:30:00,11.76,1.45,63.9
SOUTH,2025-03-17 15:00:00,10.94,4.25,73.0
SOUTH,2025-03-17 15:30:00,11.59,5.83,74.2
SOUTH,2025-03-17 16:00:00,13.38,4.81,79.8
SOUTH,2025-03-17 16:30:00,12.75,0.67,45.7
SOUTH,2025-03-17 17:00:00,12.45,3.83,66.4
SOUTH,2025-03-17 17:30:00,11.73,8.02,58.2
SOUTH,2025-03-17 18:00:00,13.01,2.66,41.9
SOUTH,2025-03-17 18:30:00,12.87,4.06,58.4
SOUTH,2025-03-17 19:00:00,15.2,3.75,58.5
SOUTH,2025-03-17 19:30:00,14.2,3.66,69.7
SOUTH,2025-03-17 20:00:00,11.75,1.46,62.2
SOUTH,2025-03-17 20:30:00,13.01,2.38,62.2
SOUTH,2025-03-17 21:00:00,13.47,2.58,50.7
SOUTH,2025-03-17 21:30:00,13.48,1.96,49.1
SOUTH,2025-03-17 22:00:00,13.66,3.95,51.4
SOUTH,2025-03-17 22:30:00,11.93,1.97,57.6
SOUTH,2025-03-17 23:00:00,15.13,5.13,36.0
SOUTH,2025-03-17 23:30:00,13.55,2.48,59.9
SOUTH,2025-03-18 00:00:00,11.62,8.05,39.6
SOUTH,2025-03-18 00:30:00,12.7,2.63,73.3
SOUTH,2025-03-18 01:00:00,12.19,6.51,72.9
SOUTH,2025-03-18 01:30:00,11.01,9.83,70.0
SOUTH,2025-03-18 02:00:00,10.66,4.41,71.4
SOUTH,2025-03-18 02:30:00,12.04,4.99,77.4
SOUTH,2025-03-18 03:00:00,11.85,2.3,97.9
SOUTH,2025-03-18 03:30:00,13.17,5.6,60.7
SOUTH,2025-03-18 04:00:00,10.39,3.35,56.5
SOUTH,2025-03-18 04:30:00,7.7,7.06,81.2
SOUTH,2025-03-18 05:00:00,7.9,5.78,59.9
SOUTH,2025-03-18 05:30:00,9.67,4.99,28.6
SOUTH,2025-03-18 06:00:00,9.58,4.16,61.4
SOUTH,2025-03-18 06:30:00,7.95,4.89,79.1
SOUTH,2025-03-18 07:00:00,9.88,3.54,108.4
SOUTH,2025-03-18 07:30:00,8.28,5.55,64.4
SOUTH,2025-03-18 08:00:00,11.74,4.77,70.8
SOUTH,2025-03-18 08:30:00,9.93,1.88,44.4
SOUTH,2025-03-18 09:00:00,9.06,5.91,64.2
SOUTH,2025-03-18 09:30:00,9.14,6.74,24.3
SOUTH,2025-03-18 10:00:00,8.04,0.0,81.7
SOUTH,2025-03-18 10:30:00,9.48,5.93,58.0
SOUTH,2025-03-18 11:00:00,11.14,3.75,67.4
SOUTH,2025-03-18 11:30:00,10.23,4.68,90.3
SOUTH,2025-03-18 12:00:00,8.38,3.86,63.6
SOUTH,2025-03-18 12:30:00,10.38,3.2,50.4
SOUTH,2025-03-18 13:00:00,12.64,3.86,103.9
SOUTH,2025-03-18 13:30:00,11.44,3.42,69.9
SOUTH,2025-03-18 14:00:00,11.46,6.68,39.0
SOUTH,2025-03-18 14:30:00,9.16,4.72,75.0
SOUTH,2025-03-18 15:00:00,12.19,5.34,69.5
SOUTH,2025-03-18 15:30:00,10.07,4.56,83.7
SOUTH,2025-03-18 16:00:00,12.53,1.38,54.0
SOUTH,2025-03-18 16:30:00,12.99,7.59,24.8
SOUTH,2025-03-18 17:00:00,13.17,2.14,69.1
SOUTH,2025-03-18 17:30:00,13.44,3.53,71.4
SOUTH,2025-03-18 18:00:00,14.42,3.67,35.9
SOUTH,2025-03-18 18:30:00,14.77,5.66,70.1
SOUTH,2025-03-18 19:00:00,12.43,5.97,96.8
SOUTH,2025-03-18 19:30:00,13.11,4.19,40.8
SOUTH,2025-03-18 20:00:00,12.46,1.85,62.4
SOUTH,2025-03-18 20:30:00,12.92,4.75,43.9
SOUTH,2025-03-18 21:00:00,13.06,2.09,63.4
SOUTH,2025-03-18 21:30:00,11.3,4.3,55.0
SOUTH,2025-03-18 22:00:00,13.27,0.7,71.8
SOUTH,2025-03-18 22:30:00,12.7,4.43,26.3
SOUTH,2025-03-18 23:00:00,11.25,3.22,84.8
SOUTH,2025-03-18 23:30:00,13.37,4.26,43.4
SOUTH,2025-03-19 00:00:00,11.03,4.55,72.6
SOUTH,2025-03-19 00:30:00,12.61,7.42,47.7
SOUTH,2025-03-19 01:00:00,12.1,0.61,63.8
SOUTH,2025-03-19 01:30:00,13.64,1.92,75.2
SOUTH,2025-03-19 02:00:00,13.09,2.62,68.4
SOUTH,2025-03-19 02:30:00,13.26,4.46,74.2
SOUTH,2025-03-19 03:00:00,8.72,5.19,69.3
SOUTH,2025-03-19 03:30:00,9.25,2.07,70.9
SOUTH,2025-03-19 04:00:00,10.0,6.22,65.6
SOUTH,2025-03-19 04:30:00,10.43,3.66,65.3
SOUTH,2025-03-19 05:00:00,10.91,5.07,52.4
SOUTH,2025-03-19 05:30:00,11.44,5.32,66.9
SOUTH,2025-03-19 06:00:00,9.74,5.0,27.0
SOUTH,2025-03-19 06:30:00,9.92,7.28,64.0
SOUTH,2025-03-19 07:00:00,9.53,2.81,68.9
SOUTH,2025-03-19 07:30:00,9.2,6.62,44.5
SOUTH,2025-03-19 08:00:00,8.82,2.8,93.0
SOUTH,2025-03-19 08:30:00,9.13,2.9,22.4
SOUTH,2025-03-19 09:00:00,8.34,5.06,69.4
SOUTH,2025-03-19 09:30:00,8.65,2.81,93.5
SOUTH,2025-03-19 10:00:00,12.87,6.3,88.1
SOUTH,2025-03-19 10:30:00,11.76,8.43,54.6
SOUTH,2025-03-19 11:00:00,8.89,7.67,42.6
SOUTH,2025-03-19 11:30:00,8.71,1.99,57.6
SOUTH,2025-03-19 12:00:00,7.98,1.13,48.8
SOUTH,2025-03-19 12:30:00,8.93,6.12,60.1
SOUTH,2025-03-19 13:00:00,11.54,4.94,56.3
SOUTH,2025-03-19 13:30:00,12.03,4.9,54.3
SOUTH,2025-03-19 14:00:00,9.34,5.04,37.3
SOUTH,2025-03-19 14:30:00,11.82,4.16,35.5
SOUTH,2025-03-19 15:00:00,11.940000000000001,4.38,63.5
SOUTH,2025-03-19 15:30:00,12.06,2.7,70.6
SOUTH,2025-03-19 16:00:00,11.54,1.85,72.1
SOUTH,2025-03-19 16:30:00,13.49,5.21,56.3
SOUTH,2025-03-19 17:00:00,10.45,6.96,24.8
SOUTH,2025-03-19 17:30:00,13.48,8.22,62.7
SOUTH,2025-03-19 18:00:00,13.44,4.76,63.6
SOUTH,2025-03-19 18:30:00,15.92,2.31,42.6
SOUTH,2025-03-19 19:00:00,12.9,7.48,49.6
SOUTH,2025-03-19 19:30:00,13.81,6.14,74.0
SOUTH,2025-03-19 20:00:00,14.58,6.84,65.5
SOUTH,2025-03-19 20:30:00,12.81,4.29,53.9
SOUTH,2025-03-19 21:00:00,16.32,2.93,68.7
SOUTH,2025-03-19 21:30:00,11.49,4.27,54.8
SOUTH,2025-03-19 22:00:00,13.91,5.4,85.5
SOUTH,2025-03-19 22:30:00,14.7,3.87,43.0
SOUTH,2025-03-19 23:00:00,11.78,4.61,62.8
SOUTH,2025-03-19 23:30:00,13.09,2.93,85.9
SOUTH,2025-03-20 00:00:00,10.63,2.82,40.6
SOUTH,2025-03-20 00:30:00,12.15,6.49,54.8
SOUTH,2025-03-20 01:00:00,12.04,5.33,54.0
SOUTH,2025-03-20 01:30:00,12.38,4.5,39.6
SOUTH,2025-03-20 02:00:00,10.84,4.71,83.1
SOUTH,2025-03-20 02:30:00,12.94,8.19,68.7
SOUTH,2025-03-20 03:00:00,10.39,3.87,58.0
SOUTH,2025-03-20 03:30:00,10.39,4.77,67.7
SOUTH,2025-03-20 04:00:00,8.99,6.18,26.9
SOUTH,2025-03-20 04:30:00,10.13,6.3,70.9
SOUTH,2025-03-20 05:00:00,9.56,7.94,52.1
SOUTH,2025-03-20 05:30:00,7.58,4.91,28.0
SOUTH,2025-03-20 06:00:00,8.67,5.25,51.7
SOUTH,2025-03-20 06:30:00,10.36,1.68,75.5
SOUTH,2025-03-20 07:00:00,7.44,6.64,51.4
SOUTH,2025-03-20 07:30:00,11.3,2.32,94.6
SOUTH,2025-03-20 08:00:00,8.25,0.41,60.8
SOUTH,2025-03-20 08:30:00,10.88,5.58,80.9
SOUTH,2025-03-20 09:00:00,10.44,2.36,73.8
SOUTH,2025-03-20 09:30:00,9.58,2.58,63.2
SOUTH,2025-03-20 10:00:00,9.6,6.83,50.7
SOUTH,2025-03-20 10:30:00,8.99,2.6,94.1
SOUTH,2025-03-20 11:00:00,9.21,6.59,41.4
SOUTH,2025-03-20 11:30:00,10.59,4.53,82.2
SOUTH,2025-03-20 12:00:00,11.71,4.16,50.3
SOUTH,2025-03-20 12:30:00,12.35,2.73,19.2
SOUTH,2025-03-20 13:00:00,8.65,0.77,70.7
SOUTH,2025-03-20 13:30:00,13.54,0.0,45.9
SOUTH,2025-03-20 14:00:00,11.51,7.09,45.8
SOUTH,2025-03-20 14:30:00,12.11,3.5,106.9
SOUTH,2025-03-20 15:00:00,12.09,4.71,61.5
SOUTH,2025-03-20 15:30:00,11.42,5.9,39.1
SOUTH,2025-03-20 16:00:00,10.0,3.7,74.7
SOUTH,2025-03-20 16:30:00,11.7,4.37,38.0
SOUTH,2025-03-20 17:00:00,14.09,5.3,60.4
SOUTH,2025-03-20 17:30:00,13.02,1.21,35.7
SOUTH,2025-03-20 18:00:00,12.98,5.03,70.2
SOUTH,2025-03-20 18:30:00,12.7,5.49,85.6
SOUTH,2025-03-20 19:00:00,13.22,4.62,56.3
SOUTH,2025-03-20 19:30:00,13.18,4.34,90.7
SOUTH,2025-03-20 20:00:00,14.5,5.65,51.8
SOUTH,2025-03-20 20:30:00,12.32,4.78,82.4
SOUTH,2025-03-20 21:00:00,15.4,0.0,104.0
SOUTH,2025-03-20 21:30:00,13.83,5.82,28.7
SOUTH,2025-03-20 22:00:00,12.85,5.65,38.9
SOUTH,2025-03-20 22:30:00,9.67,4.67,59.1
SOUTH,2025-03-20 23:00:00,14.54,3.68,58.4
SOUTH,2025-03-20 23:30:00,13.65,6.07,47.2
SOUTH,2025-03-21 00:00:00,13.57,2.96,60.3
SOUTH,2025-03-21 00:30:00,13.24,5.69,65.7
SOUTH,2025-03-21 01:00:00,10.66,0.26,56.6
SOUTH,2025-03-21 01:30:00,13.12,4.9,64.4
SOUTH,2025-03-21 02:00:00,11.43,4.62,42.1
SOUTH,2025-03-21 02:30:00,12.37,5.69,53.6
SOUTH,2025-03-21 03:00:00,11.44,0.57,63.2
SOUTH,2025-03-21 03:30:00,10.76,6.52,56.4
SOUTH,2025-03-21 04:00:00,10.46,3.22,18.9
SOUTH,2025-03-21 04:30:00,10.16,4.39,62.7
SOUTH,2025-03-21 05:00:00,10.22,2.99,54.2
SOUTH,2025-03-21 05:30:00,8.67,0.01,58.1
SOUTH,2025-03-21 06:00:00,8.81,6.16,20.7
SOUTH,2025-03-21 06:30:00,10.05,8.24,56.7
SOUTH,2025-03-21 07:00:00,9.5,4.85,69.1
SOUTH,2025-03-21 07:30:00,9.01,1.98,71.7
SOUTH,2025-03-21 08:00:00,7.15,5.66,52.9
SOUTH,2025-03-21 08:30:00,9.44,2.95,85.8
SOUTH,2025-03-21 09:00:00,9.8,3.36,53.7
SOUTH,2025-03-21 09:30:00,9.33,8.79,36.3
SOUTH,2025-03-21 10:00:00,11.0,5.14,87.7
SOUTH,2025-03-21 10:30:00,10.46,4.01,78.4
SOUTH,2025-03-21 11:00:00,10.3,5.51,85.7
SOUTH,2025-03-21 11:30:00,10.13,3.15,48.4
SOUTH,2025-03-21 12:00:00,10.98,2.24,53.7
SOUTH,2025-03-21 12:30:00,9.27,5.02,46.5
SOUTH,2025-03-21 13:00:00,9.37,1.78,49.7
SOUTH,2025-03-21 13:30:00,10.34,4.5,57.1
SOUTH,2025-03-21 14:00:00,11.88,4.9,73.3
SOUTH,2025-03-21 14:30:00,9.15,1.75,70.0
SOUTH,2025-03-21 15:00:00,12.21,5.95,32.2
SOUTH,2025-03-21 15:30:00,11.38,3.41,63.0
SOUTH,2025-03-21 16:00:00,12.48,4.94,57.9
SOUTH,2025-03-21 16:30:00,14.08,7.38,39.9
SOUTH,2025-03-21 17:00:00,12.9,5.6,70.5
SOUTH,2025-03-21 17:30:00,12.36,4.51,31.5
SOUTH,2025-03-21 18:00:00,13.14,1.08,69.1
SOUTH,2025-03-21 18:30:00,11.83,4.33,65.7
SOUTH,2025-03-21 19:00:00,13.46,2.74,56.2
SOUTH,2025-03-21 19:30:00,14.78,3.15,60.4
SOUTH,2025-03-21 20:00:00,12.77,6.04,61.4
SOUTH,2025-03-21 20:30:00,12.52,4.01,55.7
SOUTH,2025-03-21 21:00:00,15.04,3.91,35.1
SOUTH,2025-03-21 21:30:00,13.97,7.57,81.5
SOUTH,2025-03-21 22:00:00,11.84,3.46,59.4
SOUTH,2025-03-21 22:30:00,13.14,4.76,53.8
SOUTH,2025-03-21 23:00:00,11.75,5.9,39.8
SOUTH,2025-03-21 23:30:00,11.89,1.74,71.0
SOUTH,2025-03-22 00:00:00,12.6,5.77,45.9
SOUTH,2025-03-22 00:30:00,10.97,3.11,56.7
SOUTH,2025-03-22 01:00:00,12.24,0.64,68.6
SOUTH,2025-03-22 01:30:00,10.91,2.71,81.1
SOUTH,2025-03-22 02:00:00,8.85,4.65,65.7
SOUTH,2025-03-22 02:30:00,10.49,3.11,82.0
SOUTH,2025-03-22 03:00:00,13.31,6.13,93.9
SOUTH,2025-03-22 03:30:00,10.12,0.84,59.1
SOUTH,2025-03-22 04:00:00,11.44,0.29,43.3
SOUTH,2025-03-22 04:30:00,9.49,4.71,64.1
SOUTH,2025-03-22 05:00:00,9.13,4.36,39.4
SOUTH,2025-03-22 05:30:00,9.54,1.47,57.3
SOUTH,2025-03-22 06:00:00,8.78,5.38,59.5
SOUTH,2025-03-22 06:30:00,9.47,7.54,66.9
SOUTH,2025-03-22 07:00:00,9.1,2.83,38.7
SOUTH,2025-03-22 07:30:00,9.46,4.62,25.5
SOUTH,2025-03-22 08:00:00,7.83,2.97,40.2
SOUTH,2025-03-22 08:30:00,9.52,4.36,57.8
SOUTH,2025-03-22 09:00:00,10.2,2.83,59.2
SOUTH,2025-03-22 09:30:00,8.33,4.57,61.4
SOUTH,2025-03-22 10:00:00,8.3,3.69,59.3
SOUTH,2025-03-22 10:30:00,10.07,4.64,47.0
SOUTH,2025-03-22 11:00:00,10.97,5.05,47.0
SOUTH,2025-03-22 11:30:00,8.68,2.7,33.5
SOUTH,2025-03-22 12:00:00,10.72,6.37,85.6
SOUTH,2025-03-22 12:30:00,9.16,5.57,61.5
SOUTH,2025-03-22 13:00:00,8.08,3.34,52.0
SOUTH,2025-03-22 13:30:00,12.41,2.26,70.1
SOUTH,2025-03-22 14:00:00,11.34,1.11,50.1
SOUTH,2025-03-22 14:30:00,13.31,3.65,76.3
SOUTH,2025-03-22 15:00:00,13.01,3.1,36.9
SOUTH,2025-03-22 15:30:00,10.61,6.9,62.7
SOUTH,2025-03-22 16:00:00,10.39,5.67,27.8
SOUTH,2025-03-22 16:30:00,11.48,4.16,105.4
SOUTH,2025-03-22 17:00:00,13.86,3.04,60.5
SOUTH,2025-03-22 17:30:00,13.99,6.84,55.5
SOUTH,2025-03-22 18:00:00,12.94,2.34,72.0
SOUTH,2025-03-22 18:30:00,14.43,0.12,52.9
SOUTH,2025-03-22 19:00:00,11.95,4.3,37.7
SOUTH,2025-03-22 19:30:00,11.82,6.25,57.0
SOUTH,2025-03-22 20:00:00,13.4,4.86,77.5
SOUTH,2025-03-22 20:30:00,12.97,3.21,52.9
SOUTH,2025-03-22 21:00:00,14.7,3.86,54.8
SOUTH,2025-03-22 21:30:00,13.87,7.66,61.3
SOUTH,2025-03-22 22:00:00,12.88,7.89,83.9
SOUTH,2025-03-22 22:30:00,14.62,3.0,49.2
SOUTH,2025-03-22 23:00:00,10.68,5.93,61.4
SOUTH,2025-03-22 23:30:00,10.72,6.4,53.9
SOUTH,2025-03-23 00:00:00,12.25,0.97,68.9
SOUTH,2025-03-23 00:30:00,13.11,3.9,52.5
SOUTH,2025-03-23 01:00:00,15.17,1.59,47.0
SOUTH,2025-03-23 01:30:00,12.87,1.97,40.4
SOUTH,2025-03-23 02:00:00,12.86,5.21,68.7
SOUTH,2025-03-23 02:30:00,11.72,2.62,55.5
SOUTH,2025-03-23 03:00:00,10.89,5.69,67.7
SOUTH,2025-03-23 03:30:00,9.87,5.58,29.8
SOUTH,2025-03-23 04:00:00,10.12,1.72,44.6
SOUTH,2025-03-23 04:30:00,12.82,1.06,45.3
SOUTH,2025-03-23 05:00:00,10.7,3.06,62.8
SOUTH,2025-03-23 05:30:00,11.8,5.31,51.6
SOUTH,2025-03-23 06:00:00,9.61,5.06,71.4
SOUTH,2025-03-23 06:30:00,9.8,4.72,66.5
SOUTH,2025-03-23 07:00:00,9.46,2.79,73.4
SOUTH,2025-03-23 07:30:00,9.92,0.0,45.1
SOUTH,2025-03-23 08:00:00,8.93,3.6,81.7
SOUTH,2025-03-23 08:30:00,13.35,0.0,65.5
SOUTH,2025-03-23 09:00:00,11.55,3.64,69.8
SOUTH,2025-03-23 09:30:00,9.75,3.28,60.5
SOUTH,2025-03-23 10:00:00,10.44,4.92,63.4
SOUTH,2025-03-23 10:30:00,9.07,9.64,66.5
SOUTH,2025-03-23 11:00:00,11.0,2.98,63.4
SOUTH,2025-03-23 11:30:00,10.31,0.18,47.1
SOUTH,2025-03-23 12:00:00,9.62,2.8,40.7
SOUTH,2025-03-23 12:30:00,10.56,6.79,62.3
SOUTH,2025-03-23 13:00:00,9.57,1.94,53.2
SOUTH,2025-03-23 13:30:00,9.29,4.61,84.4
SOUTH,2025-03-23 14:00:00,10.81,4.15,52.3
SOUTH,2025-03-23 14:30:00,10.75,4.38,48.1
SOUTH,2025-03-23 15:00:00,11.05,0.76,61.2
SOUTH,2025-03-23 15:30:00,13.3,5.41,86.9
SOUTH,2025-03-23 16:00:00,11.69,5.7,40.2
SOUTH,2025-03-23 16:30:00,13.35,7.29,69.0
SOUTH,2025-03-23 17:00:00,14.91,2.8,57.6
SOUTH,2025-03-23 17:30:00,11.82,4.07,64.9
SOUTH,2025-03-23 18:00:00,13.27,3.05,51.2
SOUTH,2025-03-23 18:30:00,13.65,3.68,39.3
SOUTH,2025-03-23 19:00:00,11.16,2.81,35.1
SOUTH,2025-03-23 19:30:00,12.43,3.15,57.4
SOUTH,2025-03-23 20:00:00,12.7,8.38,37.3
SOUTH,2025-03-23 20:30:00,14.95,3.67,48.2
SOUTH,2025-03-23 21:00:00,14.14,3.09,45.5
SOUTH,2025-03-23 21:30:00,15.58,0.0,55.6
SOUTH,2025-03-23 22:00:00,13.46,6.82,52.8
SOUTH,2025-03-23 22:30:00,16.43,5.52,17.4
SOUTH,2025-03-23 23:00:00,11.17,4.47,39.4
SOUTH,2025-03-23 23:30:00,13.58,3.09,38.5
SOUTH,2025-03-24 00:00:00,11.38,5.7,23.6
SOUTH,2025-03-24 00:30:00,13.79,6.15,54.0
SOUTH,2025-03-24 01:00:00,10.37,5.11,51.2
SOUTH,2025-03-24 01:30:00,10.24,7.82,44.1
SOUTH,2025-03-24 02:00:00,9.77,4.57,58.8
SOUTH,2025-03-24 02:30:00,13.32,3.24,53.3
SOUTH,2025-03-24 03:00:00,11.42,4.4,64.1
SOUTH,2025-03-24 03:30:00,11.34,4.33,52.5
SOUTH,2025-03-24 04:00:00,11.54,3.28,74.5
SOUTH,2025-03-24 04:30:00,12.2,2.64,103.3
SOUTH,2025-03-24 05:00:00,9.27,2.59,69.7
SOUTH,2025-03-24 05:30:00,10.65,4.14,74.7
SOUTH,2025-03-24 06:00:00,10.11,8.13,59.0
SOUTH,2025-03-24 06:30:00,8.78,2.9,68.5
SOUTH,2025-03-24 07:00:00,10.19,4.41,44.7
SOUTH,2025-03-24 07:30:00,10.93,7.87,60.5
SOUTH,2025-03-24 08:00:00,11.71,5.73,99.9
SOUTH,2025-03-24 08:30:00,10.1,4.27,75.2
SOUTH,2025-03-24 09:00:00,9.08,4.81,84.0
SOUTH,2025-03-24 09:30:00,10.59,3.94,63.6
SOUTH,2025-03-24 10:00:00,10.71,5.45,73.5
SOUTH,2025-03-24 10:30:00,10.21,2.35,48.0
SOUTH,2025-03-24 11:00:00,10.68,5.66,72.6
SOUTH,2025-03-24 11:30:00,9.31,3.7,38.9
SOUTH,2025-03-24 12:00:00,8.87,4.16,84.4
SOUTH,2025-03-24 12:30:00,10.66,7.82,57.0
SOUTH,2025-03-24 13:00:00,11.06,2.02,53.7
SOUTH,2025-03-24 13:30:00,9.59,0.91,38.9
SOUTH,2025-03-24 14:00:00,11.64,2.53,51.0
SOUTH,2025-03-24 14:30:00,12.03,0.9,61.5
SOUTH,2025-03-24 15:00:00,13.07,5.87,69.3
SOUTH,2025-03-24 15:30:00,11.99,2.75,58.5
SOUTH,2025-03-24 16:00:00,14.52,4.55,58.1
SOUTH,2025-03-24 16:30:00,13.21,4.1,64.1
SOUTH,2025-03-24 17:00:00,12.65,3.17,77.9
SOUTH,2025-03-24 17:30:00,10.61,4.96,51.4
SOUTH,2025-03-24 18:00:00,10.98,2.05,59.4
SOUTH,2025-03-24 18:30:00,13.39,5.48,74.5
SOUTH,2025-03-24 19:00:00,11.61,4.76,73.1
SOUTH,2025-03-24 19:30:00,13.73,5.0,25.2
SOUTH,2025-03-24 20:00:00,12.35,6.73,55.0
SOUTH,2025-03-24 20:30:00,16.2,1.44,88.1
SOUTH,2025-03-24 21:00:00,12.74,5.72,54.7
SOUTH,2025-03-24 21:30:00,13.61,5.19,49.0
SOUTH,2025-03-24 22:00:00,14.23,3.47,63.2
SOUTH,2025-03-24 22:30:00,10.09,3.33,82.7
SOUTH,2025-03-24 23:00:00,13.78,5.77,61.0
SOUTH,2025-03-24 23:30:00,14.96,4.58,48.1
SOUTH,2025-03-25 00:00:00,13.59,5.85,71.3
SOUTH,2025-03-25 00:30:00,12.08,4.56,85.1
SOUTH,2025-03-25 01:00:00,12.66,1.04,48.7
SOUTH,2025-03-25 01:30:00,11.28,2.49,22.0
SOUTH,2025-03-25 02:00:00,13.84,2.25,45.5
SOUTH,2025-03-25 02:30:00,9.24,5.73,58.4
SOUTH,2025-03-25 03:00:00,10.63,3.4,70.6
SOUTH,2025-03-25 03:30:00,10.47,0.02,36.8
SOUTH,2025-03-25 04:00:00,8.96,4.55,76.7
SOUTH,2025-03-25 04:30:00,12.33,0.73,71.2
SOUTH,2025-03-25 05:00:00,9.42,9.85,84.9
SOUTH,2025-03-25 05:30:00,12.2,5.6,66.9
SOUTH,2025-03-25 06:00:00,9.35,2.8,45.6
SOUTH,2025-03-25 06:30:00,10.58,7.12,53.6
SOUTH,2025-03-25 07:00:00,8.77,1.03,64.4
SOUTH,2025-03-25 07:30:00,11.11,6.56,84.8
SOUTH,2025-03-25 08:00:00,10.07,4.18,83.1
SOUTH,2025-03-25 08:30:00,8.24,3.12,90.8
SOUTH,2025-03-25 09:00:00,8.35,3.93,71.4
SOUTH,2025-03-25 09:30:00,9.74,6.3,87.5
SOUTH,2025-03-25 10:00:00,10.41,6.78,43.3
SOUTH,2025-03-25 10:30:00,9.65,8.81,95.0
SOUTH,2025-03-25 11:00:00,8.62,3.97,62.4
SOUTH,2025-03-25 11:30:00,10.65,6.55,93.1
SOUTH,2025-03-25 12:00:00,10.61,6.24,71.7
SOUTH,2025-03-25 12:30:00,10.54,0.6,78.3
SOUTH,2025-03-25 13:00:00,11.78,4.78,42.3
SOUTH,2025-03-25 13:30:00,13.4,4.3,39.5
SOUTH,2025-03-25 14:00:00,10.01,5.35,72.7
SOUTH,2025-03-25 14:30:00,11.01,4.93,72.0
SOUTH,2025-03-25 15:00:00,12.25,2.6,77.3
SOUTH,2025-03-25 15:30:00,13.09,5.14,45.0
SOUTH,2025-03-25 16:00:00,10.97,4.15,76.7
SOUTH,2025-03-25 16:30:00,13.82,5.17,51.9
SOUTH,2025-03-25 17:00:00,12.02,3.97,59.9
SOUTH,2025-03-25 17:30:00,14.31,3.04,52.9
SOUTH,2025-03-25 18:00:00,15.77,7.1,44.1
SOUTH,2025-03-25 18:30:00,15.06,1.76,52.2
SOUTH,2025-03-25 19:00:00,13.12,3.84,71.2
SOUTH,2025-03-25 19:30:00,13.63,5.23,52.8
SOUTH,2025-03-25 20:00:00,14.02,4.16,35.0
SOUTH,2025-03-25 20:30:00,14.15,4.19,47.1
SOUTH,2025-03-25 21:00:00,12.99,3.2,55.6
SOUTH,2025-03-25 21:30:00,15.61,8.18,10.9
SOUTH,2025-03-25 22:00:00,13.89,5.91,56.1
SOUTH,2025-03-25 22:30:00,14.41,7.31,35.3
SOUTH,2025-03-25 23:00:00,13.14,7.91,37.7
SOUTH,2025-03-25 23:30:00,12.84,3.1,78.9
SOUTH,2025-03-26 00:00:00,14.03,4.32,60.6
SOUTH,2025-03-26 00:30:00,10.54,6.85,53.6
SOUTH,2025-03-26 01:00:00,11.95,5.94,63.6
SOUTH,2025-03-26 01:30:00,13.32,5.21,63.7
SOUTH,2025-03-26 02:00:00,11.97,1.75,57.3
SOUTH,2025-03-26 02:30:00,12.9,2.2,47.1
SOUTH,2025-03-26 03:00:00,10.03,4.31,85.2
SOUTH,2025-03-26 03:30:00,11.74,0.0,71.7
SOUTH,2025-03-26 04:00:00,10.07,5.02,57.3
SOUTH,2025-03-26 04:30:00,9.57,3.86,52.1
SOUTH,2025-03-26 05:00:00,10.55,2.23,39.8
SOUTH,2025-03-26 05:30:00,11.06,6.22,70.4
SOUTH,2025-03-26 06:00:00,9.09,2.52,47.7
SOUTH,2025-03-26 06:30:00,10.93,2.35,75.9
SOUTH,2025-03-26 07:00:00,10.43,6.48,79.1
SOUTH,2025-03-26 07:30:00,10.32,1.06,71.0
SOUTH,2025-03-26 08:00:00,9.74,3.25,84.5
SOUTH,2025-03-26 08:30:00,9.42,2.94,80.2
SOUTH,2025-03-26 09:00:00,9.18,2.84,39.7
SOUTH,2025-03-26 09:30:00,8.68,2.53,71.2
SOUTH,2025-03-26 10:00:00,8.64,0.28,65.5
SOUTH,2025-03-26 10:30:00,9.11,3.97,83.1
SOUTH,2025-03-26 11:00:00,10.27,7.02,58.8
SOUTH,2025-03-26 11:30:00,11.39,2.91,61.9
SOUTH,2025-03-26 12:00:00,9.48,2.37,56.0
SOUTH,2025-03-26 12:30:00,9.0,4.32,54.6
SOUTH,2025-03-26 13:00:00,11.36,1.37,72.6
SOUTH,2025-03-26 13:30:00,13.12,6.97,94.3
SOUTH,2025-03-26 14:00:00,11.65,3.3,68.8
SOUTH,2025-03-26 14:30:00,11.31,0.52,74.7
SOUTH,2025-03-26 15:00:00,11.83,1.07,50.9
SOUTH,2025-03-26 15:30:00,11.86,4.02,60.4
SOUTH,2025-03-26 16:00:00,14.24,1.42,57.3
SOUTH,2025-03-26 16:30:00,11.54,6.51,49.9
SOUTH,2025-03-26 17:00:00,12.6,6.1,83.8
SOUTH,2025-03-26 17:30:00,14.78,0.71,68.7
SOUTH,2025-03-26 18:00:00,13.65,3.9,61.2
SOUTH,2025-03-26 18:30:00,14.87,6.08,76.1
SOUTH,2025-03-26 19:00:00,13.78,8.54,52.8
SOUTH,2025-03-26 19:30:00,11.59,3.47,61.0
SOUTH,2025-03-26 20:00:00,15.16,2.98,68.8
SOUTH,2025-03-26 20:30:00,11.83,6.16,61.2
SOUTH,2025-03-26 21:00:00,13.19,8.26,79.3
SOUTH,2025-03-26 21:30:00,12.28,3.78,109.3
SOUTH,2025-03-26 22:00:00,15.71,5.85,26.8
SOUTH,2025-03-26 22:30:00,14.93,2.73,83.8
SOUTH,2025-03-26 23:00:00,12.15,4.98,48.5
SOUTH,2025-03-26 23:30:00,12.58,5.24,36.3
SOUTH,2025-03-27 00:00:00,15.47,1.95,40.5
SOUTH,2025-03-27 00:30:00,13.38,6.58,54.2
SOUTH,2025-03-27 01:00:00,10.86,2.16,41.5
SOUTH,2025-03-27 01:30:00,12.52,3.86,67.7
SOUTH,2025-03-27 02:00:00,12.07,5.65,52.6
SOUTH,2025-03-27 02:30:00,10.74,4.31,59.0
SOUTH,2025-03-27 03:00:00,11.41,2.58,71.6
SOUTH,2025-03-27 03:30:00,9.7,3.12,80.3
SOUTH,2025-03-27 04:00:00,9.27,6.1,34.6
SOUTH,2025-03-27 04:30:00,8.73,1.01,62.1
SOUTH,2025-03-27 05:00:00,11.09,6.59,81.8
SOUTH,2025-03-27 05:30:00,11.25,2.34,44.9
SOUTH,2025-03-27 06:00:00,10.84,6.84,41.4
SOUTH,2025-03-27 06:30:00,11.45,0.16,67.0
SOUTH,2025-03-27 07:00:00,9.57,3.59,60.6
SOUTH,2025-03-27 07:30:00,8.67,4.89,61.1
SOUTH,2025-03-27 08:00:00,10.75,7.18,62.3
SOUTH,2025-03-27 08:30:00,8.65,1.72,90.6
SOUTH,2025-03-27 09:00:00,11.58,5.77,61.1
SOUTH,2025-03-27 09:30:00,10.67,6.61,48.9
SOUTH,2025-03-27 10:00:00,9.93,1.79,57.7
SOUTH,2025-03-27 10:30:00,11.75,6.16,62.4
SOUTH,2025-03-27 11:00:00,6.98,2.69,61.8
SOUTH,2025-03-27 11:30:00,9.95,4.07,64.4
SOUTH,2025-03-27 12:00:00,9.99,3.98,57.3
SOUTH,2025-03-27 12:30:00,9.78,7.69,51.4
SOUTH,2025-03-27 13:00:00,8.41,7.57,44.8
SOUTH,2025-03-27 13:30:00,12.19,2.64,70.2
SOUTH,2025-03-27 14:00:00,11.57,6.0,56.2
SOUTH,2025-03-27 14:30:00,10.84,4.51,53.1
SOUTH,2025-03-27 15:00:00,9.83,2.8,111.6
SOUTH,2025-03-27 15:30:00,9.96,4.48,55.6
SOUTH,2025-03-27 16:00:00,14.83,1.78,61.8
SOUTH,2025-03-27 16:30:00,13.45,3.64,46.2
SOUTH,2025-03-27 17:00:00,13.02,3.38,54.4
SOUTH,2025-03-27 17:30:00,14.16,4.81,69.9
SOUTH,2025-03-27 18:00:00,13.76,5.92,83.5
SOUTH,2025-03-27 18:30:00,13.02,5.64,36.7
SOUTH,2025-03-27 19:00:00,10.86,7.65,54.0
SOUTH,2025-03-27 19:30:00,13.86,1.55,37.1
SOUTH,2025-03-27 20:00:00,12.77,5.29,50.7
SOUTH,2025-03-27 20:30:00,13.23,2.51,81.0
SOUTH,2025-03-27 21:00:00,14.6,3.03,72.3
SOUTH,2025-03-27 21:30:00,13.27,3.32,59.1
SOUTH,2025-03-27 22:00:00,14.13,2.22,69.0
SOUTH,2025-03-27 22:30:00,16.36,4.37,60.6
SOUTH,2025-03-27 23:00:00,12.94,4.96,31.0
SOUTH,2025-03-27 23:30:00,15.08,5.96,48.4
SOUTH,2025-03-28 00:00:00,12.69,2.89,65.4
SOUTH,2025-03-28 00:30:00,12.73,4.46,41.5
SOUTH,2025-03-28 01:00:00,11.6,6.29,50.4
SOUTH,2025-03-28 01:30:00,9.0,3.7,103.4
SOUTH,2025-03-28 02:00:00,12.68,2.83,59.1
SOUTH,2025-03-28 02:30:00,12.47,0.49,44.6
SOUTH,2025-03-28 03:00:00,11.62,7.19,52.1
SOUTH,2025-03-28 03:30:00,13.02,2.49,0.0
SOUTH,2025-03-28 04:00:00,11.55,5.08,73.3
SOUTH,2025-03-28 04:30:00,11.49,4.38,55.3
SOUTH,2025-03-28 05:00:00,9.98,3.08,52.8
SOUTH,2025-03-28 05:30:00,8.07,1.57,57.1
SOUTH,2025-03-28 06:00:00,7.24,0.0,54.0
SOUTH,2025-03-28 06:30:00,9.77,3.37,17.2
SOUTH,2025-03-28 07:00:00,11.59,1.13,45.3
SOUTH,2025-03-28 07:30:00,8.21,6.6,67.6
SOUTH,2025-03-28 08:00:00,9.09,2.91,63.2
SOUTH,2025-03-28 08:30:00,8.16,4.76,50.1
SOUTH,2025-03-28 09:00:00,10.35,4.97,49.3
SOUTH,2025-03-28 09:30:00,7.26,3.51,33.9
SOUTH,2025-03-28 10:00:00,10.02,3.49,49.4
SOUTH,2025-03-28 10:30:00,8.37,6.37,51.8
SOUTH,2025-03-28 11:00:00,13.07,4.07,66.3
SOUTH,2025-03-28 11:30:00,10.29,4.68,79.7
SOUTH,2025-03-28 12:00:00,11.98,0.47,75.4
SOUTH,2025-03-28 12:30:00,11.25,4.07,90.8
SOUTH,2025-03-28 13:00:00,13.24,5.81,50.2
SOUTH,2025-03-28 13:30:00,9.71,5.51,84.5
SOUTH,2025-03-28 14:00:00,9.22,6.17,55.4
SOUTH,2025-03-28 14:30:00,9.49,4.94,76.4
SOUTH,2025-03-28 15:00:00,11.75,1.89,90.8
SOUTH,2025-03-28 15:30:00,11.37,6.32,32.8
SOUTH,2025-03-28 16:00:00,13.16,4.78,75.7
SOUTH,2025-03-28 16:30:00,14.45,2.37,69.4
SOUTH,2025-03-28 17:00:00,11.43,1.24,49.6
SOUTH,2025-03-28 17:30:00,13.56,7.35,93.5
SOUTH,2025-03-28 18:00:00,12.96,4.61,77.0
SOUTH,2025-03-28 18:30:00,14.31,3.66,61.4
SOUTH,2025-03-28 19:00:00,13.46,3.58,53.9
SOUTH,2025-03-28 19:30:00,13.44,3.19,39.6
SOUTH,2025-03-28 20:00:00,14.69,5.03,93.8
SOUTH,2025-03-28 20:30:00,14.1,3.17,48.7
SOUTH,2025-03-28 21:00:00,13.65,5.11,55.6
SOUTH,2025-03-28 21:30:00,11.82,2.52,60.3
SOUTH,2025-03-28 22:00:00,14.28,1.03,64.8
SOUTH,2025-03-28 22:30:00,13.65,3.1,49.4
SOUTH,2025-03-28 23:00:00,12.19,4.28,80.3
SOUTH,2025-03-28 23:30:00,14.51,1.75,56.6
SOUTH,2025-03-29 00:00:00,10.05,4.22,70.8
SOUTH,2025-03-29 00:30:00,14.57,0.43,40.4
SOUTH,2025-03-29 01:00:00,12.37,0.76,63.1
SOUTH,2025-03-29 01:30:00,12.95,1.44,62.4
SOUTH,2025-03-29 02:00:00,10.23,6.75,63.7
SOUTH,2025-03-29 02:30:00,10.92,1.52,67.0
SOUTH,2025-03-29 03:00:00,12.8,2.46,52.1
SOUTH,2025-03-29 03:30:00,10.26,7.11,25.6
SOUTH,2025-03-29 04:00:00,12.23,3.25,58.7
SOUTH,2025-03-29 04:30:00,10.28,4.48,46.9
SOUTH,2025-03-29 05:00:00,11.54,6.2,42.3
SOUTH,2025-03-29 05:30:00,11.07,3.29,60.9
SOUTH,2025-03-29 06:00:00,11.78,2.65,76.7
SOUTH,2025-03-29 06:30:00,10.5,3.61,66.6
SOUTH,2025-03-29 07:00:00,10.05,1.68,49.1
SOUTH,2025-03-29 07:30:00,8.5,3.45,84.2
SOUTH,2025-03-29 08:00:00,10.38,1.13,55.1
SOUTH,2025-03-29 08:30:00,9.96,5.49,48.3
SOUTH,2025-03-29 09:00:00,8.27,3.89,70.2
SOUTH,2025-03-29 09:30:00,10.03,2.23,91.6
SOUTH,2025-03-29 10:00:00,9.83,4.39,48.1
SOUTH,2025-03-29 10:30:00,11.28,5.14,65.7
SOUTH,2025-03-29 11:00:00,8.89,6.19,73.6
SOUTH,2025-03-29 11:30:00,11.49,4.07,58.7
SOUTH,2025-03-29 12:00:00,10.47,8.56,50.2
SOUTH,2025-03-29 12:30:00,9.26,3.25,50.4
SOUTH,2025-03-29 13:00:00,12.68,1.29,49.9
SOUTH,2025-03-29 13:30:00,11.39,6.54,72.8
SOUTH,2025-03-29 14:00:00,13.63,4.69,56.3
SOUTH,2025-03-29 14:30:00,12.71,1.27,29.2
SOUTH,2025-03-29 15:00:00,13.37,4.42,77.4
SOUTH,2025-03-29 15:30:00,11.18,6.57,72.1
SOUTH,2025-03-29 16:00:00,12.65,4.41,66.2
SOUTH,2025-03-29 16:30:00,11.66,3.23,66.0
SOUTH,2025-03-29 17:00:00,12.59,1.06,65.3
SOUTH,2025-03-29 17:30:00,14.1,6.14,69.6
SOUTH,2025-03-29 18:00:00,14.4,5.98,61.4
SOUTH,2025-03-29 18:30:00,10.87,6.32,43.9
SOUTH,2025-03-29 19:00:00,12.26,1.79,104.7
SOUTH,2025-03-29 19:30:00,14.14,1.92,47.7
SOUTH,2025-03-29 20:00:00,13.68,5.08,65.0
SOUTH,2025-03-29 20:30:00,12.57,4.63,49.0
SOUTH,2025-03-29 21:00:00,14.87,4.11,46.3
SOUTH,2025-03-29 21:30:00,14.44,4.77,51.5
SOUTH,2025-03-29 22:00:00,14.29,5.26,81.6
SOUTH,2025-03-29 22:30:00,14.27,3.57,29.6
SOUTH,2025-03-29 23:00:00,13.32,4.68,60.9
SOUTH,2025-03-29 23:30:00,9.49,5.36,43.6
SOUTH,2025-03-30 00:00:00,13.53,7.4,55.4
SOUTH,2025-03-30 00:30:00,13.24,4.07,69.5
SOUTH,2025-03-30 01:00:00,12.35,2.97,43.7
SOUTH,2025-03-30 01:30:00,14.14,4.88,74.9
SOUTH,2025-03-30 02:00:00,12.19,5.95,43.9
SOUTH,2025-03-30 02:30:00,11.81,5.01,83.3
SOUTH,2025-03-30 03:00:00,14.4,4.82,48.1
SOUTH,2025-03-30 03:30:00,9.76,2.19,46.1
SOUTH,2025-03-30 04:00:00,7.23,2.65,72.9
SOUTH,2025-03-30 04:30:00,10.8,3.48,30.8
SOUTH,2025-03-30 05:00:00,11.56,5.02,59.8
SOUTH,2025-03-30 05:30:00,7.65,3.02,67.8
SOUTH,2025-03-30 06:00:00,9.94,4.38,72.3
SOUTH,2025-03-30 06:30:00,9.125,5.3,44.8
SOUTH,2025-03-30 07:00:00,8.31,4.95,72.3
SOUTH,2025-03-30 07:30:00,10.4,4.26,54.2
SOUTH,2025-03-30 08:00:00,9.96,4.76,67.9
SOUTH,2025-03-30 08:30:00,12.84,2.16,118.1
SOUTH,2025-03-30 09:00:00,8.27,4.77,38.5
SOUTH,2025-03-30 09:30:00,10.15,5.96,60.6
SOUTH,2025-03-30 10:00:00,11.15,3.15,23.1
SOUTH,2025-03-30 10:30:00,10.73,4.06,51.4
SOUTH,2025-03-30 11:00:00,9.8,4.81,45.3
SOUTH,2025-03-30 11:30:00,10.75,6.38,97.1
SOUTH,2025-03-30 12:00:00,12.4,4.32,64.6
SOUTH,2025-03-30 12:30:00,10.23,3.07,75.7
SOUTH,2025-03-30 13:00:00,10.82,4.73,42.7
SOUTH,2025-03-30 13:30:00,12.84,3.36,79.6
SOUTH,2025-03-30 14:00:00,10.87,2.49,83.9
SOUTH,2025-03-30 14:30:00,10.96,0.86,41.3
SOUTH,2025-03-30 15:00:00,13.26,5.52,46.3
SOUTH,2025-03-30 15:30:00,11.47,5.35,83.7
SOUTH,2025-03-30 16:00:00,12.63,5.11,75.7
SOUTH,2025-03-30 16:30:00,15.29,1.69,48.0
SOUTH,2025-03-30 17:00:00,12.52,5.66,55.5
SOUTH,2025-03-30 17:30:00,13.5,4.24,60.0
SOUTH,2025-03-30 18:00:00,13.57,6.06,42.5
SOUTH,2025-03-30 18:30:00,13.26,1.57,64.1
SOUTH,2025-03-30 19:00:00,13.41,6.14,59.9
SOUTH,2025-03-30 19:30:00,13.11,3.51,91.0
SOUTH,2025-03-30 20:00:00,11.83,2.74,60.6
SOUTH,2025-03-30 20:30:00,12.95,4.98,59.0
SOUTH,2025-03-30 21:00:00,13.95,4.24,58.1
SOUTH,2025-03-30 21:30:00,12.09,4.35,28.3
SOUTH,2025-03-30 22:00:00,12.64,4.98,81.4
SOUTH,2025-03-30 22:30:00,16.26,3.14,44.4
SOUTH,2025-03-30 23:00:00,13.75,7.74,87.6
SOUTH,2025-03-30 23:30:00,11.88,3.72,75.3
SOUTH,2025-03-31 00:00:00,13.84,5.18,51.9
SOUTH,2025-03-31 00:30:00,13.43,5.86,43.2
SOUTH,2025-03-31 01:00:00,13.85,5.98,46.6
SOUTH,2025-03-31 01:30:00,13.36,5.63,75.3
SOUTH,2025-03-31 02:00:00,13.63,3.98,66.0
SOUTH,2025-03-31 02:30:00,8.57,6.23,78.4
SOUTH,2025-03-31 03:00:00,12.84,2.13,77.3
SOUTH,2025-03-31 03:30:00,12.44,2.7,79.0
SOUTH,2025-03-31 04:00:00,11.29,0.6,70.5
SOUTH,2025-03-31 04:30:00,9.81,0.65,66.6
SOUTH,2025-03-31 05:00:00,10.24,6.81,63.3
SOUTH,2025-03-31 05:30:00,11.26,5.02,78.4
SOUTH,2025-03-31 06:00:00,8.94,4.4,57.5
SOUTH,2025-03-31 06:30:00,10.79,4.51,48.9
SOUTH,2025-03-31 07:00:00,9.4,7.3,29.5
SOUTH,2025-03-31 07:30:00,10.65,6.48,70.4
SOUTH,2025-03-31 08:00:00,12.1,5.88,66.9
SOUTH,2025-03-31 08:30:00,9.18,4.81,72.3
SOUTH,2025-03-31 09:00:00,9.81,2.51,38.3
SOUTH,2025-03-31 09:30:00,10.03,1.04,51.5
SOUTH,2025-03-31 10:00:00,7.09,5.67,80.8
SOUTH,2025-03-31 10:30:00,10.1,7.66,84.3
SOUTH,2025-03-31 11:00:00,10.9,3.77,53.7
SOUTH,2025-03-31 11:30:00,11.0,3.72,69.9
SOUTH,2025-03-31 12:00:00,11.48,3.54,79.7
SOUTH,2025-03-31 12:30:00,10.46,4.04,42.4
SOUTH,2025-03-31 13:00:00,10.89,8.32,43.8
SOUTH,2025-03-31 13:30:00,11.74,3.09,20.1
SOUTH,2025-03-31 14:00:00,12.33,2.89,65.7
SOUTH,2025-03-31 14:30:00,12.92,4.47,65.9
SOUTH,2025-03-31 15:00:00,11.21,5.41,56.6
SOUTH,2025-03-31 15:30:00,9.85,5.65,80.4
SOUTH,2025-03-31 16:00:00,14.51,8.34,73.9
SOUTH,2025-03-31 16:30:00,13.35,6.18,44.0
SOUTH,2025-03-31 17:00:00,11.14,3.05,83.0
SOUTH,2025-03-31 17:30:00,12.36,4.93,70.3
SOUTH,2025-03-31 18:00:00,13.76,1.44,66.2
SOUTH,2025-03-31 18:30:00,12.96,7.41,80.5
SOUTH,2025-03-31 19:00:00,13.2,7.53,66.2
SOUTH,2025-03-31 19:30:00,11.66,3.84,89.4
SOUTH,2025-03-31 20:00:00,12.75,3.86,35.5
SOUTH,2025-03-31 20:30:00,12.29,2.33,37.9
SOUTH,2025-03-31 21:00:00,12.93,7.48,59.4
SOUTH,2025-03-31 21:30:00,14.61,6.18,40.0
SOUTH,2025-03-31 22:00:00,12.47,5.53,48.6
SOUTH,2025-03-31 22:30:00,14.31,7.35,33.8
SOUTH,2025-03-31 23:00:00,12.72,3.6,50.5
SOUTH,2025-03-31 23:30:00,12.42,3.02,59.7
WALES,2025-01-01 00:00:00,8.14,3.28,78.2
WALES,2025-01-01 00:30:00,5.56,1.14,95.7
WALES,2025-01-01 01:00:00,5.01,4.92,5.5
WALES,2025-01-01 01:30:00,5.65,5.21,62.6
WALES,2025-01-01 02:00:00,5.1,3.58,75.7
WALES,2025-01-01 02:30:00,3.66,3.53,85.8
WALES,2025-01-01 03:00:00,2.92,3.79,40.1
WALES,2025-01-01 03:30:00,5.06,4.07,43.0
WALES,2025-01-01 04:00:00,4.24,4.13,49.0
WALES,2025-01-01 04:30:00,3.72,2.7,19.0
WALES,2025-01-01 05:00:00,4.91,6.39,28.5
WALES,2025-01-01 05:30:00,5.25,4.8,40.2
WALES,2025-01-01 06:00:00,3.23,2.59,76.6
WALES,2025-01-01 06:30:00,2.38,8.25,80.9
WALES,2025-01-01 07:00:00,1.81,7.28,73.1
WALES,2025-01-01 07:30:00,3.1,5.35,76.6
WALES,2025-01-01 08:00:00,2.3,5.67,52.2
WALES,2025-01-01 08:30:00,4.19,3.73,41.9
WALES,2025-01-01 09:00:00,4.04,3.24,62.8
WALES,2025-01-01 09:30:00,3.77,6.94,52.2
WALES,2025-01-01 10:00:00,2.47,7.29,60.1
WALES,2025-01-01 10:30:00,2.83,4.72,53.8
WALES,2025-01-01 11:00:00,3.48,9.15,42.2
WALES,2025-01-01 11:30:00,2.08,6.45,53.2
WALES,2025-01-01 12:00:00,4.6,5.28,28.5
WALES,2025-01-01 12:30:00,5.58,2.88,94.2
WALES,2025-01-01 13:00:00,3.74,7.13,91.4
WALES,2025-01-01 13:30:00,4.11,3.62,54.3
WALES,2025-01-01 14:00:00,7.04,4.36,69.6
WALES,2025-01-01 14:30:00,5.04,4.94,69.7
WALES,2025-01-01 15:00:00,5.02,7.54,56.3
WALES,2025-01-01 15:30:00,6.97,1.48,72.3
WALES,2025-01-01 16:00:00,7.49,4.53,79.4
WALES,2025-01-01 16:30:00,5.37,4.95,32.6
WALES,2025-01-01 17:00:00,6.81,2.41,58.8
WALES,2025-01-01 17:30:00,8.28,7.48,36.9
WALES,2025-01-01 18:00:00,8.44,6.8,65.8
WALES,2025-01-01 18:30:00,8.58,3.17,50.7
WALES,2025-01-01 19:00:00,6.54,5.43,58.2
WALES,2025-01-01 19:30:00,6.29,2.66,60.0
WALES,2025-01-01 20:00:00,6.2,5.34,81.5
WALES,2025-01-01 20:30:00,8.38,9.82,67.4
WALES,2025-01-01 21:00:00,9.18,4.37,55.0
WALES,2025-01-01 21:30:00,7.29,4.33,57.8
WALES,2025-01-01 22:00:00,5.65,2.04,80.4
WALES,2025-01-01 22:30:00,7.95,7.56,52.9
WALES,2025-01-01 23:00:00,6.05,1.7,79.0
WALES,2025-01-01 23:30:00,5.56,3.94,65.6
WALES,2025-01-02 00:00:00,4.4,5.55,78.2
WALES,2025-01-02 00:30:00,6.61,3.83,59.4
WALES,2025-01-02 01:00:00,7.48,4.11,59.6
WALES,2025-01-02 01:30:00,4.97,0.0,79.7
WALES,2025-01-02 02:00:00,5.28,2.25,98.0
WALES,2025-01-02 02:30:00,5.81,3.59,78.3
WALES,2025-01-02 03:00:00,5.2,4.7,49.0
WALES,2025-01-02 03:30:00,5.6,5.88,49.1
WALES,2025-01-02 04:00:00,2.01,5.9,71.3
WALES,2025-01-02 04:30:00,5.29,4.09,77.3
WALES,2025-01-02 05:00:00,3.08,3.63,41.2
WALES,2025-01-02 05:30:00,5.26,3.91,64.2
WALES,2025-01-02 06:00:00,4.07,3.52,74.8
WALES,2025-01-02 06:30:00,5.54,5.96,29.0
WALES,2025-01-02 07:00:00,3.48,4.31,82.4
WALES,2025-01-02 07:30:00,2.69,1.92,75.0
WALES,2025-01-02 08:00:00,3.26,2.75,55.3
WALES,2025-01-02 08:30:00,1.59,4.34,54.5
WALES,2025-01-02 09:00:00,3.99,3.59,60.6
WALES,2025-01-02 09:30:00,2.8,3.49,39.7
WALES,2025-01-02 10:00:00,4.79,3.92,24.2
WALES,2025-01-02 10:30:00,1.65,6.08,59.2
WALES,2025-01-02 11:00:00,3.84,3.99,68.8
WALES,2025-01-02 11:30:00,5.7,4.89,65.5
WALES,2025-01-02 12:00:00,3.59,0.91,68.5
WALES,2025-01-02 12:30:00,4.95,6.2,90.8
WALES,2025-01-02 13:00:00,3.37,2.77,72.0
WALES,2025-01-02 13:30:00,4.76,6.89,56.5
WALES,2025-01-02 14:00:00,7.68,4.11,89.3
WALES,2025-01-02 14:30:00,2.39,4.97,60.4
WALES,2025-01-02 15:00:00,3.29,3.97,37.7
WALES,2025-01-02 15:30:00,5.17,4.61,57.8
WALES,2025-01-02 16:00:00,6.71,4.31,102.4
WALES,2025-01-02 16:30:00,6.59,4.23,67.6
WALES,2025-01-02 17:00:00,6.66,0.83,72.5
WALES,2025-01-02 17:30:00,8.24,7.11,72.4
WALES,2025-01-02 18:00:00,6.69,4.53,92.2
WALES,2025-01-02 18:30:00,6.74,1.61,99.8
WALES,2025-01-02 19:00:00,5.99,0.86,65.7
WALES,2025-01-02 19:30:00,7.7,4.92,75.8
WALES,2025-01-02 20:00:00,7.09,3.71,49.7
WALES,2025-01-02 20:30:00,7.44,5.08,76.3
WALES,2025-01-02 21:00:00,6.13,1.51,75.9
WALES,2025-01-02 21:30:00,6.58,2.03,26.7
WALES,2025-01-02 22:00:00,8.7,4.55,69.8
WALES,2025-01-02 22:30:00,7.54,4.43,59.6
WALES,2025-01-02 23:00:00,6.61,2.05,28.2
WALES,2025-01-02 23:30:00,9.39,4.08,52.1
WALES,2025-01-03 00:00:00,5.38,6.1,62.6
WALES,2025-01-03 00:30:00,5.31,3.39,65.6
WALES,2025-01-03 01:00:00,5.4,5.63,98.2
WALES,2025-01-03 01:30:00,5.36,3.43,45.1
WALES,2025-01-03 02:00:00,5.16,0.08,79.8
WALES,2025-01-03 02:30:00,3.75,2.39,61.5
WALES,2025-01-03 03:00:00,6.48,2.29,56.6
WALES,2025-01-03 03:30:00,5.18,2.66,57.8
WALES,2025-01-03 04:00:00,2.44,2.94,82.1
WALES,2025-01-03 04:30:00,5.32,3.11,41.8
WALES,2025-01-03 05:00:00,3.68,1.07,56.5
WALES,2025-01-03 05:30:00,3.44,3.11,57.5
WALES,2025-01-03 06:00:00,4.26,1.92,77.2
WALES,2025-01-03 06:30:00,4.96,8.4,65.3
WALES,2025-01-03 07:00:00,5.18,5.95,63.4
WALES,2025-01-03 07:30:00,1.95,5.79,64.3
WALES,2025-01-03 08:00:00,5.49,5.48,79.0
WALES,2025-01-03 08:30:00,2.65,4.49,25.4
WALES,2025-01-03 09:00:00,4.08,6.44,85.1
WALES,2025-01-03 09:30:00,2.99,0.37,50.3
WALES,2025-01-03 10:00:00,3.52,4.82,23.5
WALES,2025-01-03 10:30:00,3.49,1.93,86.0
WALES,2025-01-03 11:00:00,1.13,6.03,57.1
WALES,2025-01-03 11:30:00,1.48,7.35,84.3
WALES,2025-01-03 12:00:00,5.85,4.19,47.9
WALES,2025-01-03 12:30:00,4.42,5.09,50.2
WALES,2025-01-03 13:00:00,3.8,4.99,63.5
WALES,2025-01-03 13:30:00,5.94,7.05,75.4
WALES,2025-01-03 14:00:00,3.96,3.97,67.0
WALES,2025-01-03 14:30:00,6.32,5.72,59.0
WALES,2025-01-03 15:00:00,5.28,6.02,66.8
WALES,2025-01-03 15:30:00,6.2,2.59,97.8
WALES,2025-01-03 16:00:00,6.64,3.83,64.5
WALES,2025-01-03 16:30:00,6.19,1.42,65.4
WALES,2025-01-03 17:00:00,5.02,4.21,31.3
WALES,2025-01-03 17:30:00,4.18,5.23,40.1
WALES,2025-01-03 18:00:00,7.6,4.34,62.6
WALES,2025-01-03 18:30:00,6.33,3.74,48.2
WALES,2025-01-03 19:00:00,8.41,3.03,55.5
WALES,2025-01-03 19:30:00,8.17,2.76,27.8
WALES,2025-01-03 20:00:00,6.07,6.11,61.5
WALES,2025-01-03 20:30:00,7.7,4.59,92.2
WALES,2025-01-03 21:00:00,7.475,3.74,60.5
WALES,2025-01-03 21:30:00,7.25,5.6,74.8
WALES,2025-01-03 22:00:00,6.82,0.62,105.2
WALES,2025-01-03 22:30:00,7.07,4.17,82.7
WALES,2025-01-03 23:00:00,6.29,6.58,54.5
WALES,2025-01-03 23:30:00,8.96,4.91,47.8
WALES,2025-01-04 00:00:00,9.03,5.2,49.0
WALES,2025-01-04 00:30:00,4.72,5.4,84.9
WALES,2025-01-04 01:00:00,6.39,4.66,88.1
WALES,2025-01-04 01:30:00,6.65,2.68,48.9
WALES,2025-01-04 02:00:00,6.08,5.0,79.6
WALES,2025-01-04 02:30:00,5.85,5.36,66.3
WALES,2025-01-04 03:00:00,6.05,5.49,55.3
WALES,2025-01-04 03:30:00,4.67,4.65,62.0
WALES,2025-01-04 04:00:00,5.99,4.42,34.4
WALES,2025-01-04 04:30:00,2.99,3.52,73.0
WALES,2025-01-04 05:00:00,3.13,5.3,46.2
WALES,2025-01-04 05:30:00,4.19,4.83,39.4
WALES,2025-01-04 06:00:00,4.15,7.23,56.4
WALES,2025-01-04 06:30:00,3.77,4.51,61.6
WALES,2025-01-04 07:00:00,3.51,3.89,31.8
WALES,2025-01-04 07:30:00,4.02,1.85,66.8
WALES,2025-01-04 08:00:00,4.25,4.81,44.1
WALES,2025-01-04 08:30:00,3.79,3.57,49.4
WALES,2025-01-04 09:00:00,5.96,2.2,68.9
WALES,2025-01-04 09:30:00,5.31,4.77,48.9
WALES,2025-01-04 10:00:00,3.02,1.21,61.7
WALES,2025-01-04 10:30:00,3.84,3.5,85.6
WALES,2025-01-04 11:00:00,3.95,0.9,87.3
WALES,2025-01-04 11:30:00,2.62,5.1,72.2
WALES,2025-01-04 12:00:00,4.37,5.95,62.1
WALES,2025-01-04 12:30:00,4.03,0.0,29.6
WALES,2025-01-04 13:00:00,8.25,5.56,83.4
WALES,2025-01-04 13:30:00,7.97,3.37,58.3
WALES,2025-01-04 14:00:00,3.49,3.52,55.2
WALES,2025-01-04 14:30:00,5.0,6.2,73.8
WALES,2025-01-04 15:00:00,7.09,1.66,61.4
WALES,2025-01-04 15:30:00,6.4,7.83,63.0
WALES,2025-01-04 16:00:00,6.27,6.27,56.2
WALES,2025-01-04 16:30:00,7.03,4.98,51.5
WALES,2025-01-04 17:00:00,6.06,3.94,52.2
WALES,2025-01-04 17:30:00,5.03,5.44,70.3
WALES,2025-01-04 18:00:00,6.25,2.32,68.8
WALES,2025-01-04 18:30:00,9.25,6.04,81.6
WALES,2025-01-04 19:00:00,6.98,4.83,57.6
WALES,2025-01-04 19:30:00,6.47,4.39,44.4
WALES,2025-01-04 20:00:00,6.52,3.11,53.9
WALES,2025-01-04 20:30:00,7.38,0.0,43.2
WALES,2025-01-04 21:00:00,9.23,3.98,70.1
WALES,2025-01-04 21:30:00,7.84,3.78,44.1
WALES,2025-01-04 22:00:00,6.48,7.92,50.4
WALES,2025-01-04 22:30:00,9.21,3.17,54.3
WALES,2025-01-04 23:00:00,6.92,3.65,43.1
WALES,2025-01-04 23:30:00,6.81,1.06,66.6
WALES,2025-01-05 00:00:00,6.75,5.46,51.1
WALES,2025-01-05 00:30:00,7.36,4.86,62.3
WALES,2025-01-05 01:00:00,8.37,4.94,51.7
WALES,2025-01-05 01:30:00,7.84,5.02,92.0
WALES,2025-01-05 02:00:00,3.25,3.4,54.6
WALES,2025-01-05 02:30:00,3.21,4.33,53.3
WALES,2025-01-05 03:00:00,2.56,2.47,85.0
WALES,2025-01-05 03:30:00,6.05,2.58,46.7
WALES,2025-01-05 04:00:00,5.51,0.07,70.7
WALES,2025-01-05 04:30:00,2.28,7.28,71.9
WALES,2025-01-05 05:00:00,1.85,3.24,65.7
WALES,2025-01-05 05:30:00,1.68,3.91,68.7
WALES,2025-01-05 06:00:00,1.26,5.49,57.8
WALES,2025-01-05 06:30:00,4.85,3.53,41.0
WALES,2025-01-05 07:00:00,2.16,3.38,56.6
WALES,2025-01-05 07:30:00,4.82,3.44,31.9
WALES,2025-01-05 08:00:00,2.93,0.95,66.3
WALES,2025-01-05 08:30:00,4.17,5.5,54.6
WALES,2025-01-05 09:00:00,2.71,2.98,58.4
WALES,2025-01-05 09:30:00,2.94,7.22,53.4
WALES,2025-01-05 10:00:00,3.62,2.5,46.9
WALES,2025-01-05 10:30:00,2.22,1.94,93.7
WALES,2025-01-05 11:00:00,4.72,3.32,48.2
WALES,2025-01-05 11:30:00,5.55,2.33,29.3
WALES,2025-01-05 12:00:00,5.05,2.15,36.9
WALES,2025-01-05 12:30:00,3.17,4.83,58.1
WALES,2025-01-05 13:00:00,3.78,4.94,45.1
WALES,2025-01-05 13:30:00,3.0,1.38,60.4
WALES,2025-01-05 14:00:00,4.54,4.21,80.0
WALES,2025-01-05 14:30:00,4.72,9.33,65.0
WALES,2025-01-05 15:00:00,5.78,1.33,53.7
WALES,2025-01-05 15:30:00,5.7,5.52,49.3
WALES,2025-01-05 16:00:00,7.0,4.08,77.5
WALES,2025-01-05 16:30:00,7.74,4.67,73.8
WALES,2025-01-05 17:00:00,8.24,5.07,65.0
WALES,2025-01-05 17:30:00,7.38,7.22,62.0
WALES,2025-01-05 18:00:00,8.09,2.65,87.0
WALES,2025-01-05 18:30:00,7.75,3.31,58.7
WALES,2025-01-05 19:00:00,7.15,4.01,63.8
WALES,2025-01-05 19:30:00,7.17,0.82,91.9
WALES,2025-01-05 20:00:00,7.8,4.54,59.1
WALES,2025-01-05 20:30:00,8.57,4.1,54.4
WALES,2025-01-05 21:00:00,7.11,6.5,63.6
WALES,2025-01-05 21:30:00,7.37,3.13,54.2
WALES,2025-01-05 22:00:00,8.51,2.17,72.1
WALES,2025-01-05 22:30:00,8.06,4.43,56.6
WALES,2025-01-05 23:00:00,5.11,5.33,31.3
WALES,2025-01-05 23:30:00,7.09,4.1,73.8
WALES,2025-01-06 00:00:00,5.47,2.11,69.6
WALES,2025-01-06 00:30:00,6.34,0.0,59.9
WALES,2025-01-06 01:00:00,8.23,5.1,38.7
WALES,2025-01-06 01:30:00,6.63,5.97,28.9
WALES,2025-01-06 02:00:00,5.2,6.6,32.6
WALES,2025-01-06 02:30:00,5.21,3.57,52.5
WALES,2025-01-06 03:00:00,6.68,6.44,54.6
WALES,2025-01-06 03:30:00,3.81,6.55,73.9
WALES,2025-01-06 04:00:00,4.53,5.31,71.7
WALES,2025-01-06 04:30:00,3.5,2.81,60.1
WALES,2025-01-06 05:00:00,1.81,3.31,45.7
WALES,2025-01-06 05:30:00,4.34,1.75,67.7
WALES,2025-01-06 06:00:00,4.08,3.8,68.4
WALES,2025-01-06 06:30:00,4.52,3.52,60.6
WALES,2025-01-06 07:00:00,2.8,2.62,88.4
WALES,2025-01-06 07:30:00,3.37,3.98,58.6
WALES,2025-01-06 08:00:00,3.99,2.91,51.9
WALES,2025-01-06 08:30:00,4.67,1.03,63.4
WALES,2025-01-06 09:00:00,2.63,0.0,58.5
WALES,2025-01-06 09:30:00,2.23,1.33,106.7
WALES,2025-01-06 10:00:00,4.46,5.13,59.0
WALES,2025-01-06 10:30:00,2.38,3.67,53.6
WALES,2025-01-06 11:00:00,1.82,7.58,58.4
WALES,2025-01-06 11:30:00,3.13,4.25,35.2
WALES,2025-01-06 12:00:00,3.42,7.07,50.6
WALES,2025-01-06 12:30:00,4.52,4.21,56.9
WALES,2025-01-06 13:00:00,4.38,8.54,46.7
WALES,2025-01-06 13:30:00,3.95,4.98,36.9
WALES,2025-01-06 14:00:00,6.77,3.6,62.3
WALES,2025-01-06 14:30:00,5.9,3.32,76.5
WALES,2025-01-06 15:00:00,6.84,5.03,32.7
WALES,2025-01-06 15:30:00,5.64,3.78,91.3
WALES,2025-01-06 16:00:00,4.85,2.72,79.5
WALES,2025-01-06 16:30:00,5.42,2.68,90.1
WALES,2025-01-06 17:00:00,7.4,5.72,73.0
WALES,2025-01-06 17:30:00,7.1,4.18,76.0
WALES,2025-01-06 18:00:00,6.26,7.47,50.4
WALES,2025-01-06 18:30:00,8.51,5.01,50.1
WALES,2025-01-06 19:00:00,8.06,4.25,28.2
WALES,2025-01-06 19:30:00,7.37,1.5,69.1
WALES,2025-01-06 20:00:00,7.38,5.75,47.5
WALES,2025-01-06 20:30:00,5.99,1.85,96.4
WALES,2025-01-06 21:00:00,11.11,8.0,32.3
WALES,2025-01-06 21:30:00,5.82,1.87,73.9
WALES,2025-01-06 22:00:00,9.81,5.81,63.4
WALES,2025-01-06 22:30:00,6.17,3.43,61.6
WALES,2025-01-06 23:00:00,8.02,3.0,67.2
WALES,2025-01-06 23:30:00,7.29,4.2,52.9
WALES,2025-01-07 00:00:00,6.76,3.81,45.9
WALES,2025-01-07 00:30:00,7.67,7.15,63.1
WALES,2025-01-07 01:00:00,6.07,5.52,63.3
WALES,2025-01-07 01:30:00,7.5,4.21,70.6
WALES,2025-01-07 02:00:00,7.69,6.54,57.2
WALES,2025-01-07 02:30:00,6.91,1.86,56.4
WALES,2025-01-07 03:00:00,6.09,7.06,46.5
WALES,2025-01-07 03:30:00,5.06,4.01,58.3
WALES,2025-01-07 04:00:00,3.15,5.0,37.0
WALES,2025-01-07 04:30:00,5.98,6.7,48.5
WALES,2025-01-07 05:00:00,2.68,3.94,50.6
WALES,2025-01-07 05:30:00,3.95,4.18,43.3
WALES,2025-01-07 06:00:00,5.87,2.72,76.8
WALES,2025-01-07 06:30:00,2.81,4.12,68.1
WALES,2025-01-07 07:00:00,3.84,3.49,51.1
WALES,2025-01-07 07:30:00,3.19,2.65,66.0
WALES,2025-01-07 08:00:00,5.81,4.72,70.7
WALES,2025-01-07 08:30:00,4.91,3.1,27.5
WALES,2025-01-07 09:00:00,3.68,5.71,96.2
WALES,2025-01-07 09:30:00,2.5,6.2,64.7
WALES,2025-01-07 10:00:00,3.41,1.91,49.5
WALES,2025-01-07 10:30:00,4.57,6.45,11.0
WALES,2025-01-07 11:00:00,4.81,2.85,51.4
WALES,2025-01-07 11:30:00,4.7,7.84,47.1
WALES,2025-01-07 12:00:00,4.5,0.85,67.9
WALES,2025-01-07 12:30:00,3.78,7.15,66.5
WALES,2025-01-07 13:00:00,4.75,3.45,66.6
WALES,2025-01-07 13:30:00,5.92,1.66,57.3
WALES,2025-01-07 14:00:00,5.61,4.42,83.5
WALES,2025-01-07 14:30:00,3.9,5.91,66.6
WALES,2025-01-07 15:00:00,5.53,5.61,53.1
WALES,2025-01-07 15:30:00,3.96,0.0,38.1
WALES,2025-01-07 16:00:00,5.96,4.34,70.8
WALES,2025-01-07 16:30:00,6.3,1.18,53.2
WALES,2025-01-07 17:00:00,6.76,7.48,70.0
WALES,2025-01-07 17:30:00,5.04,3.37,72.5
WALES,2025-01-07 18:00:00,7.37,0.75,74.7
WALES,2025-01-07 18:30:00,7.78,3.69,45.5
WALES,2025-01-07 19:00:00,8.76,0.37,32.0
WALES,2025-01-07 19:30:00,6.66,4.6,35.4
WALES,2025-01-07 20:00:00,6.96,3.32,66.2
WALES,2025-01-07 20:30:00,7.28,3.45,47.3
WALES,2025-01-07 21:00:00,8.85,5.32,71.2
WALES,2025-01-07 21:30:00,6.61,2.97,68.6
WALES,2025-01-07 22:00:00,6.64,2.15,65.2
WALES,2025-01-07 22:30:00,5.77,3.58,76.1
WALES,2025-01-07 23:00:00,7.2,1.91,68.5
WALES,2025-01-07 23:30:00,6.31,5.69,69.2
WALES,2025-01-08 00:00:00,6.26,2.5,44.7
WALES,2025-01-08 00:30:00,9.79,0.0,28.3
WALES,2025-01-08 01:00:00,7.52,5.77,66.5
WALES,2025-01-08 01:30:00,3.81,5.08,42.4
WALES,2025-01-08 02:00:00,5.56,4.81,69.1
WALES,2025-01-08 02:30:00,4.9,6.57,74.6
WALES,2025-01-08 03:00:00,4.01,3.04,46.3
WALES,2025-01-08 03:30:00,5.09,5.26,26.7
WALES,2025-01-08 04:00:00,2.3,2.34,84.3
WALES,2025-01-08 04:30:00,4.96,7.15,57.2
WALES,2025-01-08 05:00:00,3.25,0.65,45.1
WALES,2025-01-08 05:30:00,3.52,0.0,44.9
WALES,2025-01-08 06:00:00,2.93,4.04,59.2
WALES,2025-01-08 06:30:00,4.33,0.75,39.6
WALES,2025-01-08 07:00:00,4.86,3.48,75.2
WALES,2025-01-08 07:30:00,3.58,4.37,69.5
WALES,2025-01-08 08:00:00,3.01,2.67,47.8
WALES,2025-01-08 08:30:00,3.59,5.15,52.7
WALES,2025-01-08 09:00:00,5.13,7.5,44.2
WALES,2025-01-08 09:30:00,5.17,3.96,66.9
WALES,2025-01-08 10:00:00,3.79,6.44,66.3
WALES,2025-01-08 10:30:00,3.53,3.17,38.4
WALES,2025-01-08 11:00:00,3.58,6.44,79.5
WALES,2025-01-08 11:30:00,3.5,1.8,77.1
WALES,2025-01-08 12:00:00,5.19,0.05,111.8
WALES,2025-01-08 12:30:00,4.69,7.4,63.1
WALES,2025-01-08 13:00:00,3.91,4.39,33.6
WALES,2025-01-08 13:30:00,5.01,1.82,56.3
WALES,2025-01-08 14:00:00,5.98,4.59,33.7
WALES,2025-01-08 14:30:00,4.91,0.05,71.2
WALES,2025-01-08 15:00:00,6.44,1.65,85.3
WALES,2025-01-08 15:30:00,6.76,3.79,51.5
WALES,2025-01-08 16:00:00,5.91,2.42,81.1
WALES,2025-01-08 16:30:00,7.01,1.9,83.3
WALES,2025-01-08 17:00:00,6.99,2.16,95.6
WALES,2025-01-08 17:30:00,5.78,2.35,60.0
WALES,2025-01-08 18:00:00,7.8,2.49,20.2
WALES,2025-01-08 18:30:00,7.45,1.91,53.5
WALES,2025-01-08 19:00:00,6.64,1.83,55.2
WALES,2025-01-08 19:30:00,6.85,2.32,77.4
WALES,2025-01-08 20:00:00,6.49,3.5,59.3
WALES,2025-01-08 20:30:00,5.65,1.76,59.3
WALES,2025-01-08 21:00:00,7.52,2.42,59.5
WALES,2025-01-08 21:30:00,7.93,5.17,72.0
WALES,2025-01-08 22:00:00,8.86,4.22,35.0
WALES,2025-01-08 22:30:00,7.06,1.46,75.2
WALES,2025-01-08 23:00:00,8.74,3.99,80.9
WALES,2025-01-08 23:30:00,8.41,4.61,69.5
WALES,2025-01-09 00:00:00,7.89,1.21,64.5
WALES,2025-01-09 00:30:00,7.41,1.13,94.4
WALES,2025-01-09 01:00:00,7.58,6.2,67.4
WALES,2025-01-09 01:30:00,5.13,1.46,58.2
WALES,2025-01-09 02:00:00,6.58,5.08,90.8
WALES,2025-01-09 02:30:00,5.37,3.28,60.1
WALES,2025-01-09 03:00:00,3.84,7.0,55.5
WALES,2025-01-09 03:30:00,5.53,5.63,46.5
WALES,2025-01-09 04:00:00,5.08,3.98,77.6
WALES,2025-01-09 04:30:00,4.76,0.0,43.2
WALES,2025-01-09 05:00:00,2.53,7.85,85.5
WALES,2025-01-09 05:30:00,1.75,1.98,35.1
WALES,2025-01-09 06:00:00,4.27,2.09,55.2
WALES,2025-01-09 06:30:00,2.36,4.86,29.8
WALES,2025-01-09 07:00:00,6.82,7.01,104.7
WALES,2025-01-09 07:30:00,4.54,7.11,76.1
WALES,2025-01-09 08:00:00,2.54,3.26,67.6
WALES,2025-01-09 08:30:00,5.13,3.99,70.0
WALES,2025-01-09 09:00:00,3.42,3.18,33.5
WALES,2025-01-09 09:30:00,4.35,3.02,36.9
WALES,2025-01-09 10:00:00,3.3,4.57,72.0
WALES,2025-01-09 10:30:00,3.79,6.14,86.8
WALES,2025-01-09 11:00:00,3.99,5.95,48.0
WALES,2025-01-09 11:30:00,2.77,2.11,44.4
WALES,2025-01-09 12:00:00,4.22,7.96,50.6
WALES,2025-01-09 12:30:00,4.3,4.31,36.2
WALES,2025-01-09 13:00:00,5.4,5.31,86.7
WALES,2025-01-09 13:30:00,6.81,4.73,56.0
WALES,2025-01-09 14:00:00,5.55,4.82,59.2
WALES,2025-01-09 14:30:00,5.64,2.13,72.1
WALES,2025-01-09 15:00:00,6.62,2.49,86.8
WALES,2025-01-09 15:30:00,6.51,1.15,77.0
WALES,2025-01-09 16:00:00,5.94,3.18,56.6
WALES,2025-01-09 16:30:00,7.78,3.88,71.1
WALES,2025-01-09 17:00:00,5.27,1.79,60.6
WALES,2025-01-09 17:30:00,6.29,3.59,73.4
WALES,2025-01-09 18:00:00,6.52,2.53,62.0
WALES,2025-01-09 18:30:00,4.93,6.02,62.3
WALES,2025-01-09 19:00:00,7.79,2.92,72.4
WALES,2025-01-09 19:30:00,7.49,6.45,29.2
WALES,2025-01-09 20:00:00,7.82,4.08,65.6
WALES,2025-01-09 20:30:00,9.43,1.27,34.9
WALES,2025-01-09 21:00:00,7.26,0.21,101.5
WALES,2025-01-09 21:30:00,8.8,5.03,74.1
WALES,2025-01-09 22:00:00,9.0,2.77,53.5
WALES,2025-01-09 22:30:00,7.89,2.99,43.3
WALES,2025-01-09 23:00:00,6.53,4.76,76.4
WALES,2025-01-09 23:30:00,5.64,3.62,59.0
WALES,2025-01-10 00:00:00,5.15,4.9,58.1
WALES,2025-01-10 00:30:00,5.69,3.04,69.6
WALES,2025-01-10 01:00:00,7.51,4.68,94.3
WALES,2025-01-10 01:30:00,7.67,5.1,47.4
WALES,2025-01-10 02:00:00,7.17,2.46,73.4
WALES,2025-01-10 02:30:00,2.88,3.01,34.8
WALES,2025-01-10 03:00:00,4.95,0.92,60.5
WALES,2025-01-10 03:30:00,5.86,2.7,54.2
WALES,2025-01-10 04:00:00,5.08,3.91,84.3
WALES,2025-01-10 04:30:00,3.99,5.07,64.7
WALES,2025-01-10 05:00:00,2.49,4.17,58.4
WALES,2025-01-10 05:30:00,3.81,7.55,83.1
WALES,2025-01-10 06:00:00,3.17,5.27,73.4
WALES,2025-01-10 06:30:00,4.26,1.8,42.9
WALES,2025-01-10 07:00:00,4.52,5.01,54.9
WALES,2025-01-10 07:30:00,5.46,6.99,86.7
WALES,2025-01-10 08:00:00,5.6,3.97,36.0
WALES,2025-01-10 08:30:00,3.43,3.77,48.7
WALES,2025-01-10 09:00:00,3.43,1.69,72.9
WALES,2025-01-10 09:30:00,5.84,8.76,64.5
WALES,2025-01-10 10:00:00,3.88,3.93,84.5
WALES,2025-01-10 10:30:00,5.7,3.52,81.7
WALES,2025-01-10 11:00:00,4.59,2.53,57.2
WALES,2025-01-10 11:30:00,6.44,5.44,50.9
WALES,2025-01-10 12:00:00,5.94,5.43,54.4
WALES,2025-01-10 12:30:00,3.92,1.78,30.4
WALES,2025-01-10 13:00:00,4.51,3.64,82.7
WALES,2025-01-10 13:30:00,6.29,4.39,26.3
WALES,2025-01-10 14:00:00,6.17,0.71,75.7
WALES,2025-01-10 14:30:00,6.9,4.1,74.7
WALES,2025-01-10 15:00:00,7.55,4.22,57.4
WALES,2025-01-10 15:30:00,4.74,3.29,42.1
WALES,2025-01-10 16:00:00,5.61,2.53,24.7
WALES,2025-01-10 16:30:00,7.99,4.44,80.9
WALES,2025-01-10 17:00:00,8.19,5.0,74.3
WALES,2025-01-10 17:30:00,7.41,6.61,50.8
WALES,2025-01-10 18:00:00,7.52,3.44,96.3
WALES,2025-01-10 18:30:00,6.79,6.58,35.5
WALES,2025-01-10 19:00:00,7.87,3.64,41.6
WALES,2025-01-10 19:30:00,6.95,5.01,53.9
WALES,2025-01-10 20:00:00,6.66,5.8,59.6
WALES,2025-01-10 20:30:00,8.21,6.19,87.8
WALES,2025-01-10 21:00:00,5.0,3.79,29.8
WALES,2025-01-10 21:30:00,11.02,4.3,77.5
WALES,2025-01-10 22:00:00,6.79,3.29,79.8
WALES,2025-01-10 22:30:00,8.17,7.36,45.0
WALES,2025-01-10 23:00:00,6.97,5.03,72.0
WALES,2025-01-10 23:30:00,7.73,1.35,43.0
WALES,2025-01-11 00:00:00,7.29,0.91,44.1
WALES,2025-01-11 00:30:00,6.93,2.45,64.1
WALES,2025-01-11 01:00:00,6.29,2.42,46.2
WALES,2025-01-11 01:30:00,7.93,4.77,64.5
WALES,2025-01-11 02:00:00,5.95,2.19,49.8
WALES,2025-01-11 02:30:00,3.0,2.73,48.8
WALES,2025-01-11 03:00:00,6.02,2.79,74.1
WALES,2025-01-11 03:30:00,5.05,4.3,59.4
WALES,2025-01-11 04:00:00,5.72,6.41,42.2
WALES,2025-01-11 04:30:00,6.99,2.29,56.7
WALES,2025-01-11 05:00:00,3.83,7.02,40.9
WALES,2025-01-11 05:30:00,5.33,0.0,74.6
WALES,2025-01-11 06:00:00,3.92,3.25,47.5
WALES,2025-01-11 06:30:00,4.07,3.29,33.2
WALES,2025-01-11 07:00:00,3.01,5.6,52.8
WALES,2025-01-11 07:30:00,3.0,4.09,68.8
WALES,2025-01-11 08:00:00,4.66,4.68,81.8
WALES,2025-01-11 08:30:00,3.94,3.53,75.7
WALES,2025-01-11 09:00:00,3.1,3.19,31.3
WALES,2025-01-11 09:30:00,6.13,8.17,56.8
WALES,2025-01-11 10:00:00,5.07,5.4,63.4
WALES,2025-01-11 10:30:00,5.61,1.47,56.7
WALES,2025-01-11 11:00:00,1.96,1.98,30.7
WALES,2025-01-11 11:30:00,2.26,3.01,66.6
WALES,2025-01-11 12:00:00,4.08,2.91,46.8
WALES,2025-01-11 12:30:00,5.05,2.79,41.9
WALES,2025-01-11 13:00:00,6.48,2.26,37.1
WALES,2025-01-11 13:30:00,6.25,0.63,82.1
WALES,2025-01-11 14:00:00,4.65,4.16,42.1
WALES,2025-01-11 14:30:00,5.9,2.96,42.3
WALES,2025-01-11 15:00:00,4.48,2.92,68.6
WALES,2025-01-11 15:30:00,7.21,2.56,47.1
WALES,2025-01-11 16:00:00,6.67,4.0,59.9
WALES,2025-01-11 16:30:00,6.36,3.27,54.8
WALES,2025-01-11 17:00:00,4.4,3.19,74.1
WALES,2025-01-11 17:30:00,8.97,6.35,61.6
WALES,2025-01-11 18:00:00,6.19,2.9,46.3
WALES,2025-01-11 18:30:00,5.92,2.12,46.9
WALES,2025-01-11 19:00:00,6.14,5.87,71.0
WALES,2025-01-11 19:30:00,7.76,4.76,65.5
WALES,2025-01-11 20:00:00,7.0,7.6,46.2
WALES,2025-01-11 20:30:00,5.88,4.32,70.2
WALES,2025-01-11 21:00:00,7.45,6.49,63.3
WALES,2025-01-11 21:30:00,6.83,2.81,62.7
WALES,2025-01-11 22:00:00,7.71,6.43,75.0
WALES,2025-01-11 22:30:00,5.73,3.66,37.6
WALES,2025-01-11 23:00:00,9.05,2.05,63.6
WALES,2025-01-11 23:30:00,6.46,0.04,37.4
WALES,2025-01-12 00:00:00,6.65,5.14,69.6
WALES,2025-01-12 00:30:00,5.35,4.63,77.1
WALES,2025-01-12 01:00:00,7.08,3.28,60.9
WALES,2025-01-12 01:30:00,6.65,6.79,90.6
WALES,2025-01-12 02:00:00,6.72,4.11,59.4
WALES,2025-01-12 02:30:00,6.04,4.41,50.7
WALES,2025-01-12 03:00:00,7.8,2.42,83.3
WALES,2025-01-12 03:30:00,2.8,3.45,53.9
WALES,2025-01-12 04:00:00,5.23,3.27,84.9
WALES,2025-01-12 04:30:00,4.66,1.94,42.6
WALES,2025-01-12 05:00:00,3.97,5.45,76.3
WALES,2025-01-12 05:30:00,3.09,2.4,40.8
WALES,2025-01-12 06:00:00,3.88,5.92,63.1
WALES,2025-01-12 06:30:00,4.88,5.49,49.4
WALES,2025-01-12 07:00:00,2.48,2.83,74.8
WALES,2025-01-12 07:30:00,4.74,4.16,77.1
WALES,2025-01-12 08:00:00,4.13,3.34,31.8
WALES,2025-01-12 08:30:00,5.48,3.81,51.9
WALES,2025-01-12 09:00:00,3.9,7.0,77.9
WALES,2025-01-12 09:30:00,3.59,4.94,82.1
WALES,2025-01-12 10:00:00,4.64,4.24,22.4
WALES,2025-01-12 10:30:00,5.71,1.94,26.3
WALES,2025-01-12 11:00:00,2.37,2.29,68.7
WALES,2025-01-12 11:30:00,5.93,4.68,91.2
WALES,2025-01-12 12:00:00,4.47,3.54,26.4
WALES,2025-01-12 12:30:00,4.26,0.0,35.8
WALES,2025-01-12 13:00:00,6.19,0.63,31.4
WALES,2025-01-12 13:30:00,3.32,5.55,89.5
WALES,2025-01-12 14:00:00,5.86,5.89,39.0
WALES,2025-01-12 14:30:00,7.43,2.57,72.0
WALES,2025-01-12 15:00:00,6.44,0.16,44.1
WALES,2025-01-12 15:30:00,6.67,0.3,65.3
WALES,2025-01-12 16:00:00,5.25,5.08,35.5
WALES,2025-01-12 16:30:00,7.48,5.63,57.0
WALES,2025-01-12 17:00:00,7.27,6.97,45.9
WALES,2025-01-12 17:30:00,6.72,5.28,67.6
WALES,2025-01-12 18:00:00,7.39,1.57,77.5
WALES,2025-01-12 18:30:00,6.2,8.56,38.5
WALES,2025-01-12 19:00:00,6.56,4.68,69.9
WALES,2025-01-12 19:30:00,6.71,7.38,65.9
WALES,2025-01-12 20:00:00,7.65,4.77,81.8
WALES,2025-01-12 20:30:00,9.88,4.39,37.1
WALES,2025-01-12 21:00:00,6.37,1.17,48.4
WALES,2025-01-12 21:30:00,7.93,4.43,80.3
WALES,2025-01-12 22:00:00,5.19,3.98,68.3
WALES,2025-01-12 22:30:00,4.31,4.91,109.1
WALES,2025-01-12 23:00:00,8.29,4.62,55.1
WALES,2025-01-12 23:30:00,7.64,7.07,53.8
WALES,2025-01-13 00:00:00,8.45,4.93,89.3
WALES,2025-01-13 00:30:00,8.33,4.38,62.3
WALES,2025-01-13 01:00:00,6.16,5.95,49.4
WALES,2025-01-13 01:30:00,6.67,3.61,35.9
WALES,2025-01-13 02:00:00,6.28,0.95,51.9
WALES,2025-01-13 02:30:00,6.82,4.34,62.8
WALES,2025-01-13 03:00:00,4.46,6.1,44.0
WALES,2025-01-13 03:30:00,6.35,6.6,32.5
WALES,2025-01-13 04:00:00,4.53,3.0,64.9
WALES,2025-01-13 04:30:00,3.89,1.67,59.0
WALES,2025-01-13 05:00:00,3.93,3.71,76.1
WALES,2025-01-13 05:30:00,2.66,3.77,49.4
WALES,2025-01-13 06:00:00,4.32,2.83,38.8
WALES,2025-01-13 06:30:00,4.76,9.54,58.2
WALES,2025-01-13 07:00:00,3.22,2.54,76.8
WALES,2025-01-13 07:30:00,3.03,6.6,30.5
WALES,2025-01-13 08:00:00,4.25,5.33,73.7
WALES,2025-01-13 08:30:00,4.85,4.53,80.8
WALES,2025-01-13 09:00:00,2.9,2.71,52.7
WALES,2025-01-13 09:30:00,5.87,4.93,72.3
WALES,2025-01-13 10:00:00,4.07,5.63,32.1
WALES,2025-01-13 10:30:00,3.8,3.57,51.5
WALES,2025-01-13 11:00:00,4.22,5.09,64.3
WALES,2025-01-13 11:30:00,6.04,0.0,86.8
WALES,2025-01-13 12:00:00,4.24,6.63,52.5
WALES,2025-01-13 12:30:00,5.46,1.85,38.1
WALES,2025-01-13 13:00:00,6.2,0.0,38.1
WALES,2025-01-13 13:30:00,6.42,3.17,44.1
WALES,2025-01-13 14:00:00,7.85,7.75,60.0
WALES,2025-01-13 14:30:00,7.55,7.03,59.7
WALES,2025-01-13 15:00:00,5.92,4.18,33.8
WALES,2025-01-13 15:30:00,7.22,3.34,61.0
WALES,2025-01-13 16:00:00,7.07,2.3,59.4
WALES,2025-01-13 16:30:00,5.39,3.04,40.0
WALES,2025-01-13 17:00:00,6.38,0.0,52.3
WALES,2025-01-13 17:30:00,8.02,4.36,79.5
WALES,2025-01-13 18:00:00,6.61,3.04,76.5
WALES,2025-01-13 18:30:00,7.65,4.37,98.1
WALES,2025-01-13 19:00:00,7.65,3.03,42.1
WALES,2025-01-13 19:30:00,7.6,6.04,70.3
WALES,2025-01-13 20:00:00,9.74,4.72,19.7
WALES,2025-01-13 20:30:00,8.77,4.21,60.0
WALES,2025-01-13 21:00:00,9.41,3.45,70.4
WALES,2025-01-13 21:30:00,6.66,0.96,49.2
WALES,2025-01-13 22:00:00,7.37,5.1,40.2
WALES,2025-01-13 22:30:00,9.56,2.07,58.4
WALES,2025-01-13 23:00:00,7.45,4.6,68.1
WALES,2025-01-13 23:30:00,10.15,2.79,65.6
WALES,2025-01-14 00:00:00,6.99,5.97,68.1
WALES,2025-01-14 00:30:00,7.35,1.01,51.8
WALES,2025-01-14 01:00:00,5.43,3.11,45.1
WALES,2025-01-14 01:30:00,5.98,3.18,52.9
WALES,2025-01-14 02:00:00,5.73,2.14,60.7
WALES,2025-01-14 02:30:00,5.01,2.8,59.1
WALES,2025-01-14 03:00:00,2.47,8.98,69.4
WALES,2025-01-14 03:30:00,5.95,2.96,61.7
WALES,2025-01-14 04:00:00,3.64,4.98,29.7
WALES,2025-01-14 04:30:00,3.56,2.58,87.2
WALES,2025-01-14 05:00:00,3.35,4.67,22.9
WALES,2025-01-14 05:30:00,4.7,7.47,69.0
WALES,2025-01-14 06:00:00,1.87,4.09,51.6
WALES,2025-01-14 06:30:00,5.83,3.8,34.1
WALES,2025-01-14 07:00:00,3.99,2.61,21.1
WALES,2025-01-14 07:30:00,3.95,4.01,66.9
WALES,2025-01-14 08:00:00,5.31,3.44,33.0
WALES,2025-01-14 08:30:00,3.08,3.96,81.9
WALES,2025-01-14 09:00:00,4.16,3.74,55.7
WALES,2025-01-14 09:30:00,4.15,7.82,58.5
WALES,2025-01-14 10:00:00,4.04,4.08,47.8
WALES,2025-01-14 10:30:00,2.48,0.52,46.9
WALES,2025-01-14 11:00:00,6.09,6.33,39.9
WALES,2025-01-14 11:30:00,4.48,4.26,47.0
WALES,2025-01-14 12:00:00,6.66,5.52,66.5
WALES,2025-01-14 12:30:00,5.17,0.87,84.4
WALES,2025-01-14 13:00:00,6.27,4.82,46.7
WALES,2025-01-14 13:30:00,4.79,4.99,79.8
WALES,2025-01-14 14:00:00,8.16,2.53,57.1
WALES,2025-01-14 14:30:00,3.57,0.0,69.4
WALES,2025-01-14 15:00:00,5.58,0.05,39.1
WALES,2025-01-14 15:30:00,7.02,4.77,30.5
WALES,2025-01-14 16:00:00,8.57,2.61,64.9
WALES,2025-01-14 16:30:00,7.13,3.98,43.1
WALES,2025-01-14 17:00:00,7.47,4.54,56.4
WALES,2025-01-14 17:30:00,7.62,6.2,51.5
WALES,2025-01-14 18:00:00,8.6,3.58,85.6
WALES,2025-01-14 18:30:00,6.13,6.61,50.4
WALES,2025-01-14 19:00:00,10.55,4.87,75.3
WALES,2025-01-14 19:30:00,7.83,5.36,72.2
WALES,2025-01-14 20:00:00,7.92,5.53,0.0
WALES,2025-01-14 20:30:00,7.31,4.04,69.0
WALES,2025-01-14 21:00:00,9.19,3.49,53.0
WALES,2025-01-14 21:30:00,9.07,6.3,73.3
WALES,2025-01-14 22:00:00,7.64,9.1,61.4
WALES,2025-01-14 22:30:00,8.08,7.27,87.5
WALES,2025-01-14 23:00:00,8.35,2.2,62.0
WALES,2025-01-14 23:30:00,8.12,7.9,113.1
WALES,2025-01-15 00:00:00,6.44,5.71,45.3
WALES,2025-01-15 00:30:00,7.01,2.27,90.0
WALES,2025-01-15 01:00:00,6.96,4.59,60.9
WALES,2025-01-15 01:30:00,7.13,4.82,47.7
WALES,2025-01-15 02:00:00,4.13,1.35,31.0
WALES,2025-01-15 02:30:00,6.39,2.37,77.6
WALES,2025-01-15 03:00:00,5.93,0.33,52.6
WALES,2025-01-15 03:30:00,3.09,1.71,51.2
WALES,2025-01-15 04:00:00,4.02,7.77,73.5
WALES,2025-01-15 04:30:00,4.76,6.85,42.5
WALES,2025-01-15 05:00:00,4.34,5.71,39.9
WALES,2025-01-15 05:30:00,5.56,4.59,70.6
WALES,2025-01-15 06:00:00,6.58,4.91,62.3
WALES,2025-01-15 06:30:00,2.63,4.42,51.4
WALES,2025-01-15 07:00:00,4.08,3.05,68.8
WALES,2025-01-15 07:30:00,3.04,4.42,41.3
WALES,2025-01-15 08:00:00,2.0,3.32,68.4
WALES,2025-01-15 08:30:00,3.22,4.27,53.5
WALES,2025-01-15 09:00:00,2.98,5.11,48.3
WALES,2025-01-15 09:30:00,4.67,1.08,62.5
WALES,2025-01-15 10:00:00,5.17,4.7,76.1
WALES,2025-01-15 10:30:00,5.2,4.6,75.2
WALES,2025-01-15 11:00:00,4.29,5.04,60.4
WALES,2025-01-15 11:30:00,6.96,4.55,36.9
WALES,2025-01-15 12:00:00,5.46,2.1,73.1
WALES,2025-01-15 12:30:00,6.05,2.78,41.3
WALES,2025-01-15 13:00:00,5.8,2.19,44.9
WALES,2025-01-15 13:30:00,5.03,5.25,33.3
WALES,2025-01-15 14:00:00,5.25,8.8,95.2
WALES,2025-01-15 14:30:00,7.61,4.09,73.5
WALES,2025-01-15 15:00:00,6.21,0.0,49.7
WALES,2025-01-15 15:30:00,6.11,4.06,68.7
WALES,2025-01-15 16:00:00,9.14,4.06,41.9
WALES,2025-01-15 16:30:00,6.92,5.29,58.0
WALES,2025-01-15 17:00:00,6.61,5.05,39.4
WALES,2025-01-15 17:30:00,6.52,4.83,45.9
WALES,2025-01-15 18:00:00,7.47,4.03,59.2
WALES,2025-01-15 18:30:00,6.73,4.66,43.5
WALES,2025-01-15 19:00:00,10.07,3.2,70.9
WALES,2025-01-15 19:30:00,8.97,3.29,42.6
WALES,2025-01-15 20:00:00,9.03,1.15,37.1
WALES,2025-01-15 20:30:00,8.88,3.6,47.3
WALES,2025-01-15 21:00:00,7.49,2.41,99.3
WALES,2025-01-15 21:30:00,9.31,2.35,54.4
WALES,2025-01-15 22:00:00,8.6,2.05,49.9
WALES,2025-01-15 22:30:00,7.53,2.24,79.7
WALES,2025-01-15 23:00:00,6.71,3.77,62.1
WALES,2025-01-15 23:30:00,9.47,3.83,98.5
WALES,2025-01-16 00:00:00,6.79,3.56,76.9
WALES,2025-01-16 00:30:00,9.53,3.47,82.3
WALES,2025-01-16 01:00:00,7.76,2.48,59.7
WALES,2025-01-16 01:30:00,6.69,1.94,63.0
WALES,2025-01-16 02:00:00,6.32,4.75,61.3
WALES,2025-01-16 02:30:00,5.42,8.89,63.9
WALES,2025-01-16 03:00:00,7.27,4.88,87.1
WALES,2025-01-16 03:30:00,4.78,3.82,51.9
WALES,2025-01-16 04:00:00,4.54,4.54,55.6
WALES,2025-01-16 04:30:00,3.51,3.39,53.1
WALES,2025-01-16 05:00:00,5.87,1.11,50.8
WALES,2025-01-16 05:30:00,3.91,5.49,50.2
WALES,2025-01-16 06:00:00,5.75,3.91,68.8
WALES,2025-01-16 06:30:00,5.82,1.6,55.6
WALES,2025-01-16 07:00:00,4.8,4.4,36.7
WALES,2025-01-16 07:30:00,5.13,4.1,62.3
WALES,2025-01-16 08:00:00,3.96,0.0,69.8
WALES,2025-01-16 08:30:00,4.93,3.16,33.3
WALES,2025-01-16 09:00:00,3.65,5.99,52.7
WALES,2025-01-16 09:30:00,4.32,3.33,65.7
WALES,2025-01-16 10:00:00,2.91,3.6,79.7
WALES,2025-01-16 10:30:00,3.39,3.45,79.0
WALES,2025-01-16 11:00:00,5.71,4.9,67.0
WALES,2025-01-16 11:30:00,5.26,3.54,79.8
WALES,2025-01-16 12:00:00,4.66,2.01,35.1
WALES,2025-01-16 12:30:00,4.48,2.74,47.2
WALES,2025-01-16 13:00:00,4.3,4.75,43.0
WALES,2025-01-16 13:30:00,6.37,5.44,106.3
WALES,2025-01-16 14:00:00,5.68,3.68,46.6
WALES,2025-01-16 14:30:00,4.82,3.16,46.0
WALES,2025-01-16 15:00:00,5.32,4.47,40.7
WALES,2025-01-16 15:30:00,7.42,5.71,44.4
WALES,2025-01-16 16:00:00,8.9,4.8,58.7
WALES,2025-01-16 16:30:00,5.09,0.57,88.3
WALES,2025-01-16 17:00:00,9.22,7.2,93.4
WALES,2025-01-16 17:30:00,9.29,4.48,70.1
WALES,2025-01-16 18:00:00,7.14,4.48,73.4
WALES,2025-01-16 18:30:00,8.87,3.75,23.5
WALES,2025-01-16 19:00:00,6.34,4.95,50.9
WALES,2025-01-16 19:30:00,8.95,1.57,84.5
WALES,2025-01-16 20:00:00,7.1,6.95,32.1
WALES,2025-01-16 20:30:00,8.95,2.14,59.8
WALES,2025-01-16 21:00:00,9.45,5.8,45.2
WALES,2025-01-16 21:30:00,7.42,0.85,27.7
WALES,2025-01-16 22:00:00,6.96,2.29,32.9
WALES,2025-01-16 22:30:00,7.71,3.94,59.8
WALES,2025-01-16 23:00:00,6.68,2.84,54.3
WALES,2025-01-16 23:30:00,8.62,2.65,29.8
WALES,2025-01-17 00:00:00,6.91,3.13,30.9
WALES,2025-01-17 00:30:00,6.81,2.23,58.6
WALES,2025-01-17 01:00:00,7.31,2.93,69.2
WALES,2025-01-17 01:30:00,6.44,3.47,54.4
WALES,2025-01-17 02:00:00,6.06,1.25,27.1
WALES,2025-01-17 02:30:00,7.64,4.42,50.2
WALES,2025-01-17 03:00:00,7.05,9.73,33.0
WALES,2025-01-17 03:30:00,5.73,5.33,30.7
WALES,2025-01-17 04:00:00,3.46,5.91,59.0
WALES,2025-01-17 04:30:00,4.46,0.72,65.9
WALES,2025-01-17 05:00:00,3.2,1.96,42.8
WALES,2025-01-17 05:30:00,4.47,1.8,42.9
WALES,2025-01-17 06:00:00,5.7,4.34,60.3
WALES,2025-01-17 06:30:00,5.08,1.88,66.5
WALES,2025-01-17 07:00:00,4.87,1.95,70.7
WALES,2025-01-17 07:30:00,4.64,4.52,90.0
WALES,2025-01-17 08:00:00,4.44,2.15,62.3
WALES,2025-01-17 08:30:00,4.31,1.78,23.6
WALES,2025-01-17 09:00:00,4.28,5.89,77.1
WALES,2025-01-17 09:30:00,4.7,7.14,63.1
WALES,2025-01-17 10:00:00,4.32,4.41,46.8
WALES,2025-01-17 10:30:00,3.04,2.04,51.4
WALES,2025-01-17 11:00:00,5.92,1.11,42.5
WALES,2025-01-17 11:30:00,5.85,3.29,56.4
WALES,2025-01-17 12:00:00,4.84,7.87,70.1
WALES,2025-01-17 12:30:00,5.6,4.39,67.4
WALES,2025-01-17 13:00:00,7.99,3.25,63.0
WALES,2025-01-17 13:30:00,5.81,5.81,90.7
WALES,2025-01-17 14:00:00,5.59,4.91,63.2
WALES,2025-01-17 14:30:00,4.62,5.94,88.1
WALES,2025-01-17 15:00:00,7.79,2.74,35.6
WALES,2025-01-17 15:30:00,7.58,1.84,42.4
WALES,2025-01-17 16:00:00,7.54,5.47,53.9
WALES,2025-01-17 16:30:00,7.05,3.78,43.5
WALES,2025-01-17 17:00:00,7.25,0.77,73.2
WALES,2025-01-17 17:30:00,11.05,4.12,81.4
WALES,2025-01-17 18:00:00,7.71,1.31,100.5
WALES,2025-01-17 18:30:00,7.01,5.89,63.9
WALES,2025-01-17 19:00:00,9.65,3.87,39.1
WALES,2025-01-17 19:30:00,7.43,8.7,65.8
WALES,2025-01-17 20:00:00,10.91,3.26,72.8
WALES,2025-01-17 20:30:00,6.75,4.06,100.0
WALES,2025-01-17 21:00:00,7.28,2.62,74.9
WALES,2025-01-17 21:30:00,8.36,7.79,55.7
WALES,2025-01-17 22:00:00,8.11,4.63,40.6
WALES,2025-01-17 22:30:00,6.47,1.22,0.5
WALES,2025-01-17 23:00:00,7.61,1.4,50.3
WALES,2025-01-17 23:30:00,8.93,2.11,72.4
WALES,2025-01-18 00:00:00,5.47,2.63,91.3
WALES,2025-01-18 00:30:00,6.85,6.58,102.4
WALES,2025-01-18 01:00:00,6.38,2.67,21.1
WALES,2025-01-18 01:30:00,7.23,4.76,73.9
WALES,2025-01-18 02:00:00,8.03,1.95,93.7
WALES,2025-01-18 02:30:00,6.02,4.73,58.8
WALES,2025-01-18 03:00:00,4.92,1.6,63.8
WALES,2025-01-18 03:30:00,4.69,3.56,52.6
WALES,2025-01-18 04:00:00,4.93,0.4,3.0
WALES,2025-01-18 04:30:00,6.37,6.25,13.9
WALES,2025-01-18 05:00:00,5.45,4.43,36.2
WALES,2025-01-18 05:30:00,6.03,6.28,79.1
WALES,2025-01-18 06:00:00,6.72,6.0,45.0
WALES,2025-01-18 06:30:00,4.65,4.77,87.3
WALES,2025-01-18 07:00:00,4.13,2.74,30.2
WALES,2025-01-18 07:30:00,5.48,4.42,44.4
WALES,2025-01-18 08:00:00,5.29,3.32,36.2
WALES,2025-01-18 08:30:00,5.96,0.0,62.6
WALES,2025-01-18 09:00:00,4.3,0.72,65.9
WALES,2025-01-18 09:30:00,3.6,7.37,78.1
WALES,2025-01-18 10:00:00,4.9,0.0,50.0
WALES,2025-01-18 10:30:00,3.87,6.42,63.2
WALES,2025-01-18 11:00:00,5.33,6.03,89.4
WALES,2025-01-18 11:30:00,6.7,5.09,55.1
WALES,2025-01-18 12:00:00,5.88,3.93,74.1
WALES,2025-01-18 12:30:00,4.68,5.81,60.8
WALES,2025-01-18 13:00:00,6.31,1.61,55.1
WALES,2025-01-18 13:30:00,6.38,3.64,17.8
WALES,2025-01-18 14:00:00,4.88,4.68,87.1
WALES,2025-01-18 14:30:00,6.08,3.02,78.9
WALES,2025-01-18 15:00:00,6.89,5.49,54.7
WALES,2025-01-18 15:30:00,6.39,5.64,72.1
WALES,2025-01-18 16:00:00,6.98,1.75,30.0
WALES,2025-01-18 16:30:00,5.52,2.73,65.7
WALES,2025-01-18 17:00:00,5.78,0.8,66.8
WALES,2025-01-18 17:30:00,9.66,6.18,26.9
WALES,2025-01-18 18:00:00,8.56,5.91,51.1
WALES,2025-01-18 18:30:00,7.81,4.67,68.8
WALES,2025-01-18 19:00:00,8.75,5.45,63.9
WALES,2025-01-18 19:30:00,7.54,3.11,46.0
WALES,2025-01-18 20:00:00,7.81,5.12,46.1
WALES,2025-01-18 20:30:00,9.65,2.02,63.7
WALES,2025-01-18 21:00:00,9.3,4.9,26.7
WALES,2025-01-18 21:30:00,8.45,2.52,36.2
WALES,2025-01-18 22:00:00,8.36,1.5,64.4
WALES,2025-01-18 22:30:00,9.84,4.6,55.8
WALES,2025-01-18 23:00:00,7.58,5.83,54.5
WALES,2025-01-18 23:30:00,7.22,2.14,43.9
WALES,2025-01-19 00:00:00,8.5,3.03,70.0
WALES,2025-01-19 00:30:00,8.19,2.09,45.7
WALES,2025-01-19 01:00:00,7.64,4.28,56.8
WALES,2025-01-19 01:30:00,7.5,6.02,59.3
WALES,2025-01-19 02:00:00,5.75,4.23,45.5
WALES,2025-01-19 02:30:00,6.6,4.0,45.3
WALES,2025-01-19 03:00:00,5.43,3.35,73.2
WALES,2025-01-19 03:30:00,4.86,2.38,53.3
WALES,2025-01-19 04:00:00,6.11,5.45,64.7
WALES,2025-01-19 04:30:00,6.29,6.32,62.8
WALES,2025-01-19 05:00:00,4.05,3.85,35.5
WALES,2025-01-19 05:30:00,5.49,3.02,62.0
WALES,2025-01-19 06:00:00,4.6,3.23,64.1
WALES,2025-01-19 06:30:00,4.55,2.74,40.2
WALES,2025-01-19 07:00:00,4.93,1.59,92.3
WALES,2025-01-19 07:30:00,6.04,0.82,71.3
WALES,2025-01-19 08:00:00,5.8,2.83,66.3
WALES,2025-01-19 08:30:00,4.28,5.36,52.0
WALES,2025-01-19 09:00:00,5.72,3.71,54.3
WALES,2025-01-19 09:30:00,5.28,5.8,17.9
WALES,2025-01-19 10:00:00,1.21,4.68,48.1
WALES,2025-01-19 10:30:00,3.11,3.25,112.4
WALES,2025-01-19 11:00:00,3.42,5.77,46.3
WALES,2025-01-19 11:30:00,3.27,2.78,34.4
WALES,2025-01-19 12:00:00,3.55,2.55,40.4
WALES,2025-01-19 12:30:00,5.26,4.34,45.8
WALES,2025-01-19 13:00:00,6.67,2.67,57.2
WALES,2025-01-19 13:30:00,3.31,4.16,100.5
WALES,2025-01-19 14:00:00,7.39,3.65,39.2
WALES,2025-01-19 14:30:00,8.39,3.68,47.9
WALES,2025-01-19 15:00:00,6.17,8.15,57.9
WALES,2025-01-19 15:30:00,7.49,3.59,58.8
WALES,2025-01-19 16:00:00,6.92,6.84,60.8
WALES,2025-01-19 16:30:00,5.74,4.79,57.9
WALES,2025-01-19 17:00:00,8.3,3.34,50.3
WALES,2025-01-19 17:30:00,8.92,7.72,26.5
WALES,2025-01-19 18:00:00,8.26,2.92,43.6
WALES,2025-01-19 18:30:00,5.58,4.72,51.3
WALES,2025-01-19 19:00:00,7.71,6.41,52.1
WALES,2025-01-19 19:30:00,7.78,1.33,43.7
WALES,2025-01-19 20:00:00,10.19,5.22,83.2
WALES,2025-01-19 20:30:00,7.42,4.72,78.9
WALES,2025-01-19 21:00:00,9.06,7.16,67.2
WALES,2025-01-19 21:30:00,8.36,0.0,67.5
WALES,2025-01-19 22:00:00,8.88,6.3,45.7
WALES,2025-01-19 22:30:00,8.12,0.82,31.0
WALES,2025-01-19 23:00:00,8.46,6.53,83.4
WALES,2025-01-19 23:30:00,8.37,8.09,52.9
WALES,2025-01-20 00:00:00,8.58,1.36,3.4
WALES,2025-01-20 00:30:00,6.92,3.76,64.2
WALES,2025-01-20 01:00:00,6.79,4.72,91.3
WALES,2025-01-20 01:30:00,7.9,2.47,14.8
WALES,2025-01-20 02:00:00,5.21,6.69,50.9
WALES,2025-01-20 02:30:00,7.31,5.28,59.0
WALES,2025-01-20 03:00:00,5.88,2.67,100.1
WALES,2025-01-20 03:30:00,4.84,6.24,75.0
WALES,2025-01-20 04:00:00,6.24,3.76,33.4
WALES,2025-01-20 04:30:00,4.12,2.45,66.7
WALES,2025-01-20 05:00:00,6.15,4.63,64.7
WALES,2025-01-20 05:30:00,6.34,0.0,20.3
WALES,2025-01-20 06:00:00,2.91,5.85,23.8
WALES,2025-01-20 06:30:00,4.76,2.18,62.8
WALES,2025-01-20 07:00:00,4.4,4.5,52.8
WALES,2025-01-20 07:30:00,5.42,6.93,82.8
WALES,2025-01-20 08:00:00,4.07,2.27,63.5
WALES,2025-01-20 08:30:00,6.87,3.89,75.1
WALES,2025-01-20 09:00:00,5.51,5.54,82.9
WALES,2025-01-20 09:30:00,2.99,2.07,60.9
WALES,2025-01-20 10:00:00,6.24,6.46,59.2
WALES,2025-01-20 10:30:00,5.97,3.16,45.1
WALES,2025-01-20 11:00:00,3.49,3.73,53.8
WALES,2025-01-20 11:30:00,6.29,5.13,61.0
WALES,2025-01-20 12:00:00,5.57,3.16,28.0
WALES,2025-01-20 12:30:00,4.08,5.57,57.5
WALES,2025-01-20 13:00:00,4.41,6.73,90.6
WALES,2025-01-20 13:30:00,7.43,4.85,65.2
WALES,2025-01-20 14:00:00,6.47,4.33,71.3
WALES,2025-01-20 14:30:00,7.35,4.91,1.0
WALES,2025-01-20 15:00:00,8.4,4.4,35.6
WALES,2025-01-20 15:30:00,7.26,4.6,31.7
WALES,2025-01-20 16:00:00,6.73,1.79,42.5
WALES,2025-01-20 16:30:00,8.18,2.76,61.7
WALES,2025-01-20 17:00:00,8.8,3.13,74.0
WALES,2025-01-20 17:30:00,9.54,5.69,70.8
WALES,2025-01-20 18:00:00,9.26,4.79,75.3
WALES,2025-01-20 18:30:00,6.82,3.85,67.1
WALES,2025-01-20 19:00:00,8.34,9.0,56.6
WALES,2025-01-20 19:30:00,6.29,4.11,74.9
WALES,2025-01-20 20:00:00,7.45,3.93,58.7
WALES,2025-01-20 20:30:00,8.43,2.8,79.7
WALES,2025-01-20 21:00:00,11.03,2.32,36.5
WALES,2025-01-20 21:30:00,7.91,6.81,55.4
WALES,2025-01-20 22:00:00,8.67,2.18,92.1
WALES,2025-01-20 22:30:00,7.88,4.5,45.7
WALES,2025-01-20 23:00:00,6.84,3.99,61.9
WALES,2025-01-20 23:30:00,8.95,0.62,42.9
WALES,2025-01-21 00:00:00,6.74,4.24,39.7
WALES,2025-01-21 00:30:00,7.45,2.71,57.6
WALES,2025-01-21 01:00:00,6.16,1.98,65.1
WALES,2025-01-21 01:30:00,8.42,5.63,80.0
WALES,2025-01-21 02:00:00,8.04,3.68,93.7
WALES,2025-01-21 02:30:00,7.48,2.1,48.0
WALES,2025-01-21 03:00:00,6.23,5.76,55.9
WALES,2025-01-21 03:30:00,4.89,5.58,39.9
WALES,2025-01-21 04:00:00,5.93,4.09,35.8
WALES,2025-01-21 04:30:00,7.7,4.03,38.7
WALES,2025-01-21 05:00:00,5.21,0.54,66.5
WALES,2025-01-21 05:30:00,6.19,9.4,61.8
WALES,2025-01-21 06:00:00,4.05,4.41,85.9
WALES,2025-01-21 06:30:00,5.44,5.67,73.7
WALES,2025-01-21 07:00:00,5.24,1.2,33.8
WALES,2025-01-21 07:30:00,2.74,1.61,40.5
WALES,2025-01-21 08:00:00,6.8,2.59,61.8
WALES,2025-01-21 08:30:00,4.28,4.39,61.3
WALES,2025-01-21 09:00:00,3.13,5.2,47.8
WALES,2025-01-21 09:30:00,3.78,3.39,74.6
WALES,2025-01-21 10:00:00,4.09,4.18,67.3
WALES,2025-01-21 10:30:00,5.14,4.4,34.7
WALES,2025-01-21 11:00:00,5.31,2.17,28.3
WALES,2025-01-21 11:30:00,4.6,2.96,113.3
WALES,2025-01-21 12:00:00,6.74,5.57,52.7
WALES,2025-01-21 12:30:00,5.35,9.14,48.6
WALES,2025-01-21 13:00:00,6.36,7.68,47.0
WALES,2025-01-21 13:30:00,6.23,3.96,44.0
WALES,2025-01-21 14:00:00,7.5,1.77,74.0
WALES,2025-01-21 14:30:00,7.08,5.8,56.5
WALES,2025-01-21 15:00:00,7.55,6.05,34.6
WALES,2025-01-21 15:30:00,5.64,5.16,74.8
WALES,2025-01-21 16:00:00,7.73,5.84,53.5
WALES,2025-01-21 16:30:00,9.09,3.85,46.0
WALES,2025-01-21 17:00:00,9.69,5.65,51.9
WALES,2025-01-21 17:30:00,7.47,5.2,42.0
WALES,2025-01-21 18:00:00,8.69,3.66,63.9
WALES,2025-01-21 18:30:00,5.88,2.19,64.6
WALES,2025-01-21 19:00:00,9.76,3.74,73.0
WALES,2025-01-21 19:30:00,6.72,3.1,65.0
WALES,2025-01-21 20:00:00,8.49,5.53,55.4
WALES,2025-01-21 20:30:00,8.27,5.31,50.3
WALES,2025-01-21 21:00:00,7.41,4.93,42.7
WALES,2025-01-21 21:30:00,10.2,0.32,54.6
WALES,2025-01-21 22:00:00,10.25,7.95,58.4
WALES,2025-01-21 22:30:00,9.63,5.55,51.2
WALES,2025-01-21 23:00:00,8.54,2.28,31.9
WALES,2025-01-21 23:30:00,8.59,5.13,38.7
WALES,2025-01-22 00:00:00,7.47,1.63,51.7
WALES,2025-01-22 00:30:00,7.11,5.48,51.0
WALES,2025-01-22 01:00:00,5.64,7.43,68.9
WALES,2025-01-22 01:30:00,8.23,5.22,76.9
WALES,2025-01-22 02:00:00,7.16,4.93,62.3
WALES,2025-01-22 02:30:00,6.11,5.77,55.2
WALES,2025-01-22 03:00:00,6.26,4.74,68.2
WALES,2025-01-22 03:30:00,4.9,4.4,41.6
WALES,2025-01-22 04:00:00,5.85,5.56,92.4
WALES,2025-01-22 04:30:00,6.33,5.73,40.4
WALES,2025-01-22 05:00:00,5.87,1.77,81.6
WALES,2025-01-22 05:30:00,3.94,2.05,73.6
WALES,2025-01-22 06:00:00,6.92,6.12,53.6
WALES,2025-01-22 06:30:00,3.72,3.14,62.3
WALES,2025-01-22 07:00:00,4.61,1.94,83.2
WALES,2025-01-22 07:30:00,6.28,7.77,30.1
WALES,2025-01-22 08:00:00,3.67,4.5,60.1
WALES,2025-01-22 08:30:00,4.1,2.29,42.0
WALES,2025-01-22 09:00:00,7.14,1.15,32.0
WALES,2025-01-22 09:30:00,3.28,4.38,55.1
WALES,2025-01-22 10:00:00,5.4,2.59,61.6
WALES,2025-01-22 10:30:00,5.01,7.15,92.0
WALES,2025-01-22 11:00:00,5.04,5.71,62.9
WALES,2025-01-22 11:30:00,6.15,4.77,73.2
WALES,2025-01-22 12:00:00,6.66,4.85,62.5
WALES,2025-01-22 12:30:00,6.89,3.73,49.6
WALES,2025-01-22 13:00:00,4.26,4.85,72.5
WALES,2025-01-22 13:30:00,4.05,2.77,73.5
WALES,2025-01-22 14:00:00,6.47,4.11,76.4
WALES,2025-01-22 14:30:00,6.51,4.77,40.5
WALES,2025-01-22 15:00:00,7.58,1.32,36.7
WALES,2025-01-22 15:30:00,6.55,5.1,60.9
WALES,2025-01-22 16:00:00,6.69,5.75,65.7
WALES,2025-01-22 16:30:00,8.89,2.22,85.8
WALES,2025-01-22 17:00:00,9.95,5.82,68.8
WALES,2025-01-22 17:30:00,8.65,4.66,35.3
WALES,2025-01-22 18:00:00,7.65,3.79,41.5
WALES,2025-01-22 18:30:00,10.09,5.0,92.1
WALES,2025-01-22 19:00:00,9.52,1.21,83.5
WALES,2025-01-22 19:30:00,8.03,6.73,87.1
WALES,2025-01-22 20:00:00,10.26,6.15,67.8
WALES,2025-01-22 20:30:00,8.63,7.77,64.9
WALES,2025-01-22 21:00:00,8.11,4.88,80.7
WALES,2025-01-22 21:30:00,9.9,1.83,79.4
WALES,2025-01-22 22:00:00,9.2,3.31,45.2
WALES,2025-01-22 22:30:00,10.09,7.06,88.3
WALES,2025-01-22 23:00:00,6.48,3.58,61.0
WALES,2025-01-22 23:30:00,9.85,5.62,56.0
WALES,2025-01-23 00:00:00,7.9,5.43,73.5
WALES,2025-01-23 00:30:00,9.72,6.91,82.4
WALES,2025-01-23 01:00:00,6.31,2.59,42.2
WALES,2025-01-23 01:30:00,7.73,3.06,70.7
WALES,2025-01-23 02:00:00,7.59,4.49,76.3
WALES,2025-01-23 02:30:00,5.97,1.1,47.8
WALES,2025-01-23 03:00:00,7.23,7.74,87.2
WALES,2025-01-23 03:30:00,5.99,5.99,35.7
WALES,2025-01-23 04:00:00,7.61,5.13,74.9
WALES,2025-01-23 04:30:00,3.46,5.01,94.0
WALES,2025-01-23 05:00:00,5.7,3.91,56.3
WALES,2025-01-23 05:30:00,4.49,4.28,39.0
WALES,2025-01-23 06:00:00,5.57,6.32,53.2
WALES,2025-01-23 06:30:00,5.49,3.97,68.0
WALES,2025-01-23 07:00:00,5.93,4.93,76.4
WALES,2025-01-23 07:30:00,5.46,5.83,66.6
WALES,2025-01-23 08:00:00,5.16,5.48,59.6
WALES,2025-01-23 08:30:00,5.31,2.32,28.3
WALES,2025-01-23 09:00:00,4.94,2.5,95.6
WALES,2025-01-23 09:30:00,3.87,5.62,48.0
WALES,2025-01-23 10:00:00,5.0,1.86,39.0
WALES,2025-01-23 10:30:00,5.37,3.29,74.2
WALES,2025-01-23 11:00:00,6.84,0.9,79.7
WALES,2025-01-23 11:30:00,4.14,3.33,34.8
WALES,2025-01-23 12:00:00,4.06,0.11,52.7
WALES,2025-01-23 12:30:00,5.78,3.26,27.8
WALES,2025-01-23 13:00:00,3.84,4.02,74.2
WALES,2025-01-23 13:30:00,6.49,7.74,59.3
WALES,2025-01-23 14:00:00,7.08,3.96,45.9
WALES,2025-01-23 14:30:00,6.51,5.68,75.8
WALES,2025-01-23 15:00:00,7.65,7.16,68.2
WALES,2025-01-23 15:30:00,7.62,7.0,47.1
WALES,2025-01-23 16:00:00,9.42,2.05,55.2
WALES,2025-01-23 16:30:00,5.5,4.5,83.9
WALES,2025-01-23 17:00:00,7.0,3.43,56.0
WALES,2025-01-23 17:30:00,7.86,1.9,60.7
WALES,2025-01-23 18:00:00,10.32,3.0,64.1
WALES,2025-01-23 18:30:00,8.71,3.21,65.0
WALES,2025-01-23 19:00:00,8.18,4.84,58.7
WALES,2025-01-23 19:30:00,6.95,0.4,21.5
WALES,2025-01-23 20:00:00,8.21,5.66,46.9
WALES,2025-01-23 20:30:00,8.41,2.69,45.0
WALES,2025-01-23 21:00:00,11.28,2.4,35.7
WALES,2025-01-23 21:30:00,7.56,4.15,49.7
WALES,2025-01-23 22:00:00,8.78,2.54,49.4
WALES,2025-01-23 22:30:00,7.59,3.82,72.8
WALES,2025-01-23 23:00:00,9.1,6.82,36.4
WALES,2025-01-23 23:30:00,6.87,2.16,59.9
WALES,2025-01-24 00:00:00,6.48,2.62,72.3
WALES,2025-01-24 00:30:00,9.06,5.39,65.8
WALES,2025-01-24 01:00:00,6.5,4.04,80.5
WALES,2025-01-24 01:30:00,8.09,5.77,77.1
WALES,2025-01-24 02:00:00,6.38,5.27,53.2
WALES,2025-01-24 02:30:00,7.49,6.45,88.0
WALES,2025-01-24 03:00:00,6.97,4.79,85.0
WALES,2025-01-24 03:30:00,5.22,6.89,62.4
WALES,2025-01-24 04:00:00,5.94,3.1,38.9
WALES,2025-01-24 04:30:00,7.54,4.81,53.4
WALES,2025-01-24 05:00:00,5.78,3.33,29.3
WALES,2025-01-24 05:30:00,5.15,1.19,64.3
WALES,2025-01-24 06:00:00,6.95,2.72,74.2
WALES,2025-01-24 06:30:00,4.28,3.96,44.2
WALES,2025-01-24 07:00:00,5.59,6.69,63.5
WALES,2025-01-24 07:30:00,5.49,5.07,55.5
WALES,2025-01-24 08:00:00,6.34,2.96,31.7
WALES,2025-01-24 08:30:00,3.67,5.23,53.0
WALES,2025-01-24 09:00:00,4.95,3.52,63.3
WALES,2025-01-24 09:30:00,6.16,7.05,42.6
WALES,2025-01-24 10:00:00,6.16,4.39,38.0
WALES,2025-01-24 10:30:00,5.64,7.7,46.7
WALES,2025-01-24 11:00:00,5.09,0.79,57.9
WALES,2025-01-24 11:30:00,5.55,7.95,43.2
WALES,2025-01-24 12:00:00,6.93,4.6,100.2
WALES,2025-01-24 12:30:00,5.99,3.9,75.2
WALES,2025-01-24 13:00:00,6.84,5.87,70.1
WALES,2025-01-24 13:30:00,4.49,5.04,69.0
WALES,2025-01-24 14:00:00,5.89,4.58,27.0
WALES,2025-01-24 14:30:00,7.08,5.37,77.3
WALES,2025-01-24 15:00:00,8.13,2.23,33.6
WALES,2025-01-24 15:30:00,8.42,4.81,68.9
WALES,2025-01-24 16:00:00,9.79,0.79,92.5
WALES,2025-01-24 16:30:00,7.1,5.65,59.8
WALES,2025-01-24 17:00:00,7.77,0.98,47.9
WALES,2025-01-24 17:30:00,8.75,4.71,77.1
WALES,2025-01-24 18:00:00,7.68,5.49,61.2
WALES,2025-01-24 18:30:00,9.27,5.03,51.5
WALES,2025-01-24 19:00:00,9.01,4.92,74.2
WALES,2025-01-24 19:30:00,10.51,2.73,39.0
WALES,2025-01-24 20:00:00,10.32,1.43,78.6
WALES,2025-01-24 20:30:00,7.68,2.74,58.6
WALES,2025-01-24 21:00:00,6.97,2.06,29.9
WALES,2025-01-24 21:30:00,9.51,3.98,60.3
WALES,2025-01-24 22:00:00,8.43,3.96,51.3
WALES,2025-01-24 22:30:00,9.65,0.47,34.0
WALES,2025-01-24 23:00:00,9.82,4.53,23.6
WALES,2025-01-24 23:30:00,8.57,0.82,83.4
WALES,2025-01-25 00:00:00,8.95,8.19,54.6
WALES,2025-01-25 00:30:00,6.38,2.92,50.7
WALES,2025-01-25 01:00:00,7.82,0.34,59.9
WALES,2025-01-25 01:30:00,6.14,2.97,84.9
WALES,2025-01-25 02:00:00,8.05,5.46,71.5
WALES,2025-01-25 02:30:00,6.53,3.9,31.7
WALES,2025-01-25 03:00:00,4.85,4.25,39.8
WALES,2025-01-25 03:30:00,7.15,3.9,54.6
WALES,2025-01-25 04:00:00,5.12,4.9,72.2
WALES,2025-01-25 04:30:00,4.79,2.95,56.6
WALES,2025-01-25 05:00:00,5.81,4.62,58.2
WALES,2025-01-25 05:30:00,6.28,3.73,34.9
WALES,2025-01-25 06:00:00,6.72,5.96,35.2
WALES,2025-01-25 06:30:00,5.33,6.6,54.5
WALES,2025-01-25 07:00:00,5.84,6.22,64.8
WALES,2025-01-25 07:30:00,7.48,5.3,61.8
WALES,2025-01-25 08:00:00,4.64,3.91,49.8
WALES,2025-01-25 08:30:00,3.51,2.2,57.4
WALES,2025-01-25 09:00:00,5.88,4.65,63.0
WALES,2025-01-25 09:30:00,7.46,7.37,43.6
WALES,2025-01-25 10:00:00,5.96,1.63,64.8
WALES,2025-01-25 10:30:00,3.46,2.79,71.2
WALES,2025-01-25 11:00:00,4.88,1.84,47.6
WALES,2025-01-25 11:30:00,4.3,4.82,81.6
WALES,2025-01-25 12:00:00,5.61,6.06,49.7
WALES,2025-01-25 12:30:00,5.72,7.57,56.8
WALES,2025-01-25 13:00:00,7.61,2.56,59.6
WALES,2025-01-25 13:30:00,5.3,4.13,64.3
WALES,2025-01-25 14:00:00,7.75,2.84,57.0
WALES,2025-01-25 14:30:00,8.27,1.58,15.4
WALES,2025-01-25 15:00:00,6.58,5.22,61.5
WALES,2025-01-25 15:30:00,6.21,4.14,53.4
WALES,2025-01-25 16:00:00,5.97,3.32,73.4
WALES,2025-01-25 16:30:00,7.51,0.97,91.1
WALES,2025-01-25 17:00:00,7.07,4.75,75.0
WALES,2025-01-25 17:30:00,8.76,3.54,27.3
WALES,2025-01-25 18:00:00,9.98,1.67,77.5
WALES,2025-01-25 18:30:00,9.91,1.56,37.7
WALES,2025-01-25 19:00:00,8.3,5.84,49.2
WALES,2025-01-25 19:30:00,8.89,3.0,74.1
WALES,2025-01-25 20:00:00,8.08,2.56,41.4
WALES,2025-01-25 20:30:00,7.57,6.13,53.6
WALES,2025-01-25 21:00:00,7.63,0.66,55.1
WALES,2025-01-25 21:30:00,7.79,1.98,46.1
WALES,2025-01-25 22:00:00,8.72,1.68,54.5
WALES,2025-01-25 22:30:00,9.64,2.89,40.8
WALES,2025-01-25 23:00:00,9.52,3.82,56.9
WALES,2025-01-25 23:30:00,8.88,3.83,61.3
WALES,2025-01-26 00:00:00,6.03,2.32,93.5
WALES,2025-01-26 00:30:00,6.66,4.14,91.4
WALES,2025-01-26 01:00:00,8.25,4.58,45.6
WALES,2025-01-26 01:30:00,6.68,3.38,66.1
WALES,2025-01-26 02:00:00,8.44,4.24,49.7
WALES,2025-01-26 02:30:00,6.8,5.04,66.1
WALES,2025-01-26 03:00:00,6.1,1.76,79.4
WALES,2025-01-26 03:30:00,6.08,4.49,47.8
WALES,2025-01-26 04:00:00,5.07,4.99,37.2
WALES,2025-01-26 04:30:00,4.52,7.02,74.9
WALES,2025-01-26 05:00:00,6.0,1.85,64.0
WALES,2025-01-26 05:30:00,5.41,3.12,58.4
WALES,2025-01-26 06:00:00,3.46,0.0,65.3
WALES,2025-01-26 06:30:00,5.37,4.5,73.9
WALES,2025-01-26 07:00:00,5.59,6.97,81.2
WALES,2025-01-26 07:30:00,5.05,4.32,64.0
WALES,2025-01-26 08:00:00,3.07,5.84,70.5
WALES,2025-01-26 08:30:00,2.92,7.1,52.3
WALES,2025-01-26 09:00:00,4.83,3.71,56.9
WALES,2025-01-26 09:30:00,7.85,3.48,54.2
WALES,2025-01-26 10:00:00,5.2,2.3,65.3
WALES,2025-01-26 10:30:00,4.19,5.0,41.2
WALES,2025-01-26 11:00:00,4.79,1.99,50.4
WALES,2025-01-26 11:30:00,3.35,0.0,54.2
WALES,2025-01-26 12:00:00,4.07,7.47,53.5
WALES,2025-01-26 12:30:00,6.76,4.62,40.9
WALES,2025-01-26 13:00:00,5.89,5.48,72.2
WALES,2025-01-26 13:30:00,7.43,2.69,70.5
WALES,2025-01-26 14:00:00,6.19,6.02,77.6
WALES,2025-01-26 14:30:00,5.26,4.55,40.3
WALES,2025-01-26 15:00:00,8.42,1.74,65.8
WALES,2025-01-26 15:30:00,8.32,4.13,75.5
WALES,2025-01-26 16:00:00,8.26,7.13,40.2
WALES,2025-01-26 16:30:00,7.45,0.16,54.7
WALES,2025-01-26 17:00:00,6.9,1.23,32.0
WALES,2025-01-26 17:30:00,7.76,4.51,68.6
WALES,2025-01-26 18:00:00,9.85,5.89,39.7
WALES,2025-01-26 18:30:00,7.75,4.39,63.8
WALES,2025-01-26 19:00:00,10.5,3.42,73.8
WALES,2025-01-26 19:30:00,8.67,4.72,67.0
WALES,2025-01-26 20:00:00,8.89,2.05,65.0
WALES,2025-01-26 20:30:00,9.68,4.21,10.3
WALES,2025-01-26 21:00:00,8.63,5.36,42.4
WALES,2025-01-26 21:30:00,10.12,2.77,54.2
WALES,2025-01-26 22:00:00,8.89,2.16,76.4
WALES,2025-01-26 22:30:00,10.16,1.8,56.7
WALES,2025-01-26 23:00:00,10.6,6.2,31.0
WALES,2025-01-26 23:30:00,9.73,0.0,71.1
WALES,2025-01-27 00:00:00,6.95,4.92,64.4
WALES,2025-01-27 00:30:00,8.14,5.17,51.1
WALES,2025-01-27 01:00:00,6.78,5.86,60.1
WALES,2025-01-27 01:30:00,6.81,3.64,55.2
WALES,2025-01-27 02:00:00,6.57,4.89,44.3
WALES,2025-01-27 02:30:00,8.81,4.45,26.9
WALES,2025-01-27 03:00:00,6.79,2.14,59.5
WALES,2025-01-27 03:30:00,6.28,5.36,72.0
WALES,2025-01-27 04:00:00,6.25,7.82,47.0
WALES,2025-01-27 04:30:00,7.62,6.79,66.1
WALES,2025-01-27 05:00:00,6.12,5.9,54.3
WALES,2025-01-27 05:30:00,4.96,3.09,65.3
WALES,2025-01-27 06:00:00,4.69,2.56,41.4
WALES,2025-01-27 06:30:00,4.07,2.72,48.9
WALES,2025-01-27 07:00:00,5.18,2.45,68.9
WALES,2025-01-27 07:30:00,7.41,6.5,40.9
WALES,2025-01-27 08:00:00,4.62,1.46,63.5
WALES,2025-01-27 08:30:00,5.28,4.35,41.1
WALES,2025-01-27 09:00:00,4.27,5.91,67.1
WALES,2025-01-27 09:30:00,4.01,1.43,58.7
WALES,2025-01-27 10:00:00,5.1,1.43,54.5
WALES,2025-01-27 10:30:00,4.67,2.83,52.3
WALES,2025-01-27 11:00:00,5.9,4.18,82.6
WALES,2025-01-27 11:30:00,5.8,5.61,36.2
WALES,2025-01-27 12:00:00,6.16,3.26,73.0
WALES,2025-01-27 12:30:00,6.29,7.15,43.2
WALES,2025-01-27 13:00:00,5.61,4.68,57.7
WALES,2025-01-27 13:30:00,5.33,4.75,51.1
WALES,2025-01-27 14:00:00,7.52,0.6,54.7
WALES,2025-01-27 14:30:00,7.17,4.34,72.6
WALES,2025-01-27 15:00:00,7.21,4.9,58.7
WALES,2025-01-27 15:30:00,8.38,0.92,13.1
WALES,2025-01-27 16:00:00,9.49,2.86,29.3
WALES,2025-01-27 16:30:00,7.79,2.96,66.6
WALES,2025-01-27 17:00:00,8.99,3.17,76.7
WALES,2025-01-27 17:30:00,6.94,0.0,62.7
WALES,2025-01-27 18:00:00,8.4,0.21,71.0
WALES,2025-01-27 18:30:00,6.67,3.78,73.8
WALES,2025-01-27 19:00:00,9.22,4.4,51.5
WALES,2025-01-27 19:30:00,9.11,5.02,48.4
WALES,2025-01-27 20:00:00,7.62,5.58,93.3
WALES,2025-01-27 20:30:00,10.77,0.0,82.5
WALES,2025-01-27 21:00:00,8.15,7.6,41.3
WALES,2025-01-27 21:30:00,7.56,3.9,52.8
WALES,2025-01-27 22:00:00,8.29,5.89,82.3
WALES,2025-01-27 22:30:00,7.58,7.28,37.8
WALES,2025-01-27 23:00:00,7.67,9.07,66.7
WALES,2025-01-27 23:30:00,7.61,4.53,72.7
WALES,2025-01-28 00:00:00,8.45,6.56,44.4
WALES,2025-01-28 00:30:00,7.26,2.22,45.0
WALES,2025-01-28 01:00:00,7.62,1.87,65.2
WALES,2025-01-28 01:30:00,8.33,1.55,48.7
WALES,2025-01-28 02:00:00,6.44,3.56,57.0
WALES,2025-01-28 02:30:00,8.14,5.96,45.4
WALES,2025-01-28 03:00:00,7.36,6.75,81.8
WALES,2025-01-28 03:30:00,6.78,3.89,34.7
WALES,2025-01-28 04:00:00,5.55,1.01,80.5
WALES,2025-01-28 04:30:00,5.73,3.83,48.9
WALES,2025-01-28 05:00:00,3.94,5.43,69.0
WALES,2025-01-28 05:30:00,6.76,0.5,83.7
WALES,2025-01-28 06:00:00,5.17,5.55,12.6
WALES,2025-01-28 06:30:00,5.81,3.85,56.0
WALES,2025-01-28 07:00:00,5.0,2.81,34.6
WALES,2025-01-28 07:30:00,3.6,4.05,83.6
WALES,2025-01-28 08:00:00,6.38,4.46,51.2
WALES,2025-01-28 08:30:00,7.52,5.36,70.7
WALES,2025-01-28 09:00:00,3.52,4.51,37.7
WALES,2025-01-28 09:30:00,7.62,2.32,49.1
WALES,2025-01-28 10:00:00,4.54,3.26,72.1
WALES,2025-01-28 10:30:00,5.32,4.08,72.9
WALES,2025-01-28 11:00:00,3.81,5.5,62.4
WALES,2025-01-28 11:30:00,4.79,4.26,62.0
WALES,2025-01-28 12:00:00,2.9,6.75,81.8
WALES,2025-01-28 12:30:00,4.48,2.49,84.4
WALES,2025-01-28 13:00:00,7.33,4.78,67.8
WALES,2025-01-28 13:30:00,6.98,1.87,49.8
WALES,2025-01-28 14:00:00,8.25,5.31,65.1
WALES,2025-01-28 14:30:00,6.27,5.98,42.6
WALES,2025-01-28 15:00:00,9.34,2.55,44.3
WALES,2025-01-28 15:30:00,7.6,4.43,61.7
WALES,2025-01-28 16:00:00,6.46,4.84,77.6
WALES,2025-01-28 16:30:00,7.95,0.91,56.2
WALES,2025-01-28 17:00:00,7.1,0.14,50.1
WALES,2025-01-28 17:30:00,10.41,3.83,55.1
WALES,2025-01-28 18:00:00,9.63,5.22,33.6
WALES,2025-01-28 18:30:00,11.02,4.4,76.3
WALES,2025-01-28 19:00:00,8.27,0.09,57.9
WALES,2025-01-28 19:30:00,7.66,6.34,34.5
WALES,2025-01-28 20:00:00,9.08,5.2,67.7
WALES,2025-01-28 20:30:00,8.45,0.44,32.9
WALES,2025-01-28 21:00:00,8.07,1.18,58.6
WALES,2025-01-28 21:30:00,8.07,1.41,34.4
WALES,2025-01-28 22:00:00,6.87,3.89,46.8
WALES,2025-01-28 22:30:00,8.81,3.85,56.3
WALES,2025-01-28 23:00:00,9.24,1.05,71.7
WALES,2025-01-28 23:30:00,8.93,3.6,45.5
WALES,2025-01-29 00:00:00,8.16,4.9,34.8
WALES,2025-01-29 00:30:00,8.68,7.48,58.8
WALES,2025-01-29 01:00:00,9.2,4.95,64.7
WALES,2025-01-29 01:30:00,6.79,3.32,42.3
WALES,2025-01-29 02:00:00,8.25,2.51,91.7
WALES,2025-01-29 02:30:00,7.64,4.79,36.2
WALES,2025-01-29 03:00:00,7.4,3.56,49.8
WALES,2025-01-29 03:30:00,5.81,1.52,60.2
WALES,2025-01-29 04:00:00,5.92,1.37,69.3
WALES,2025-01-29 04:30:00,8.67,1.15,58.0
WALES,2025-01-29 05:00:00,7.69,2.45,67.9
WALES,2025-01-29 05:30:00,6.17,5.32,93.0
WALES,2025-01-29 06:00:00,3.24,4.38,51.0
WALES,2025-01-29 06:30:00,5.34,4.09,54.7
WALES,2025-01-29 07:00:00,3.88,1.96,98.3
WALES,2025-01-29 07:30:00,3.53,6.45,41.4
WALES,2025-01-29 08:00:00,5.23,7.94,74.3
WALES,2025-01-29 08:30:00,3.39,3.33,59.5
WALES,2025-01-29 09:00:00,6.42,4.09,57.1
WALES,2025-01-29 09:30:00,7.25,7.16,72.6
WALES,2025-01-29 10:00:00,4.63,0.0,37.0
WALES,2025-01-29 10:30:00,3.53,3.88,76.9
WALES,2025-01-29 11:00:00,8.07,6.55,47.2
WALES,2025-01-29 11:30:00,6.01,4.8,31.9
WALES,2025-01-29 12:00:00,5.07,3.14,98.3
WALES,2025-01-29 12:30:00,6.58,1.37,52.4
WALES,2025-01-29 13:00:00,7.14,3.5,53.6
WALES,2025-01-29 13:30:00,7.48,6.8,81.9
WALES,2025-01-29 14:00:00,6.76,3.67,54.4
WALES,2025-01-29 14:30:00,8.38,3.22,25.4
WALES,2025-01-29 15:00:00,8.21,5.06,52.7
WALES,2025-01-29 15:30:00,9.86,2.92,85.5
WALES,2025-01-29 16:00:00,6.51,4.55,45.4
WALES,2025-01-29 16:30:00,8.03,5.52,49.7
WALES,2025-01-29 17:00:00,7.69,3.55,127.7
WALES,2025-01-29 17:30:00,8.77,4.29,67.8
WALES,2025-01-29 18:00:00,6.79,5.84,72.8
WALES,2025-01-29 18:30:00,6.71,8.81,60.1
WALES,2025-01-29 19:00:00,7.71,4.63,43.6
WALES,2025-01-29 19:30:00,7.12,3.45,55.9
WALES,2025-01-29 20:00:00,7.904999999999999,2.44,41.4
WALES,2025-01-29 20:30:00,8.69,5.3,62.5
WALES,2025-01-29 21:00:00,9.01,0.35,59.5
WALES,2025-01-29 21:30:00,7.74,0.56,75.8
WALES,2025-01-29 22:00:00,7.25,4.19,51.2
WALES,2025-01-29 22:30:00,7.71,6.44,49.2
WALES,2025-01-29 23:00:00,7.89,2.53,63.2
WALES,2025-01-29 23:30:00,8.34,2.6,43.4
WALES,2025-01-30 00:00:00,8.14,2.7,91.0
WALES,2025-01-30 00:30:00,7.55,4.67,58.4
WALES,2025-01-30 01:00:00,7.36,5.8,70.4
WALES,2025-01-30 01:30:00,8.38,5.1,30.9
WALES,2025-01-30 02:00:00,7.71,3.51,50.8
WALES,2025-01-30 02:30:00,11.34,1.05,58.4
WALES,2025-01-30 03:00:00,6.46,3.84,41.7
WALES,2025-01-30 03:30:00,6.94,1.75,65.1
WALES,2025-01-30 04:00:00,6.37,3.51,58.7
WALES,2025-01-30 04:30:00,8.09,5.16,63.1
WALES,2025-01-30 05:00:00,6.28,4.08,69.9
WALES,2025-01-30 05:30:00,5.04,8.42,63.4
WALES,2025-01-30 06:00:00,8.84,8.43,50.9
WALES,2025-01-30 06:30:00,5.74,4.73,76.8
WALES,2025-01-30 07:00:00,5.41,6.41,28.3
WALES,2025-01-30 07:30:00,4.52,3.62,48.0
WALES,2025-01-30 08:00:00,3.11,5.77,40.1
WALES,2025-01-30 08:30:00,4.38,5.51,82.0
WALES,2025-01-30 09:00:00,4.57,1.93,45.4
WALES,2025-01-30 09:30:00,6.59,6.34,66.1
WALES,2025-01-30 10:00:00,5.75,1.36,68.4
WALES,2025-01-30 10:30:00,6.4,4.33,63.6
WALES,2025-01-30 11:00:00,4.53,6.34,35.5
WALES,2025-01-30 11:30:00,5.75,4.92,80.5
WALES,2025-01-30 12:00:00,7.45,6.28,54.6
WALES,2025-01-30 12:30:00,8.97,6.18,53.6
WALES,2025-01-30 13:00:00,6.32,5.52,51.6
WALES,2025-01-30 13:30:00,5.13,4.17,19.1
WALES,2025-01-30 14:00:00,7.62,5.28,55.2
WALES,2025-01-30 14:30:00,8.57,5.7,41.7
WALES,2025-01-30 15:00:00,7.76,2.96,54.2
WALES,2025-01-30 15:30:00,9.08,5.25,47.1
WALES,2025-01-30 16:00:00,8.45,2.49,51.3
WALES,2025-01-30 16:30:00,10.03,9.09,92.0
WALES,2025-01-30 17:00:00,8.93,4.37,78.3
WALES,2025-01-30 17:30:00,8.72,1.15,92.7
WALES,2025-01-30 18:00:00,7.49,6.42,73.7
WALES,2025-01-30 18:30:00,11.15,5.73,49.4
WALES,2025-01-30 19:00:00,10.42,3.27,42.4
WALES,2025-01-30 19:30:00,6.92,3.75,29.6
WALES,2025-01-30 20:00:00,10.91,0.86,53.2
WALES,2025-01-30 20:30:00,8.78,4.34,44.4
WALES,2025-01-30 21:00:00,10.48,4.33,59.7
WALES,2025-01-30 21:30:00,8.34,5.1,85.2
WALES,2025-01-30 22:00:00,12.15,2.12,57.5
WALES,2025-01-30 22:30:00,6.63,5.36,35.4
WALES,2025-01-30 23:00:00,8.93,6.47,52.6
WALES,2025-01-30 23:30:00,7.48,6.64,72.8
WALES,2025-01-31 00:00:00,6.9,4.28,44.6
WALES,2025-01-31 00:30:00,9.53,4.25,87.5
WALES,2025-01-31 01:00:00,6.65,4.45,59.8
WALES,2025-01-31 01:30:00,8.08,2.87,19.5
WALES,2025-01-31 02:00:00,8.07,4.11,45.0
WALES,2025-01-31 02:30:00,6.65,1.66,26.5
WALES,2025-01-31 03:00:00,7.98,5.14,35.7
WALES,2025-01-31 03:30:00,9.76,1.75,72.9
WALES,2025-01-31 04:00:00,6.26,1.47,66.3
WALES,2025-01-31 04:30:00,6.03,2.73,83.7
WALES,2025-01-31 05:00:00,6.59,5.44,56.1
WALES,2025-01-31 05:30:00,6.26,3.95,69.0
WALES,2025-01-31 06:00:00,4.36,0.0,84.4
WALES,2025-01-31 06:30:00,5.5,5.14,47.7
WALES,2025-01-31 07:00:00,5.05,7.04,66.5
WALES,2025-01-31 07:30:00,7.97,5.78,48.0
WALES,2025-01-31 08:00:00,5.78,7.36,64.0
WALES,2025-01-31 08:30:00,6.03,6.83,17.8
WALES,2025-01-31 09:00:00,6.16,6.69,46.2
WALES,2025-01-31 09:30:00,6.58,3.99,29.5
WALES,2025-01-31 10:00:00,6.47,3.98,58.7
WALES,2025-01-31 10:30:00,6.3,2.1,73.9
WALES,2025-01-31 11:00:00,4.74,7.03,80.5
WALES,2025-01-31 11:30:00,7.68,4.93,52.4
WALES,2025-01-31 12:00:00,5.39,2.44,56.9
WALES,2025-01-31 12:30:00,5.43,4.65,45.5
WALES,2025-01-31 13:00:00,5.99,3.24,46.0
WALES,2025-01-31 13:30:00,6.32,5.17,44.1
WALES,2025-01-31 14:00:00,5.81,3.64,39.5
WALES,2025-01-31 14:30:00,8.86,2.6,60.9
WALES,2025-01-31 15:00:00,8.32,1.48,44.8
WALES,2025-01-31 15:30:00,7.01,5.56,93.0
WALES,2025-01-31 16:00:00,10.48,6.55,37.7
WALES,2025-01-31 16:30:00,7.2,6.77,87.5
WALES,2025-01-31 17:00:00,9.62,5.61,52.3
WALES,2025-01-31 17:30:00,10.73,2.54,31.0
WALES,2025-01-31 18:00:00,9.95,2.83,36.6
WALES,2025-01-31 18:30:00,10.04,0.34,68.2
WALES,2025-01-31 19:00:00,8.65,7.2,68.2
WALES,2025-01-31 19:30:00,10.47,1.83,29.5
WALES,2025-01-31 20:00:00,8.82,5.22,61.3
WALES,2025-01-31 20:30:00,10.63,5.09,41.1
WALES,2025-01-31 21:00:00,9.74,4.34,82.9
WALES,2025-01-31 21:30:00,8.07,2.67,67.1
WALES,2025-01-31 22:00:00,10.68,3.6,70.7
WALES,2025-01-31 22:30:00,9.03,3.92,80.7
WALES,2025-01-31 23:00:00,8.8,3.11,51.0
WALES,2025-01-31 23:30:00,8.3,2.62,55.7
WALES,2025-02-01 00:00:00,8.39,4.57,42.3
WALES,2025-02-01 00:30:00,7.82,3.26,46.3
WALES,2025-02-01 01:00:00,7.14,5.8,84.6
WALES,2025-02-01 01:30:00,7.46,2.58,58.5
WALES,2025-02-01 02:00:00,7.42,5.38,52.9
WALES,2025-02-01 02:30:00,6.67,8.9,36.7
WALES,2025-02-01 03:00:00,7.88,6.98,55.4
WALES,2025-02-01 03:30:00,7.33,0.65,60.4
WALES,2025-02-01 04:00:00,7.71,4.24,60.7
WALES,2025-02-01 04:30:00,8.4,5.64,72.7
WALES,2025-02-01 05:00:00,4.93,0.0,66.7
WALES,2025-02-01 05:30:00,5.91,5.53,62.2
WALES,2025-02-01 06:00:00,5.64,4.06,40.0
WALES,2025-02-01 06:30:00,3.37,2.23,40.2
WALES,2025-02-01 07:00:00,5.33,0.73,51.4
WALES,2025-02-01 07:30:00,7.7,3.85,60.9
WALES,2025-02-01 08:00:00,5.34,4.42,50.5
WALES,2025-02-01 08:30:00,5.12,2.92,33.1
WALES,2025-02-01 09:00:00,6.8,2.24,88.8
WALES,2025-02-01 09:30:00,4.47,1.28,94.8
WALES,2025-02-01 10:00:00,3.81,0.0,34.0
WALES,2025-02-01 10:30:00,5.42,1.32,49.9
WALES,2025-02-01 11:00:00,3.47,6.17,67.6
WALES,2025-02-01 11:30:00,4.39,0.0,43.7
WALES,2025-02-01 12:00:00,7.1,6.15,55.8
WALES,2025-02-01 12:30:00,5.72,2.84,65.5
WALES,2025-02-01 13:00:00,7.86,3.71,53.3
WALES,2025-02-01 13:30:00,7.74,6.99,54.8
WALES,2025-02-01 14:00:00,7.42,2.5,61.4
WALES,2025-02-01 14:30:00,6.21,6.84,76.0
WALES,2025-02-01 15:00:00,9.92,2.88,97.3
WALES,2025-02-01 15:30:00,8.13,3.73,82.6
WALES,2025-02-01 16:00:00,7.1,4.07,57.2
WALES,2025-02-01 16:30:00,8.82,3.11,50.3
WALES,2025-02-01 17:00:00,8.28,3.42,61.4
WALES,2025-02-01 17:30:00,10.28,0.0,73.8
WALES,2025-02-01 18:00:00,8.49,3.64,40.4
WALES,2025-02-01 18:30:00,9.11,3.22,56.0
WALES,2025-02-01 19:00:00,9.95,5.27,85.6
WALES,2025-02-01 19:30:00,8.54,5.36,71.4
WALES,2025-02-01 20:00:00,9.43,7.37,48.5
WALES,2025-02-01 20:30:00,9.5,4.61,38.4
WALES,2025-02-01 21:00:00,10.77,3.79,67.9
WALES,2025-02-01 21:30:00,11.15,4.43,60.7
WALES,2025-02-01 22:00:00,9.13,1.99,53.1
WALES,2025-02-01 22:30:00,8.87,4.2,84.8
WALES,2025-02-01 23:00:00,9.85,2.82,59.6
WALES,2025-02-01 23:30:00,10.42,0.55,55.9
WALES,2025-02-02 00:00:00,6.82,8.89,73.9
WALES,2025-02-02 00:30:00,7.79,3.93,45.2
WALES,2025-02-02 01:00:00,10.29,0.0,65.9
WALES,2025-02-02 01:30:00,7.82,1.94,55.5
WALES,2025-02-02 02:00:00,5.44,7.14,60.5
WALES,2025-02-02 02:30:00,8.49,3.03,84.2
WALES,2025-02-02 03:00:00,6.91,6.15,70.2
WALES,2025-02-02 03:30:00,6.83,6.0,135.3
WALES,2025-02-02 04:00:00,5.03,3.76,36.7
WALES,2025-02-02 04:30:00,6.89,4.45,95.0
WALES,2025-02-02 05:00:00,5.67,5.9,22.6
WALES,2025-02-02 05:30:00,6.16,2.26,70.7
WALES,2025-02-02 06:00:00,7.04,2.8,69.7
WALES,2025-02-02 06:30:00,5.23,4.09,67.4
WALES,2025-02-02 07:00:00,4.25,2.0,75.6
WALES,2025-02-02 07:30:00,4.64,6.56,28.0
WALES,2025-02-02 08:00:00,6.51,4.02,58.3
WALES,2025-02-02 08:30:00,5.56,1.11,80.2
WALES,2025-02-02 09:00:00,4.94,2.33,99.0
WALES,2025-02-02 09:30:00,5.04,2.27,74.6
WALES,2025-02-02 10:00:00,5.97,6.02,61.5
WALES,2025-02-02 10:30:00,6.8,8.1,46.4
WALES,2025-02-02 11:00:00,5.42,0.79,66.8
WALES,2025-02-02 11:30:00,6.12,6.53,59.5
WALES,2025-02-02 12:00:00,6.29,4.39,55.8
WALES,2025-02-02 12:30:00,6.83,4.45,69.7
WALES,2025-02-02 13:00:00,6.6,5.1,71.1
WALES,2025-02-02 13:30:00,6.48,3.84,56.8
WALES,2025-02-02 14:00:00,5.92,3.03,73.7
WALES,2025-02-02 14:30:00,8.4,4.68,41.8
WALES,2025-02-02 15:00:00,9.08,7.7,70.7
WALES,2025-02-02 15:30:00,7.9,2.27,59.7
WALES,2025-02-02 16:00:00,7.79,3.6,83.2
WALES,2025-02-02 16:30:00,9.45,3.31,61.6
WALES,2025-02-02 17:00:00,8.8,3.13,35.8
WALES,2025-02-02 17:30:00,9.8,6.36,49.1
WALES,2025-02-02 18:00:00,8.34,5.82,48.0
WALES,2025-02-02 18:30:00,7.46,3.11,84.4
WALES,2025-02-02 19:00:00,8.69,2.7,51.5
WALES,2025-02-02 19:30:00,7.94,1.36,55.3
WALES,2025-02-02 20:00:00,7.7,3.2,64.7
WALES,2025-02-02 20:30:00,9.84,3.72,38.4
WALES,2025-02-02 21:00:00,8.83,4.69,71.2
WALES,2025-02-02 21:30:00,8.99,2.59,61.5
WALES,2025-02-02 22:00:00,8.7,1.96,65.5
WALES,2025-02-02 22:30:00,9.14,1.78,48.6
WALES,2025-02-02 23:00:00,8.57,0.95,46.9
WALES,2025-02-02 23:30:00,9.56,3.02,45.6
WALES,2025-02-03 00:00:00,9.75,4.7,72.5
WALES,2025-02-03 00:30:00,7.51,3.43,59.8
WALES,2025-02-03 01:00:00,8.24,8.57,61.5
WALES,2025-02-03 01:30:00,9.27,8.58,90.9
WALES,2025-02-03 02:00:00,7.64,6.3,62.3
WALES,2025-02-03 02:30:00,7.41,5.68,75.9
WALES,2025-02-03 03:00:00,7.55,3.66,51.3
WALES,2025-02-03 03:30:00,5.49,4.32,64.3
WALES,2025-02-03 04:00:00,7.45,1.08,61.9
WALES,2025-02-03 04:30:00,6.21,3.88,82.4
WALES,2025-02-03 05:00:00,7.58,6.03,61.7
WALES,2025-02-03 05:30:00,5.81,6.41,90.8
WALES,2025-02-03 06:00:00,7.64,4.98,60.7
WALES,2025-02-03 06:30:00,6.55,5.51,52.8
WALES,2025-02-03 07:00:00,5.29,10.09,52.8
WALES,2025-02-03 07:30:00,6.55,2.97,57.8
WALES,2025-02-03 08:00:00,4.35,2.16,71.1
WALES,2025-02-03 08:30:00,6.05,7.68,60.5
WALES,2025-02-03 09:00:00,5.71,3.91,42.5
WALES,2025-02-03 09:30:00,6.23,3.66,34.2
WALES,2025-02-03 10:00:00,7.05,2.85,66.0
WALES,2025-02-03 10:30:00,6.16,4.42,41.9
WALES,2025-02-03 11:00:00,7.72,2.54,15.8
WALES,2025-02-03 11:30:00,7.06,5.63,38.5
WALES,2025-02-03 12:00:00,6.45,6.16,85.4
WALES,2025-02-03 12:30:00,7.19,5.65,72.9
WALES,2025-02-03 13:00:00,6.77,1.82,55.3
WALES,2025-02-03 13:30:00,8.29,6.23,63.7
WALES,2025-02-03 14:00:00,7.05,7.47,62.2
WALES,2025-02-03 14:30:00,8.22,1.59,59.0
WALES,2025-02-03 15:00:00,9.28,1.26,59.3
WALES,2025-02-03 15:30:00,8.46,6.86,77.6
WALES,2025-02-03 16:00:00,10.49,5.66,76.0
WALES,2025-02-03 16:30:00,7.31,2.03,90.3
WALES,2025-02-03 17:00:00,8.32,2.92,18.5
WALES,2025-02-03 17:30:00,10.14,1.76,45.2
WALES,2025-02-03 18:00:00,10.5,0.0,84.5
WALES,2025-02-03 18:30:00,8.19,3.71,46.0
WALES,2025-02-03 19:00:00,7.79,2.48,45.1
WALES,2025-02-03 19:30:00,7.91,7.08,42.5
WALES,2025-02-03 20:00:00,7.19,0.0,67.8
WALES,2025-02-03 20:30:00,7.37,3.64,95.5
WALES,2025-02-03 21:00:00,9.6,4.65,50.5
WALES,2025-02-03 21:30:00,9.37,3.57,65.6
WALES,2025-02-03 22:00:00,11.18,3.15,45.8
WALES,2025-02-03 22:30:00,9.1,5.92,53.9
WALES,2025-02-03 23:00:00,9.19,5.02,98.7
WALES,2025-02-03 23:30:00,9.98,2.25,20.6
WALES,2025-02-04 00:00:00,8.7,2.59,51.3
WALES,2025-02-04 00:30:00,7.33,2.99,50.5
WALES,2025-02-04 01:00:00,7.9,2.65,47.1
WALES,2025-02-04 01:30:00,8.68,3.99,60.1
WALES,2025-02-04 02:00:00,7.46,2.21,85.9
WALES,2025-02-04 02:30:00,9.96,6.48,28.2
WALES,2025-02-04 03:00:00,6.21,5.42,46.5
WALES,2025-02-04 03:30:00,6.16,1.26,53.5
WALES,2025-02-04 04:00:00,5.54,0.0,80.7
WALES,2025-02-04 04:30:00,7.02,1.33,75.6
WALES,2025-02-04 05:00:00,6.26,6.32,73.2
WALES,2025-02-04 05:30:00,5.18,5.34,72.8
WALES,2025-02-04 06:00:00,7.06,5.99,97.4
WALES,2025-02-04 06:30:00,6.93,2.43,63.2
WALES,2025-02-04 07:00:00,4.33,6.42,44.6
WALES,2025-02-04 07:30:00,8.27,3.42,59.2
WALES,2025-02-04 08:00:00,4.96,2.57,50.5
WALES,2025-02-04 08:30:00,5.8,4.04,52.3
WALES,2025-02-04 09:00:00,5.96,2.91,59.9
WALES,2025-02-04 09:30:00,7.71,2.85,54.5
WALES,2025-02-04 10:00:00,4.4,3.32,66.7
WALES,2025-02-04 10:30:00,5.16,1.73,66.5
WALES,2025-02-04 11:00:00,6.67,5.23,37.7
WALES,2025-02-04 11:30:00,7.75,3.02,41.9
WALES,2025-02-04 12:00:00,7.75,6.67,54.3
WALES,2025-02-04 12:30:00,5.52,4.88,36.0
WALES,2025-02-04 13:00:00,10.07,1.94,66.4
WALES,2025-02-04 13:30:00,6.81,2.16,43.2
WALES,2025-02-04 14:00:00,8.87,4.73,47.5
WALES,2025-02-04 14:30:00,6.85,2.37,75.9
WALES,2025-02-04 15:00:00,9.15,5.05,64.6
WALES,2025-02-04 15:30:00,8.79,0.7,65.0
WALES,2025-02-04 16:00:00,9.8,4.46,61.0
WALES,2025-02-04 16:30:00,7.76,2.86,50.6
WALES,2025-02-04 17:00:00,9.2,3.03,27.2
WALES,2025-02-04 17:30:00,9.89,5.04,66.4
WALES,2025-02-04 18:00:00,8.13,3.02,69.3
WALES,2025-02-04 18:30:00,9.29,2.6,83.4
WALES,2025-02-04 19:00:00,8.44,0.0,61.6
WALES,2025-02-04 19:30:00,9.61,4.12,67.2
WALES,2025-02-04 20:00:00,8.85,6.05,35.4
WALES,2025-02-04 20:30:00,9.5,2.75,78.1
WALES,2025-02-04 21:00:00,8.5,4.14,61.5
WALES,2025-02-04 21:30:00,9.69,2.54,66.6
WALES,2025-02-04 22:00:00,9.29,4.69,88.3
WALES,2025-02-04 22:30:00,9.39,2.01,95.3
WALES,2025-02-04 23:00:00,10.11,5.31,56.7
WALES,2025-02-04 23:30:00,9.82,0.0,87.8
WALES,2025-02-05 00:00:00,9.66,3.65,75.7
WALES,2025-02-05 00:30:00,9.33,1.98,63.2
WALES,2025-02-05 01:00:00,8.56,3.73,56.1
WALES,2025-02-05 01:30:00,9.19,4.35,93.8
WALES,2025-02-05 02:00:00,6.8,4.82,43.4
WALES,2025-02-05 02:30:00,8.4,1.77,65.2
WALES,2025-02-05 03:00:00,8.49,4.1,42.2
WALES,2025-02-05 03:30:00,8.2,4.72,58.5
WALES,2025-02-05 04:00:00,5.43,0.78,100.5
WALES,2025-02-05 04:30:00,5.9,2.01,65.7
WALES,2025-02-05 05:00:00,4.95,5.0,84.3
WALES,2025-02-05 05:30:00,4.9,3.4,67.8
WALES,2025-02-05 06:00:00,4.39,2.18,57.9
WALES,2025-02-05 06:30:00,8.21,2.29,54.9
WALES,2025-02-05 07:00:00,8.63,5.59,29.5
WALES,2025-02-05 07:30:00,5.38,5.17,86.0
WALES,2025-02-05 08:00:00,7.26,5.12,72.9
WALES,2025-02-05 08:30:00,4.03,2.61,36.6
WALES,2025-02-05 09:00:00,6.89,4.75,61.9
WALES,2025-02-05 09:30:00,7.51,5.08,80.5
WALES,2025-02-05 10:00:00,6.76,5.71,41.2
WALES,2025-02-05 10:30:00,7.02,4.95,52.6
WALES,2025-02-05 11:00:00,6.99,6.57,58.2
WALES,2025-02-05 11:30:00,5.27,2.59,34.9
WALES,2025-02-05 12:00:00,6.39,5.18,91.2
WALES,2025-02-05 12:30:00,5.62,4.72,60.4
WALES,2025-02-05 13:00:00,7.06,0.94,41.8
WALES,2025-02-05 13:30:00,9.25,6.02,65.1
WALES,2025-02-05 14:00:00,8.14,5.49,51.9
WALES,2025-02-05 14:30:00,7.1,2.77,63.0
WALES,2025-02-05 15:00:00,6.72,2.67,69.1
WALES,2025-02-05 15:30:00,7.68,0.5,53.2
WALES,2025-02-05 16:00:00,9.24,4.23,29.6
WALES,2025-02-05 16:30:00,9.83,3.51,66.1
WALES,2025-02-05 17:00:00,10.26,3.75,25.6
WALES,2025-02-05 17:30:00,11.11,0.0,54.0
WALES,2025-02-05 18:00:00,10.87,2.61,48.5
WALES,2025-02-05 18:30:00,9.06,3.64,44.5
WALES,2025-02-05 19:00:00,8.76,6.15,50.4
WALES,2025-02-05 19:30:00,10.12,2.17,84.9
WALES,2025-02-05 20:00:00,10.71,3.82,71.5
WALES,2025-02-05 20:30:00,11.41,2.0,41.0
WALES,2025-02-05 21:00:00,9.97,1.41,32.1
WALES,2025-02-05 21:30:00,7.6,4.3,23.4
WALES,2025-02-05 22:00:00,8.84,0.0,67.9
WALES,2025-02-05 22:30:00,9.93,3.58,81.3
WALES,2025-02-05 23:00:00,9.96,2.42,44.2
WALES,2025-02-05 23:30:00,10.06,5.37,55.2
WALES,2025-02-06 00:00:00,6.54,5.86,61.2
WALES,2025-02-06 00:30:00,8.58,0.0,69.6
WALES,2025-02-06 01:00:00,8.1,2.92,44.9
WALES,2025-02-06 01:30:00,8.3,4.94,53.1
WALES,2025-02-06 02:00:00,8.33,1.7,48.3
WALES,2025-02-06 02:30:00,8.48,3.19,90.9
WALES,2025-02-06 03:00:00,7.47,1.66,31.8
WALES,2025-02-06 03:30:00,8.08,2.79,76.5
WALES,2025-02-06 04:00:00,6.01,4.48,54.0
WALES,2025-02-06 04:30:00,6.96,5.46,60.3
WALES,2025-02-06 05:00:00,7.03,0.6,67.5
WALES,2025-02-06 05:30:00,6.27,3.48,17.0
WALES,2025-02-06 06:00:00,3.92,4.45,66.4
WALES,2025-02-06 06:30:00,6.41,3.99,38.4
WALES,2025-02-06 07:00:00,4.49,0.0,62.2
WALES,2025-02-06 07:30:00,8.01,3.82,46.3
WALES,2025-02-06 08:00:00,5.68,3.73,28.7
WALES,2025-02-06 08:30:00,5.96,3.78,56.9
WALES,2025-02-06 09:00:00,8.11,3.8,92.8
WALES,2025-02-06 09:30:00,4.73,0.98,45.4
WALES,2025-02-06 10:00:00,7.33,2.48,34.3
WALES,2025-02-06 10:30:00,6.33,3.23,70.3
WALES,2025-02-06 11:00:00,5.43,2.15,89.9
WALES,2025-02-06 11:30:00,5.24,2.33,68.3
WALES,2025-02-06 12:00:00,3.31,5.47,92.2
WALES,2025-02-06 12:30:00,7.69,1.92,47.0
WALES,2025-02-06 13:00:00,7.21,4.73,89.1
WALES,2025-02-06 13:30:00,9.02,3.57,50.4
WALES,2025-02-06 14:00:00,6.72,5.29,79.4
WALES,2025-02-06 14:30:00,7.74,4.0,98.0
WALES,2025-02-06 15:00:00,8.99,0.0,59.4
WALES,2025-02-06 15:30:00,8.41,3.46,82.7
WALES,2025-02-06 16:00:00,8.26,2.03,47.2
WALES,2025-02-06 16:30:00,9.46,1.29,51.1
WALES,2025-02-06 17:00:00,10.08,1.28,41.3
WALES,2025-02-06 17:30:00,7.03,2.21,50.6
WALES,2025-02-06 18:00:00,9.1,2.17,53.1
WALES,2025-02-06 18:30:00,10.56,4.67,98.4
WALES,2025-02-06 19:00:00,8.78,3.1,62.8
WALES,2025-02-06 19:30:00,8.97,3.95,25.5
WALES,2025-02-06 20:00:00,9.21,5.76,94.3
WALES,2025-02-06 20:30:00,11.39,4.25,68.7
WALES,2025-02-06 21:00:00,9.98,2.89,42.7
WALES,2025-02-06 21:30:00,9.88,3.78,75.1
WALES,2025-02-06 22:00:00,6.53,3.65,81.8
WALES,2025-02-06 22:30:00,10.08,2.03,36.4
WALES,2025-02-06 23:00:00,9.01,5.57,69.3
WALES,2025-02-06 23:30:00,9.21,5.28,64.6
WALES,2025-02-07 00:00:00,9.44,5.87,52.0
WALES,2025-02-07 00:30:00,7.66,5.46,50.8
WALES,2025-02-07 01:00:00,5.9,6.85,64.6
WALES,2025-02-07 01:30:00,8.49,3.63,75.1
WALES,2025-02-07 02:00:00,6.18,4.01,65.1
WALES,2025-02-07 02:30:00,8.38,0.58,70.7
WALES,2025-02-07 03:00:00,6.7,2.7,31.9
WALES,2025-02-07 03:30:00,9.88,3.74,64.4
WALES,2025-02-07 04:00:00,5.46,0.94,74.7
WALES,2025-02-07 04:30:00,5.1,6.61,92.4
WALES,2025-02-07 05:00:00,5.37,3.08,14.2
WALES,2025-02-07 05:30:00,4.21,5.26,82.6
WALES,2025-02-07 06:00:00,5.05,2.74,31.5
WALES,2025-02-07 06:30:00,4.63,6.66,65.6
WALES,2025-02-07 07:00:00,3.63,5.13,102.7
WALES,2025-02-07 07:30:00,5.32,2.67,70.5
WALES,2025-02-07 08:00:00,6.93,5.64,54.3
WALES,2025-02-07 08:30:00,5.22,0.55,37.9
WALES,2025-02-07 09:00:00,6.22,2.93,64.4
WALES,2025-02-07 09:30:00,5.5,4.12,60.3
WALES,2025-02-07 10:00:00,6.88,5.7,59.7
WALES,2025-02-07 10:30:00,5.74,3.93,45.9
WALES,2025-02-07 11:00:00,7.61,2.88,57.1
WALES,2025-02-07 11:30:00,6.52,4.62,64.8
WALES,2025-02-07 12:00:00,6.56,7.29,61.4
WALES,2025-02-07 12:30:00,6.42,7.6,46.0
WALES,2025-02-07 13:00:00,9.36,0.01,52.8
WALES,2025-02-07 13:30:00,5.2,1.28,68.2
WALES,2025-02-07 14:00:00,8.06,2.78,89.4
WALES,2025-02-07 14:30:00,9.08,3.9,27.4
WALES,2025-02-07 15:00:00,9.39,3.03,65.3
WALES,2025-02-07 15:30:00,9.19,3.2,83.0
WALES,2025-02-07 16:00:00,8.26,5.08,73.6
WALES,2025-02-07 16:30:00,9.81,7.49,45.2
WALES,2025-02-07 17:00:00,7.77,3.36,114.8
WALES,2025-02-07 17:30:00,10.75,2.9,53.7
WALES,2025-02-07 18:00:00,9.43,4.55,71.5
WALES,2025-02-07 18:30:00,10.27,6.39,96.1
WALES,2025-02-07 19:00:00,9.49,3.57,53.4
WALES,2025-02-07 19:30:00,9.32,4.74,71.4
WALES,2025-02-07 20:00:00,11.79,2.58,66.5
WALES,2025-02-07 20:30:00,8.71,4.81,108.1
WALES,2025-02-07 21:00:00,9.49,8.9,44.9
WALES,2025-02-07 21:30:00,9.1,3.31,63.1
WALES,2025-02-07 22:00:00,9.27,5.53,10.5
WALES,2025-02-07 22:30:00,8.28,7.79,34.7
WALES,2025-02-07 23:00:00,8.71,5.22,59.2
WALES,2025-02-07 23:30:00,8.11,4.89,75.0
WALES,2025-02-08 00:00:00,8.07,4.81,75.5
WALES,2025-02-08 00:30:00,10.08,4.74,90.8
WALES,2025-02-08 01:00:00,8.36,2.03,56.1
WALES,2025-02-08 01:30:00,9.76,2.21,19.6
WALES,2025-02-08 02:00:00,8.34,3.11,100.5
WALES,2025-02-08 02:30:00,8.1,6.47,51.2
WALES,2025-02-08 03:00:00,7.98,4.74,84.8
WALES,2025-02-08 03:30:00,7.5,2.95,78.7
WALES,2025-02-08 04:00:00,5.93,2.37,59.2
WALES,2025-02-08 04:30:00,6.39,4.03,48.0
WALES,2025-02-08 05:00:00,7.71,6.21,75.0
WALES,2025-02-08 05:30:00,7.25,0.3,62.1
WALES,2025-02-08 06:00:00,7.08,6.68,56.3
WALES,2025-02-08 06:30:00,7.62,4.61,13.5
WALES,2025-02-08 07:00:00,5.73,2.32,49.0
WALES,2025-02-08 07:30:00,7.12,4.59,50.7
WALES,2025-02-08 08:00:00,4.97,4.88,56.7
WALES,2025-02-08 08:30:00,6.62,2.35,53.1
WALES,2025-02-08 09:00:00,4.51,2.89,99.2
WALES,2025-02-08 09:30:00,4.97,3.05,45.2
WALES,2025-02-08 10:00:00,5.83,3.86,81.9
WALES,2025-02-08 10:30:00,5.57,4.23,26.3
WALES,2025-02-08 11:00:00,5.33,6.17,44.6
WALES,2025-02-08 11:30:00,7.29,2.15,56.9
WALES,2025-02-08 12:00:00,8.84,5.49,24.9
WALES,2025-02-08 12:30:00,10.65,1.92,93.6
WALES,2025-02-08 13:00:00,6.73,1.54,51.9
WALES,2025-02-08 13:30:00,6.48,2.9,61.1
WALES,2025-02-08 14:00:00,8.36,6.84,63.9
WALES,2025-02-08 14:30:00,7.88,2.55,55.0
WALES,2025-02-08 15:00:00,7.7,1.25,105.9
WALES,2025-02-08 15:30:00,8.59,4.51,81.9
WALES,2025-02-08 16:00:00,5.69,8.48,44.5
WALES,2025-02-08 16:30:00,7.73,2.91,77.7
WALES,2025-02-08 17:00:00,11.77,7.28,51.3
WALES,2025-02-08 17:30:00,7.04,3.17,48.5
WALES,2025-02-08 18:00:00,7.54,5.17,60.1
WALES,2025-02-08 18:30:00,10.12,5.46,72.3
WALES,2025-02-08 19:00:00,9.64,7.28,51.2
WALES,2025-02-08 19:30:00,8.95,3.54,69.7
WALES,2025-02-08 20:00:00,10.6,3.32,54.2
WALES,2025-02-08 20:30:00,11.35,1.38,109.4
WALES,2025-02-08 21:00:00,9.36,3.59,66.7
WALES,2025-02-08 21:30:00,10.36,2.69,66.1
WALES,2025-02-08 22:00:00,8.4,2.8,31.1
WALES,2025-02-08 22:30:00,9.69,3.65,23.8
WALES,2025-02-08 23:00:00,8.38,3.94,75.5
WALES,2025-02-08 23:30:00,7.66,3.4,40.2
WALES,2025-02-09 00:00:00,9.72,2.66,69.3
WALES,2025-02-09 00:30:00,8.42,0.59,58.7
WALES,2025-02-09 01:00:00,6.95,6.24,92.7
WALES,2025-02-09 01:30:00,9.13,2.72,60.4
WALES,2025-02-09 02:00:00,8.2,6.17,56.6
WALES,2025-02-09 02:30:00,8.34,0.64,64.4
WALES,2025-02-09 03:00:00,6.3,4.09,41.3
WALES,2025-02-09 03:30:00,7.83,5.28,55.8
WALES,2025-02-09 04:00:00,5.81,5.15,88.0
WALES,2025-02-09 04:30:00,9.16,4.79,65.0
WALES,2025-02-09 05:00:00,4.86,6.63,18.2
WALES,2025-02-09 05:30:00,7.87,4.05,16.2
WALES,2025-02-09 06:00:00,6.52,3.69,51.9
WALES,2025-02-09 06:30:00,5.79,3.96,59.6
WALES,2025-02-09 07:00:00,4.15,4.81,53.2
WALES,2025-02-09 07:30:00,7.82,5.72,77.5
WALES,2025-02-09 08:00:00,8.08,5.47,57.4
WALES,2025-02-09 08:30:00,2.78,4.48,91.2
WALES,2025-02-09 09:00:00,6.99,2.98,61.1
WALES,2025-02-09 09:30:00,5.25,4.61,50.8
WALES,2025-02-09 10:00:00,7.85,4.24,64.6
WALES,2025-02-09 10:30:00,5.12,3.16,39.2
WALES,2025-02-09 11:00:00,8.14,2.97,62.9
WALES,2025-02-09 11:30:00,4.58,1.54,55.5
WALES,2025-02-09 12:00:00,6.48,4.49,96.2
WALES,2025-02-09 12:30:00,4.43,5.96,69.0
WALES,2025-02-09 13:00:00,6.59,3.13,80.2
WALES,2025-02-09 13:30:00,7.26,3.36,41.1
WALES,2025-02-09 14:00:00,6.85,1.57,75.9
WALES,2025-02-09 14:30:00,6.91,1.61,63.1
WALES,2025-02-09 15:00:00,7.39,7.09,60.7
WALES,2025-02-09 15:30:00,8.61,4.42,70.3
WALES,2025-02-09 16:00:00,9.7,4.06,41.7
WALES,2025-02-09 16:30:00,8.67,4.12,30.6
WALES,2025-02-09 17:00:00,6.74,1.57,24.9
WALES,2025-02-09 17:30:00,8.68,2.45,61.6
WALES,2025-02-09 18:00:00,10.43,4.58,67.8
WALES,2025-02-09 18:30:00,10.72,3.35,13.1
WALES,2025-02-09 19:00:00,7.69,5.0,63.5
WALES,2025-02-09 19:30:00,10.62,9.68,63.9
WALES,2025-02-09 20:00:00,10.69,4.69,38.6
WALES,2025-02-09 20:30:00,10.76,3.66,90.3
WALES,2025-02-09 21:00:00,7.86,4.01,48.7
WALES,2025-02-09 21:30:00,8.5,5.25,54.3
WALES,2025-02-09 22:00:00,11.18,2.94,52.9
WALES,2025-02-09 22:30:00,12.0,1.3,45.9
WALES,2025-02-09 23:00:00,5.56,3.11,72.4
WALES,2025-02-09 23:30:00,9.76,4.29,44.2
WALES,2025-02-10 00:00:00,8.69,3.2,59.9
WALES,2025-02-10 00:30:00,9.12,3.3,60.4
WALES,2025-02-10 01:00:00,8.31,2.65,61.4
WALES,2025-02-10 01:30:00,6.9,4.36,40.0
WALES,2025-02-10 02:00:00,7.88,4.93,43.3
WALES,2025-02-10 02:30:00,9.15,7.58,48.3
WALES,2025-02-10 03:00:00,7.22,6.42,27.6
WALES,2025-02-10 03:30:00,7.44,3.4,76.2
WALES,2025-02-10 04:00:00,6.62,4.9,45.2
WALES,2025-02-10 04:30:00,8.06,1.76,75.7
WALES,2025-02-10 05:00:00,6.59,0.0,61.1
WALES,2025-02-10 05:30:00,7.23,1.54,44.8
WALES,2025-02-10 06:00:00,6.29,2.98,65.9
WALES,2025-02-10 06:30:00,5.93,1.36,101.9
WALES,2025-02-10 07:00:00,5.58,4.25,91.9
WALES,2025-02-10 07:30:00,7.02,5.1,79.0
WALES,2025-02-10 08:00:00,6.58,5.1,70.2
WALES,2025-02-10 08:30:00,5.71,6.15,72.1
WALES,2025-02-10 09:00:00,3.22,5.7,45.7
WALES,2025-02-10 09:30:00,6.27,0.66,49.5
WALES,2025-02-10 10:00:00,5.75,5.07,49.4
WALES,2025-02-10 10:30:00,3.58,3.02,53.1
WALES,2025-02-10 11:00:00,7.26,4.3,46.2
WALES,2025-02-10 11:30:00,6.83,7.67,81.1
WALES,2025-02-10 12:00:00,4.62,8.95,81.3
WALES,2025-02-10 12:30:00,8.82,0.96,52.5
WALES,2025-02-10 13:00:00,8.1,1.76,69.5
WALES,2025-02-10 13:30:00,9.36,3.33,90.7
WALES,2025-02-10 14:00:00,8.76,0.28,44.4
WALES,2025-02-10 14:30:00,9.24,1.94,79.4
WALES,2025-02-10 15:00:00,9.17,4.62,49.6
WALES,2025-02-10 15:30:00,8.79,7.36,53.0
WALES,2025-02-10 16:00:00,9.65,8.01,64.7
WALES,2025-02-10 16:30:00,8.33,3.0,22.5
WALES,2025-02-10 17:00:00,7.88,4.68,77.5
WALES,2025-02-10 17:30:00,8.82,5.91,76.1
WALES,2025-02-10 18:00:00,8.72,2.81,35.8
WALES,2025-02-10 18:30:00,10.54,4.01,76.0
WALES,2025-02-10 19:00:00,9.77,2.12,74.0
WALES,2025-02-10 19:30:00,7.47,3.33,46.1
WALES,2025-02-10 20:00:00,11.75,7.5,67.6
WALES,2025-02-10 20:30:00,9.22,7.44,47.4
WALES,2025-02-10 21:00:00,8.19,0.03,61.8
WALES,2025-02-10 21:30:00,7.79,6.84,49.6
WALES,2025-02-10 22:00:00,8.1,6.23,75.8
WALES,2025-02-10 22:30:00,11.64,0.6,25.6
WALES,2025-02-10 23:00:00,11.2,0.0,38.1
WALES,2025-02-10 23:30:00,9.4,1.34,63.8
WALES,2025-02-11 00:00:00,7.6,6.58,72.9
WALES,2025-02-11 00:30:00,9.31,3.29,41.4
WALES,2025-02-11 01:00:00,8.33,1.54,94.5
WALES,2025-02-11 01:30:00,8.88,2.26,88.2
WALES,2025-02-11 02:00:00,7.92,6.8,84.6
WALES,2025-02-11 02:30:00,8.5,1.46,49.6
WALES,2025-02-11 03:00:00,11.77,2.9,55.4
WALES,2025-02-11 03:30:00,6.89,2.12,72.7
WALES,2025-02-11 04:00:00,5.37,2.34,65.6
WALES,2025-02-11 04:30:00,6.68,4.33,59.4
WALES,2025-02-11 05:00:00,5.16,6.93,80.6
WALES,2025-02-11 05:30:00,5.42,4.95,51.2
WALES,2025-02-11 06:00:00,7.55,5.72,82.6
WALES,2025-02-11 06:30:00,5.11,1.29,26.5
WALES,2025-02-11 07:00:00,9.26,5.81,82.4
WALES,2025-02-11 07:30:00,4.33,5.27,29.0
WALES,2025-02-11 08:00:00,6.53,4.04,54.6
WALES,2025-02-11 08:30:00,5.33,6.35,50.6
WALES,2025-02-11 09:00:00,7.67,3.91,66.7
WALES,2025-02-11 09:30:00,6.71,4.92,64.1
WALES,2025-02-11 10:00:00,8.83,6.26,14.0
WALES,2025-02-11 10:30:00,6.0,6.97,45.4
WALES,2025-02-11 11:00:00,6.57,4.16,88.7
WALES,2025-02-11 11:30:00,5.31,2.19,69.1
WALES,2025-02-11 12:00:00,7.39,5.04,65.8
WALES,2025-02-11 12:30:00,6.84,5.12,63.7
WALES,2025-02-11 13:00:00,7.16,3.87,50.3
WALES,2025-02-11 13:30:00,6.61,5.12,36.5
WALES,2025-02-11 14:00:00,8.81,3.47,58.1
WALES,2025-02-11 14:30:00,7.77,5.01,86.6
WALES,2025-02-11 15:00:00,10.66,6.1,61.4
WALES,2025-02-11 15:30:00,9.46,0.0,70.9
WALES,2025-02-11 16:00:00,9.45,0.91,49.5
WALES,2025-02-11 16:30:00,9.31,4.76,77.2
WALES,2025-02-11 17:00:00,11.4,3.7,39.5
WALES,2025-02-11 17:30:00,10.38,6.58,82.8
WALES,2025-02-11 18:00:00,10.28,8.0,55.1
WALES,2025-02-11 18:30:00,11.63,1.68,19.2
WALES,2025-02-11 19:00:00,8.5,2.85,60.0
WALES,2025-02-11 19:30:00,8.79,4.26,71.6
WALES,2025-02-11 20:00:00,10.4,3.72,81.6
WALES,2025-02-11 20:30:00,9.02,3.52,50.1
WALES,2025-02-11 21:00:00,10.69,3.15,67.2
WALES,2025-02-11 21:30:00,10.89,2.99,31.2
WALES,2025-02-11 22:00:00,9.44,2.41,48.4
WALES,2025-02-11 22:30:00,6.75,0.76,74.4
WALES,2025-02-11 23:00:00,8.27,6.31,47.1
WALES,2025-02-11 23:30:00,9.98,3.49,71.7
WALES,2025-02-12 00:00:00,8.74,4.43,82.2
WALES,2025-02-12 00:30:00,9.61,2.62,26.3
WALES,2025-02-12 01:00:00,8.43,4.86,62.8
WALES,2025-02-12 01:30:00,7.51,4.3,71.9
WALES,2025-02-12 02:00:00,9.71,3.55,104.2
WALES,2025-02-12 02:30:00,9.79,4.34,64.7
WALES,2025-02-12 03:00:00,9.19,2.07,45.6
WALES,2025-02-12 03:30:00,5.98,3.49,44.5
WALES,2025-02-12 04:00:00,6.62,3.93,35.2
WALES,2025-02-12 04:30:00,8.68,6.38,51.7
WALES,2025-02-12 05:00:00,8.41,4.78,79.8
WALES,2025-02-12 05:30:00,5.0,3.33,71.3
WALES,2025-02-12 06:00:00,6.11,3.65,58.0
WALES,2025-02-12 06:30:00,6.76,4.22,88.0
WALES,2025-02-12 07:00:00,4.92,4.19,72.7
WALES,2025-02-12 07:30:00,4.62,3.31,63.1
WALES,2025-02-12 08:00:00,7.85,4.27,73.6
WALES,2025-02-12 08:30:00,7.03,0.0,61.4
WALES,2025-02-12 09:00:00,5.59,7.01,72.6
WALES,2025-02-12 09:30:00,7.16,5.04,61.9
WALES,2025-02-12 10:00:00,7.31,3.96,83.1
WALES,2025-02-12 10:30:00,5.03,6.08,53.5
WALES,2025-02-12 11:00:00,7.44,0.86,64.9
WALES,2025-02-12 11:30:00,6.45,3.91,28.2
WALES,2025-02-12 12:00:00,7.08,4.26,27.9
WALES,2025-02-12 12:30:00,5.66,4.32,67.3
WALES,2025-02-12 13:00:00,7.46,4.09,60.5
WALES,2025-02-12 13:30:00,6.87,3.64,34.8
WALES,2025-02-12 14:00:00,7.34,3.92,82.2
WALES,2025-02-12 14:30:00,7.9,8.12,94.7
WALES,2025-02-12 15:00:00,8.64,3.17,100.8
WALES,2025-02-12 15:30:00,9.46,4.88,47.0
WALES,2025-02-12 16:00:00,8.53,2.0,86.8
WALES,2025-02-12 16:30:00,9.64,3.38,51.5
WALES,2025-02-12 17:00:00,8.27,3.86,63.1
WALES,2025-02-12 17:30:00,6.73,2.07,47.8
WALES,2025-02-12 18:00:00,11.08,2.89,27.7
WALES,2025-02-12 18:30:00,8.45,7.45,53.3
WALES,2025-02-12 19:00:00,8.73,0.65,60.4
WALES,2025-02-12 19:30:00,10.13,4.88,109.1
WALES,2025-02-12 20:00:00,8.56,3.26,65.3
WALES,2025-02-12 20:30:00,9.52,0.0,69.2
WALES,2025-02-12 21:00:00,9.22,1.87,43.9
WALES,2025-02-12 21:30:00,11.84,6.6,40.4
WALES,2025-02-12 22:00:00,7.7,5.8,97.0
WALES,2025-02-12 22:30:00,12.57,1.17,84.4
WALES,2025-02-12 23:00:00,9.45,0.14,44.5
WALES,2025-02-12 23:30:00,8.51,4.95,35.4
WALES,2025-02-13 00:00:00,10.24,4.95,78.4
WALES,2025-02-13 00:30:00,8.31,4.79,41.4
WALES,2025-02-13 01:00:00,9.44,3.53,57.5
WALES,2025-02-13 01:30:00,8.58,0.52,81.4
WALES,2025-02-13 02:00:00,8.21,6.39,80.2
WALES,2025-02-13 02:30:00,7.13,3.46,32.1
WALES,2025-02-13 03:00:00,9.06,4.65,63.6
WALES,2025-02-13 03:30:00,7.26,2.06,83.1
WALES,2025-02-13 04:00:00,9.51,6.64,57.0
WALES,2025-02-13 04:30:00,7.57,6.14,61.7
WALES,2025-02-13 05:00:00,9.03,6.5,110.1
WALES,2025-02-13 05:30:00,6.92,0.0,61.3
WALES,2025-02-13 06:00:00,5.92,4.35,92.1
WALES,2025-02-13 06:30:00,5.72,2.34,48.4
WALES,2025-02-13 07:00:00,8.76,3.08,64.7
WALES,2025-02-13 07:30:00,8.39,5.33,19.4
WALES,2025-02-13 08:00:00,5.53,2.69,28.6
WALES,2025-02-13 08:30:00,5.53,0.0,65.9
WALES,2025-02-13 09:00:00,6.18,2.58,27.4
WALES,2025-02-13 09:30:00,7.85,2.86,79.8
WALES,2025-02-13 10:00:00,6.22,6.92,70.5
WALES,2025-02-13 10:30:00,6.51,2.32,83.4
WALES,2025-02-13 11:00:00,6.45,2.37,57.2
WALES,2025-02-13 11:30:00,6.64,5.75,26.1
WALES,2025-02-13 12:00:00,9.97,4.93,59.7
WALES,2025-02-13 12:30:00,7.64,0.94,62.2
WALES,2025-02-13 13:00:00,8.37,3.41,69.4
WALES,2025-02-13 13:30:00,8.54,2.54,82.5
WALES,2025-02-13 14:00:00,8.03,7.81,83.6
WALES,2025-02-13 14:30:00,8.59,2.38,58.0
WALES,2025-02-13 15:00:00,9.83,2.88,67.8
WALES,2025-02-13 15:30:00,9.28,3.78,45.2
WALES,2025-02-13 16:00:00,11.02,4.95,54.6
WALES,2025-02-13 16:30:00,8.16,5.8,58.8
WALES,2025-02-13 17:00:00,10.69,2.16,65.4
WALES,2025-02-13 17:30:00,8.94,7.48,66.6
WALES,2025-02-13 18:00:00,8.64,5.87,82.2
WALES,2025-02-13 18:30:00,9.43,2.38,20.3
WALES,2025-02-13 19:00:00,11.36,0.49,59.1
WALES,2025-02-13 19:30:00,7.97,7.6,84.0
WALES,2025-02-13 20:00:00,10.47,6.1,57.6
WALES,2025-02-13 20:30:00,9.12,0.65,74.3
WALES,2025-02-13 21:00:00,8.83,9.05,40.0
WALES,2025-02-13 21:30:00,11.25,6.55,35.9
WALES,2025-02-13 22:00:00,9.3,3.54,122.7
WALES,2025-02-13 22:30:00,9.54,1.72,68.9
WALES,2025-02-13 23:00:00,8.26,3.88,51.8
WALES,2025-02-13 23:30:00,10.14,2.88,47.5
WALES,2025-02-14 00:00:00,10.46,4.58,60.5
WALES,2025-02-14 00:30:00,6.86,5.24,51.5
WALES,2025-02-14 01:00:00,9.02,0.31,65.0
WALES,2025-02-14 01:30:00,8.92,3.54,44.1
WALES,2025-02-14 02:00:00,9.57,2.51,76.4
WALES,2025-02-14 02:30:00,9.43,2.34,73.5
WALES,2025-02-14 03:00:00,7.14,5.28,43.2
WALES,2025-02-14 03:30:00,7.51,4.15,59.5
WALES,2025-02-14 04:00:00,7.63,2.38,50.1
WALES,2025-02-14 04:30:00,8.03,3.18,51.0
WALES,2025-02-14 05:00:00,5.74,3.08,41.5
WALES,2025-02-14 05:30:00,7.63,3.1,40.5
WALES,2025-02-14 06:00:00,6.19,1.21,44.6
WALES,2025-02-14 06:30:00,8.06,1.82,57.4
WALES,2025-02-14 07:00:00,8.88,4.5,50.8
WALES,2025-02-14 07:30:00,3.85,4.33,46.2
WALES,2025-02-14 08:00:00,6.84,2.65,65.0
WALES,2025-02-14 08:30:00,7.9,5.34,36.3
WALES,2025-02-14 09:00:00,6.34,5.93,32.6
WALES,2025-02-14 09:30:00,8.26,4.28,70.4
WALES,2025-02-14 10:00:00,6.02,4.09,43.9
WALES,2025-02-14 10:30:00,8.29,7.59,98.6
WALES,2025-02-14 11:00:00,4.64,4.66,67.8
WALES,2025-02-14 11:30:00,5.91,4.75,34.1
WALES,2025-02-14 12:00:00,8.93,0.93,64.5
WALES,2025-02-14 12:30:00,8.12,2.8,84.7
WALES,2025-02-14 13:00:00,5.46,3.94,29.6
WALES,2025-02-14 13:30:00,6.72,3.01,50.0
WALES,2025-02-14 14:00:00,9.69,1.66,32.0
WALES,2025-02-14 14:30:00,7.65,4.23,69.1
WALES,2025-02-14 15:00:00,10.07,0.0,90.4
WALES,2025-02-14 15:30:00,7.7,3.44,60.4
WALES,2025-02-14 16:00:00,6.56,3.14,77.9
WALES,2025-02-14 16:30:00,9.93,3.0,63.8
WALES,2025-02-14 17:00:00,10.14,3.48,68.9
WALES,2025-02-14 17:30:00,8.62,2.11,54.7
WALES,2025-02-14 18:00:00,7.0,5.39,61.5
WALES,2025-02-14 18:30:00,9.63,5.59,67.0
WALES,2025-02-14 19:00:00,11.38,7.16,66.0
WALES,2025-02-14 19:30:00,9.24,5.45,47.1
WALES,2025-02-14 20:00:00,9.25,3.41,80.8
WALES,2025-02-14 20:30:00,11.07,5.77,62.2
WALES,2025-02-14 21:00:00,10.78,5.2,47.6
WALES,2025-02-14 21:30:00,10.81,3.99,52.7
WALES,2025-02-14 22:00:00,9.47,2.9,54.9
WALES,2025-02-14 22:30:00,9.89,5.33,87.2
WALES,2025-02-14 23:00:00,10.27,4.23,24.0
WALES,2025-02-14 23:30:00,12.49,2.58,47.8
WALES,2025-02-15 00:00:00,10.75,1.8,66.7
WALES,2025-02-15 00:30:00,8.68,3.49,60.9
WALES,2025-02-15 01:00:00,7.32,3.75,78.5
WALES,2025-02-15 01:30:00,8.66,11.0,61.6
WALES,2025-02-15 02:00:00,6.8,2.96,25.2
WALES,2025-02-15 02:30:00,9.52,7.21,75.2
WALES,2025-02-15 03:00:00,6.71,2.26,73.3
WALES,2025-02-15 03:30:00,7.09,2.28,42.5
WALES,2025-02-15 04:00:00,9.47,3.07,75.0
WALES,2025-02-15 04:30:00,7.89,2.3,60.7
WALES,2025-02-15 05:00:00,5.62,6.9,43.6
WALES,2025-02-15 05:30:00,7.26,3.01,43.4
WALES,2025-02-15 06:00:00,7.79,2.96,27.1
WALES,2025-02-15 06:30:00,7.01,2.59,62.8
WALES,2025-02-15 07:00:00,7.33,4.71,76.0
WALES,2025-02-15 07:30:00,4.74,6.4,54.6
WALES,2025-02-15 08:00:00,4.52,0.0,54.4
WALES,2025-02-15 08:30:00,5.29,2.46,66.0
WALES,2025-02-15 09:00:00,8.36,2.2,61.7
WALES,2025-02-15 09:30:00,5.62,2.03,41.7
WALES,2025-02-15 10:00:00,8.47,4.03,56.6
WALES,2025-02-15 10:30:00,5.68,4.13,48.5
WALES,2025-02-15 11:00:00,9.13,4.5,62.5
WALES,2025-02-15 11:30:00,6.96,6.62,59.6
WALES,2025-02-15 12:00:00,6.66,4.32,74.2
WALES,2025-02-15 12:30:00,8.65,4.43,64.1
WALES,2025-02-15 13:00:00,8.9,0.0,61.6
WALES,2025-02-15 13:30:00,7.01,4.12,66.4
WALES,2025-02-15 14:00:00,9.73,1.23,47.1
WALES,2025-02-15 14:30:00,7.16,2.79,35.3
WALES,2025-02-15 15:00:00,11.31,5.74,46.0
WALES,2025-02-15 15:30:00,8.77,3.13,62.8
WALES,2025-02-15 16:00:00,8.31,0.95,49.7
WALES,2025-02-15 16:30:00,10.89,1.03,79.7
WALES,2025-02-15 17:00:00,10.32,3.2,73.5
WALES,2025-02-15 17:30:00,9.9,0.0,52.7
WALES,2025-02-15 18:00:00,9.51,6.89,52.8
WALES,2025-02-15 18:30:00,9.71,1.68,58.9
WALES,2025-02-15 19:00:00,8.74,6.17,52.4
WALES,2025-02-15 19:30:00,8.73,6.45,36.5
WALES,2025-02-15 20:00:00,10.54,1.03,65.3
WALES,2025-02-15 20:30:00,11.51,2.7,38.8
WALES,2025-02-15 21:00:00,8.78,3.89,94.7
WALES,2025-02-15 21:30:00,11.44,6.34,40.7
WALES,2025-02-15 22:00:00,11.28,5.97,65.5
WALES,2025-02-15 22:30:00,9.21,5.94,47.8
WALES,2025-02-15 23:00:00,10.43,3.24,42.3
WALES,2025-02-15 23:30:00,9.16,7.94,39.0
WALES,2025-02-16 00:00:00,10.48,5.68,56.7
WALES,2025-02-16 00:30:00,8.63,1.5,83.2
WALES,2025-02-16 01:00:00,7.38,0.0,65.5
WALES,2025-02-16 01:30:00,7.19,3.78,35.8
WALES,2025-02-16 02:00:00,7.6,4.14,64.9
WALES,2025-02-16 02:30:00,9.9,4.0,61.9
WALES,2025-02-16 03:00:00,7.49,5.85,39.6
WALES,2025-02-16 03:30:00,7.25,4.0,43.7
WALES,2025-02-16 04:00:00,8.97,4.64,37.9
WALES,2025-02-16 04:30:00,7.78,6.62,47.0
WALES,2025-02-16 05:00:00,8.51,4.51,63.6
WALES,2025-02-16 05:30:00,8.32,4.41,67.0
WALES,2025-02-16 06:00:00,6.67,0.49,67.4
WALES,2025-02-16 06:30:00,6.86,3.24,14.1
WALES,2025-02-16 07:00:00,7.11,2.28,39.7
WALES,2025-02-16 07:30:00,4.89,0.08,68.3
WALES,2025-02-16 08:00:00,9.12,2.84,74.8
WALES,2025-02-16 08:30:00,6.18,4.55,58.8
WALES,2025-02-16 09:00:00,7.3,1.58,61.8
WALES,2025-02-16 09:30:00,7.72,5.4,65.9
WALES,2025-02-16 10:00:00,6.68,3.28,53.7
WALES,2025-02-16 10:30:00,4.7,5.01,84.6
WALES,2025-02-16 11:00:00,7.23,4.03,70.8
WALES,2025-02-16 11:30:00,4.34,2.99,58.7
WALES,2025-02-16 12:00:00,5.24,4.32,26.7
WALES,2025-02-16 12:30:00,8.12,4.45,56.6
WALES,2025-02-16 13:00:00,8.69,4.29,68.6
WALES,2025-02-16 13:30:00,8.12,2.28,88.2
WALES,2025-02-16 14:00:00,9.79,4.86,62.7
WALES,2025-02-16 14:30:00,9.19,6.52,94.3
WALES,2025-02-16 15:00:00,8.16,6.09,58.4
WALES,2025-02-16 15:30:00,6.88,5.68,86.4
WALES,2025-02-16 16:00:00,10.46,3.66,67.0
WALES,2025-02-16 16:30:00,10.13,5.15,82.1
WALES,2025-02-16 17:00:00,10.84,2.84,60.5
WALES,2025-02-16 17:30:00,9.1,4.32,26.4
WALES,2025-02-16 18:00:00,12.34,2.44,50.8
WALES,2025-02-16 18:30:00,10.12,1.24,54.0
WALES,2025-02-16 19:00:00,10.43,7.3,62.6
WALES,2025-02-16 19:30:00,9.74,1.75,98.5
WALES,2025-02-16 20:00:00,10.38,4.16,35.3
WALES,2025-02-16 20:30:00,10.92,2.82,86.5
WALES,2025-02-16 21:00:00,10.78,4.25,36.2
WALES,2025-02-16 21:30:00,10.11,3.57,62.2
WALES,2025-02-16 22:00:00,7.66,2.18,51.1
WALES,2025-02-16 22:30:00,10.63,0.14,84.9
WALES,2025-02-16 23:00:00,11.2,2.01,104.4
WALES,2025-02-16 23:30:00,9.99,3.78,70.7
WALES,2025-02-17 00:00:00,9.86,4.23,40.5
WALES,2025-02-17 00:30:00,8.83,4.71,75.0
WALES,2025-02-17 01:00:00,10.6,3.09,61.4
WALES,2025-02-17 01:30:00,8.08,6.19,54.4
WALES,2025-02-17 02:00:00,7.65,4.12,29.9
WALES,2025-02-17 02:30:00,9.0,3.38,109.8
WALES,2025-02-17 03:00:00,7.09,3.47,78.3
WALES,2025-02-17 03:30:00,8.77,6.07,55.0
WALES,2025-02-17 04:00:00,5.98,9.34,69.3
WALES,2025-02-17 04:30:00,7.63,5.61,36.5
WALES,2025-02-17 05:00:00,6.39,1.91,63.0
WALES,2025-02-17 05:30:00,5.29,5.35,81.3
WALES,2025-02-17 06:00:00,8.0,4.88,63.5
WALES,2025-02-17 06:30:00,6.12,4.9,58.0
WALES,2025-02-17 07:00:00,4.18,2.77,74.3
WALES,2025-02-17 07:30:00,5.07,1.71,56.4
WALES,2025-02-17 08:00:00,3.75,5.46,71.5
WALES,2025-02-17 08:30:00,7.49,4.44,44.6
WALES,2025-02-17 09:00:00,4.95,5.1,72.9
WALES,2025-02-17 09:30:00,5.08,1.5,59.7
WALES,2025-02-17 10:00:00,6.79,5.87,71.9
WALES,2025-02-17 10:30:00,6.53,6.07,53.7
WALES,2025-02-17 11:00:00,6.57,5.7,77.2
WALES,2025-02-17 11:30:00,8.12,3.64,61.3
WALES,2025-02-17 12:00:00,6.31,5.8,49.4
WALES,2025-02-17 12:30:00,4.96,3.12,44.6
WALES,2025-02-17 13:00:00,4.59,2.85,74.1
WALES,2025-02-17 13:30:00,8.33,4.82,85.7
WALES,2025-02-17 14:00:00,7.66,1.71,68.9
WALES,2025-02-17 14:30:00,8.78,1.47,56.8
WALES,2025-02-17 15:00:00,9.52,4.55,73.2
WALES,2025-02-17 15:30:00,8.07,1.16,43.6
WALES,2025-02-17 16:00:00,10.39,6.07,57.0
WALES,2025-02-17 16:30:00,11.17,3.68,50.8
WALES,2025-02-17 17:00:00,8.08,3.85,79.1
WALES,2025-02-17 17:30:00,11.29,6.14,69.0
WALES,2025-02-17 18:00:00,12.0,2.06,81.3
WALES,2025-02-17 18:30:00,10.42,4.42,34.4
WALES,2025-02-17 19:00:00,10.7,6.31,21.7
WALES,2025-02-17 19:30:00,11.24,0.0,34.5
WALES,2025-02-17 20:00:00,10.24,7.17,57.7
WALES,2025-02-17 20:30:00,10.92,2.18,56.5
WALES,2025-02-17 21:00:00,10.22,7.26,46.5
WALES,2025-02-17 21:30:00,9.5,6.15,55.6
WALES,2025-02-17 22:00:00,10.22,4.87,48.5
WALES,2025-02-17 22:30:00,7.62,6.15,62.1
WALES,2025-02-17 23:00:00,8.24,5.56,96.2
WALES,2025-02-17 23:30:00,11.2,8.16,37.9
WALES,2025-02-18 00:00:00,9.71,4.71,57.9
WALES,2025-02-18 00:30:00,9.02,0.0,90.5
WALES,2025-02-18 01:00:00,6.99,5.81,60.2
WALES,2025-02-18 01:30:00,8.9,3.59,63.6
WALES,2025-02-18 02:00:00,9.18,5.9,57.7
WALES,2025-02-18 02:30:00,6.97,1.52,78.7
WALES,2025-02-18 03:00:00,7.57,1.95,46.6
WALES,2025-02-18 03:30:00,7.78,1.43,59.4
WALES,2025-02-18 04:00:00,8.92,3.76,28.2
WALES,2025-02-18 04:30:00,8.46,6.22,80.9
WALES,2025-02-18 05:00:00,7.07,8.66,73.2
WALES,2025-02-18 05:30:00,10.59,6.7,81.6
WALES,2025-02-18 06:00:00,5.94,2.1,62.1
WALES,2025-02-18 06:30:00,6.45,2.92,57.7
WALES,2025-02-18 07:00:00,6.25,2.72,71.8
WALES,2025-02-18 07:30:00,5.58,3.91,38.1
WALES,2025-02-18 08:00:00,6.54,4.4,42.7
WALES,2025-02-18 08:30:00,6.5,3.8,51.7
WALES,2025-02-18 09:00:00,5.94,4.9,60.5
WALES,2025-02-18 09:30:00,7.63,1.93,56.6
WALES,2025-02-18 10:00:00,5.95,4.12,64.8
WALES,2025-02-18 10:30:00,5.26,5.19,98.9
WALES,2025-02-18 11:00:00,7.21,2.26,54.7
WALES,2025-02-18 11:30:00,6.61,2.67,73.0
WALES,2025-02-18 12:00:00,5.23,4.54,83.2
WALES,2025-02-18 12:30:00,8.89,6.05,48.1
WALES,2025-02-18 13:00:00,9.65,4.73,85.6
WALES,2025-02-18 13:30:00,9.2,4.63,55.6
WALES,2025-02-18 14:00:00,11.25,0.44,56.9
WALES,2025-02-18 14:30:00,6.73,4.23,66.4
WALES,2025-02-18 15:00:00,8.16,2.86,36.2
WALES,2025-02-18 15:30:00,9.47,3.07,67.6
WALES,2025-02-18 16:00:00,8.79,4.49,73.3
WALES,2025-02-18 16:30:00,9.99,4.42,58.1
WALES,2025-02-18 17:00:00,10.4,2.79,56.5
WALES,2025-02-18 17:30:00,10.25,7.07,49.0
WALES,2025-02-18 18:00:00,9.08,4.57,81.7
WALES,2025-02-18 18:30:00,11.12,4.04,82.1
WALES,2025-02-18 19:00:00,8.17,6.02,54.3
WALES,2025-02-18 19:30:00,11.1,6.02,63.5
WALES,2025-02-18 20:00:00,10.5,3.22,90.4
WALES,2025-02-18 20:30:00,10.83,4.44,87.2
WALES,2025-02-18 21:00:00,9.74,3.5,76.9
WALES,2025-02-18 21:30:00,12.48,4.09,67.0
WALES,2025-02-18 22:00:00,8.24,6.56,40.5
WALES,2025-02-18 22:30:00,9.5,4.38,48.3
WALES,2025-02-18 23:00:00,7.5,1.53,61.8
WALES,2025-02-18 23:30:00,11.62,6.83,66.9
WALES,2025-02-19 00:00:00,9.66,5.6,83.9
WALES,2025-02-19 00:30:00,9.62,4.3,63.7
WALES,2025-02-19 01:00:00,10.2,1.26,60.3
WALES,2025-02-19 01:30:00,9.47,0.21,76.5
WALES,2025-02-19 02:00:00,9.77,0.11,52.6
WALES,2025-02-19 02:30:00,8.02,2.22,46.5
WALES,2025-02-19 03:00:00,7.33,5.22,82.5
WALES,2025-02-19 03:30:00,8.62,2.17,74.2
WALES,2025-02-19 04:00:00,8.2,0.0,82.3
WALES,2025-02-19 04:30:00,7.64,4.34,28.6
WALES,2025-02-19 05:00:00,9.0,4.67,74.0
WALES,2025-02-19 05:30:00,5.47,5.02,69.6
WALES,2025-02-19 06:00:00,6.56,1.41,58.9
WALES,2025-02-19 06:30:00,5.6,2.6,80.9
WALES,2025-02-19 07:00:00,6.65,3.84,38.8
WALES,2025-02-19 07:30:00,6.49,3.7,42.3
WALES,2025-02-19 08:00:00,7.78,6.07,46.1
WALES,2025-02-19 08:30:00,6.95,0.29,65.7
WALES,2025-02-19 09:00:00,7.48,1.75,60.3
WALES,2025-02-19 09:30:00,6.7,9.78,106.5
WALES,2025-02-19 10:00:00,7.13,2.67,64.4
WALES,2025-02-19 10:30:00,8.09,0.65,22.4
WALES,2025-02-19 11:00:00,5.69,5.52,74.8
WALES,2025-02-19 11:30:00,7.59,6.22,56.7
WALES,2025-02-19 12:00:00,7.15,4.77,90.8
WALES,2025-02-19 12:30:00,7.97,3.81,67.3
WALES,2025-02-19 13:00:00,9.66,3.28,51.9
WALES,2025-02-19 13:30:00,7.39,5.63,46.0
WALES,2025-02-19 14:00:00,9.24,1.06,55.3
WALES,2025-02-19 14:30:00,8.41,7.58,77.5
WALES,2025-02-19 15:00:00,8.57,2.96,47.9
WALES,2025-02-19 15:30:00,7.65,7.23,46.4
WALES,2025-02-19 16:00:00,11.54,4.2,58.5
WALES,2025-02-19 16:30:00,9.59,6.42,44.6
WALES,2025-02-19 17:00:00,10.5,3.92,67.3
WALES,2025-02-19 17:30:00,9.64,3.28,69.5
WALES,2025-02-19 18:00:00,8.55,6.79,61.9
WALES,2025-02-19 18:30:00,9.55,4.74,47.5
WALES,2025-02-19 19:00:00,10.5,4.17,82.6
WALES,2025-02-19 19:30:00,10.74,1.76,70.5
WALES,2025-02-19 20:00:00,11.34,0.78,38.6
WALES,2025-02-19 20:30:00,12.89,3.34,54.5
WALES,2025-02-19 21:00:00,10.37,2.72,28.1
WALES,2025-02-19 21:30:00,9.06,2.72,50.9
WALES,2025-02-19 22:00:00,9.28,1.02,50.0
WALES,2025-02-19 22:30:00,11.55,2.66,56.7
WALES,2025-02-19 23:00:00,11.62,2.63,115.0
WALES,2025-02-19 23:30:00,10.96,4.15,55.5
WALES,2025-02-20 00:00:00,11.15,2.61,52.2
WALES,2025-02-20 00:30:00,11.46,3.25,51.6
WALES,2025-02-20 01:00:00,8.26,0.14,78.3
WALES,2025-02-20 01:30:00,9.0,6.14,57.0
WALES,2025-02-20 02:00:00,8.03,2.67,72.3
WALES,2025-02-20 02:30:00,7.57,4.77,60.7
WALES,2025-02-20 03:00:00,6.77,3.1,60.2
WALES,2025-02-20 03:30:00,7.64,7.79,64.2
WALES,2025-02-20 04:00:00,7.3,3.27,55.9
WALES,2025-02-20 04:30:00,6.81,2.35,70.8
WALES,2025-02-20 05:00:00,8.97,3.1,67.7
WALES,2025-02-20 05:30:00,6.32,4.21,36.4
WALES,2025-02-20 06:00:00,5.78,2.22,57.4
WALES,2025-02-20 06:30:00,5.4,0.0,35.3
WALES,2025-02-20 07:00:00,6.39,2.41,49.6
WALES,2025-02-20 07:30:00,7.744999999999999,2.36,58.6
WALES,2025-02-20 08:00:00,9.1,3.24,56.3
WALES,2025-02-20 08:30:00,6.99,2.36,49.3
WALES,2025-02-20 09:00:00,6.49,4.39,43.3
WALES,2025-02-20 09:30:00,7.27,7.09,25.6
WALES,2025-02-20 10:00:00,7.27,3.82,54.7
WALES,2025-02-20 10:30:00,7.19,6.76,64.6
WALES,2025-02-20 11:00:00,8.27,3.92,66.6
WALES,2025-02-20 11:30:00,6.47,4.08,55.1
WALES,2025-02-20 12:00:00,7.66,0.69,39.9
WALES,2025-02-20 12:30:00,8.96,6.79,28.8
WALES,2025-02-20 13:00:00,7.34,2.5,64.6
WALES,2025-02-20 13:30:00,7.92,5.36,35.7
WALES,2025-02-20 14:00:00,8.95,3.33,46.7
WALES,2025-02-20 14:30:00,9.06,3.51,58.2
WALES,2025-02-20 15:00:00,10.66,4.14,95.0
WALES,2025-02-20 15:30:00,6.26,3.98,40.0
WALES,2025-02-20 16:00:00,8.42,2.69,76.6
WALES,2025-02-20 16:30:00,9.05,1.72,71.9
WALES,2025-02-20 17:00:00,8.53,7.34,36.8
WALES,2025-02-20 17:30:00,9.6,7.85,54.2
WALES,2025-02-20 18:00:00,10.78,3.78,60.0
WALES,2025-02-20 18:30:00,9.28,4.91,83.9
WALES,2025-02-20 19:00:00,8.14,2.15,50.1
WALES,2025-02-20 19:30:00,9.4,5.29,49.1
WALES,2025-02-20 20:00:00,10.63,6.98,27.7
WALES,2025-02-20 20:30:00,10.92,3.75,57.8
WALES,2025-02-20 21:00:00,9.38,3.24,59.9
WALES,2025-02-20 21:30:00,10.25,5.39,40.3
WALES,2025-02-20 22:00:00,8.59,0.0,62.5
WALES,2025-02-20 22:30:00,11.17,1.65,37.3
WALES,2025-02-20 23:00:00,12.22,6.55,84.0
WALES,2025-02-20 23:30:00,10.37,5.41,54.8
WALES,2025-02-21 00:00:00,7.89,1.25,60.1
WALES,2025-02-21 00:30:00,10.7,3.67,71.0
WALES,2025-02-21 01:00:00,9.0,4.61,73.9
WALES,2025-02-21 01:30:00,10.71,4.57,94.9
WALES,2025-02-21 02:00:00,8.31,6.65,70.5
WALES,2025-02-21 02:30:00,6.4,6.83,43.5
WALES,2025-02-21 03:00:00,7.78,5.75,46.6
WALES,2025-02-21 03:30:00,7.99,5.31,45.2
WALES,2025-02-21 04:00:00,7.31,3.29,77.4
WALES,2025-02-21 04:30:00,9.48,1.8,61.4
WALES,2025-02-21 05:00:00,6.55,4.06,91.8
WALES,2025-02-21 05:30:00,7.64,2.87,35.4
WALES,2025-02-21 06:00:00,8.06,3.08,46.0
WALES,2025-02-21 06:30:00,7.23,5.16,53.4
WALES,2025-02-21 07:00:00,5.53,6.74,72.3
WALES,2025-02-21 07:30:00,7.85,3.29,45.1
WALES,2025-02-21 08:00:00,5.95,0.95,54.0
WALES,2025-02-21 08:30:00,5.78,3.84,60.9
WALES,2025-02-21 09:00:00,6.77,2.83,38.6
WALES,2025-02-21 09:30:00,4.93,4.39,62.4
WALES,2025-02-21 10:00:00,5.19,6.85,75.0
WALES,2025-02-21 10:30:00,5.64,4.53,57.5
WALES,2025-02-21 11:00:00,7.5,4.34,72.1
WALES,2025-02-21 11:30:00,8.95,4.6,69.6
WALES,2025-02-21 12:00:00,9.35,2.92,43.2
WALES,2025-02-21 12:30:00,8.4,1.55,45.5
WALES,2025-02-21 13:00:00,9.88,0.56,65.5
WALES,2025-02-21 13:30:00,6.35,4.82,93.0
WALES,2025-02-21 14:00:00,7.38,0.0,66.4
WALES,2025-02-21 14:30:00,7.84,3.63,66.6
WALES,2025-02-21 15:00:00,9.79,5.15,59.5
WALES,2025-02-21 15:30:00,9.63,3.62,54.1
WALES,2025-02-21 16:00:00,9.57,5.15,48.4
WALES,2025-02-21 16:30:00,9.85,3.08,46.8
WALES,2025-02-21 17:00:00,11.27,4.74,66.8
WALES,2025-02-21 17:30:00,8.87,3.51,70.8
WALES,2025-02-21 18:00:00,10.77,9.13,64.0
WALES,2025-02-21 18:30:00,9.53,3.13,44.6
WALES,2025-02-21 19:00:00,9.75,4.2,51.7
WALES,2025-02-21 19:30:00,12.13,5.76,75.6
WALES,2025-02-21 20:00:00,10.29,5.83,78.4
WALES,2025-02-21 20:30:00,12.51,2.92,60.2
WALES,2025-02-21 21:00:00,9.62,9.28,56.4
WALES,2025-02-21 21:30:00,12.06,4.31,75.8
WALES,2025-02-21 22:00:00,10.31,5.85,65.0
WALES,2025-02-21 22:30:00,12.37,4.61,47.0
WALES,2025-02-21 23:00:00,10.63,4.02,42.2
WALES,2025-02-21 23:30:00,10.46,2.77,55.8
WALES,2025-02-22 00:00:00,9.7,0.0,52.2
WALES,2025-02-22 00:30:00,10.76,3.62,25.8
WALES,2025-02-22 01:00:00,9.07,4.97,54.6
WALES,2025-02-22 01:30:00,8.85,3.11,71.2
WALES,2025-02-22 02:00:00,7.67,5.09,55.2
WALES,2025-02-22 02:30:00,10.16,3.03,40.0
WALES,2025-02-22 03:00:00,8.88,4.99,67.4
WALES,2025-02-22 03:30:00,9.15,2.0,45.8
WALES,2025-02-22 04:00:00,9.24,4.87,51.8
WALES,2025-02-22 04:30:00,5.54,1.51,42.8
WALES,2025-02-22 05:00:00,6.56,4.61,35.4
WALES,2025-02-22 05:30:00,6.6,1.47,52.4
WALES,2025-02-22 06:00:00,9.78,6.38,70.3
WALES,2025-02-22 06:30:00,6.29,1.85,58.4
WALES,2025-02-22 07:00:00,4.86,5.3,56.4
WALES,2025-02-22 07:30:00,6.69,0.67,60.9
WALES,2025-02-22 08:00:00,6.37,2.09,64.0
WALES,2025-02-22 08:30:00,6.17,4.59,71.1
WALES,2025-02-22 09:00:00,5.42,4.21,61.6
WALES,2025-02-22 09:30:00,8.21,5.68,53.7
WALES,2025-02-22 10:00:00,6.41,4.3,39.8
WALES,2025-02-22 10:30:00,5.75,3.06,17.1
WALES,2025-02-22 11:00:00,6.05,3.34,109.6
WALES,2025-02-22 11:30:00,6.46,5.32,56.4
WALES,2025-02-22 12:00:00,8.18,1.83,32.2
WALES,2025-02-22 12:30:00,9.3,1.34,86.7
WALES,2025-02-22 13:00:00,7.69,2.35,50.7
WALES,2025-02-22 13:30:00,10.06,2.6,53.1
WALES,2025-02-22 14:00:00,9.82,4.95,97.4
WALES,2025-02-22 14:30:00,10.05,2.61,83.4
WALES,2025-02-22 15:00:00,6.86,5.54,48.2
WALES,2025-02-22 15:30:00,9.88,7.93,29.9
WALES,2025-02-22 16:00:00,10.76,5.68,71.9
WALES,2025-02-22 16:30:00,8.48,3.82,42.7
WALES,2025-02-22 17:00:00,10.58,1.39,52.1
WALES,2025-02-22 17:30:00,10.82,2.53,52.9
WALES,2025-02-22 18:00:00,9.3,4.51,57.5
WALES,2025-02-22 18:30:00,9.5,2.74,62.8
WALES,2025-02-22 19:00:00,9.31,3.91,60.6
WALES,2025-02-22 19:30:00,10.77,2.94,70.9
WALES,2025-02-22 20:00:00,11.81,5.29,63.8
WALES,2025-02-22 20:30:00,8.94,7.35,61.1
WALES,2025-02-22 21:00:00,10.96,2.59,56.1
WALES,2025-02-22 21:30:00,12.0,5.57,54.4
WALES,2025-02-22 22:00:00,12.22,1.98,29.7
WALES,2025-02-22 22:30:00,8.07,5.59,47.5
WALES,2025-02-22 23:00:00,9.9,6.19,65.9
WALES,2025-02-22 23:30:00,8.64,7.25,54.8
WALES,2025-02-23 00:00:00,9.63,2.57,39.9
WALES,2025-02-23 00:30:00,9.99,1.12,58.5
WALES,2025-02-23 01:00:00,11.13,5.5,63.7
WALES,2025-02-23 01:30:00,7.91,3.88,45.7
WALES,2025-02-23 02:00:00,10.44,3.05,45.9
WALES,2025-02-23 02:30:00,8.45,2.44,64.2
WALES,2025-02-23 03:00:00,10.38,4.01,43.4
WALES,2025-02-23 03:30:00,8.0,1.46,111.7
WALES,2025-02-23 04:00:00,9.87,6.49,73.5
WALES,2025-02-23 04:30:00,7.51,3.71,56.0
WALES,2025-02-23 05:00:00,10.15,3.62,49.8
WALES,2025-02-23 05:30:00,7.17,5.03,0.0
WALES,2025-02-23 06:00:00,7.45,0.0,86.5
WALES,2025-02-23 06:30:00,4.91,2.39,25.5
WALES,2025-02-23 07:00:00,8.94,3.98,100.1
WALES,2025-02-23 07:30:00,9.16,6.5,34.8
WALES,2025-02-23 08:00:00,6.91,6.73,67.0
WALES,2025-02-23 08:30:00,6.27,4.7,68.1
WALES,2025-02-23 09:00:00,5.01,2.87,71.8
WALES,2025-02-23 09:30:00,7.83,4.49,52.7
WALES,2025-02-23 10:00:00,6.75,2.49,58.1
WALES,2025-02-23 10:30:00,8.0,8.86,38.3
WALES,2025-02-23 11:00:00,8.82,4.77,31.2
WALES,2025-02-23 11:30:00,7.18,3.64,60.0
WALES,2025-02-23 12:00:00,8.97,7.95,83.3
WALES,2025-02-23 12:30:00,7.97,4.65,97.4
WALES,2025-02-23 13:00:00,6.92,6.48,39.3
WALES,2025-02-23 13:30:00,6.36,5.26,30.2
WALES,2025-02-23 14:00:00,8.24,6.75,43.6
WALES,2025-02-23 14:30:00,10.87,0.0,78.8
WALES,2025-02-23 15:00:00,7.57,3.61,63.9
WALES,2025-02-23 15:30:00,8.89,3.49,33.9
WALES,2025-02-23 16:00:00,11.41,1.54,37.8
WALES,2025-02-23 16:30:00,9.59,2.61,75.1
WALES,2025-02-23 17:00:00,9.48,4.0,62.1
WALES,2025-02-23 17:30:00,11.29,2.94,29.9
WALES,2025-02-23 18:00:00,9.47,6.27,66.3
WALES,2025-02-23 18:30:00,10.0,4.12,55.2
WALES,2025-02-23 19:00:00,11.59,4.67,55.0
WALES,2025-02-23 19:30:00,11.74,6.35,43.5
WALES,2025-02-23 20:00:00,9.63,8.8,71.3
WALES,2025-02-23 20:30:00,12.71,5.78,68.3
WALES,2025-02-23 21:00:00,8.08,1.56,71.7
WALES,2025-02-23 21:30:00,9.56,3.7,76.4
WALES,2025-02-23 22:00:00,10.6,4.8,85.0
WALES,2025-02-23 22:30:00,12.23,3.89,82.9
WALES,2025-02-23 23:00:00,8.97,4.45,70.2
WALES,2025-02-23 23:30:00,10.0,3.56,39.9
WALES,2025-02-24 00:00:00,9.72,0.78,57.6
WALES,2025-02-24 00:30:00,9.84,5.49,38.8
WALES,2025-02-24 01:00:00,9.69,5.14,59.6
WALES,2025-02-24 01:30:00,9.82,4.54,13.2
WALES,2025-02-24 02:00:00,7.66,8.29,71.8
WALES,2025-02-24 02:30:00,8.04,4.73,72.8
WALES,2025-02-24 03:00:00,10.1,3.22,49.3
WALES,2025-02-24 03:30:00,7.65,2.86,49.1
WALES,2025-02-24 04:00:00,7.99,3.16,58.9
WALES,2025-02-24 04:30:00,10.01,2.08,66.1
WALES,2025-02-24 05:00:00,5.99,5.85,80.1
WALES,2025-02-24 05:30:00,6.31,2.61,72.0
WALES,2025-02-24 06:00:00,6.71,6.83,38.4
WALES,2025-02-24 06:30:00,8.33,8.48,67.1
WALES,2025-02-24 07:00:00,6.07,2.45,57.1
WALES,2025-02-24 07:30:00,7.65,1.01,54.4
WALES,2025-02-24 08:00:00,6.92,7.11,93.5
WALES,2025-02-24 08:30:00,6.61,1.78,62.5
WALES,2025-02-24 09:00:00,7.05,6.37,52.0
WALES,2025-02-24 09:30:00,5.65,3.98,53.9
WALES,2025-02-24 10:00:00,6.59,2.26,37.4
WALES,2025-02-24 10:30:00,7.77,4.53,45.5
WALES,2025-02-24 11:00:00,8.34,0.31,52.7
WALES,2025-02-24 11:30:00,7.61,6.22,50.0
WALES,2025-02-24 12:00:00,9.12,2.7,74.8
WALES,2025-02-24 12:30:00,9.79,2.0,62.7
WALES,2025-02-24 13:00:00,8.9,1.51,67.8
WALES,2025-02-24 13:30:00,7.57,2.31,52.4
WALES,2025-02-24 14:00:00,8.17,5.6,60.0
WALES,2025-02-24 14:30:00,11.54,2.93,68.5
WALES,2025-02-24 15:00:00,9.1,1.45,88.6
WALES,2025-02-24 15:30:00,9.43,2.44,67.2
WALES,2025-02-24 16:00:00,11.01,2.3,60.9
WALES,2025-02-24 16:30:00,11.02,4.33,70.0
WALES,2025-02-24 17:00:00,9.86,0.85,55.5
WALES,2025-02-24 17:30:00,9.51,3.78,50.1
WALES,2025-02-24 18:00:00,10.7,3.31,74.6
WALES,2025-02-24 18:30:00,11.24,2.15,82.6
WALES,2025-02-24 19:00:00,9.83,1.75,79.0
WALES,2025-02-24 19:30:00,9.99,4.2,36.8
WALES,2025-02-24 20:00:00,10.33,3.77,52.9
WALES,2025-02-24 20:30:00,10.15,4.08,77.8
WALES,2025-02-24 21:00:00,9.57,0.0,82.3
WALES,2025-02-24 21:30:00,9.91,2.85,50.2
WALES,2025-02-24 22:00:00,8.9,3.21,55.0
WALES,2025-02-24 22:30:00,11.02,2.9,16.1
WALES,2025-02-24 23:00:00,8.58,6.23,44.9
WALES,2025-02-24 23:30:00,10.84,2.57,74.6
WALES,2025-02-25 00:00:00,9.94,1.1,38.9
WALES,2025-02-25 00:30:00,8.04,5.82,37.3
WALES,2025-02-25 01:00:00,8.9,3.84,64.0
WALES,2025-02-25 01:30:00,8.79,0.85,38.3
WALES,2025-02-25 02:00:00,7.56,0.0,67.8
WALES,2025-02-25 02:30:00,9.43,1.86,83.5
WALES,2025-02-25 03:00:00,8.18,5.69,74.0
WALES,2025-02-25 03:30:00,8.14,0.0,63.6
WALES,2025-02-25 04:00:00,8.45,2.69,62.9
WALES,2025-02-25 04:30:00,7.79,2.09,58.2
WALES,2025-02-25 05:00:00,6.8,4.75,49.4
WALES,2025-02-25 05:30:00,6.55,0.72,99.7
WALES,2025-02-25 06:00:00,6.55,1.74,70.9
WALES,2025-02-25 06:30:00,7.32,5.1,71.8
WALES,2025-02-25 07:00:00,8.21,1.87,62.6
WALES,2025-02-25 07:30:00,5.0,3.39,72.1
WALES,2025-02-25 08:00:00,5.75,8.46,60.3
WALES,2025-02-25 08:30:00,4.65,5.41,100.0
WALES,2025-02-25 09:00:00,4.21,5.43,42.2
WALES,2025-02-25 09:30:00,6.83,1.38,75.4
WALES,2025-02-25 10:00:00,6.71,6.32,41.5
WALES,2025-02-25 10:30:00,6.84,0.0,106.8
WALES,2025-02-25 11:00:00,9.71,8.36,87.6
WALES,2025-02-25 11:30:00,6.7,3.91,65.2
WALES,2025-02-25 12:00:00,8.27,1.81,39.4
WALES,2025-02-25 12:30:00,6.22,3.15,54.2
WALES,2025-02-25 13:00:00,7.76,4.5,35.1
WALES,2025-02-25 13:30:00,7.28,2.48,74.7
WALES,2025-02-25 14:00:00,9.06,4.68,43.2
WALES,2025-02-25 14:30:00,8.87,2.45,46.7
WALES,2025-02-25 15:00:00,9.78,2.71,58.1
WALES,2025-02-25 15:30:00,9.02,1.65,49.6
WALES,2025-02-25 16:00:00,9.15,3.24,27.5
WALES,2025-02-25 16:30:00,8.95,5.82,67.9
WALES,2025-02-25 17:00:00,9.76,1.64,61.8
WALES,2025-02-25 17:30:00,11.4,7.03,50.6
WALES,2025-02-25 18:00:00,9.28,4.96,66.5
WALES,2025-02-25 18:30:00,10.57,2.73,36.4
WALES,2025-02-25 19:00:00,11.56,5.79,53.5
WALES,2025-02-25 19:30:00,12.81,4.47,56.9
WALES,2025-02-25 20:00:00,9.4,0.6,50.8
WALES,2025-02-25 20:30:00,11.27,8.67,61.2
WALES,2025-02-25 21:00:00,11.47,2.35,63.8
WALES,2025-02-25 21:30:00,10.85,2.11,84.1
WALES,2025-02-25 22:00:00,10.39,6.21,60.2
WALES,2025-02-25 22:30:00,10.16,2.44,53.7
WALES,2025-02-25 23:00:00,12.0,2.2,72.0
WALES,2025-02-25 23:30:00,9.86,5.18,63.7
WALES,2025-02-26 00:00:00,8.28,4.33,99.0
WALES,2025-02-26 00:30:00,10.25,5.85,65.4
WALES,2025-02-26 01:00:00,10.34,2.56,57.8
WALES,2025-02-26 01:30:00,10.45,3.3,79.3
WALES,2025-02-26 02:00:00,7.67,4.12,55.3
WALES,2025-02-26 02:30:00,12.04,3.22,67.6
WALES,2025-02-26 03:00:00,5.97,1.66,65.5
WALES,2025-02-26 03:30:00,8.04,3.51,54.2
WALES,2025-02-26 04:00:00,7.66,0.58,58.4
WALES,2025-02-26 04:30:00,7.62,6.13,75.0
WALES,2025-02-26 05:00:00,4.07,2.53,92.4
WALES,2025-02-26 05:30:00,8.55,4.98,51.0
WALES,2025-02-26 06:00:00,8.03,0.97,49.8
WALES,2025-02-26 06:30:00,7.56,5.22,63.9
WALES,2025-02-26 07:00:00,7.42,4.33,54.3
WALES,2025-02-26 07:30:00,8.56,7.7,59.1
WALES,2025-02-26 08:00:00,5.47,3.53,61.6
WALES,2025-02-26 08:30:00,4.23,6.68,48.5
WALES,2025-02-26 09:00:00,5.95,3.32,51.5
WALES,2025-02-26 09:30:00,7.02,5.58,83.0
WALES,2025-02-26 10:00:00,8.1,2.11,58.0
WALES,2025-02-26 10:30:00,7.27,4.61,68.8
WALES,2025-02-26 11:00:00,7.56,3.83,76.4
WALES,2025-02-26 11:30:00,7.31,5.91,74.6
WALES,2025-02-26 12:00:00,9.62,4.44,86.0
WALES,2025-02-26 12:30:00,7.51,4.69,73.8
WALES,2025-02-26 13:00:00,7.15,3.21,48.0
WALES,2025-02-26 13:30:00,8.29,2.93,61.9
WALES,2025-02-26 14:00:00,8.79,3.44,62.7
WALES,2025-02-26 14:30:00,8.06,2.28,38.5
WALES,2025-02-26 15:00:00,7.25,2.64,69.7
WALES,2025-02-26 15:30:00,9.16,4.02,52.7
WALES,2025-02-26 16:00:00,12.2,4.33,49.8
WALES,2025-02-26 16:30:00,8.61,7.43,34.8
WALES,2025-02-26 17:00:00,9.34,2.41,59.4
WALES,2025-02-26 17:30:00,10.72,4.14,53.4
WALES,2025-02-26 18:00:00,8.93,7.71,64.8
WALES,2025-02-26 18:30:00,11.29,2.65,54.7
WALES,2025-02-26 19:00:00,12.22,0.0,73.7
WALES,2025-02-26 19:30:00,10.51,4.83,90.0
WALES,2025-02-26 20:00:00,10.31,0.0,40.4
WALES,2025-02-26 20:30:00,10.89,7.3,53.0
WALES,2025-02-26 21:00:00,12.67,0.0,50.9
WALES,2025-02-26 21:30:00,12.06,5.89,24.8
WALES,2025-02-26 22:00:00,9.6,3.72,48.0
WALES,2025-02-26 22:30:00,12.01,4.03,34.0
WALES,2025-02-26 23:00:00,10.85,5.03,39.3
WALES,2025-02-26 23:30:00,9.22,2.58,84.6
WALES,2025-02-27 00:00:00,9.83,0.0,38.3
WALES,2025-02-27 00:30:00,10.79,3.18,37.9
WALES,2025-02-27 01:00:00,9.0,5.96,99.2
WALES,2025-02-27 01:30:00,9.38,4.98,58.2
WALES,2025-02-27 02:00:00,9.2,2.15,86.0
WALES,2025-02-27 02:30:00,8.38,1.8,46.2
WALES,2025-02-27 03:00:00,9.21,2.6,87.3
WALES,2025-02-27 03:30:00,9.18,5.72,52.5
WALES,2025-02-27 04:00:00,7.19,4.07,38.6
WALES,2025-02-27 04:30:00,8.5,5.83,47.5
WALES,2025-02-27 05:00:00,8.35,4.51,80.1
WALES,2025-02-27 05:30:00,9.49,5.56,59.0
WALES,2025-02-27 06:00:00,8.65,4.09,55.2
WALES,2025-02-27 06:30:00,6.47,4.2,78.1
WALES,2025-02-27 07:00:00,5.76,1.52,38.0
WALES,2025-02-27 07:30:00,8.23,4.8,86.5
WALES,2025-02-27 08:00:00,6.31,1.55,88.0
WALES,2025-02-27 08:30:00,6.05,5.35,36.0
WALES,2025-02-27 09:00:00,7.22,3.67,34.4
WALES,2025-02-27 09:30:00,9.27,2.22,43.2
WALES,2025-02-27 10:00:00,6.42,0.0,54.1
WALES,2025-02-27 10:30:00,6.42,5.98,65.7
WALES,2025-02-27 11:00:00,6.0,2.69,98.8
WALES,2025-02-27 11:30:00,6.43,5.65,47.8
WALES,2025-02-27 12:00:00,6.73,2.92,86.5
WALES,2025-02-27 12:30:00,6.17,5.31,81.9
WALES,2025-02-27 13:00:00,7.75,5.99,75.1
WALES,2025-02-27 13:30:00,7.45,2.1,57.2
WALES,2025-02-27 14:00:00,9.06,3.26,70.2
WALES,2025-02-27 14:30:00,8.01,2.18,60.1
WALES,2025-02-27 15:00:00,9.73,6.62,68.2
WALES,2025-02-27 15:30:00,10.3,3.31,53.9
WALES,2025-02-27 16:00:00,9.17,4.37,62.6
WALES,2025-02-27 16:30:00,10.05,3.59,59.2
WALES,2025-02-27 17:00:00,12.34,4.55,70.5
WALES,2025-02-27 17:30:00,10.91,3.65,69.7
WALES,2025-02-27 18:00:00,10.69,1.5,49.5
WALES,2025-02-27 18:30:00,13.06,6.33,54.6
WALES,2025-02-27 19:00:00,11.68,4.44,91.4
WALES,2025-02-27 19:30:00,10.71,4.45,45.7
WALES,2025-02-27 20:00:00,10.77,0.0,64.7
WALES,2025-02-27 20:30:00,12.14,7.38,68.7
WALES,2025-02-27 21:00:00,10.43,2.36,51.4
WALES,2025-02-27 21:30:00,8.95,3.5,37.9
WALES,2025-02-27 22:00:00,9.95,3.59,65.9
WALES,2025-02-27 22:30:00,8.68,3.31,72.3
WALES,2025-02-27 23:00:00,12.03,3.85,99.5
WALES,2025-02-27 23:30:00,11.19,4.12,82.4
WALES,2025-02-28 00:00:00,9.38,1.9,76.7
WALES,2025-02-28 00:30:00,10.62,6.09,78.4
WALES,2025-02-28 01:00:00,11.92,1.1,53.6
WALES,2025-02-28 01:30:00,9.16,6.33,66.7
WALES,2025-02-28 02:00:00,10.39,4.57,59.7
WALES,2025-02-28 02:30:00,9.81,4.52,67.0
WALES,2025-02-28 03:00:00,9.25,4.87,77.7
WALES,2025-02-28 03:30:00,8.53,4.34,42.0
WALES,2025-02-28 04:00:00,9.17,7.42,27.6
WALES,2025-02-28 04:30:00,8.76,3.71,56.7
WALES,2025-02-28 05:00:00,8.33,3.94,67.1
WALES,2025-02-28 05:30:00,7.14,7.01,55.8
WALES,2025-02-28 06:00:00,6.34,4.69,45.0
WALES,2025-02-28 06:30:00,7.54,7.29,59.2
WALES,2025-02-28 07:00:00,5.43,3.17,74.6
WALES,2025-02-28 07:30:00,7.18,5.4,48.6
WALES,2025-02-28 08:00:00,6.49,5.27,89.0
WALES,2025-02-28 08:30:00,6.52,4.07,79.8
WALES,2025-02-28 09:00:00,7.21,5.28,46.7
WALES,2025-02-28 09:30:00,7.06,2.76,29.7
WALES,2025-02-28 10:00:00,6.19,4.9,69.9
WALES,2025-02-28 10:30:00,8.18,5.02,56.0
WALES,2025-02-28 11:00:00,5.37,1.71,79.9
WALES,2025-02-28 11:30:00,6.56,3.85,61.1
WALES,2025-02-28 12:00:00,6.33,4.66,87.5
WALES,2025-02-28 12:30:00,7.97,3.46,39.1
WALES,2025-02-28 13:00:00,8.14,5.08,59.9
WALES,2025-02-28 13:30:00,7.94,6.01,55.3
WALES,2025-02-28 14:00:00,8.47,4.28,83.5
WALES,2025-02-28 14:30:00,8.8,2.23,69.8
WALES,2025-02-28 15:00:00,9.11,5.11,23.1
WALES,2025-02-28 15:30:00,9.55,3.5,42.7
WALES,2025-02-28 16:00:00,8.53,3.44,40.8
WALES,2025-02-28 16:30:00,6.43,1.65,38.1
WALES,2025-02-28 17:00:00,10.44,1.62,60.0
WALES,2025-02-28 17:30:00,9.26,5.57,66.7
WALES,2025-02-28 18:00:00,10.36,4.29,70.3
WALES,2025-02-28 18:30:00,10.79,4.28,22.1
WALES,2025-02-28 19:00:00,10.3,2.44,78.9
WALES,2025-02-28 19:30:00,10.45,2.65,70.5
WALES,2025-02-28 20:00:00,9.17,3.83,24.4
WALES,2025-02-28 20:30:00,10.12,3.07,86.2
WALES,2025-02-28 21:00:00,10.74,2.22,57.6
WALES,2025-02-28 21:30:00,12.65,0.0,73.9
WALES,2025-02-28 22:00:00,11.18,3.77,54.4
WALES,2025-02-28 22:30:00,12.44,5.44,41.3
WALES,2025-02-28 23:00:00,10.43,6.49,69.7
WALES,2025-02-28 23:30:00,10.72,1.39,101.6
WALES,2025-03-01 00:00:00,10.91,7.57,65.4
WALES,2025-03-01 00:30:00,10.02,2.71,77.6
WALES,2025-03-01 01:00:00,11.36,6.08,100.6
WALES,2025-03-01 01:30:00,9.72,2.76,64.6
WALES,2025-03-01 02:00:00,10.01,3.47,59.2
WALES,2025-03-01 02:30:00,9.3,4.99,62.4
WALES,2025-03-01 03:00:00,8.78,5.27,73.8
WALES,2025-03-01 03:30:00,7.93,0.33,41.3
WALES,2025-03-01 04:00:00,8.59,2.54,64.8
WALES,2025-03-01 04:30:00,7.97,4.13,68.8
WALES,2025-03-01 05:00:00,9.06,3.97,41.2
WALES,2025-03-01 05:30:00,8.0,5.43,19.4
WALES,2025-03-01 06:00:00,6.44,4.06,51.4
WALES,2025-03-01 06:30:00,7.47,2.75,76.9
WALES,2025-03-01 07:00:00,7.17,0.4,73.2
WALES,2025-03-01 07:30:00,8.06,3.93,26.9
WALES,2025-03-01 08:00:00,8.12,1.96,53.5
WALES,2025-03-01 08:30:00,6.35,1.12,60.1
WALES,2025-03-01 09:00:00,7.35,4.23,56.2
WALES,2025-03-01 09:30:00,6.22,6.94,63.3
WALES,2025-03-01 10:00:00,6.19,4.88,66.6
WALES,2025-03-01 10:30:00,8.05,3.94,48.8
WALES,2025-03-01 11:00:00,5.98,2.94,30.2
WALES,2025-03-01 11:30:00,7.99,0.79,53.6
WALES,2025-03-01 12:00:00,8.92,3.52,58.9
WALES,2025-03-01 12:30:00,8.57,5.03,78.7
WALES,2025-03-01 13:00:00,9.2,4.72,24.7
WALES,2025-03-01 13:30:00,9.705,7.32,71.7
WALES,2025-03-01 14:00:00,10.21,2.65,58.8
WALES,2025-03-01 14:30:00,9.72,4.89,74.2
WALES,2025-03-01 15:00:00,8.2,2.41,36.7
WALES,2025-03-01 15:30:00,9.87,3.63,56.5
WALES,2025-03-01 16:00:00,9.22,2.31,60.0
WALES,2025-03-01 16:30:00,11.37,7.13,88.3
WALES,2025-03-01 17:00:00,9.89,1.63,75.9
WALES,2025-03-01 17:30:00,11.99,4.84,59.6
WALES,2025-03-01 18:00:00,10.02,5.21,70.4
WALES,2025-03-01 18:30:00,11.11,1.79,42.1
WALES,2025-03-01 19:00:00,10.86,6.08,76.4
WALES,2025-03-01 19:30:00,10.49,0.35,84.0
WALES,2025-03-01 20:00:00,12.53,4.25,52.3
WALES,2025-03-01 20:30:00,10.67,5.86,69.7
WALES,2025-03-01 21:00:00,10.46,8.4,32.5
WALES,2025-03-01 21:30:00,10.25,2.84,61.9
WALES,2025-03-01 22:00:00,12.13,5.66,62.3
WALES,2025-03-01 22:30:00,9.18,5.91,39.6
WALES,2025-03-01 23:00:00,9.97,3.85,45.5
WALES,2025-03-01 23:30:00,9.46,5.77,86.2
WALES,2025-03-02 00:00:00,10.01,0.44,65.0
WALES,2025-03-02 00:30:00,9.26,4.72,65.3
WALES,2025-03-02 01:00:00,7.35,3.22,71.1
WALES,2025-03-02 01:30:00,9.5,1.81,71.8
WALES,2025-03-02 02:00:00,7.1,4.47,50.3
WALES,2025-03-02 02:30:00,9.62,3.54,68.8
WALES,2025-03-02 03:00:00,10.21,5.39,72.2
WALES,2025-03-02 03:30:00,9.28,0.57,61.4
WALES,2025-03-02 04:00:00,8.42,5.11,58.5
WALES,2025-03-02 04:30:00,8.95,2.08,95.9
WALES,2025-03-02 05:00:00,8.35,2.16,84.4
WALES,2025-03-02 05:30:00,6.34,4.02,62.1
WALES,2025-03-02 06:00:00,6.87,3.76,61.1
WALES,2025-03-02 06:30:00,6.07,4.55,60.1
WALES,2025-03-02 07:00:00,9.5,6.97,46.8
WALES,2025-03-02 07:30:00,6.99,2.61,55.4
WALES,2025-03-02 08:00:00,8.13,3.79,51.0
WALES,2025-03-02 08:30:00,7.82,0.13,53.0
WALES,2025-03-02 09:00:00,8.81,6.84,83.5
WALES,2025-03-02 09:30:00,5.69,1.52,51.1
WALES,2025-03-02 10:00:00,7.38,2.53,29.7
WALES,2025-03-02 10:30:00,8.48,5.52,49.4
WALES,2025-03-02 11:00:00,8.53,5.89,17.2
WALES,2025-03-02 11:30:00,8.45,3.88,14.8
WALES,2025-03-02 12:00:00,9.32,4.16,31.3
WALES,2025-03-02 12:30:00,8.57,4.36,69.7
WALES,2025-03-02 13:00:00,6.26,3.4,42.3
WALES,2025-03-02 13:30:00,8.38,0.6,39.9
WALES,2025-03-02 14:00:00,10.94,6.32,77.5
WALES,2025-03-02 14:30:00,10.86,0.26,59.0
WALES,2025-03-02 15:00:00,9.9,3.23,26.5
WALES,2025-03-02 15:30:00,10.67,5.24,48.8
WALES,2025-03-02 16:00:00,11.11,4.25,71.4
WALES,2025-03-02 16:30:00,9.0,4.48,64.5
WALES,2025-03-02 17:00:00,10.23,0.0,63.1
WALES,2025-03-02 17:30:00,10.8,2.11,70.3
WALES,2025-03-02 18:00:00,11.12,4.82,53.2
WALES,2025-03-02 18:30:00,8.78,0.63,72.4
WALES,2025-03-02 19:00:00,9.71,2.4,75.1
WALES,2025-03-02 19:30:00,8.46,0.79,74.2
WALES,2025-03-02 20:00:00,11.2,0.01,52.1
WALES,2025-03-02 20:30:00,11.31,1.8,34.0
WALES,2025-03-02 21:00:00,9.0,5.69,78.8
WALES,2025-03-02 21:30:00,11.93,6.46,83.0
WALES,2025-03-02 22:00:00,9.01,6.0,62.0
WALES,2025-03-02 22:30:00,13.11,10.77,56.5
WALES,2025-03-02 23:00:00,10.14,3.23,61.3
WALES,2025-03-02 23:30:00,10.79,9.28,62.6
WALES,2025-03-03 00:00:00,9.63,4.03,45.2
WALES,2025-03-03 00:30:00,8.13,3.7,102.0
WALES,2025-03-03 01:00:00,10.73,3.04,66.3
WALES,2025-03-03 01:30:00,12.68,4.4,44.0
WALES,2025-03-03 02:00:00,9.23,5.28,67.5
WALES,2025-03-03 02:30:00,10.89,4.2,17.8
WALES,2025-03-03 03:00:00,9.2,4.81,66.1
WALES,2025-03-03 03:30:00,7.61,7.99,40.4
WALES,2025-03-03 04:00:00,6.97,3.54,83.9
WALES,2025-03-03 04:30:00,9.79,5.28,76.1
WALES,2025-03-03 05:00:00,6.17,0.6,53.3
WALES,2025-03-03 05:30:00,8.8,5.82,44.4
WALES,2025-03-03 06:00:00,6.24,6.34,63.4
WALES,2025-03-03 06:30:00,4.93,1.75,68.7
WALES,2025-03-03 07:00:00,5.79,2.03,42.9
WALES,2025-03-03 07:30:00,8.26,3.98,90.2
WALES,2025-03-03 08:00:00,6.63,3.58,66.0
WALES,2025-03-03 08:30:00,6.4,0.8,53.7
WALES,2025-03-03 09:00:00,6.32,3.75,49.2
WALES,2025-03-03 09:30:00,7.76,3.3,30.9
WALES,2025-03-03 10:00:00,6.67,1.6,94.6
WALES,2025-03-03 10:30:00,7.47,5.33,58.3
WALES,2025-03-03 11:00:00,9.93,1.48,45.8
WALES,2025-03-03 11:30:00,9.07,2.96,46.5
WALES,2025-03-03 12:00:00,7.47,7.86,96.8
WALES,2025-03-03 12:30:00,8.64,4.39,74.1
WALES,2025-03-03 13:00:00,9.1,4.35,51.9
WALES,2025-03-03 13:30:00,7.89,4.99,62.5
WALES,2025-03-03 14:00:00,10.91,3.48,43.3
WALES,2025-03-03 14:30:00,7.39,2.46,34.1
WALES,2025-03-03 15:00:00,11.04,3.15,46.2
WALES,2025-03-03 15:30:00,10.24,7.9,52.3
WALES,2025-03-03 16:00:00,8.79,3.21,26.5
WALES,2025-03-03 16:30:00,10.76,5.15,52.1
WALES,2025-03-03 17:00:00,9.22,8.8,37.9
WALES,2025-03-03 17:30:00,9.66,4.07,75.5
WALES,2025-03-03 18:00:00,10.7,4.07,71.0
WALES,2025-03-03 18:30:00,14.73,2.84,50.8
WALES,2025-03-03 19:00:00,10.95,5.36,105.5
WALES,2025-03-03 19:30:00,10.95,5.11,21.1
WALES,2025-03-03 20:00:00,11.22,3.97,78.3
WALES,2025-03-03 20:30:00,10.53,1.56,64.1
WALES,2025-03-03 21:00:00,9.21,2.39,61.0
WALES,2025-03-03 21:30:00,8.2,3.49,88.4
WALES,2025-03-03 22:00:00,8.95,2.63,70.6
WALES,2025-03-03 22:30:00,11.86,4.12,56.6
WALES,2025-03-03 23:00:00,12.54,4.43,41.0
WALES,2025-03-03 23:30:00,10.7,3.73,52.1
WALES,2025-03-04 00:00:00,8.18,3.99,70.5
WALES,2025-03-04 00:30:00,11.1,4.02,60.6
WALES,2025-03-04 01:00:00,9.04,5.94,38.6
WALES,2025-03-04 01:30:00,9.09,2.39,58.0
WALES,2025-03-04 02:00:00,10.77,1.62,65.0
WALES,2025-03-04 02:30:00,9.56,2.07,56.5
WALES,2025-03-04 03:00:00,7.6,4.2,57.9
WALES,2025-03-04 03:30:00,10.49,2.47,56.9
WALES,2025-03-04 04:00:00,7.75,6.71,51.1
WALES,2025-03-04 04:30:00,7.13,2.45,45.7
WALES,2025-03-04 05:00:00,7.09,2.29,60.3
WALES,2025-03-04 05:30:00,6.23,5.15,60.7
WALES,2025-03-04 06:00:00,9.41,4.93,66.6
WALES,2025-03-04 06:30:00,9.88,4.87,56.1
WALES,2025-03-04 07:00:00,6.22,6.91,41.8
WALES,2025-03-04 07:30:00,5.9,1.73,46.5
WALES,2025-03-04 08:00:00,7.25,3.48,69.5
WALES,2025-03-04 08:30:00,5.89,2.26,62.8
WALES,2025-03-04 09:00:00,6.11,1.28,32.5
WALES,2025-03-04 09:30:00,7.21,3.86,57.9
WALES,2025-03-04 10:00:00,8.93,4.6,60.0
WALES,2025-03-04 10:30:00,9.08,5.95,46.9
WALES,2025-03-04 11:00:00,8.79,7.55,92.0
WALES,2025-03-04 11:30:00,8.96,4.78,65.2
WALES,2025-03-04 12:00:00,9.95,1.32,82.8
WALES,2025-03-04 12:30:00,8.35,2.15,38.7
WALES,2025-03-04 13:00:00,6.63,5.13,94.6
WALES,2025-03-04 13:30:00,8.08,2.29,81.8
WALES,2025-03-04 14:00:00,9.33,6.51,42.4
WALES,2025-03-04 14:30:00,9.98,7.63,41.1
WALES,2025-03-04 15:00:00,9.33,3.28,73.5
WALES,2025-03-04 15:30:00,11.23,2.64,105.0
WALES,2025-03-04 16:00:00,10.27,2.86,85.7
WALES,2025-03-04 16:30:00,10.37,3.25,50.2
WALES,2025-03-04 17:00:00,13.13,2.01,80.3
WALES,2025-03-04 17:30:00,9.64,2.75,58.5
WALES,2025-03-04 18:00:00,11.49,0.71,50.2
WALES,2025-03-04 18:30:00,12.16,6.05,54.8
WALES,2025-03-04 19:00:00,9.72,4.43,75.0
WALES,2025-03-04 19:30:00,11.35,6.81,55.1
WALES,2025-03-04 20:00:00,9.62,2.81,60.0
WALES,2025-03-04 20:30:00,10.35,2.96,77.3
WALES,2025-03-04 21:00:00,10.15,1.33,74.6
WALES,2025-03-04 21:30:00,11.9,1.93,72.7
WALES,2025-03-04 22:00:00,9.57,2.55,40.1
WALES,2025-03-04 22:30:00,10.38,5.13,64.9
WALES,2025-03-04 23:00:00,9.64,4.38,66.9
WALES,2025-03-04 23:30:00,11.76,4.72,73.3
WALES,2025-03-05 00:00:00,10.33,2.37,62.9
WALES,2025-03-05 00:30:00,11.71,6.54,13.5
WALES,2025-03-05 01:00:00,10.52,3.01,67.2
WALES,2025-03-05 01:30:00,8.13,3.14,31.1
WALES,2025-03-05 02:00:00,8.73,5.22,68.0
WALES,2025-03-05 02:30:00,11.82,2.97,44.2
WALES,2025-03-05 03:00:00,10.39,0.57,63.5
WALES,2025-03-05 03:30:00,9.33,0.0,40.4
WALES,2025-03-05 04:00:00,6.61,5.67,48.4
WALES,2025-03-05 04:30:00,7.94,0.77,45.4
WALES,2025-03-05 05:00:00,6.89,3.56,54.5
WALES,2025-03-05 05:30:00,9.6,5.38,28.0
WALES,2025-03-05 06:00:00,8.74,5.76,61.2
WALES,2025-03-05 06:30:00,8.7,6.41,51.3
WALES,2025-03-05 07:00:00,5.85,5.13,45.3
WALES,2025-03-05 07:30:00,7.63,1.92,77.5
WALES,2025-03-05 08:00:00,6.34,3.58,55.0
WALES,2025-03-05 08:30:00,5.55,6.16,83.1
WALES,2025-03-05 09:00:00,7.14,2.48,55.8
WALES,2025-03-05 09:30:00,6.71,3.95,54.4
WALES,2025-03-05 10:00:00,6.43,6.26,56.1
WALES,2025-03-05 10:30:00,9.83,4.21,52.7
WALES,2025-03-05 11:00:00,7.5,3.27,58.1
WALES,2025-03-05 11:30:00,8.1,1.76,41.6
WALES,2025-03-05 12:00:00,9.18,5.03,31.6
WALES,2025-03-05 12:30:00,8.88,5.68,64.5
WALES,2025-03-05 13:00:00,6.75,1.33,59.2
WALES,2025-03-05 13:30:00,10.99,2.92,70.9
WALES,2025-03-05 14:00:00,8.48,7.4,60.7
WALES,2025-03-05 14:30:00,7.79,2.37,43.9
WALES,2025-03-05 15:00:00,9.91,2.61,51.1
WALES,2025-03-05 15:30:00,12.1,2.83,63.2
WALES,2025-03-05 16:00:00,9.92,3.9,72.0
WALES,2025-03-05 16:30:00,7.61,4.3,53.2
WALES,2025-03-05 17:00:00,10.87,3.59,56.5
WALES,2025-03-05 17:30:00,11.02,2.9,95.4
WALES,2025-03-05 18:00:00,9.83,6.88,37.7
WALES,2025-03-05 18:30:00,10.66,4.62,43.2
WALES,2025-03-05 19:00:00,9.98,3.44,76.1
WALES,2025-03-05 19:30:00,11.28,7.79,70.2
WALES,2025-03-05 20:00:00,10.7,0.0,32.1
WALES,2025-03-05 20:30:00,10.93,0.87,56.5
WALES,2025-03-05 21:00:00,11.45,3.41,55.1
WALES,2025-03-05 21:30:00,13.53,4.13,57.5
WALES,2025-03-05 22:00:00,9.79,3.99,51.4
WALES,2025-03-05 22:30:00,13.14,5.14,85.6
WALES,2025-03-05 23:00:00,10.91,6.49,42.0
WALES,2025-03-05 23:30:00,10.96,2.26,52.1
WALES,2025-03-06 00:00:00,10.35,2.09,33.7
WALES,2025-03-06 00:30:00,11.48,0.64,90.4
WALES,2025-03-06 01:00:00,8.84,5.13,71.3
WALES,2025-03-06 01:30:00,8.49,4.92,63.1
WALES,2025-03-06 02:00:00,10.06,6.42,74.6
WALES,2025-03-06 02:30:00,8.26,3.73,45.2
WALES,2025-03-06 03:00:00,8.09,4.98,70.9
WALES,2025-03-06 03:30:00,9.48,4.58,67.9
WALES,2025-03-06 04:00:00,7.75,6.7,72.0
WALES,2025-03-06 04:30:00,8.27,6.25,50.7
WALES,2025-03-06 05:00:00,8.03,5.79,38.1
WALES,2025-03-06 05:30:00,10.55,2.82,51.9
WALES,2025-03-06 06:00:00,7.59,5.48,75.0
WALES,2025-03-06 06:30:00,9.36,3.87,65.9
WALES,2025-03-06 07:00:00,5.52,1.86,58.4
WALES,2025-03-06 07:30:00,7.8,3.91,69.4
WALES,2025-03-06 08:00:00,7.23,3.53,103.2
WALES,2025-03-06 08:30:00,6.98,6.02,36.5
WALES,2025-03-06 09:00:00,7.51,2.65,95.6
WALES,2025-03-06 09:30:00,6.7,3.94,45.2
WALES,2025-03-06 10:00:00,6.51,3.85,66.5
WALES,2025-03-06 10:30:00,8.83,2.84,49.3
WALES,2025-03-06 11:00:00,9.43,7.19,58.5
WALES,2025-03-06 11:30:00,8.44,7.34,107.7
WALES,2025-03-06 12:00:00,8.8,5.51,62.4
WALES,2025-03-06 12:30:00,6.52,4.69,84.7
WALES,2025-03-06 13:00:00,7.88,0.29,70.6
WALES,2025-03-06 13:30:00,6.67,0.86,30.6
WALES,2025-03-06 14:00:00,6.89,6.11,62.5
WALES,2025-03-06 14:30:00,11.77,5.47,97.1
WALES,2025-03-06 15:00:00,9.04,4.72,37.1
WALES,2025-03-06 15:30:00,9.48,6.87,59.3
WALES,2025-03-06 16:00:00,10.02,3.96,62.6
WALES,2025-03-06 16:30:00,10.47,6.67,47.0
WALES,2025-03-06 17:00:00,10.46,4.2,43.7
WALES,2025-03-06 17:30:00,10.18,5.53,45.2
WALES,2025-03-06 18:00:00,14.36,7.27,63.2
WALES,2025-03-06 18:30:00,11.72,5.54,70.1
WALES,2025-03-06 19:00:00,11.34,9.5,47.1
WALES,2025-03-06 19:30:00,10.77,4.15,71.6
WALES,2025-03-06 20:00:00,13.71,4.0,70.4
WALES,2025-03-06 20:30:00,11.76,3.83,82.4
WALES,2025-03-06 21:00:00,11.74,5.98,54.7
WALES,2025-03-06 21:30:00,10.58,3.31,65.4
WALES,2025-03-06 22:00:00,12.37,8.19,63.1
WALES,2025-03-06 22:30:00,13.27,5.25,48.0
WALES,2025-03-06 23:00:00,10.85,5.54,75.2
WALES,2025-03-06 23:30:00,10.14,3.29,54.0
WALES,2025-03-07 00:00:00,10.11,4.61,94.0
WALES,2025-03-07 00:30:00,9.84,0.72,29.3
WALES,2025-03-07 01:00:00,10.84,2.91,64.9
WALES,2025-03-07 01:30:00,9.02,3.7,54.1
WALES,2025-03-07 02:00:00,8.52,6.47,83.6
WALES,2025-03-07 02:30:00,10.11,8.09,36.3
WALES,2025-03-07 03:00:00,8.58,3.3,72.8
WALES,2025-03-07 03:30:00,7.32,5.33,34.0
WALES,2025-03-07 04:00:00,9.24,6.31,39.6
WALES,2025-03-07 04:30:00,7.91,6.38,85.1
WALES,2025-03-07 05:00:00,6.22,4.75,71.8
WALES,2025-03-07 05:30:00,7.92,6.87,50.2
WALES,2025-03-07 06:00:00,7.12,2.68,64.4
WALES,2025-03-07 06:30:00,7.29,5.74,53.7
WALES,2025-03-07 07:00:00,7.22,4.51,46.0
WALES,2025-03-07 07:30:00,8.7,5.48,72.7
WALES,2025-03-07 08:00:00,6.19,7.2,27.6
WALES,2025-03-07 08:30:00,8.3,4.39,73.0
WALES,2025-03-07 09:00:00,7.22,4.28,73.6
WALES,2025-03-07 09:30:00,7.48,4.54,65.5
WALES,2025-03-07 10:00:00,10.31,0.92,84.3
WALES,2025-03-07 10:30:00,8.23,4.77,38.1
WALES,2025-03-07 11:00:00,9.38,1.85,87.5
WALES,2025-03-07 11:30:00,7.35,7.06,48.2
WALES,2025-03-07 12:00:00,7.29,3.92,47.6
WALES,2025-03-07 12:30:00,8.13,7.48,51.0
WALES,2025-03-07 13:00:00,9.1,7.29,65.2
WALES,2025-03-07 13:30:00,10.24,5.22,78.9
WALES,2025-03-07 14:00:00,9.33,5.27,93.5
WALES,2025-03-07 14:30:00,9.01,4.94,48.7
WALES,2025-03-07 15:00:00,11.17,0.76,55.6
WALES,2025-03-07 15:30:00,11.13,3.8,28.7
WALES,2025-03-07 16:00:00,9.48,2.73,89.2
WALES,2025-03-07 16:30:00,11.36,5.89,38.7
WALES,2025-03-07 17:00:00,10.83,7.21,77.0
WALES,2025-03-07 17:30:00,10.21,5.67,37.8
WALES,2025-03-07 18:00:00,10.11,0.33,58.9
WALES,2025-03-07 18:30:00,11.9,2.17,59.2
WALES,2025-03-07 19:00:00,10.33,2.92,42.0
WALES,2025-03-07 19:30:00,12.83,2.72,56.4
WALES,2025-03-07 20:00:00,10.77,4.73,105.7
WALES,2025-03-07 20:30:00,14.75,3.66,68.4
WALES,2025-03-07 21:00:00,12.49,6.61,72.4
WALES,2025-03-07 21:30:00,12.67,4.93,49.6
WALES,2025-03-07 22:00:00,12.46,4.38,67.0
WALES,2025-03-07 22:30:00,9.52,2.57,54.0
WALES,2025-03-07 23:00:00,11.46,7.7,75.0
WALES,2025-03-07 23:30:00,10.6,2.13,83.4
WALES,2025-03-08 00:00:00,10.84,0.0,79.7
WALES,2025-03-08 00:30:00,10.91,0.0,72.1
WALES,2025-03-08 01:00:00,10.08,1.47,97.6
WALES,2025-03-08 01:30:00,10.5,3.13,46.8
WALES,2025-03-08 02:00:00,9.23,3.78,71.3
WALES,2025-03-08 02:30:00,9.17,3.27,63.7
WALES,2025-03-08 03:00:00,8.41,3.87,85.8
WALES,2025-03-08 03:30:00,8.36,3.75,46.3
WALES,2025-03-08 04:00:00,9.72,0.62,45.1
WALES,2025-03-08 04:30:00,9.25,3.7,75.9
WALES,2025-03-08 05:00:00,7.75,2.66,57.8
WALES,2025-03-08 05:30:00,6.43,2.35,76.4
WALES,2025-03-08 06:00:00,7.35,3.94,62.2
WALES,2025-03-08 06:30:00,5.78,0.88,66.9
WALES,2025-03-08 07:00:00,6.97,3.56,71.1
WALES,2025-03-08 07:30:00,6.34,2.87,53.7
WALES,2025-03-08 08:00:00,7.8,3.28,48.6
WALES,2025-03-08 08:30:00,9.43,4.08,71.8
WALES,2025-03-08 09:00:00,5.29,1.42,70.5
WALES,2025-03-08 09:30:00,7.17,3.23,42.9
WALES,2025-03-08 10:00:00,8.83,5.31,58.8
WALES,2025-03-08 10:30:00,7.96,3.39,47.7
WALES,2025-03-08 11:00:00,7.36,5.53,52.9
WALES,2025-03-08 11:30:00,8.05,3.14,76.9
WALES,2025-03-08 12:00:00,7.61,7.05,49.7
WALES,2025-03-08 12:30:00,7.71,8.01,40.8
WALES,2025-03-08 13:00:00,8.83,6.02,32.2
WALES,2025-03-08 13:30:00,9.19,0.92,60.7
WALES,2025-03-08 14:00:00,11.84,0.0,58.6
WALES,2025-03-08 14:30:00,8.85,1.99,32.5
WALES,2025-03-08 15:00:00,11.23,4.4,26.5
WALES,2025-03-08 15:30:00,8.78,2.9,31.7
WALES,2025-03-08 16:00:00,10.5,4.51,64.3
WALES,2025-03-08 16:30:00,12.82,2.12,51.5
WALES,2025-03-08 17:00:00,10.18,5.71,73.4
WALES,2025-03-08 17:30:00,9.45,6.89,43.7
WALES,2025-03-08 18:00:00,12.15,5.59,67.2
WALES,2025-03-08 18:30:00,10.73,3.38,68.7
WALES,2025-03-08 19:00:00,11.96,5.42,72.8
WALES,2025-03-08 19:30:00,11.74,6.83,49.2
WALES,2025-03-08 20:00:00,11.45,2.88,104.0
WALES,2025-03-08 20:30:00,12.31,6.03,68.0
WALES,2025-03-08 21:00:00,11.26,9.34,81.9
WALES,2025-03-08 21:30:00,10.94,3.46,64.0
WALES,2025-03-08 22:00:00,10.48,3.3,32.6
WALES,2025-03-08 22:30:00,8.25,7.95,50.9
WALES,2025-03-08 23:00:00,10.44,4.14,72.5
WALES,2025-03-08 23:30:00,11.74,6.06,70.3
WALES,2025-03-09 00:00:00,10.12,6.53,56.8
WALES,2025-03-09 00:30:00,11.68,0.92,83.4
WALES,2025-03-09 01:00:00,8.89,1.1,36.6
WALES,2025-03-09 01:30:00,10.2,8.57,56.5
WALES,2025-03-09 02:00:00,9.31,5.54,49.6
WALES,2025-03-09 02:30:00,9.26,3.3,95.4
WALES,2025-03-09 03:00:00,9.01,5.5,47.2
WALES,2025-03-09 03:30:00,7.56,5.33,64.6
WALES,2025-03-09 04:00:00,9.68,2.23,58.3
WALES,2025-03-09 04:30:00,6.9,3.01,34.0
WALES,2025-03-09 05:00:00,7.69,6.62,44.6
WALES,2025-03-09 05:30:00,6.98,3.67,56.7
WALES,2025-03-09 06:00:00,8.63,1.4,14.9
WALES,2025-03-09 06:30:00,7.79,7.38,56.5
WALES,2025-03-09 07:00:00,7.99,3.84,73.4
WALES,2025-03-09 07:30:00,7.16,3.85,89.5
WALES,2025-03-09 08:00:00,8.81,2.62,48.0
WALES,2025-03-09 08:30:00,6.73,1.75,50.1
WALES,2025-03-09 09:00:00,7.36,2.45,69.2
WALES,2025-03-09 09:30:00,5.5,1.64,71.9
WALES,2025-03-09 10:00:00,9.99,4.51,45.0
WALES,2025-03-09 10:30:00,6.37,3.25,82.8
WALES,2025-03-09 11:00:00,8.64,1.53,66.5
WALES,2025-03-09 11:30:00,9.75,6.36,83.9
WALES,2025-03-09 12:00:00,9.4,1.44,45.5
WALES,2025-03-09 12:30:00,10.53,3.32,25.9
WALES,2025-03-09 13:00:00,9.65,6.12,58.6
WALES,2025-03-09 13:30:00,9.58,2.34,51.6
WALES,2025-03-09 14:00:00,7.27,1.85,85.9
WALES,2025-03-09 14:30:00,5.46,3.23,50.4
WALES,2025-03-09 15:00:00,10.67,0.0,46.3
WALES,2025-03-09 15:30:00,9.25,4.81,59.8
WALES,2025-03-09 16:00:00,8.45,3.32,46.0
WALES,2025-03-09 16:30:00,11.0,3.51,91.5
WALES,2025-03-09 17:00:00,10.06,2.86,50.4
WALES,2025-03-09 17:30:00,10.62,5.68,52.0
WALES,2025-03-09 18:00:00,10.7,4.71,43.0
WALES,2025-03-09 18:30:00,11.93,3.24,43.7
WALES,2025-03-09 19:00:00,9.17,1.8,56.3
WALES,2025-03-09 19:30:00,11.26,3.43,33.4
WALES,2025-03-09 20:00:00,11.19,0.89,37.1
WALES,2025-03-09 20:30:00,12.74,3.73,67.6
WALES,2025-03-09 21:00:00,13.05,3.82,76.7
WALES,2025-03-09 21:30:00,11.8,2.5,56.8
WALES,2025-03-09 22:00:00,10.23,5.16,77.4
WALES,2025-03-09 22:30:00,9.49,2.18,53.0
WALES,2025-03-09 23:00:00,9.84,3.46,65.9
WALES,2025-03-09 23:30:00,12.36,2.92,49.5
WALES,2025-03-10 00:00:00,10.89,3.83,31.3
WALES,2025-03-10 00:30:00,9.41,3.23,73.3
WALES,2025-03-10 01:00:00,11.29,1.8,45.5
WALES,2025-03-10 01:30:00,11.0,3.0,65.7
WALES,2025-03-10 02:00:00,9.21,3.98,51.8
WALES,2025-03-10 02:30:00,10.78,0.82,52.1
WALES,2025-03-10 03:00:00,10.15,3.49,57.2
WALES,2025-03-10 03:30:00,10.06,4.83,74.3
WALES,2025-03-10 04:00:00,9.86,1.01,50.8
WALES,2025-03-10 04:30:00,7.44,4.54,77.7
WALES,2025-03-10 05:00:00,5.01,0.72,21.6
WALES,2025-03-10 05:30:00,6.96,3.93,87.7
WALES,2025-03-10 06:00:00,6.09,8.62,67.9
WALES,2025-03-10 06:30:00,8.32,5.25,32.9
WALES,2025-03-10 07:00:00,6.74,1.77,69.9
WALES,2025-03-10 07:30:00,6.35,3.38,46.2
WALES,2025-03-10 08:00:00,9.08,2.58,38.4
WALES,2025-03-10 08:30:00,7.94,3.67,83.5
WALES,2025-03-10 09:00:00,7.8,4.35,74.0
WALES,2025-03-10 09:30:00,7.99,5.38,70.9
WALES,2025-03-10 10:00:00,7.24,1.4,55.0
WALES,2025-03-10 10:30:00,5.23,2.33,51.1
WALES,2025-03-10 11:00:00,9.51,3.5,89.8
WALES,2025-03-10 11:30:00,8.52,0.54,78.9
WALES,2025-03-10 12:00:00,9.62,0.45,71.3
WALES,2025-03-10 12:30:00,10.1,0.0,38.9
WALES,2025-03-10 13:00:00,9.99,3.45,85.0
WALES,2025-03-10 13:30:00,10.0,5.49,79.5
WALES,2025-03-10 14:00:00,8.41,3.21,93.5
WALES,2025-03-10 14:30:00,8.97,6.02,54.9
WALES,2025-03-10 15:00:00,8.99,1.86,68.5
WALES,2025-03-10 15:30:00,11.47,4.81,63.1
WALES,2025-03-10 16:00:00,9.01,3.84,61.8
WALES,2025-03-10 16:30:00,9.33,4.7,46.1
WALES,2025-03-10 17:00:00,10.33,5.38,87.3
WALES,2025-03-10 17:30:00,12.62,3.56,68.4
WALES,2025-03-10 18:00:00,11.89,5.1,60.9
WALES,2025-03-10 18:30:00,12.68,2.62,38.1
WALES,2025-03-10 19:00:00,11.75,3.22,93.1
WALES,2025-03-10 19:30:00,10.77,5.92,67.2
WALES,2025-03-10 20:00:00,9.72,5.04,46.9
WALES,2025-03-10 20:30:00,14.28,2.27,42.1
WALES,2025-03-10 21:00:00,8.71,2.32,71.7
WALES,2025-03-10 21:30:00,10.09,4.88,63.3
WALES,2025-03-10 22:00:00,9.96,3.61,41.7
WALES,2025-03-10 22:30:00,12.16,0.21,71.9
WALES,2025-03-10 23:00:00,9.95,4.09,67.1
WALES,2025-03-10 23:30:00,10.98,7.98,51.1
WALES,2025-03-11 00:00:00,8.8,8.2,65.4
WALES,2025-03-11 00:30:00,10.63,8.34,35.2
WALES,2025-03-11 01:00:00,9.87,1.69,56.8
WALES,2025-03-11 01:30:00,8.25,4.05,59.2
WALES,2025-03-11 02:00:00,9.42,0.0,72.7
WALES,2025-03-11 02:30:00,9.18,9.14,50.5
WALES,2025-03-11 03:00:00,8.18,4.21,36.8
WALES,2025-03-11 03:30:00,10.42,2.02,44.1
WALES,2025-03-11 04:00:00,9.48,4.42,63.5
WALES,2025-03-11 04:30:00,6.9,5.94,41.4
WALES,2025-03-11 05:00:00,6.05,4.74,56.1
WALES,2025-03-11 05:30:00,7.83,5.34,54.2
WALES,2025-03-11 06:00:00,5.7,3.32,65.2
WALES,2025-03-11 06:30:00,8.02,3.64,103.4
WALES,2025-03-11 07:00:00,9.59,1.6,35.4
WALES,2025-03-11 07:30:00,9.19,6.13,86.6
WALES,2025-03-11 08:00:00,7.0,3.68,28.0
WALES,2025-03-11 08:30:00,7.71,2.72,45.9
WALES,2025-03-11 09:00:00,8.71,3.69,74.8
WALES,2025-03-11 09:30:00,7.47,5.1,36.4
WALES,2025-03-11 10:00:00,6.62,4.91,90.5
WALES,2025-03-11 10:30:00,8.36,4.03,87.0
WALES,2025-03-11 11:00:00,7.86,2.41,60.1
WALES,2025-03-11 11:30:00,8.57,1.47,62.3
WALES,2025-03-11 12:00:00,6.46,3.4,57.2
WALES,2025-03-11 12:30:00,8.49,0.08,61.8
WALES,2025-03-11 13:00:00,10.06,6.82,86.2
WALES,2025-03-11 13:30:00,9.05,8.96,46.3
WALES,2025-03-11 14:00:00,8.66,4.04,74.9
WALES,2025-03-11 14:30:00,10.31,0.0,42.6
WALES,2025-03-11 15:00:00,10.97,2.22,57.7
WALES,2025-03-11 15:30:00,10.48,4.97,75.5
WALES,2025-03-11 16:00:00,12.06,5.27,37.9
WALES,2025-03-11 16:30:00,11.24,6.16,68.2
WALES,2025-03-11 17:00:00,12.5,4.48,57.7
WALES,2025-03-11 17:30:00,9.93,8.07,41.2
WALES,2025-03-11 18:00:00,11.26,3.29,36.0
WALES,2025-03-11 18:30:00,12.33,5.0,64.4
WALES,2025-03-11 19:00:00,10.71,5.13,55.3
WALES,2025-03-11 19:30:00,12.04,6.87,16.0
WALES,2025-03-11 20:00:00,12.74,8.75,91.0
WALES,2025-03-11 20:30:00,12.46,6.45,44.7
WALES,2025-03-11 21:00:00,11.75,3.7,51.6
WALES,2025-03-11 21:30:00,12.65,3.61,26.6
WALES,2025-03-11 22:00:00,11.79,3.94,72.5
WALES,2025-03-11 22:30:00,10.77,0.55,42.5
WALES,2025-03-11 23:00:00,9.85,1.94,49.9
WALES,2025-03-11 23:30:00,11.82,1.24,75.9
WALES,2025-03-12 00:00:00,9.05,3.24,59.4
WALES,2025-03-12 00:30:00,10.22,5.24,58.0
WALES,2025-03-12 01:00:00,9.91,0.0,67.2
WALES,2025-03-12 01:30:00,12.35,3.02,71.9
WALES,2025-03-12 02:00:00,8.59,5.97,69.3
WALES,2025-03-12 02:30:00,9.14,3.14,71.6
WALES,2025-03-12 03:00:00,9.11,1.54,32.5
WALES,2025-03-12 03:30:00,9.77,2.47,60.6
WALES,2025-03-12 04:00:00,9.28,1.6,41.7
WALES,2025-03-12 04:30:00,10.52,3.18,78.3
WALES,2025-03-12 05:00:00,11.17,4.48,44.5
WALES,2025-03-12 05:30:00,8.32,3.62,61.2
WALES,2025-03-12 06:00:00,8.71,5.66,23.9
WALES,2025-03-12 06:30:00,9.27,4.55,49.7
WALES,2025-03-12 07:00:00,8.53,1.9,41.9
WALES,2025-03-12 07:30:00,8.92,4.13,88.2
WALES,2025-03-12 08:00:00,6.75,4.58,67.0
WALES,2025-03-12 08:30:00,8.06,5.24,68.3
WALES,2025-03-12 09:00:00,7.67,0.12,75.6
WALES,2025-03-12 09:30:00,4.8,1.53,47.3
WALES,2025-03-12 10:00:00,8.93,3.56,93.7
WALES,2025-03-12 10:30:00,6.18,1.8,19.5
WALES,2025-03-12 11:00:00,6.79,2.73,86.4
WALES,2025-03-12 11:30:00,9.42,4.48,54.4
WALES,2025-03-12 12:00:00,9.5,6.55,48.4
WALES,2025-03-12 12:30:00,7.92,3.14,28.8
WALES,2025-03-12 13:00:00,10.51,2.83,54.8
WALES,2025-03-12 13:30:00,10.81,2.92,82.8
WALES,2025-03-12 14:00:00,7.48,5.12,52.0
WALES,2025-03-12 14:30:00,7.68,1.73,62.5
WALES,2025-03-12 15:00:00,8.94,4.77,46.6
WALES,2025-03-12 15:30:00,8.15,5.94,65.3
WALES,2025-03-12 16:00:00,8.41,5.31,62.2
WALES,2025-03-12 16:30:00,10.06,3.22,84.1
WALES,2025-03-12 17:00:00,11.37,6.78,68.6
WALES,2025-03-12 17:30:00,11.27,2.49,62.8
WALES,2025-03-12 18:00:00,12.53,4.16,94.9
WALES,2025-03-12 18:30:00,12.53,1.6,51.3
WALES,2025-03-12 19:00:00,12.32,0.95,57.9
WALES,2025-03-12 19:30:00,10.39,4.08,43.4
WALES,2025-03-12 20:00:00,12.84,2.98,72.0
WALES,2025-03-12 20:30:00,9.79,3.39,37.0
WALES,2025-03-12 21:00:00,12.94,2.45,58.4
WALES,2025-03-12 21:30:00,11.93,2.51,38.4
WALES,2025-03-12 22:00:00,11.53,0.14,84.2
WALES,2025-03-12 22:30:00,11.15,1.05,55.2
WALES,2025-03-12 23:00:00,11.69,2.37,25.0
WALES,2025-03-12 23:30:00,10.84,5.52,64.2
WALES,2025-03-13 00:00:00,11.1,5.91,88.5
WALES,2025-03-13 00:30:00,7.39,1.35,63.0
WALES,2025-03-13 01:00:00,10.47,0.9,45.9
WALES,2025-03-13 01:30:00,12.21,3.29,63.8
WALES,2025-03-13 02:00:00,11.77,4.19,74.2
WALES,2025-03-13 02:30:00,10.31,3.33,52.9
WALES,2025-03-13 03:00:00,10.52,3.98,41.8
WALES,2025-03-13 03:30:00,10.4,0.0,88.4
WALES,2025-03-13 04:00:00,8.4,4.02,61.5
WALES,2025-03-13 04:30:00,10.22,4.35,59.6
WALES,2025-03-13 05:00:00,7.06,2.57,71.6
WALES,2025-03-13 05:30:00,8.47,7.37,45.3
WALES,2025-03-13 06:00:00,6.5,4.6,58.5
WALES,2025-03-13 06:30:00,6.45,2.96,72.7
WALES,2025-03-13 07:00:00,6.11,1.72,46.9
WALES,2025-03-13 07:30:00,6.84,5.59,50.0
WALES,2025-03-13 08:00:00,9.58,1.91,66.6
WALES,2025-03-13 08:30:00,7.57,4.01,15.7
WALES,2025-03-13 09:00:00,6.37,3.67,24.5
WALES,2025-03-13 09:30:00,4.18,1.53,66.1
WALES,2025-03-13 10:00:00,8.46,1.55,56.4
WALES,2025-03-13 10:30:00,8.4,6.65,83.2
WALES,2025-03-13 11:00:00,9.3,2.92,59.1
WALES,2025-03-13 11:30:00,8.29,3.57,35.2
WALES,2025-03-13 12:00:00,10.35,4.87,75.7
WALES,2025-03-13 12:30:00,9.41,3.13,33.0
WALES,2025-03-13 13:00:00,10.0,5.37,65.2
WALES,2025-03-13 13:30:00,11.69,2.87,54.3
WALES,2025-03-13 14:00:00,9.87,3.01,55.8
WALES,2025-03-13 14:30:00,10.86,2.71,49.6
WALES,2025-03-13 15:00:00,10.83,1.36,58.5
WALES,2025-03-13 15:30:00,9.98,5.25,74.5
WALES,2025-03-13 16:00:00,10.43,3.83,59.4
WALES,2025-03-13 16:30:00,10.25,6.58,69.0
WALES,2025-03-13 17:00:00,12.55,2.25,82.5
WALES,2025-03-13 17:30:00,11.18,5.37,25.6
WALES,2025-03-13 18:00:00,13.3,4.88,93.5
WALES,2025-03-13 18:30:00,12.69,0.0,87.4
WALES,2025-03-13 19:00:00,11.78,5.28,69.8
WALES,2025-03-13 19:30:00,11.43,3.19,72.7
WALES,2025-03-13 20:00:00,10.62,4.06,85.2
WALES,2025-03-13 20:30:00,10.16,3.6,81.0
WALES,2025-03-13 21:00:00,10.57,0.18,24.3
WALES,2025-03-13 21:30:00,10.99,7.37,46.3
WALES,2025-03-13 22:00:00,11.01,4.11,79.9
WALES,2025-03-13 22:30:00,12.38,3.69,70.8
WALES,2025-03-13 23:00:00,12.31,0.71,53.2
WALES,2025-03-13 23:30:00,9.59,2.55,71.7
WALES,2025-03-14 00:00:00,9.22,8.62,71.9
WALES,2025-03-14 00:30:00,9.96,3.74,36.8
WALES,2025-03-14 01:00:00,8.41,3.23,83.6
WALES,2025-03-14 01:30:00,8.49,6.47,56.7
WALES,2025-03-14 02:00:00,9.95,4.15,73.9
WALES,2025-03-14 02:30:00,10.98,3.57,69.2
WALES,2025-03-14 03:00:00,10.71,5.63,52.6
WALES,2025-03-14 03:30:00,8.91,2.03,92.7
WALES,2025-03-14 04:00:00,9.03,1.19,44.9
WALES,2025-03-14 04:30:00,8.48,6.68,56.6
WALES,2025-03-14 05:00:00,8.97,2.57,71.6
WALES,2025-03-14 05:30:00,9.81,5.58,15.8
WALES,2025-03-14 06:00:00,7.75,1.88,72.1
WALES,2025-03-14 06:30:00,8.02,7.42,54.0
WALES,2025-03-14 07:00:00,7.82,3.75,72.9
WALES,2025-03-14 07:30:00,6.57,2.0,49.9
WALES,2025-03-14 08:00:00,8.37,6.08,58.3
WALES,2025-03-14 08:30:00,8.37,5.02,59.0
WALES,2025-03-14 09:00:00,7.63,5.53,94.5
WALES,2025-03-14 09:30:00,8.92,6.41,96.7
WALES,2025-03-14 10:00:00,7.09,5.4,86.2
WALES,2025-03-14 10:30:00,9.06,2.8,45.7
WALES,2025-03-14 11:00:00,10.21,4.83,65.5
WALES,2025-03-14 11:30:00,8.27,7.02,77.5
WALES,2025-03-14 12:00:00,8.44,5.82,63.2
WALES,2025-03-14 12:30:00,9.71,6.71,82.3
WALES,2025-03-14 13:00:00,7.08,5.03,86.6
WALES,2025-03-14 13:30:00,8.28,7.98,71.2
WALES,2025-03-14 14:00:00,10.81,5.92,35.8
WALES,2025-03-14 14:30:00,10.86,4.99,51.9
WALES,2025-03-14 15:00:00,12.13,0.21,49.0
WALES,2025-03-14 15:30:00,11.93,6.02,50.3
WALES,2025-03-14 16:00:00,9.81,3.68,67.1
WALES,2025-03-14 16:30:00,10.25,4.03,63.5
WALES,2025-03-14 17:00:00,10.81,3.34,41.1
WALES,2025-03-14 17:30:00,11.2,4.16,45.4
WALES,2025-03-14 18:00:00,11.89,6.61,63.4
WALES,2025-03-14 18:30:00,12.06,6.23,61.7
WALES,2025-03-14 19:00:00,12.82,0.0,49.5
WALES,2025-03-14 19:30:00,10.42,7.07,73.6
WALES,2025-03-14 20:00:00,10.36,2.3,37.6
WALES,2025-03-14 20:30:00,12.21,4.64,54.6
WALES,2025-03-14 21:00:00,10.69,4.19,108.6
WALES,2025-03-14 21:30:00,11.28,6.54,56.8
WALES,2025-03-14 22:00:00,12.71,5.45,61.6
WALES,2025-03-14 22:30:00,12.31,6.64,63.4
WALES,2025-03-14 23:00:00,11.01,5.58,91.6
WALES,2025-03-14 23:30:00,9.56,1.71,87.7
WALES,2025-03-15 00:00:00,10.2,6.73,50.1
WALES,2025-03-15 00:30:00,10.29,6.32,75.4
WALES,2025-03-15 01:00:00,9.01,5.44,50.2
WALES,2025-03-15 01:30:00,10.89,4.37,59.1
WALES,2025-03-15 02:00:00,9.11,0.9,50.9
WALES,2025-03-15 02:30:00,10.69,5.16,47.2
WALES,2025-03-15 03:00:00,10.66,4.98,73.5
WALES,2025-03-15 03:30:00,8.1,7.88,71.1
WALES,2025-03-15 04:00:00,10.72,3.02,29.7
WALES,2025-03-15 04:30:00,7.75,6.37,42.3
WALES,2025-03-15 05:00:00,10.26,2.84,69.6
WALES,2025-03-15 05:30:00,8.75,3.67,57.2
WALES,2025-03-15 06:00:00,6.97,8.21,71.9
WALES,2025-03-15 06:30:00,6.2,1.58,72.2
WALES,2025-03-15 07:00:00,7.93,0.66,108.3
WALES,2025-03-15 07:30:00,4.6,3.36,62.9
WALES,2025-03-15 08:00:00,7.06,5.99,71.8
WALES,2025-03-15 08:30:00,8.05,4.14,72.2
WALES,2025-03-15 09:00:00,7.69,1.26,80.0
WALES,2025-03-15 09:30:00,10.05,4.46,64.5
WALES,2025-03-15 10:00:00,8.1,1.65,52.8
WALES,2025-03-15 10:30:00,9.1,4.8,93.5
WALES,2025-03-15 11:00:00,9.36,3.48,74.8
WALES,2025-03-15 11:30:00,8.23,1.01,81.5
WALES,2025-03-15 12:00:00,9.49,10.18,53.1
WALES,2025-03-15 12:30:00,9.77,2.82,47.1
WALES,2025-03-15 13:00:00,12.17,0.18,62.0
WALES,2025-03-15 13:30:00,11.45,1.2,53.4
WALES,2025-03-15 14:00:00,10.97,1.88,68.5
WALES,2025-03-15 14:30:00,8.93,6.96,86.0
WALES,2025-03-15 15:00:00,9.82,0.0,71.8
WALES,2025-03-15 15:30:00,11.62,5.33,69.7
WALES,2025-03-15 16:00:00,11.19,3.6,48.8
WALES,2025-03-15 16:30:00,10.92,3.79,74.7
WALES,2025-03-15 17:00:00,10.24,3.38,63.6
WALES,2025-03-15 17:30:00,10.34,1.43,73.5
WALES,2025-03-15 18:00:00,10.0,4.58,71.5
WALES,2025-03-15 18:30:00,13.27,8.82,85.6
WALES,2025-03-15 19:00:00,10.91,3.61,67.2
WALES,2025-03-15 19:30:00,11.68,4.51,84.2
WALES,2025-03-15 20:00:00,11.98,6.03,41.4
WALES,2025-03-15 20:30:00,12.4,0.84,81.8
WALES,2025-03-15 21:00:00,11.53,1.42,56.6
WALES,2025-03-15 21:30:00,12.32,1.7,45.8
WALES,2025-03-15 22:00:00,11.07,5.85,25.4
WALES,2025-03-15 22:30:00,12.1,3.67,80.9
WALES,2025-03-15 23:00:00,11.71,6.9,69.0
WALES,2025-03-15 23:30:00,9.77,5.04,70.5
WALES,2025-03-16 00:00:00,10.02,3.08,18.1
WALES,2025-03-16 00:30:00,11.72,3.87,51.0
WALES,2025-03-16 01:00:00,9.14,3.14,69.1
WALES,2025-03-16 01:30:00,10.56,3.46,39.1
WALES,2025-03-16 02:00:00,9.41,2.45,57.1
WALES,2025-03-16 02:30:00,10.56,3.02,91.0
WALES,2025-03-16 03:00:00,8.6,0.66,56.8
WALES,2025-03-16 03:30:00,8.56,10.91,52.4
WALES,2025-03-16 04:00:00,6.96,4.08,57.1
WALES,2025-03-16 04:30:00,7.35,4.72,70.2
WALES,2025-03-16 05:00:00,8.43,3.47,53.4
WALES,2025-03-16 05:30:00,7.58,1.44,86.7
WALES,2025-03-16 06:00:00,10.94,1.95,49.2
WALES,2025-03-16 06:30:00,6.72,5.78,41.7
WALES,2025-03-16 07:00:00,8.65,4.86,57.2
WALES,2025-03-16 07:30:00,9.45,3.3,60.0
WALES,2025-03-16 08:00:00,6.29,0.0,79.1
WALES,2025-03-16 08:30:00,7.0,6.31,53.7
WALES,2025-03-16 09:00:00,7.68,4.41,50.3
WALES,2025-03-16 09:30:00,5.88,2.26,42.9
WALES,2025-03-16 10:00:00,7.97,6.23,46.9
WALES,2025-03-16 10:30:00,7.89,4.48,45.7
WALES,2025-03-16 11:00:00,8.79,6.2,67.1
WALES,2025-03-16 11:30:00,8.27,2.32,57.9
WALES,2025-03-16 12:00:00,7.84,2.83,57.8
WALES,2025-03-16 12:30:00,8.5,6.07,49.4
WALES,2025-03-16 13:00:00,9.69,3.07,43.6
WALES,2025-03-16 13:30:00,9.96,4.84,49.2
WALES,2025-03-16 14:00:00,6.0,6.24,74.0
WALES,2025-03-16 14:30:00,11.13,6.42,60.3
WALES,2025-03-16 15:00:00,9.76,0.42,62.4
WALES,2025-03-16 15:30:00,9.72,2.43,35.5
WALES,2025-03-16 16:00:00,9.51,1.31,77.9
WALES,2025-03-16 16:30:00,12.08,2.52,82.0
WALES,2025-03-16 17:00:00,11.28,6.94,70.7
WALES,2025-03-16 17:30:00,11.92,4.49,47.0
WALES,2025-03-16 18:00:00,9.89,4.41,58.3
WALES,2025-03-16 18:30:00,14.6,5.5,44.8
WALES,2025-03-16 19:00:00,11.58,3.26,59.3
WALES,2025-03-16 19:30:00,10.1,5.82,52.9
WALES,2025-03-16 20:00:00,12.53,2.79,52.8
WALES,2025-03-16 20:30:00,12.46,0.0,77.8
WALES,2025-03-16 21:00:00,13.44,6.9,47.4
WALES,2025-03-16 21:30:00,12.04,3.11,33.2
WALES,2025-03-16 22:00:00,11.58,1.09,70.8
WALES,2025-03-16 22:30:00,12.46,6.58,69.2
WALES,2025-03-16 23:00:00,10.66,3.62,62.2
WALES,2025-03-16 23:30:00,12.92,6.95,58.5
WALES,2025-03-17 00:00:00,11.97,2.97,67.9
WALES,2025-03-17 00:30:00,10.37,4.49,45.2
WALES,2025-03-17 01:00:00,8.6,1.51,70.5
WALES,2025-03-17 01:30:00,8.97,3.32,76.0
WALES,2025-03-17 02:00:00,11.13,2.04,16.8
WALES,2025-03-17 02:30:00,8.82,4.4,72.1
WALES,2025-03-17 03:00:00,7.85,0.47,43.7
WALES,2025-03-17 03:30:00,8.65,8.18,62.0
WALES,2025-03-17 04:00:00,9.56,6.2,51.9
WALES,2025-03-17 04:30:00,8.91,4.51,70.9
WALES,2025-03-17 05:00:00,8.22,6.09,79.9
WALES,2025-03-17 05:30:00,8.03,5.52,67.0
WALES,2025-03-17 06:00:00,11.25,5.79,67.0
WALES,2025-03-17 06:30:00,7.37,1.93,69.5
WALES,2025-03-17 07:00:00,5.8,7.25,22.9
WALES,2025-03-17 07:30:00,6.62,6.0,59.4
WALES,2025-03-17 08:00:00,8.01,2.63,57.7
WALES,2025-03-17 08:30:00,8.61,2.34,55.3
WALES,2025-03-17 09:00:00,7.86,3.46,73.5
WALES,2025-03-17 09:30:00,8.41,3.79,29.3
WALES,2025-03-17 10:00:00,9.47,2.15,92.0
WALES,2025-03-17 10:30:00,7.04,4.51,71.4
WALES,2025-03-17 11:00:00,8.14,4.62,54.9
WALES,2025-03-17 11:30:00,10.64,4.4,57.9
WALES,2025-03-17 12:00:00,9.08,6.26,67.0
WALES,2025-03-17 12:30:00,9.01,1.13,80.8
WALES,2025-03-17 13:00:00,9.69,3.11,65.9
WALES,2025-03-17 13:30:00,10.94,5.43,95.4
WALES,2025-03-17 14:00:00,10.84,0.14,82.7
WALES,2025-03-17 14:30:00,7.69,6.7,75.9
WALES,2025-03-17 15:00:00,12.32,4.89,65.2
WALES,2025-03-17 15:30:00,11.79,1.65,60.7
WALES,2025-03-17 16:00:00,10.51,3.14,49.7
WALES,2025-03-17 16:30:00,10.98,5.44,86.8
WALES,2025-03-17 17:00:00,10.86,3.26,9.2
WALES,2025-03-17 17:30:00,12.96,1.28,68.6
WALES,2025-03-17 18:00:00,11.87,5.98,44.2
WALES,2025-03-17 18:30:00,12.21,7.26,64.2
WALES,2025-03-17 19:00:00,10.67,1.07,86.8
WALES,2025-03-17 19:30:00,11.19,3.52,105.5
WALES,2025-03-17 20:00:00,12.89,6.29,89.5
WALES,2025-03-17 20:30:00,9.91,7.07,90.1
WALES,2025-03-17 21:00:00,11.18,5.5,77.4
WALES,2025-03-17 21:30:00,10.87,5.83,48.6
WALES,2025-03-17 22:00:00,14.63,4.32,70.2
WALES,2025-03-17 22:30:00,9.56,4.79,82.0
WALES,2025-03-17 23:00:00,10.13,2.96,47.2
WALES,2025-03-17 23:30:00,9.82,1.41,78.5
WALES,2025-03-18 00:00:00,9.31,0.43,50.4
WALES,2025-03-18 00:30:00,10.88,5.16,44.0
WALES,2025-03-18 01:00:00,9.64,5.08,76.3
WALES,2025-03-18 01:30:00,11.83,4.96,30.2
WALES,2025-03-18 02:00:00,8.77,6.51,91.9
WALES,2025-03-18 02:30:00,9.72,3.65,42.0
WALES,2025-03-18 03:00:00,11.01,1.88,95.3
WALES,2025-03-18 03:30:00,9.21,2.28,27.9
WALES,2025-03-18 04:00:00,8.5,3.75,54.3
WALES,2025-03-18 04:30:00,8.83,6.77,71.1
WALES,2025-03-18 05:00:00,8.64,6.28,43.5
WALES,2025-03-18 05:30:00,9.27,5.39,87.0
WALES,2025-03-18 06:00:00,6.45,2.27,45.4
WALES,2025-03-18 06:30:00,8.67,4.45,70.2
WALES,2025-03-18 07:00:00,5.36,6.94,64.2
WALES,2025-03-18 07:30:00,8.56,4.74,48.7
WALES,2025-03-18 08:00:00,8.45,4.15,61.1
WALES,2025-03-18 08:30:00,8.42,3.79,35.5
WALES,2025-03-18 09:00:00,7.68,7.25,50.0
WALES,2025-03-18 09:30:00,8.01,5.67,98.1
WALES,2025-03-18 10:00:00,7.79,1.55,72.1
WALES,2025-03-18 10:30:00,7.12,4.59,70.9
WALES,2025-03-18 11:00:00,7.84,3.46,74.7
WALES,2025-03-18 11:30:00,9.72,4.09,63.0
WALES,2025-03-18 12:00:00,7.48,4.24,53.0
WALES,2025-03-18 12:30:00,8.92,6.84,39.7
WALES,2025-03-18 13:00:00,10.72,4.39,59.5
WALES,2025-03-18 13:30:00,8.26,4.56,99.1
WALES,2025-03-18 14:00:00,6.77,0.09,56.8
WALES,2025-03-18 14:30:00,10.22,5.88,68.1
WALES,2025-03-18 15:00:00,8.38,5.23,56.9
WALES,2025-03-18 15:30:00,11.4,2.57,32.4
WALES,2025-03-18 16:00:00,10.28,4.98,66.9
WALES,2025-03-18 16:30:00,10.84,2.78,57.6
WALES,2025-03-18 17:00:00,13.02,9.1,67.7
WALES,2025-03-18 17:30:00,12.47,2.55,84.4
WALES,2025-03-18 18:00:00,11.14,1.47,80.7
WALES,2025-03-18 18:30:00,11.66,6.79,74.9
WALES,2025-03-18 19:00:00,10.2,4.37,43.9
WALES,2025-03-18 19:30:00,13.27,4.17,48.2
WALES,2025-03-18 20:00:00,9.39,6.33,53.8
WALES,2025-03-18 20:30:00,11.51,4.97,44.1
WALES,2025-03-18 21:00:00,9.93,4.39,43.2
WALES,2025-03-18 21:30:00,11.66,2.27,35.5
WALES,2025-03-18 22:00:00,9.59,4.2,79.7
WALES,2025-03-18 22:30:00,12.73,4.05,85.6
WALES,2025-03-18 23:00:00,10.6,5.64,51.1
WALES,2025-03-18 23:30:00,10.37,5.62,67.8
WALES,2025-03-19 00:00:00,11.62,1.02,78.5
WALES,2025-03-19 00:30:00,11.68,3.19,70.5
WALES,2025-03-19 01:00:00,11.7,2.53,46.9
WALES,2025-03-19 01:30:00,10.03,0.0,65.9
WALES,2025-03-19 02:00:00,10.96,5.14,68.6
WALES,2025-03-19 02:30:00,11.09,3.8,31.7
WALES,2025-03-19 03:00:00,9.5,6.6,66.5
WALES,2025-03-19 03:30:00,8.9,5.57,67.0
WALES,2025-03-19 04:00:00,8.6,4.24,54.3
WALES,2025-03-19 04:30:00,9.6,2.2,65.9
WALES,2025-03-19 05:00:00,9.49,4.48,64.5
WALES,2025-03-19 05:30:00,8.53,5.07,53.5
WALES,2025-03-19 06:00:00,7.97,2.2,55.1
WALES,2025-03-19 06:30:00,5.72,4.06,71.1
WALES,2025-03-19 07:00:00,7.85,5.84,84.0
WALES,2025-03-19 07:30:00,7.91,2.01,79.6
WALES,2025-03-19 08:00:00,8.93,4.9,50.6
WALES,2025-03-19 08:30:00,8.32,3.38,46.8
WALES,2025-03-19 09:00:00,8.36,2.05,73.6
WALES,2025-03-19 09:30:00,8.27,3.78,59.3
WALES,2025-03-19 10:00:00,6.84,1.97,91.2
WALES,2025-03-19 10:30:00,7.95,1.15,76.5
WALES,2025-03-19 11:00:00,7.22,5.15,86.5
WALES,2025-03-19 11:30:00,8.19,6.32,73.2
WALES,2025-03-19 12:00:00,10.75,5.16,50.5
WALES,2025-03-19 12:30:00,6.36,2.42,51.0
WALES,2025-03-19 13:00:00,10.54,6.43,40.3
WALES,2025-03-19 13:30:00,10.81,2.45,45.0
WALES,2025-03-19 14:00:00,8.2,4.68,49.5
WALES,2025-03-19 14:30:00,11.44,2.18,73.2
WALES,2025-03-19 15:00:00,8.93,6.06,62.1
WALES,2025-03-19 15:30:00,10.73,3.28,52.5
WALES,2025-03-19 16:00:00,11.46,7.62,41.1
WALES,2025-03-19 16:30:00,10.45,2.77,32.8
WALES,2025-03-19 17:00:00,9.45,2.53,52.9
WALES,2025-03-19 17:30:00,12.98,5.98,45.2
WALES,2025-03-19 18:00:00,12.52,2.4,58.4
WALES,2025-03-19 18:30:00,11.98,8.22,64.8
WALES,2025-03-19 19:00:00,10.02,5.49,80.5
WALES,2025-03-19 19:30:00,12.86,2.01,62.2
WALES,2025-03-19 20:00:00,11.84,7.54,71.1
WALES,2025-03-19 20:30:00,13.92,2.58,56.1
WALES,2025-03-19 21:00:00,11.15,5.96,80.5
WALES,2025-03-19 21:30:00,12.26,4.19,67.5
WALES,2025-03-19 22:00:00,9.94,3.18,54.0
WALES,2025-03-19 22:30:00,11.58,2.7,44.7
WALES,2025-03-19 23:00:00,9.36,4.86,35.3
WALES,2025-03-19 23:30:00,12.48,4.65,76.0
WALES,2025-03-20 00:00:00,9.83,7.73,100.0
WALES,2025-03-20 00:30:00,10.94,4.79,59.8
WALES,2025-03-20 01:00:00,11.63,5.59,28.0
WALES,2025-03-20 01:30:00,9.42,4.79,73.9
WALES,2025-03-20 02:00:00,10.754999999999999,0.61,70.0
WALES,2025-03-20 02:30:00,12.09,0.0,76.9
WALES,2025-03-20 03:00:00,11.58,5.89,58.5
WALES,2025-03-20 03:30:00,10.46,3.83,69.8
WALES,2025-03-20 04:00:00,9.0,4.22,46.3
WALES,2025-03-20 04:30:00,8.34,7.25,48.8
WALES,2025-03-20 05:00:00,6.14,11.03,52.1
WALES,2025-03-20 05:30:00,8.16,3.2,60.3
WALES,2025-03-20 06:00:00,7.26,6.98,56.4
WALES,2025-03-20 06:30:00,6.91,0.0,79.7
WALES,2025-03-20 07:00:00,7.44,4.75,43.3
WALES,2025-03-20 07:30:00,8.08,3.95,76.6
WALES,2025-03-20 08:00:00,8.1,1.75,103.2
WALES,2025-03-20 08:30:00,8.42,2.11,63.4
WALES,2025-03-20 09:00:00,8.44,4.97,66.5
WALES,2025-03-20 09:30:00,8.26,5.84,73.1
WALES,2025-03-20 10:00:00,9.06,0.45,28.8
WALES,2025-03-20 10:30:00,7.22,3.5,46.3
WALES,2025-03-20 11:00:00,7.27,4.48,44.3
WALES,2025-03-20 11:30:00,5.6,1.28,49.0
WALES,2025-03-20 12:00:00,8.59,5.8,67.8
WALES,2025-03-20 12:30:00,6.49,6.91,56.4
WALES,2025-03-20 13:00:00,9.46,4.24,44.7
WALES,2025-03-20 13:30:00,10.06,0.1,84.1
WALES,2025-03-20 14:00:00,10.12,4.73,69.5
WALES,2025-03-20 14:30:00,9.37,6.54,46.9
WALES,2025-03-20 15:00:00,9.22,4.3,35.2
WALES,2025-03-20 15:30:00,9.74,4.52,73.2
WALES,2025-03-20 16:00:00,10.85,2.19,53.9
WALES,2025-03-20 16:30:00,10.1,3.8,48.8
WALES,2025-03-20 17:00:00,10.14,1.8,26.9
WALES,2025-03-20 17:30:00,12.61,5.43,37.9
WALES,2025-03-20 18:00:00,12.41,4.08,36.7
WALES,2025-03-20 18:30:00,10.37,3.7,73.3
WALES,2025-03-20 19:00:00,12.54,2.92,68.3
WALES,2025-03-20 19:30:00,11.64,2.53,77.3
WALES,2025-03-20 20:00:00,12.09,5.02,40.2
WALES,2025-03-20 20:30:00,11.28,5.64,54.9
WALES,2025-03-20 21:00:00,11.56,1.88,63.5
WALES,2025-03-20 21:30:00,10.54,4.73,42.1
WALES,2025-03-20 22:00:00,11.38,7.15,66.6
WALES,2025-03-20 22:30:00,11.22,5.71,47.0
WALES,2025-03-20 23:00:00,10.13,3.27,79.8
WALES,2025-03-20 23:30:00,12.56,3.01,54.9
WALES,2025-03-21 00:00:00,11.44,8.86,55.7
WALES,2025-03-21 00:30:00,12.59,4.5,75.4
WALES,2025-03-21 01:00:00,11.67,4.35,59.5
WALES,2025-03-21 01:30:00,10.2,4.7,81.4
WALES,2025-03-21 02:00:00,11.52,6.42,51.6
WALES,2025-03-21 02:30:00,9.25,2.34,62.8
WALES,2025-03-21 03:00:00,9.719999999999999,2.87,56.7
WALES,2025-03-21 03:30:00,10.19,3.36,56.6
WALES,2025-03-21 04:00:00,10.27,4.05,47.0
WALES,2025-03-21 04:30:00,9.05,4.87,105.1
WALES,2025-03-21 05:00:00,10.34,10.38,40.8
WALES,2025-03-21 05:30:00,10.19,7.11,60.5
WALES,2025-03-21 06:00:00,8.51,5.47,54.1
WALES,2025-03-21 06:30:00,6.83,1.17,33.1
WALES,2025-03-21 07:00:00,8.28,5.34,42.5
WALES,2025-03-21 07:30:00,8.58,4.95,66.2
WALES,2025-03-21 08:00:00,8.75,4.43,84.0
WALES,2025-03-21 08:30:00,8.68,1.49,93.1
WALES,2025-03-21 09:00:00,6.85,3.97,105.9
WALES,2025-03-21 09:30:00,8.59,2.35,66.1
WALES,2025-03-21 10:00:00,8.83,4.4,50.9
WALES,2025-03-21 10:30:00,6.67,1.67,46.0
WALES,2025-03-21 11:00:00,10.07,1.56,62.8
WALES,2025-03-21 11:30:00,10.2,5.3,85.6
WALES,2025-03-21 12:00:00,8.23,5.26,80.7
WALES,2025-03-21 12:30:00,10.06,5.78,38.5
WALES,2025-03-21 13:00:00,10.22,4.98,57.3
WALES,2025-03-21 13:30:00,8.69,4.9,42.2
WALES,2025-03-21 14:00:00,9.42,5.88,78.8
WALES,2025-03-21 14:30:00,10.51,3.08,40.0
WALES,2025-03-21 15:00:00,9.52,6.57,63.5
WALES,2025-03-21 15:30:00,10.33,4.33,72.3
WALES,2025-03-21 16:00:00,9.7,3.03,71.6
WALES,2025-03-21 16:30:00,11.22,6.21,73.6
WALES,2025-03-21 17:00:00,10.42,0.0,63.7
WALES,2025-03-21 17:30:00,10.09,5.02,88.6
WALES,2025-03-21 18:00:00,10.43,5.29,75.7
WALES,2025-03-21 18:30:00,12.08,4.66,22.6
WALES,2025-03-21 19:00:00,11.95,3.98,78.9
WALES,2025-03-21 19:30:00,13.02,2.98,25.8
WALES,2025-03-21 20:00:00,10.02,6.82,58.6
WALES,2025-03-21 20:30:00,10.2,1.36,64.2
WALES,2025-03-21 21:00:00,12.01,7.31,58.6
WALES,2025-03-21 21:30:00,12.33,3.92,74.7
WALES,2025-03-21 22:00:00,13.78,5.89,95.5
WALES,2025-03-21 22:30:00,12.32,0.83,45.2
WALES,2025-03-21 23:00:00,12.33,3.52,60.0
WALES,2025-03-21 23:30:00,10.38,6.89,87.6
WALES,2025-03-22 00:00:00,10.7,3.56,83.0
WALES,2025-03-22 00:30:00,12.23,0.74,72.2
WALES,2025-03-22 01:00:00,11.08,4.37,44.2
WALES,2025-03-22 01:30:00,9.46,0.0,48.2
WALES,2025-03-22 02:00:00,7.6,2.92,67.2
WALES,2025-03-22 02:30:00,8.57,6.66,95.2
WALES,2025-03-22 03:00:00,9.74,5.22,30.9
WALES,2025-03-22 03:30:00,9.67,1.19,29.0
WALES,2025-03-22 04:00:00,7.45,3.69,59.3
WALES,2025-03-22 04:30:00,8.88,1.67,61.9
WALES,2025-03-22 05:00:00,7.72,4.26,55.8
WALES,2025-03-22 05:30:00,6.39,2.64,69.8
WALES,2025-03-22 06:00:00,9.24,1.54,46.2
WALES,2025-03-22 06:30:00,7.7,6.34,68.4
WALES,2025-03-22 07:00:00,6.5,4.98,82.8
WALES,2025-03-22 07:30:00,8.3,2.45,75.3
WALES,2025-03-22 08:00:00,8.19,3.5,76.1
WALES,2025-03-22 08:30:00,7.97,4.16,75.5
WALES,2025-03-22 09:00:00,7.44,1.69,65.9
WALES,2025-03-22 09:30:00,9.91,0.0,73.2
WALES,2025-03-22 10:00:00,8.28,2.93,48.4
WALES,2025-03-22 10:30:00,9.32,5.36,41.3
WALES,2025-03-22 11:00:00,8.92,6.74,72.6
WALES,2025-03-22 11:30:00,6.55,5.29,37.5
WALES,2025-03-22 12:00:00,9.23,2.5,67.2
WALES,2025-03-22 12:30:00,8.17,1.91,65.7
WALES,2025-03-22 13:00:00,9.59,5.64,50.5
WALES,2025-03-22 13:30:00,7.64,5.35,86.0
WALES,2025-03-22 14:00:00,9.28,4.97,54.4
WALES,2025-03-22 14:30:00,12.29,2.95,59.2
WALES,2025-03-22 15:00:00,8.06,7.15,50.4
WALES,2025-03-22 15:30:00,12.05,2.66,58.6
WALES,2025-03-22 16:00:00,10.03,2.13,54.7
WALES,2025-03-22 16:30:00,10.8,3.27,32.6
WALES,2025-03-22 17:00:00,11.72,0.09,53.9
WALES,2025-03-22 17:30:00,9.49,5.8,82.2
WALES,2025-03-22 18:00:00,12.41,3.05,46.7
WALES,2025-03-22 18:30:00,11.4,3.89,68.7
WALES,2025-03-22 19:00:00,12.38,0.0,71.9
WALES,2025-03-22 19:30:00,12.36,2.44,42.6
WALES,2025-03-22 20:00:00,12.04,4.36,40.2
WALES,2025-03-22 20:30:00,12.04,4.37,75.4
WALES,2025-03-22 21:00:00,11.77,0.0,64.5
WALES,2025-03-22 21:30:00,9.87,2.3,35.7
WALES,2025-03-22 22:00:00,12.29,1.83,78.0
WALES,2025-03-22 22:30:00,10.31,0.0,53.7
WALES,2025-03-22 23:00:00,9.79,6.63,47.8
WALES,2025-03-22 23:30:00,12.77,3.39,66.4
WALES,2025-03-23 00:00:00,10.37,8.75,39.3
WALES,2025-03-23 00:30:00,7.34,4.52,41.6
WALES,2025-03-23 01:00:00,10.77,3.86,50.5
WALES,2025-03-23 01:30:00,10.03,4.82,53.5
WALES,2025-03-23 02:00:00,9.82,3.0,89.3
WALES,2025-03-23 02:30:00,11.58,1.06,60.0
WALES,2025-03-23 03:00:00,8.51,1.51,2.4
WALES,2025-03-23 03:30:00,9.1,3.5,84.4
WALES,2025-03-23 04:00:00,10.26,4.98,73.3
WALES,2025-03-23 04:30:00,10.03,4.98,84.9
WALES,2025-03-23 05:00:00,7.07,3.03,48.7
WALES,2025-03-23 05:30:00,7.93,3.7,89.4
WALES,2025-03-23 06:00:00,9.35,6.45,58.6
WALES,2025-03-23 06:30:00,8.12,5.16,67.8
WALES,2025-03-23 07:00:00,8.59,8.64,70.5
WALES,2025-03-23 07:30:00,7.13,2.59,75.2
WALES,2025-03-23 08:00:00,8.92,5.96,69.4
WALES,2025-03-23 08:30:00,6.76,7.07,84.2
WALES,2025-03-23 09:00:00,7.61,4.73,63.3
WALES,2025-03-23 09:30:00,7.63,1.68,70.3
WALES,2025-03-23 10:00:00,6.48,2.81,90.8
WALES,2025-03-23 10:30:00,8.77,4.77,54.7
WALES,2025-03-23 11:00:00,6.72,4.83,69.0
WALES,2025-03-23 11:30:00,9.54,3.21,52.6
WALES,2025-03-23 12:00:00,9.69,1.48,74.6
WALES,2025-03-23 12:30:00,8.81,4.59,101.5
WALES,2025-03-23 13:00:00,9.16,4.28,60.5
WALES,2025-03-23 13:30:00,7.11,5.22,17.9
WALES,2025-03-23 14:00:00,10.91,2.62,46.7
WALES,2025-03-23 14:30:00,9.96,1.35,58.0
WALES,2025-03-23 15:00:00,9.21,1.42,56.1
WALES,2025-03-23 15:30:00,11.99,5.44,50.2
WALES,2025-03-23 16:00:00,10.81,2.91,38.5
WALES,2025-03-23 16:30:00,9.75,4.53,46.9
WALES,2025-03-23 17:00:00,11.35,1.96,74.3
WALES,2025-03-23 17:30:00,12.18,7.11,84.5
WALES,2025-03-23 18:00:00,10.63,2.28,66.3
WALES,2025-03-23 18:30:00,10.67,4.47,53.8
WALES,2025-03-23 19:00:00,13.04,5.89,54.5
WALES,2025-03-23 19:30:00,9.74,6.02,49.0
WALES,2025-03-23 20:00:00,11.98,3.73,66.9
WALES,2025-03-23 20:30:00,11.26,1.76,62.7
WALES,2025-03-23 21:00:00,12.93,3.75,57.7
WALES,2025-03-23 21:30:00,10.51,5.03,70.6
WALES,2025-03-23 22:00:00,11.61,2.05,61.5
WALES,2025-03-23 22:30:00,11.93,3.92,40.5
WALES,2025-03-23 23:00:00,11.72,4.33,67.5
WALES,2025-03-23 23:30:00,11.25,6.57,60.0
WALES,2025-03-24 00:00:00,12.71,4.45,39.2
WALES,2025-03-24 00:30:00,12.04,3.27,52.0
WALES,2025-03-24 01:00:00,11.8,1.5,28.5
WALES,2025-03-24 01:30:00,10.29,4.6,75.6
WALES,2025-03-24 02:00:00,10.21,0.0,42.5
WALES,2025-03-24 02:30:00,8.52,0.23,56.9
WALES,2025-03-24 03:00:00,10.13,5.94,68.9
WALES,2025-03-24 03:30:00,8.85,6.16,56.2
WALES,2025-03-24 04:00:00,9.11,2.68,55.6
WALES,2025-03-24 04:30:00,8.53,1.24,71.5
WALES,2025-03-24 05:00:00,8.82,5.59,47.3
WALES,2025-03-24 05:30:00,9.47,0.86,69.7
WALES,2025-03-24 06:00:00,9.12,1.92,80.1
WALES,2025-03-24 06:30:00,10.17,2.85,86.1
WALES,2025-03-24 07:00:00,6.06,3.73,12.9
WALES,2025-03-24 07:30:00,9.22,0.94,24.9
WALES,2025-03-24 08:00:00,8.35,6.07,52.7
WALES,2025-03-24 08:30:00,8.2,7.52,42.9
WALES,2025-03-24 09:00:00,6.93,6.17,64.0
WALES,2025-03-24 09:30:00,9.81,1.41,27.8
WALES,2025-03-24 10:00:00,6.58,5.41,81.6
WALES,2025-03-24 10:30:00,9.59,5.11,82.6
WALES,2025-03-24 11:00:00,7.89,0.03,30.9
WALES,2025-03-24 11:30:00,6.88,0.13,35.5
WALES,2025-03-24 12:00:00,7.93,5.21,65.3
WALES,2025-03-24 12:30:00,10.85,1.52,66.7
WALES,2025-03-24 13:00:00,11.1,2.98,52.0
WALES,2025-03-24 13:30:00,11.18,3.29,85.8
WALES,2025-03-24 14:00:00,8.26,7.24,82.6
WALES,2025-03-24 14:30:00,8.89,3.38,37.7
WALES,2025-03-24 15:00:00,9.96,0.87,28.0
WALES,2025-03-24 15:30:00,9.05,6.07,26.5
WALES,2025-03-24 16:00:00,12.68,5.83,83.7
WALES,2025-03-24 16:30:00,11.45,7.3,34.2
WALES,2025-03-24 17:00:00,13.09,10.08,55.3
WALES,2025-03-24 17:30:00,11.38,2.16,61.2
WALES,2025-03-24 18:00:00,11.99,0.0,71.0
WALES,2025-03-24 18:30:00,13.1,2.24,52.4
WALES,2025-03-24 19:00:00,12.99,2.14,73.4
WALES,2025-03-24 19:30:00,12.31,8.67,57.7
WALES,2025-03-24 20:00:00,11.4,4.49,62.1
WALES,2025-03-24 20:30:00,13.99,7.16,46.9
WALES,2025-03-24 21:00:00,11.74,2.61,44.3
WALES,2025-03-24 21:30:00,8.06,7.38,47.9
WALES,2025-03-24 22:00:00,11.23,9.54,48.5
WALES,2025-03-24 22:30:00,11.55,4.53,66.1
WALES,2025-03-24 23:00:00,10.71,6.25,62.9
WALES,2025-03-24 23:30:00,11.59,2.65,57.6
WALES,2025-03-25 00:00:00,12.24,5.96,52.3
WALES,2025-03-25 00:30:00,10.14,5.76,65.4
WALES,2025-03-25 01:00:00,11.64,2.06,59.6
WALES,2025-03-25 01:30:00,11.64,2.58,94.0
WALES,2025-03-25 02:00:00,12.02,3.59,56.5
WALES,2025-03-25 02:30:00,10.45,4.34,81.9
WALES,2025-03-25 03:00:00,8.49,2.26,64.9
WALES,2025-03-25 03:30:00,10.14,3.93,76.1
WALES,2025-03-25 04:00:00,10.71,5.49,66.7
WALES,2025-03-25 04:30:00,8.81,4.15,35.4
WALES,2025-03-25 05:00:00,7.23,6.52,91.6
WALES,2025-03-25 05:30:00,7.01,5.09,32.6
WALES,2025-03-25 06:00:00,10.31,3.97,105.3
WALES,2025-03-25 06:30:00,7.57,2.98,67.2
WALES,2025-03-25 07:00:00,9.22,5.62,77.5
WALES,2025-03-25 07:30:00,7.86,5.97,100.0
WALES,2025-03-25 08:00:00,9.03,2.36,67.7
WALES,2025-03-25 08:30:00,5.72,5.4,30.0
WALES,2025-03-25 09:00:00,9.0,3.92,78.1
WALES,2025-03-25 09:30:00,8.19,6.83,70.3
WALES,2025-03-25 10:00:00,9.66,3.23,52.1
WALES,2025-03-25 10:30:00,6.66,1.72,61.7
WALES,2025-03-25 11:00:00,8.73,4.8,47.6
WALES,2025-03-25 11:30:00,8.86,6.69,67.8
WALES,2025-03-25 12:00:00,9.12,4.57,82.4
WALES,2025-03-25 12:30:00,9.28,2.96,50.8
WALES,2025-03-25 13:00:00,8.9,2.86,74.2
WALES,2025-03-25 13:30:00,11.59,3.18,43.8
WALES,2025-03-25 14:00:00,8.54,7.45,77.4
WALES,2025-03-25 14:30:00,9.25,4.28,85.3
WALES,2025-03-25 15:00:00,10.51,5.73,57.2
WALES,2025-03-25 15:30:00,10.23,0.0,52.7
WALES,2025-03-25 16:00:00,10.42,5.04,64.5
WALES,2025-03-25 16:30:00,11.31,5.91,17.9
WALES,2025-03-25 17:00:00,11.42,1.66,37.5
WALES,2025-03-25 17:30:00,11.13,4.04,69.0
WALES,2025-03-25 18:00:00,12.32,2.35,56.5
WALES,2025-03-25 18:30:00,13.52,7.23,54.5
WALES,2025-03-25 19:00:00,12.11,2.21,78.5
WALES,2025-03-25 19:30:00,14.78,2.93,81.2
WALES,2025-03-25 20:00:00,12.95,3.66,47.5
WALES,2025-03-25 20:30:00,15.04,5.53,77.3
WALES,2025-03-25 21:00:00,11.75,4.12,38.1
WALES,2025-03-25 21:30:00,12.91,3.25,41.5
WALES,2025-03-25 22:00:00,10.77,8.82,54.6
WALES,2025-03-25 22:30:00,12.24,1.61,56.6
WALES,2025-03-25 23:00:00,9.84,4.74,43.6
WALES,2025-03-25 23:30:00,12.44,0.42,48.6
WALES,2025-03-26 00:00:00,12.51,7.07,60.1
WALES,2025-03-26 00:30:00,10.63,4.23,96.9
WALES,2025-03-26 01:00:00,10.29,4.01,41.0
WALES,2025-03-26 01:30:00,9.8,4.88,76.1
WALES,2025-03-26 02:00:00,10.46,5.66,42.0
WALES,2025-03-26 02:30:00,8.78,5.59,51.4
WALES,2025-03-26 03:00:00,8.17,4.41,61.5
WALES,2025-03-26 03:30:00,9.35,7.17,93.7
WALES,2025-03-26 04:00:00,10.25,4.86,84.8
WALES,2025-03-26 04:30:00,9.29,3.61,49.5
WALES,2025-03-26 05:00:00,7.75,5.86,33.0
WALES,2025-03-26 05:30:00,7.97,3.29,34.7
WALES,2025-03-26 06:00:00,7.9,4.19,78.5
WALES,2025-03-26 06:30:00,7.76,4.2,33.1
WALES,2025-03-26 07:00:00,6.71,0.19,77.6
WALES,2025-03-26 07:30:00,7.77,4.44,69.4
WALES,2025-03-26 08:00:00,9.07,8.01,59.3
WALES,2025-03-26 08:30:00,7.24,5.4,102.5
WALES,2025-03-26 09:00:00,7.52,2.41,14.0
WALES,2025-03-26 09:30:00,5.69,6.84,56.9
WALES,2025-03-26 10:00:00,7.0,4.01,106.8
WALES,2025-03-26 10:30:00,8.37,7.83,43.1
WALES,2025-03-26 11:00:00,10.44,2.88,46.1
WALES,2025-03-26 11:30:00,7.56,3.35,77.6
WALES,2025-03-26 12:00:00,8.52,6.14,47.1
WALES,2025-03-26 12:30:00,9.0,2.94,92.6
WALES,2025-03-26 13:00:00,10.2,4.57,55.0
WALES,2025-03-26 13:30:00,9.18,1.99,83.8
WALES,2025-03-26 14:00:00,8.16,3.28,75.9
WALES,2025-03-26 14:30:00,8.09,4.36,44.3
WALES,2025-03-26 15:00:00,10.65,3.66,19.4
WALES,2025-03-26 15:30:00,11.38,2.02,50.1
WALES,2025-03-26 16:00:00,11.16,4.75,68.1
WALES,2025-03-26 16:30:00,12.05,0.0,68.7
WALES,2025-03-26 17:00:00,11.53,2.89,64.7
WALES,2025-03-26 17:30:00,12.62,2.25,85.2
WALES,2025-03-26 18:00:00,13.21,4.74,38.0
WALES,2025-03-26 18:30:00,14.42,4.57,62.7
WALES,2025-03-26 19:00:00,12.17,5.11,76.7
WALES,2025-03-26 19:30:00,12.0,1.51,78.6
WALES,2025-03-26 20:00:00,11.12,1.99,58.9
WALES,2025-03-26 20:30:00,11.55,4.76,70.3
WALES,2025-03-26 21:00:00,11.47,4.24,51.3
WALES,2025-03-26 21:30:00,12.95,4.98,72.9
WALES,2025-03-26 22:00:00,11.49,4.52,69.2
WALES,2025-03-26 22:30:00,12.73,5.33,57.8
WALES,2025-03-26 23:00:00,10.13,5.0,68.1
WALES,2025-03-26 23:30:00,10.19,5.69,62.8
WALES,2025-03-27 00:00:00,10.97,4.43,76.8
WALES,2025-03-27 00:30:00,13.0,3.89,55.9
WALES,2025-03-27 01:00:00,11.38,1.32,75.5
WALES,2025-03-27 01:30:00,9.02,1.25,88.0
WALES,2025-03-27 02:00:00,7.63,6.61,88.1
WALES,2025-03-27 02:30:00,10.54,5.21,31.7
WALES,2025-03-27 03:00:00,9.02,4.72,65.9
WALES,2025-03-27 03:30:00,10.14,4.66,60.4
WALES,2025-03-27 04:00:00,7.66,4.7,39.5
WALES,2025-03-27 04:30:00,8.69,6.78,31.8
WALES,2025-03-27 05:00:00,8.56,5.74,71.5
WALES,2025-03-27 05:30:00,9.08,2.65,83.6
WALES,2025-03-27 06:00:00,6.93,5.39,62.8
WALES,2025-03-27 06:30:00,7.45,3.22,92.6
WALES,2025-03-27 07:00:00,6.8,0.48,48.5
WALES,2025-03-27 07:30:00,8.69,6.85,60.5
WALES,2025-03-27 08:00:00,6.17,4.19,75.4
WALES,2025-03-27 08:30:00,8.51,4.99,26.3
WALES,2025-03-27 09:00:00,6.59,3.73,80.4
WALES,2025-03-27 09:30:00,7.25,4.41,63.0
WALES,2025-03-27 10:00:00,7.14,2.53,59.5
WALES,2025-03-27 10:30:00,7.96,5.64,52.4
WALES,2025-03-27 11:00:00,9.78,3.28,60.4
WALES,2025-03-27 11:30:00,9.67,3.79,52.3
WALES,2025-03-27 12:00:00,9.05,5.79,66.0
WALES,2025-03-27 12:30:00,6.55,2.56,47.2
WALES,2025-03-27 13:00:00,10.31,0.17,65.0
WALES,2025-03-27 13:30:00,10.37,5.27,58.5
WALES,2025-03-27 14:00:00,8.19,3.49,86.5
WALES,2025-03-27 14:30:00,9.41,8.36,74.6
WALES,2025-03-27 15:00:00,10.47,4.45,66.7
WALES,2025-03-27 15:30:00,9.95,3.17,95.9
WALES,2025-03-27 16:00:00,12.92,3.24,46.0
WALES,2025-03-27 16:30:00,9.22,8.31,78.4
WALES,2025-03-27 17:00:00,13.04,2.91,49.0
WALES,2025-03-27 17:30:00,10.44,0.0,44.3
WALES,2025-03-27 18:00:00,12.24,4.5,48.9
WALES,2025-03-27 18:30:00,12.65,2.65,73.8
WALES,2025-03-27 19:00:00,11.865,5.64,61.3
WALES,2025-03-27 19:30:00,11.08,1.62,21.0
WALES,2025-03-27 20:00:00,13.04,0.63,57.6
WALES,2025-03-27 20:30:00,12.39,1.86,57.8
WALES,2025-03-27 21:00:00,12.44,3.45,68.3
WALES,2025-03-27 21:30:00,11.53,3.44,44.0
WALES,2025-03-27 22:00:00,11.7,4.01,43.4
WALES,2025-03-27 22:30:00,12.37,0.0,79.5
WALES,2025-03-27 23:00:00,12.565,6.08,71.2
WALES,2025-03-27 23:30:00,12.76,1.75,56.3
WALES,2025-03-28 00:00:00,11.51,4.86,75.1
WALES,2025-03-28 00:30:00,11.94,4.95,68.8
WALES,2025-03-28 01:00:00,11.49,4.04,80.6
WALES,2025-03-28 01:30:00,10.58,0.62,82.4
WALES,2025-03-28 02:00:00,10.72,3.7,62.1
WALES,2025-03-28 02:30:00,11.96,4.2,87.3
WALES,2025-03-28 03:00:00,10.2,3.27,36.4
WALES,2025-03-28 03:30:00,9.75,6.63,49.8
WALES,2025-03-28 04:00:00,9.6,7.07,28.1
WALES,2025-03-28 04:30:00,9.63,5.11,66.4
WALES,2025-03-28 05:00:00,6.7,2.48,22.5
WALES,2025-03-28 05:30:00,7.16,5.69,54.1
WALES,2025-03-28 06:00:00,9.41,5.53,39.8
WALES,2025-03-28 06:30:00,8.63,0.83,64.9
WALES,2025-03-28 07:00:00,8.73,3.55,29.7
WALES,2025-03-28 07:30:00,6.44,9.09,71.2
WALES,2025-03-28 08:00:00,7.82,5.92,86.5
WALES,2025-03-28 08:30:00,9.61,3.61,54.0
WALES,2025-03-28 09:00:00,9.18,3.53,81.6
WALES,2025-03-28 09:30:00,8.36,5.59,78.7
WALES,2025-03-28 10:00:00,6.87,4.29,80.7
WALES,2025-03-28 10:30:00,7.46,2.9,81.6
WALES,2025-03-28 11:00:00,10.58,0.0,81.6
WALES,2025-03-28 11:30:00,5.95,3.87,35.1
WALES,2025-03-28 12:00:00,8.5,4.21,69.6
WALES,2025-03-28 12:30:00,10.87,1.31,80.8
WALES,2025-03-28 13:00:00,9.31,3.49,90.6
WALES,2025-03-28 13:30:00,10.65,0.64,58.6
WALES,2025-03-28 14:00:00,9.26,3.13,57.6
WALES,2025-03-28 14:30:00,10.71,1.49,56.0
WALES,2025-03-28 15:00:00,10.2,4.77,59.0
WALES,2025-03-28 15:30:00,11.8,4.52,70.9
WALES,2025-03-28 16:00:00,11.44,1.7,53.3
WALES,2025-03-28 16:30:00,10.35,5.52,75.3
WALES,2025-03-28 17:00:00,11.47,4.29,31.6
WALES,2025-03-28 17:30:00,11.1,0.0,74.6
WALES,2025-03-28 18:00:00,14.56,2.93,64.1
WALES,2025-03-28 18:30:00,12.39,1.73,57.6
WALES,2025-03-28 19:00:00,12.65,4.34,61.1
WALES,2025-03-28 19:30:00,11.73,2.37,72.2
WALES,2025-03-28 20:00:00,14.27,0.0,21.2
WALES,2025-03-28 20:30:00,10.7,3.12,55.3
WALES,2025-03-28 21:00:00,12.24,4.14,57.5
WALES,2025-03-28 21:30:00,13.61,2.15,76.3
WALES,2025-03-28 22:00:00,14.27,1.06,24.9
WALES,2025-03-28 22:30:00,12.11,5.29,60.7
WALES,2025-03-28 23:00:00,9.02,0.63,50.9
WALES,2025-03-28 23:30:00,12.07,3.29,63.8
WALES,2025-03-29 00:00:00,11.41,5.86,39.1
WALES,2025-03-29 00:30:00,11.29,6.88,45.8
WALES,2025-03-29 01:00:00,9.95,4.17,41.0
WALES,2025-03-29 01:30:00,9.3,3.31,55.6
WALES,2025-03-29 02:00:00,11.09,2.21,60.5
WALES,2025-03-29 02:30:00,11.67,6.35,58.0
WALES,2025-03-29 03:00:00,9.89,2.19,65.2
WALES,2025-03-29 03:30:00,11.5,6.6,59.6
WALES,2025-03-29 04:00:00,9.6,2.53,43.3
WALES,2025-03-29 04:30:00,8.75,4.54,73.0
WALES,2025-03-29 05:00:00,8.67,4.88,14.1
WALES,2025-03-29 05:30:00,8.97,2.76,37.5
WALES,2025-03-29 06:00:00,9.0,6.89,59.8
WALES,2025-03-29 06:30:00,9.51,3.16,97.0
WALES,2025-03-29 07:00:00,6.36,3.8,73.5
WALES,2025-03-29 07:30:00,8.21,6.75,22.7
WALES,2025-03-29 08:00:00,8.05,3.5,58.0
WALES,2025-03-29 08:30:00,6.28,3.42,53.9
WALES,2025-03-29 09:00:00,8.54,6.2,62.0
WALES,2025-03-29 09:30:00,8.75,6.52,81.4
WALES,2025-03-29 10:00:00,5.59,5.59,74.2
WALES,2025-03-29 10:30:00,8.14,3.08,39.7
WALES,2025-03-29 11:00:00,6.44,5.7,73.8
WALES,2025-03-29 11:30:00,8.65,5.42,78.4
WALES,2025-03-29 12:00:00,7.03,4.5,55.6
WALES,2025-03-29 12:30:00,9.7,4.37,73.9
WALES,2025-03-29 13:00:00,7.77,6.63,50.6
WALES,2025-03-29 13:30:00,9.51,0.48,58.1
WALES,2025-03-29 14:00:00,10.16,3.84,46.8
WALES,2025-03-29 14:30:00,8.72,5.28,28.7
WALES,2025-03-29 15:00:00,11.67,7.39,99.9
WALES,2025-03-29 15:30:00,9.4,5.18,49.9
WALES,2025-03-29 16:00:00,12.65,4.79,54.7
WALES,2025-03-29 16:30:00,10.09,3.26,47.9
WALES,2025-03-29 17:00:00,11.57,4.05,50.0
WALES,2025-03-29 17:30:00,10.83,5.25,72.6
WALES,2025-03-29 18:00:00,10.94,3.89,44.4
WALES,2025-03-29 18:30:00,15.05,2.12,64.6
WALES,2025-03-29 19:00:00,12.65,2.67,44.5
WALES,2025-03-29 19:30:00,11.78,2.27,63.4
WALES,2025-03-29 20:00:00,11.16,4.29,22.8
WALES,2025-03-29 20:30:00,11.22,3.16,78.0
WALES,2025-03-29 21:00:00,9.9,6.03,71.9
WALES,2025-03-29 21:30:00,9.97,5.08,43.3
WALES,2025-03-29 22:00:00,12.6,5.26,74.3
WALES,2025-03-29 22:30:00,11.23,5.36,87.7
WALES,2025-03-29 23:00:00,11.25,3.67,72.8
WALES,2025-03-29 23:30:00,8.18,2.04,78.1
WALES,2025-03-30 00:00:00,11.39,3.57,43.1
WALES,2025-03-30 00:30:00,11.24,2.94,28.6
WALES,2025-03-30 01:00:00,12.29,2.61,55.1
WALES,2025-03-30 01:30:00,8.59,2.93,78.1
WALES,2025-03-30 02:00:00,11.33,4.05,48.8
WALES,2025-03-30 02:30:00,10.24,5.01,33.1
WALES,2025-03-30 03:00:00,9.99,5.53,58.9
WALES,2025-03-30 03:30:00,9.67,2.55,65.3
WALES,2025-03-30 04:00:00,11.14,6.81,49.6
WALES,2025-03-30 04:30:00,8.76,6.73,70.7
WALES,2025-03-30 05:00:00,9.49,0.38,76.5
WALES,2025-03-30 05:30:00,8.46,4.47,47.3
WALES,2025-03-30 06:00:00,10.46,2.05,95.1
WALES,2025-03-30 06:30:00,8.51,3.67,44.1
WALES,2025-03-30 07:00:00,7.65,3.59,62.4
WALES,2025-03-30 07:30:00,8.93,3.58,69.7
WALES,2025-03-30 08:00:00,9.63,6.12,71.3
WALES,2025-03-30 08:30:00,8.81,1.88,63.8
WALES,2025-03-30 09:00:00,6.98,6.03,65.2
WALES,2025-03-30 09:30:00,9.63,6.35,67.9
WALES,2025-03-30 10:00:00,7.67,0.0,69.8
WALES,2025-03-30 10:30:00,8.28,5.6,72.6
WALES,2025-03-30 11:00:00,9.51,4.49,30.1
WALES,2025-03-30 11:30:00,10.31,1.49,48.3
WALES,2025-03-30 12:00:00,8.81,4.04,54.3
WALES,2025-03-30 12:30:00,8.54,5.61,36.0
WALES,2025-03-30 13:00:00,9.2,0.0,41.4
WALES,2025-03-30 13:30:00,7.82,5.47,63.4
WALES,2025-03-30 14:00:00,9.24,0.0,32.5
WALES,2025-03-30 14:30:00,8.89,3.28,73.6
WALES,2025-03-30 15:00:00,9.0,1.3,29.8
WALES,2025-03-30 15:30:00,10.73,0.0,28.2
WALES,2025-03-30 16:00:00,11.78,7.05,61.1
WALES,2025-03-30 16:30:00,10.83,8.36,50.6
WALES,2025-03-30 17:00:00,11.0,2.93,87.0
WALES,2025-03-30 17:30:00,12.27,5.06,65.9
WALES,2025-03-30 18:00:00,11.39,3.35,42.6
WALES,2025-03-30 18:30:00,11.47,4.57,56.5
WALES,2025-03-30 19:00:00,13.11,4.53,63.4
WALES,2025-03-30 19:30:00,11.1,1.55,39.7
WALES,2025-03-30 20:00:00,13.52,0.55,63.4
WALES,2025-03-30 20:30:00,12.44,2.63,59.4
WALES,2025-03-30 21:00:00,12.35,1.69,45.8
WALES,2025-03-30 21:30:00,11.98,3.79,34.4
WALES,2025-03-30 22:00:00,11.95,4.08,76.5
WALES,2025-03-30 22:30:00,11.82,3.03,72.3
WALES,2025-03-30 23:00:00,12.86,1.06,49.0
WALES,2025-03-30 23:30:00,8.98,1.9,85.1
WALES,2025-03-31 00:00:00,9.84,4.75,65.8
WALES,2025-03-31 00:30:00,10.43,2.91,83.4
WALES,2025-03-31 01:00:00,11.78,8.29,12.4
WALES,2025-03-31 01:30:00,11.28,0.0,57.6
WALES,2025-03-31 02:00:00,9.86,1.52,47.4
WALES,2025-03-31 02:30:00,9.76,4.68,37.6
WALES,2025-03-31 03:00:00,8.72,4.84,71.2
WALES,2025-03-31 03:30:00,12.76,4.14,69.6
WALES,2025-03-31 04:00:00,8.85,6.61,41.4
WALES,2025-03-31 04:30:00,9.04,4.3,67.0
WALES,2025-03-31 05:00:00,9.83,3.39,74.3
WALES,2025-03-31 05:30:00,7.0,4.3,24.2
WALES,2025-03-31 06:00:00,8.11,8.8,63.0
WALES,2025-03-31 06:30:00,7.81,4.83,57.3
WALES,2025-03-31 07:00:00,6.83,0.11,58.0
WALES,2025-03-31 07:30:00,7.95,3.29,73.4
WALES,2025-03-31 08:00:00,9.79,5.29,52.5
WALES,2025-03-31 08:30:00,8.3,6.07,74.6
WALES,2025-03-31 09:00:00,8.91,2.9,78.7
WALES,2025-03-31 09:30:00,9.92,5.64,113.0
WALES,2025-03-31 10:00:00,9.4,6.29,71.5
WALES,2025-03-31 10:30:00,8.35,1.65,46.2
WALES,2025-03-31 11:00:00,7.91,1.58,54.8
WALES,2025-03-31 11:30:00,8.83,6.38,38.3
WALES,2025-03-31 12:00:00,10.31,4.54,66.8
WALES,2025-03-31 12:30:00,9.12,8.18,45.8
WALES,2025-03-31 13:00:00,9.05,4.24,67.1
WALES,2025-03-31 13:30:00,9.99,3.9,69.5
WALES,2025-03-31 14:00:00,10.96,3.92,93.1
WALES,2025-03-31 14:30:00,10.77,3.45,82.4
WALES,2025-03-31 15:00:00,8.32,1.75,56.3
WALES,2025-03-31 15:30:00,9.34,5.61,73.8
WALES,2025-03-31 16:00:00,13.19,2.84,70.2
WALES,2025-03-31 16:30:00,12.77,4.33,77.7
WALES,2025-03-31 17:00:00,11.53,6.63,46.3
WALES,2025-03-31 17:30:00,9.79,3.24,58.4
WALES,2025-03-31 18:00:00,12.49,4.9,47.2
WALES,2025-03-31 18:30:00,10.77,7.25,57.5
WALES,2025-03-31 19:00:00,11.6,4.64,42.5
WALES,2025-03-31 19:30:00,11.31,5.58,41.7
WALES,2025-03-31 20:00:00,10.64,3.29,64.7
WALES,2025-03-31 20:30:00,13.88,4.68,69.3
WALES,2025-03-31 21:00:00,10.94,4.37,39.9
WALES,2025-03-31 21:30:00,13.27,4.23,59.1
WALES,2025-03-31 22:00:00,12.57,3.02,51.3
WALES,2025-03-31 22:30:00,10.83,7.56,55.9
WALES,2025-03-31 23:00:00,11.27,5.39,60.2
WALES,2025-03-31 23:30:00,8.86,8.05,51.4
