timestamp,date,settlement_period,day_of_week,is_weekend,is_bank_holiday
2025-01-01 00:00:00,2025-01-01,1,Wednesday,False,True
2025-01-01 00:30:00,2025-01-01,2,Wednesday,False,True
2025-01-01 01:00:00,2025-01-01,3,Wednesday,False,True
2025-01-01 01:30:00,2025-01-01,4,Wednesday,False,True
2025-01-01 02:00:00,2025-01-01,5,Wednesday,False,True
2025-01-01 02:30:00,2025-01-01,6,Wednesday,False,True
2025-01-01 03:00:00,2025-01-01,7,Wednesday,False,True
2025-01-01 03:30:00,2025-01-01,8,Wednesday,False,True
2025-01-01 04:00:00,2025-01-01,9,Wednesday,False,True
2025-01-01 04:30:00,2025-01-01,10,Wednesday,False,True
2025-01-01 05:00:00,2025-01-01,11,Wednesday,False,True
2025-01-01 05:30:00,2025-01-01,12,Wednesday,False,True
2025-01-01 06:00:00,2025-01-01,13,Wednesday,False,True
2025-01-01 06:30:00,2025-01-01,14,Wednesday,False,True
2025-01-01 07:00:00,2025-01-01,15,Wednesday,False,True
2025-01-01 07:30:00,2025-01-01,16,Wednesday,False,True
2025-01-01 08:00:00,2025-01-01,17,Wednesday,False,True
2025-01-01 08:30:00,2025-01-01,18,Wednesday,False,True
2025-01-01 09:00:00,2025-01-01,19,Wednesday,False,True
2025-01-01 09:30:00,2025-01-01,20,Wednesday,False,True
2025-01-01 10:00:00,2025-01-01,21,Wednesday,False,True
2025-01-01 10:30:00,2025-01-01,22,Wednesday,False,True
2025-01-01 11:00:00,2025-01-01,23,Wednesday,False,True
2025-01-01 11:30:00,2025-01-01,24,Wednesday,False,True
2025-01-01 12:00:00,2025-01-01,25,Wednesday,False,True
2025-01-01 12:30:00,2025-01-01,26,Wednesday,False,True
2025-01-01 13:00:00,2025-01-01,27,Wednesday,False,True
2025-01-01 13:30:00,2025-01-01,28,Wednesday,False,True
2025-01-01 14:00:00,2025-01-01,29,Wednesday,False,True
2025-01-01 14:30:00,2025-01-01,30,Wednesday,False,True
2025-01-01 15:00:00,2025-01-01,31,Wednesday,False,True
2025-01-01 15:30:00,2025-01-01,32,Wednesday,False,True
2025-01-01 16:00:00,2025-01-01,33,Wednesday,False,True
2025-01-01 16:30:00,2025-01-01,34,Wednesday,False,True
2025-01-01 17:00:00,2025-01-01,35,Wednesday,False,True
2025-01-01 17:30:00,2025-01-01,36,Wednesday,False,True
2025-01-01 18:00:00,2025-01-01,37,Wednesday,False,True
2025-01-01 18:30:00,2025-01-01,38,Wednesday,False,True
2025-01-01 19:00:00,2025-01-01,39,Wednesday,False,True
2025-01-01 19:30:00,2025-01-01,40,Wednesday,False,True
2025-01-01 20:00:00,2025-01-01,41,Wednesday,False,True
2025-01-01 20:30:00,2025-01-01,42,Wednesday,False,True
2025-01-01 21:00:00,2025-01-01,43,Wednesday,False,True
2025-01-01 21:30:00,2025-01-01,44,Wednesday,False,True
2025-01-01 22:00:00,2025-01-01,45,Wednesday,False,True
2025-01-01 22:30:00,2025-01-01,46,Wednesday,False,True
2025-01-01 23:00:00,2025-01-01,47,Wednesday,False,True
2025-01-01 23:30:00,2025-01-01,48,Wednesday,False,True
2025-01-02 00:00:00,2025-01-02,1,Thursday,False,False
2025-01-02 00:30:00,2025-01-02,2,Thursday,False,False
2025-01-02 01:00:00,2025-01-02,3,Thursday,False,False
2025-01-02 01:30:00,2025-01-02,4,Thursday,False,False
2025-01-02 02:00:00,2025-01-02,5,Thursday,False,False
2025-01-02 02:30:00,2025-01-02,6,Thursday,False,False
2025-01-02 03:00:00,2025-01-02,7,Thursday,False,False
2025-01-02 03:30:00,2025-01-02,8,Thursday,False,False
2025-01-02 04:00:00,2025-01-02,9,Thursday,False,False
2025-01-02 04:30:00,2025-01-02,10,Thursday,False,False
2025-01-02 05:00:00,2025-01-02,11,Thursday,False,False
2025-01-02 05:30:00,2025-01-02,12,Thursday,False,False
2025-01-02 06:00:00,2025-01-02,13,Thursday,False,False
2025-01-02 06:30:00,2025-01-02,14,Thursday,False,False
2025-01-02 07:00:00,2025-01-02,15,Thursday,False,False
2025-01-02 07:30:00,2025-01-02,16,Thursday,False,False
2025-01-02 08:00:00,2025-01-02,17,Thursday,False,False
2025-01-02 08:30:00,2025-01-02,18,Thursday,False,False
2025-01-02 09:00:00,2025-01-02,19,Thursday,False,False
2025-01-02 09:30:00,2025-01-02,20,Thursday,False,False
2025-01-02 10:00:00,2025-01-02,21,Thursday,False,False
2025-01-02 10:30:00,2025-01-02,22,Thursday,False,False
2025-01-02 11:00:00,2025-01-02,23,Thursday,False,False
2025-01-02 11:30:00,2025-01-02,24,Thursday,False,False
2025-01-02 12:00:00,2025-01-02,25,Thursday,False,False
2025-01-02 12:30:00,2025-01-02,26,Thursday,False,False
2025-01-02 13:00:00,2025-01-02,27,Thursday,False,False
2025-01-02 13:30:00,2025-01-02,28,Thursday,False,False
2025-01-02 14:00:00,2025-01-02,29,Thursday,False,False
2025-01-02 14:30:00,2025-01-02,30,Thursday,False,False
2025-01-02 15:00:00,2025-01-02,31,Thursday,False,False
2025-01-02 15:30:00,2025-01-02,32,Thursday,False,False
2025-01-02 16:00:00,2025-01-02,33,Thursday,False,False
2025-01-02 16:30:00,2025-01-02,34,Thursday,False,False
2025-01-02 17:00:00,2025-01-02,35,Thursday,False,False
2025-01-02 17:30:00,2025-01-02,36,Thursday,False,False
2025-01-02 18:00:00,2025-01-02,37,Thursday,False,False
2025-01-02 18:30:00,2025-01-02,38,Thursday,False,False
2025-01-02 19:00:00,2025-01-02,39,Thursday,False,False
2025-01-02 19:30:00,2025-01-02,40,Thursday,False,False
2025-01-02 20:00:00,2025-01-02,41,Thursday,False,False
2025-01-02 20:30:00,2025-01-02,42,Thursday,False,False
2025-01-02 21:00:00,2025-01-02,43,Thursday,False,False
2025-01-02 21:30:00,2025-01-02,44,Thursday,False,False
2025-01-02 22:00:00,2025-01-02,45,Thursday,False,False
2025-01-02 22:30:00,2025-01-02,46,Thursday,False,False
2025-01-02 23:00:00,2025-01-02,47,Thursday,False,False
2025-01-02 23:30:00,2025-01-02,48,Thursday,False,False
2025-01-03 00:00:00,2025-01-03,1,Friday,False,False
2025-01-03 00:30:00,2025-01-03,2,Friday,False,False
2025-01-03 01:00:00,2025-01-03,3,Friday,False,False
2025-01-03 01:30:00,2025-01-03,4,Friday,False,False
2025-01-03 02:00:00,2025-01-03,5,Friday,False,False
2025-01-03 02:30:00,2025-01-03,6,Friday,False,False
2025-01-03 03:00:00,2025-01-03,7,Friday,False,False
2025-01-03 03:30:00,2025-01-03,8,Friday,False,False
2025-01-03 04:00:00,2025-01-03,9,Friday,False,False
2025-01-03 04:30:00,2025-01-03,10,Friday,False,False
2025-01-03 05:00:00,2025-01-03,11,Friday,False,False
2025-01-03 05:30:00,2025-01-03,12,Friday,False,False
2025-01-03 06:00:00,2025-01-03,13,Friday,False,False
2025-01-03 06:30:00,2025-01-03,14,Friday,False,False
2025-01-03 07:00:00,2025-01-03,15,Friday,False,False
2025-01-03 07:30:00,2025-01-03,16,Friday,False,False
2025-01-03 08:00:00,2025-01-03,17,Friday,False,False
2025-01-03 08:30:00,2025-01-03,18,Friday,False,False
2025-01-03 09:00:00,2025-01-03,19,Friday,False,False
2025-01-03 09:30:00,2025-01-03,20,Friday,False,False
2025-01-03 10:00:00,2025-01-03,21,Friday,False,False
2025-01-03 10:30:00,2025-01-03,22,Friday,False,False
2025-01-03 11:00:00,2025-01-03,23,Friday,False,False
2025-01-03 11:30:00,2025-01-03,24,Friday,False,False
2025-01-03 12:00:00,2025-01-03,25,Friday,False,False
2025-01-03 12:30:00,2025-01-03,26,Friday,False,False
2025-01-03 13:00:00,2025-01-03,27,Friday,False,False
2025-01-03 13:30:00,2025-01-03,28,Friday,False,False
2025-01-03 14:00:00,2025-01-03,29,Friday,False,False
2025-01-03 14:30:00,2025-01-03,30,Friday,False,False
2025-01-03 15:00:00,2025-01-03,31,Friday,False,False
2025-01-03 15:30:00,2025-01-03,32,Friday,False,False
2025-01-03 16:00:00,2025-01-03,33,Friday,False,False
2025-01-03 16:30:00,2025-01-03,34,Friday,False,False
2025-01-03 17:00:00,2025-01-03,35,Friday,False,False
2025-01-03 17:30:00,2025-01-03,36,Friday,False,False
2025-01-03 18:00:00,2025-01-03,37,Friday,False,False
2025-01-03 18:30:00,2025-01-03,38,Friday,False,False
2025-01-03 19:00:00,2025-01-03,39,Friday,False,False
2025-01-03 19:30:00,2025-01-03,40,Friday,False,False
2025-01-03 20:00:00,2025-01-03,41,Friday,False,False
2025-01-03 20:30:00,2025-01-03,42,Friday,False,False
2025-01-03 21:00:00,2025-01-03,43,Friday,False,False
2025-01-03 21:30:00,2025-01-03,44,Friday,False,False
2025-01-03 22:00:00,2025-01-03,45,Friday,False,False
2025-01-03 22:30:00,2025-01-03,46,Friday,False,False
2025-01-03 23:00:00,2025-01-03,47,Friday,False,False
2025-01-03 23:30:00,2025-01-03,48,Friday,False,False
2025-01-04 00:00:00,2025-01-04,1,Saturday,True,False
2025-01-04 00:30:00,2025-01-04,2,Saturday,True,False
2025-01-04 01:00:00,2025-01-04,3,Saturday,True,False
2025-01-04 01:30:00,2025-01-04,4,Saturday,True,False
2025-01-04 02:00:00,2025-01-04,5,Saturday,True,False
2025-01-04 02:30:00,2025-01-04,6,Saturday,True,False
2025-01-04 03:00:00,2025-01-04,7,Saturday,True,False
2025-01-04 03:30:00,2025-01-04,8,Saturday,True,False
2025-01-04 04:00:00,2025-01-04,9,Saturday,True,False
2025-01-04 04:30:00,2025-01-04,10,Saturday,True,False
2025-01-04 05:00:00,2025-01-04,11,Saturday,True,False
2025-01-04 05:30:00,2025-01-04,12,Saturday,True,False
2025-01-04 06:00:00,2025-01-04,13,Saturday,True,False
2025-01-04 06:30:00,2025-01-04,14,Saturday,True,False
2025-01-04 07:00:00,2025-01-04,15,Saturday,True,False
2025-01-04 07:30:00,2025-01-04,16,Saturday,True,False
2025-01-04 08:00:00,2025-01-04,17,Saturday,True,False
2025-01-04 08:30:00,2025-01-04,18,Saturday,True,False
2025-01-04 09:00:00,2025-01-04,19,Saturday,True,False
2025-01-04 09:30:00,2025-01-04,20,Saturday,True,False
2025-01-04 10:00:00,2025-01-04,21,Saturday,True,False
2025-01-04 10:30:00,2025-01-04,22,Saturday,True,False
2025-01-04 11:00:00,2025-01-04,23,Saturday,True,False
2025-01-04 11:30:00,2025-01-04,24,Saturday,True,False
2025-01-04 12:00:00,2025-01-04,25,Saturday,True,False
2025-01-04 12:30:00,2025-01-04,26,Saturday,True,False
2025-01-04 13:00:00,2025-01-04,27,Saturday,True,False
2025-01-04 13:30:00,2025-01-04,28,Saturday,True,False
2025-01-04 14:00:00,2025-01-04,29,Saturday,True,False
2025-01-04 14:30:00,2025-01-04,30,Saturday,True,False
2025-01-04 15:00:00,2025-01-04,31,Saturday,True,False
2025-01-04 15:30:00,2025-01-04,32,Saturday,True,False
2025-01-04 16:00:00,2025-01-04,33,Saturday,True,False
2025-01-04 16:30:00,2025-01-04,34,Saturday,True,False
2025-01-04 17:00:00,2025-01-04,35,Saturday,True,False
2025-01-04 17:30:00,2025-01-04,36,Saturday,True,False
2025-01-04 18:00:00,2025-01-04,37,Saturday,True,False
2025-01-04 18:30:00,2025-01-04,38,Saturday,True,False
2025-01-04 19:00:00,2025-01-04,39,Saturday,True,False
2025-01-04 19:30:00,2025-01-04,40,Saturday,True,False
2025-01-04 20:00:00,2025-01-04,41,Saturday,True,False
2025-01-04 20:30:00,2025-01-04,42,Saturday,True,False
2025-01-04 21:00:00,2025-01-04,43,Saturday,True,False
2025-01-04 21:30:00,2025-01-04,44,Saturday,True,False
2025-01-04 22:00:00,2025-01-04,45,Saturday,True,False
2025-01-04 22:30:00,2025-01-04,46,Saturday,True,False
2025-01-04 23:00:00,2025-01-04,47,Saturday,True,False
2025-01-04 23:30:00,2025-01-04,48,Saturday,True,False
2025-01-05 00:00:00,2025-01-05,1,Sunday,True,False
2025-01-05 00:30:00,2025-01-05,2,Sunday,True,False
2025-01-05 01:00:00,2025-01-05,3,Sunday,True,False
2025-01-05 01:30:00,2025-01-05,4,Sunday,True,False
2025-01-05 02:00:00,2025-01-05,5,Sunday,True,False
2025-01-05 02:30:00,2025-01-05,6,Sunday,True,False
2025-01-05 03:00:00,2025-01-05,7,Sunday,True,False
2025-01-05 03:30:00,2025-01-05,8,Sunday,True,False
2025-01-05 04:00:00,2025-01-05,9,Sunday,True,False
2025-01-05 04:30:00,2025-01-05,10,Sunday,True,False
2025-01-05 05:00:00,2025-01-05,11,Sunday,True,False
2025-01-05 05:30:00,2025-01-05,12,Sunday,True,False
2025-01-05 06:00:00,2025-01-05,13,Sunday,True,False
2025-01-05 06:30:00,2025-01-05,14,Sunday,True,False
2025-01-05 07:00:00,2025-01-05,15,Sunday,True,False
2025-01-05 07:30:00,2025-01-05,16,Sunday,True,False
2025-01-05 08:00:00,2025-01-05,17,Sunday,True,False
2025-01-05 08:30:00,2025-01-05,18,Sunday,True,False
2025-01-05 09:00:00,2025-01-05,19,Sunday,True,False
2025-01-05 09:30:00,2025-01-05,20,Sunday,True,False
2025-01-05 10:00:00,2025-01-05,21,Sunday,True,False
2025-01-05 10:30:00,2025-01-05,22,Sunday,True,False
2025-01-05 11:00:00,2025-01-05,23,Sunday,True,False
2025-01-05 11:30:00,2025-01-05,24,Sunday,True,False
2025-01-05 12:00:00,2025-01-05,25,Sunday,True,False
2025-01-05 12:30:00,2025-01-05,26,Sunday,True,False
2025-01-05 13:00:00,2025-01-05,27,Sunday,True,False
2025-01-05 13:30:00,2025-01-05,28,Sunday,True,False
2025-01-05 14:00:00,2025-01-05,29,Sunday,True,False
2025-01-05 14:30:00,2025-01-05,30,Sunday,True,False
2025-01-05 15:00:00,2025-01-05,31,Sunday,True,False
2025-01-05 15:30:00,2025-01-05,32,Sunday,True,False
2025-01-05 16:00:00,2025-01-05,33,Sunday,True,False
2025-01-05 16:30:00,2025-01-05,34,Sunday,True,False
2025-01-05 17:00:00,2025-01-05,35,Sunday,True,False
2025-01-05 17:30:00,2025-01-05,36,Sunday,True,False
2025-01-05 18:00:00,2025-01-05,37,Sunday,True,False
2025-01-05 18:30:00,2025-01-05,38,Sunday,True,False
2025-01-05 19:00:00,2025-01-05,39,Sunday,True,False
2025-01-05 19:30:00,2025-01-05,40,Sunday,True,False
2025-01-05 20:00:00,2025-01-05,41,Sunday,True,False
2025-01-05 20:30:00,2025-01-05,42,Sunday,True,False
2025-01-05 21:00:00,2025-01-05,43,Sunday,True,False
2025-01-05 21:30:00,2025-01-05,44,Sunday,True,False
2025-01-05 22:00:00,2025-01-05,45,Sunday,True,False
2025-01-05 22:30:00,2025-01-05,46,Sunday,True,False
2025-01-05 23:00:00,2025-01-05,47,Sunday,True,False
2025-01-05 23:30:00,2025-01-05,48,Sunday,True,False
2025-01-06 00:00:00,2025-01-06,1,Monday,False,False
2025-01-06 00:30:00,2025-01-06,2,Monday,False,False
2025-01-06 01:00:00,2025-01-06,3,Monday,False,False
2025-01-06 01:30:00,2025-01-06,4,Monday,False,False
2025-01-06 02:00:00,2025-01-06,5,Monday,False,False
2025-01-06 02:30:00,2025-01-06,6,Monday,False,False
2025-01-06 03:00:00,2025-01-06,7,Monday,False,False
2025-01-06 03:30:00,2025-01-06,8,Monday,False,False
2025-01-06 04:00:00,2025-01-06,9,Monday,False,False
2025-01-06 04:30:00,2025-01-06,10,Monday,False,False
2025-01-06 05:00:00,2025-01-06,11,Monday,False,False
2025-01-06 05:30:00,2025-01-06,12,Monday,False,False
2025-01-06 06:00:00,2025-01-06,13,Monday,False,False
2025-01-06 06:30:00,2025-01-06,14,Monday,False,False
2025-01-06 07:00:00,2025-01-06,15,Monday,False,False
2025-01-06 07:30:00,2025-01-06,16,Monday,False,False
2025-01-06 08:00:00,2025-01-06,17,Monday,False,False
2025-01-06 08:30:00,2025-01-06,18,Monday,False,False
2025-01-06 09:00:00,2025-01-06,19,Monday,False,False
2025-01-06 09:30:00,2025-01-06,20,Monday,False,False
2025-01-06 10:00:00,2025-01-06,21,Monday,False,False
2025-01-06 10:30:00,2025-01-06,22,Monday,False,False
2025-01-06 11:00:00,2025-01-06,23,Monday,False,False
2025-01-06 11:30:00,2025-01-06,24,Monday,False,False
2025-01-06 12:00:00,2025-01-06,25,Monday,False,False
2025-01-06 12:30:00,2025-01-06,26,Monday,False,False
2025-01-06 13:00:00,2025-01-06,27,Monday,False,False
2025-01-06 13:30:00,2025-01-06,28,Monday,False,False
2025-01-06 14:00:00,2025-01-06,29,Monday,False,False
2025-01-06 14:30:00,2025-01-06,30,Monday,False,False
2025-01-06 15:00:00,2025-01-06,31,Monday,False,False
2025-01-06 15:30:00,2025-01-06,32,Monday,False,False
2025-01-06 16:00:00,2025-01-06,33,Monday,False,False
2025-01-06 16:30:00,2025-01-06,34,Monday,False,False
2025-01-06 17:00:00,2025-01-06,35,Monday,False,False
2025-01-06 17:30:00,2025-01-06,36,Monday,False,False
2025-01-06 18:00:00,2025-01-06,37,Monday,False,False
2025-01-06 18:30:00,2025-01-06,38,Monday,False,False
2025-01-06 19:00:00,2025-01-06,39,Monday,False,False
2025-01-06 19:30:00,2025-01-06,40,Monday,False,False
2025-01-06 20:00:00,2025-01-06,41,Monday,False,False
2025-01-06 20:30:00,2025-01-06,42,Monday,False,False
2025-01-06 21:00:00,2025-01-06,43,Monday,False,False
2025-01-06 21:30:00,2025-01-06,44,Monday,False,False
2025-01-06 22:00:00,2025-01-06,45,Monday,False,False
2025-01-06 22:30:00,2025-01-06,46,Monday,False,False
2025-01-06 23:00:00,2025-01-06,47,Monday,False,False
2025-01-06 23:30:00,2025-01-06,48,Monday,False,False
2025-01-07 00:00:00,2025-01-07,1,Tuesday,False,False
2025-01-07 00:30:00,2025-01-07,2,Tuesday,False,False
2025-01-07 01:00:00,2025-01-07,3,Tuesday,False,False
2025-01-07 01:30:00,2025-01-07,4,Tuesday,False,False
2025-01-07 02:00:00,2025-01-07,5,Tuesday,False,False
2025-01-07 02:30:00,2025-01-07,6,Tuesday,False,False
2025-01-07 03:00:00,2025-01-07,7,Tuesday,False,False
2025-01-07 03:30:00,2025-01-07,8,Tuesday,False,False
2025-01-07 04:00:00,2025-01-07,9,Tuesday,False,False
2025-01-07 04:30:00,2025-01-07,10,Tuesday,False,False
2025-01-07 05:00:00,2025-01-07,11,Tuesday,False,False
2025-01-07 05:30:00,2025-01-07,12,Tuesday,False,False
2025-01-07 06:00:00,2025-01-07,13,Tuesday,False,False
2025-01-07 06:30:00,2025-01-07,14,Tuesday,False,False
2025-01-07 07:00:00,2025-01-07,15,Tuesday,False,False
2025-01-07 07:30:00,2025-01-07,16,Tuesday,False,False
2025-01-07 08:00:00,2025-01-07,17,Tuesday,False,False
2025-01-07 08:30:00,2025-01-07,18,Tuesday,False,False
2025-01-07 09:00:00,2025-01-07,19,Tuesday,False,False
2025-01-07 09:30:00,2025-01-07,20,Tuesday,False,False
2025-01-07 10:00:00,2025-01-07,21,Tuesday,False,False
2025-01-07 10:30:00,2025-01-07,22,Tuesday,False,False
2025-01-07 11:00:00,2025-01-07,23,Tuesday,False,False
2025-01-07 11:30:00,2025-01-07,24,Tuesday,False,False
2025-01-07 12:00:00,2025-01-07,25,Tuesday,False,False
2025-01-07 12:30:00,2025-01-07,26,Tuesday,False,False
2025-01-07 13:00:00,2025-01-07,27,Tuesday,False,False
2025-01-07 13:30:00,2025-01-07,28,Tuesday,False,False
2025-01-07 14:00:00,2025-01-07,29,Tuesday,False,False
2025-01-07 14:30:00,2025-01-07,30,Tuesday,False,False
2025-01-07 15:00:00,2025-01-07,31,Tuesday,False,False
2025-01-07 15:30:00,2025-01-07,32,Tuesday,False,False
2025-01-07 16:00:00,2025-01-07,33,Tuesday,False,False
2025-01-07 16:30:00,2025-01-07,34,Tuesday,False,False
2025-01-07 17:00:00,2025-01-07,35,Tuesday,False,False
2025-01-07 17:30:00,2025-01-07,36,Tuesday,False,False
2025-01-07 18:00:00,2025-01-07,37,Tuesday,False,False
2025-01-07 18:30:00,2025-01-07,38,Tuesday,False,False
2025-01-07 19:00:00,2025-01-07,39,Tuesday,False,False
2025-01-07 19:30:00,2025-01-07,40,Tuesday,False,False
2025-01-07 20:00:00,2025-01-07,41,Tuesday,False,False
2025-01-07 20:30:00,2025-01-07,42,Tuesday,False,False
2025-01-07 21:00:00,2025-01-07,43,Tuesday,False,False
2025-01-07 21:30:00,2025-01-07,44,Tuesday,False,False
2025-01-07 22:00:00,2025-01-07,45,Tuesday,False,False
2025-01-07 22:30:00,2025-01-07,46,Tuesday,False,False
2025-01-07 23:00:00,2025-01-07,47,Tuesday,False,False
2025-01-07 23:30:00,2025-01-07,48,Tuesday,False,False
2025-01-08 00:00:00,2025-01-08,1,Wednesday,False,False
2025-01-08 00:30:00,2025-01-08,2,Wednesday,False,False
2025-01-08 01:00:00,2025-01-08,3,Wednesday,False,False
2025-01-08 01:30:00,2025-01-08,4,Wednesday,False,False
2025-01-08 02:00:00,2025-01-08,5,Wednesday,False,False
2025-01-08 02:30:00,2025-01-08,6,Wednesday,False,False
2025-01-08 03:00:00,2025-01-08,7,Wednesday,False,False
2025-01-08 03:30:00,2025-01-08,8,Wednesday,False,False
2025-01-08 04:00:00,2025-01-08,9,Wednesday,False,False
2025-01-08 04:30:00,2025-01-08,10,Wednesday,False,False
2025-01-08 05:00:00,2025-01-08,11,Wednesday,False,False
2025-01-08 05:30:00,2025-01-08,12,Wednesday,False,False
2025-01-08 06:00:00,2025-01-08,13,Wednesday,False,False
2025-01-08 06:30:00,2025-01-08,14,Wednesday,False,False
2025-01-08 07:00:00,2025-01-08,15,Wednesday,False,False
2025-01-08 07:30:00,2025-01-08,16,Wednesday,False,False
2025-01-08 08:00:00,2025-01-08,17,Wednesday,False,False
2025-01-08 08:30:00,2025-01-08,18,Wednesday,False,False
2025-01-08 09:00:00,2025-01-08,19,Wednesday,False,False
2025-01-08 09:30:00,2025-01-08,20,Wednesday,False,False
2025-01-08 10:00:00,2025-01-08,21,Wednesday,False,False
2025-01-08 10:30:00,2025-01-08,22,Wednesday,False,False
2025-01-08 11:00:00,2025-01-08,23,Wednesday,False,False
2025-01-08 11:30:00,2025-01-08,24,Wednesday,False,False
2025-01-08 12:00:00,2025-01-08,25,Wednesday,False,False
2025-01-08 12:30:00,2025-01-08,26,Wednesday,False,False
2025-01-08 13:00:00,2025-01-08,27,Wednesday,False,False
2025-01-08 13:30:00,2025-01-08,28,Wednesday,False,False
2025-01-08 14:00:00,2025-01-08,29,Wednesday,False,False
2025-01-08 14:30:00,2025-01-08,30,Wednesday,False,False
2025-01-08 15:00:00,2025-01-08,31,Wednesday,False,False
2025-01-08 15:30:00,2025-01-08,32,Wednesday,False,False
2025-01-08 16:00:00,2025-01-08,33,Wednesday,False,False
2025-01-08 16:30:00,2025-01-08,34,Wednesday,False,False
2025-01-08 17:00:00,2025-01-08,35,Wednesday,False,False
2025-01-08 17:30:00,2025-01-08,36,Wednesday,False,False
2025-01-08 18:00:00,2025-01-08,37,Wednesday,False,False
2025-01-08 18:30:00,2025-01-08,38,Wednesday,False,False
2025-01-08 19:00:00,2025-01-08,39,Wednesday,False,False
2025-01-08 19:30:00,2025-01-08,40,Wednesday,False,False
2025-01-08 20:00:00,2025-01-08,41,Wednesday,False,False
2025-01-08 20:30:00,2025-01-08,42,Wednesday,False,False
2025-01-08 21:00:00,2025-01-08,43,Wednesday,False,False
2025-01-08 21:30:00,2025-01-08,44,Wednesday,False,False
2025-01-08 22:00:00,2025-01-08,45,Wednesday,False,False
2025-01-08 22:30:00,2025-01-08,46,Wednesday,False,False
2025-01-08 23:00:00,2025-01-08,47,Wednesday,False,False
2025-01-08 23:30:00,2025-01-08,48,Wednesday,False,False
2025-01-09 00:00:00,2025-01-09,1,Thursday,False,False
2025-01-09 00:30:00,2025-01-09,2,Thursday,False,False
2025-01-09 01:00:00,2025-01-09,3,Thursday,False,False
2025-01-09 01:30:00,2025-01-09,4,Thursday,False,False
2025-01-09 02:00:00,2025-01-09,5,Thursday,False,False
2025-01-09 02:30:00,2025-01-09,6,Thursday,False,False
2025-01-09 03:00:00,2025-01-09,7,Thursday,False,False
2025-01-09 03:30:00,2025-01-09,8,Thursday,False,False
2025-01-09 04:00:00,2025-01-09,9,Thursday,False,False
2025-01-09 04:30:00,2025-01-09,10,Thursday,False,False
2025-01-09 05:00:00,2025-01-09,11,Thursday,False,False
2025-01-09 05:30:00,2025-01-09,12,Thursday,False,False
2025-01-09 06:00:00,2025-01-09,13,Thursday,False,False
2025-01-09 06:30:00,2025-01-09,14,Thursday,False,False
2025-01-09 07:00:00,2025-01-09,15,Thursday,False,False
2025-01-09 07:30:00,2025-01-09,16,Thursday,False,False
2025-01-09 08:00:00,2025-01-09,17,Thursday,False,False
2025-01-09 08:30:00,2025-01-09,18,Thursday,False,False
2025-01-09 09:00:00,2025-01-09,19,Thursday,False,False
2025-01-09 09:30:00,2025-01-09,20,Thursday,False,False
2025-01-09 10:00:00,2025-01-09,21,Thursday,False,False
2025-01-09 10:30:00,2025-01-09,22,Thursday,False,False
2025-01-09 11:00:00,2025-01-09,23,Thursday,False,False
2025-01-09 11:30:00,2025-01-09,24,Thursday,False,False
2025-01-09 12:00:00,2025-01-09,25,Thursday,False,False
2025-01-09 12:30:00,2025-01-09,26,Thursday,False,False
2025-01-09 13:00:00,2025-01-09,27,Thursday,False,False
2025-01-09 13:30:00,2025-01-09,28,Thursday,False,False
2025-01-09 14:00:00,2025-01-09,29,Thursday,False,False
2025-01-09 14:30:00,2025-01-09,30,Thursday,False,False
2025-01-09 15:00:00,2025-01-09,31,Thursday,False,False
2025-01-09 15:30:00,2025-01-09,32,Thursday,False,False
2025-01-09 16:00:00,2025-01-09,33,Thursday,False,False
2025-01-09 16:30:00,2025-01-09,34,Thursday,False,False
2025-01-09 17:00:00,2025-01-09,35,Thursday,False,False
2025-01-09 17:30:00,2025-01-09,36,Thursday,False,False
2025-01-09 18:00:00,2025-01-09,37,Thursday,False,False
2025-01-09 18:30:00,2025-01-09,38,Thursday,False,False
2025-01-09 19:00:00,2025-01-09,39,Thursday,False,False
2025-01-09 19:30:00,2025-01-09,40,Thursday,False,False
2025-01-09 20:00:00,2025-01-09,41,Thursday,False,False
2025-01-09 20:30:00,2025-01-09,42,Thursday,False,False
2025-01-09 21:00:00,2025-01-09,43,Thursday,False,False
2025-01-09 21:30:00,2025-01-09,44,Thursday,False,False
2025-01-09 22:00:00,2025-01-09,45,Thursday,False,False
2025-01-09 22:30:00,2025-01-09,46,Thursday,False,False
2025-01-09 23:00:00,2025-01-09,47,Thursday,False,False
2025-01-09 23:30:00,2025-01-09,48,Thursday,False,False
2025-01-10 00:00:00,2025-01-10,1,Friday,False,False
2025-01-10 00:30:00,2025-01-10,2,Friday,False,False
2025-01-10 01:00:00,2025-01-10,3,Friday,False,False
2025-01-10 01:30:00,2025-01-10,4,Friday,False,False
2025-01-10 02:00:00,2025-01-10,5,Friday,False,False
2025-01-10 02:30:00,2025-01-10,6,Friday,False,False
2025-01-10 03:00:00,2025-01-10,7,Friday,False,False
2025-01-10 03:30:00,2025-01-10,8,Friday,False,False
2025-01-10 04:00:00,2025-01-10,9,Friday,False,False
2025-01-10 04:30:00,2025-01-10,10,Friday,False,False
2025-01-10 05:00:00,2025-01-10,11,Friday,False,False
2025-01-10 05:30:00,2025-01-10,12,Friday,False,False
2025-01-10 06:00:00,2025-01-10,13,Friday,False,False
2025-01-10 06:30:00,2025-01-10,14,Friday,False,False
2025-01-10 07:00:00,2025-01-10,15,Friday,False,False
2025-01-10 07:30:00,2025-01-10,16,Friday,False,False
2025-01-10 08:00:00,2025-01-10,17,Friday,False,False
2025-01-10 08:30:00,2025-01-10,18,Friday,False,False
2025-01-10 09:00:00,2025-01-10,19,Friday,False,False
2025-01-10 09:30:00,2025-01-10,20,Friday,False,False
2025-01-10 10:00:00,2025-01-10,21,Friday,False,False
2025-01-10 10:30:00,2025-01-10,22,Friday,False,False
2025-01-10 11:00:00,2025-01-10,23,Friday,False,False
2025-01-10 11:30:00,2025-01-10,24,Friday,False,False
2025-01-10 12:00:00,2025-01-10,25,Friday,False,False
2025-01-10 12:30:00,2025-01-10,26,Friday,False,False
2025-01-10 13:00:00,2025-01-10,27,Friday,False,False
2025-01-10 13:30:00,2025-01-10,28,Friday,False,False
2025-01-10 14:00:00,2025-01-10,29,Friday,False,False
2025-01-10 14:30:00,2025-01-10,30,Friday,False,False
2025-01-10 15:00:00,2025-01-10,31,Friday,False,False
2025-01-10 15:30:00,2025-01-10,32,Friday,False,False
2025-01-10 16:00:00,2025-01-10,33,Friday,False,False
2025-01-10 16:30:00,2025-01-10,34,Friday,False,False
2025-01-10 17:00:00,2025-01-10,35,Friday,False,False
2025-01-10 17:30:00,2025-01-10,36,Friday,False,False
2025-01-10 18:00:00,2025-01-10,37,Friday,False,False
2025-01-10 18:30:00,2025-01-10,38,Friday,False,False
2025-01-10 19:00:00,2025-01-10,39,Friday,False,False
2025-01-10 19:30:00,2025-01-10,40,Friday,False,False
2025-01-10 20:00:00,2025-01-10,41,Friday,False,False
2025-01-10 20:30:00,2025-01-10,42,Friday,False,False
2025-01-10 21:00:00,2025-01-10,43,Friday,False,False
2025-01-10 21:30:00,2025-01-10,44,Friday,False,False
2025-01-10 22:00:00,2025-01-10,45,Friday,False,False
2025-01-10 22:30:00,2025-01-10,46,Friday,False,False
2025-01-10 23:00:00,2025-01-10,47,Friday,False,False
2025-01-10 23:30:00,2025-01-10,48,Friday,False,False
2025-01-11 00:00:00,2025-01-11,1,Saturday,True,False
2025-01-11 00:30:00,2025-01-11,2,Saturday,True,False
2025-01-11 01:00:00,2025-01-11,3,Saturday,True,False
2025-01-11 01:30:00,2025-01-11,4,Saturday,True,False
2025-01-11 02:00:00,2025-01-11,5,Saturday,True,False
2025-01-11 02:30:00,2025-01-11,6,Saturday,True,False
2025-01-11 03:00:00,2025-01-11,7,Saturday,True,False
2025-01-11 03:30:00,2025-01-11,8,Saturday,True,False
2025-01-11 04:00:00,2025-01-11,9,Saturday,True,False
2025-01-11 04:30:00,2025-01-11,10,Saturday,True,False
2025-01-11 05:00:00,2025-01-11,11,Saturday,True,False
2025-01-11 05:30:00,2025-01-11,12,Saturday,True,False
2025-01-11 06:00:00,2025-01-11,13,Saturday,True,False
2025-01-11 06:30:00,2025-01-11,14,Saturday,True,False
2025-01-11 07:00:00,2025-01-11,15,Saturday,True,False
2025-01-11 07:30:00,2025-01-11,16,Saturday,True,False
2025-01-11 08:00:00,2025-01-11,17,Saturday,True,False
2025-01-11 08:30:00,2025-01-11,18,Saturday,True,False
2025-01-11 09:00:00,2025-01-11,19,Saturday,True,False
2025-01-11 09:30:00,2025-01-11,20,Saturday,True,False
2025-01-11 10:00:00,2025-01-11,21,Saturday,True,False
2025-01-11 10:30:00,2025-01-11,22,Saturday,True,False
2025-01-11 11:00:00,2025-01-11,23,Saturday,True,False
2025-01-11 11:30:00,2025-01-11,24,Saturday,True,False
2025-01-11 12:00:00,2025-01-11,25,Saturday,True,False
2025-01-11 12:30:00,2025-01-11,26,Saturday,True,False
2025-01-11 13:00:00,2025-01-11,27,Saturday,True,False
2025-01-11 13:30:00,2025-01-11,28,Saturday,True,False
2025-01-11 14:00:00,2025-01-11,29,Saturday,True,False
2025-01-11 14:30:00,2025-01-11,30,Saturday,True,False
2025-01-11 15:00:00,2025-01-11,31,Saturday,True,False
2025-01-11 15:30:00,2025-01-11,32,Saturday,True,False
2025-01-11 16:00:00,2025-01-11,33,Saturday,True,False
2025-01-11 16:30:00,2025-01-11,34,Saturday,True,False
2025-01-11 17:00:00,2025-01-11,35,Saturday,True,False
2025-01-11 17:30:00,2025-01-11,36,Saturday,True,False
2025-01-11 18:00:00,2025-01-11,37,Saturday,True,False
2025-01-11 18:30:00,2025-01-11,38,Saturday,True,False
2025-01-11 19:00:00,2025-01-11,39,Saturday,True,False
2025-01-11 19:30:00,2025-01-11,40,Saturday,True,False
2025-01-11 20:00:00,2025-01-11,41,Saturday,True,False
2025-01-11 20:30:00,2025-01-11,42,Saturday,True,False
2025-01-11 21:00:00,2025-01-11,43,Saturday,True,False
2025-01-11 21:30:00,2025-01-11,44,Saturday,True,False
2025-01-11 22:00:00,2025-01-11,45,Saturday,True,False
2025-01-11 22:30:00,2025-01-11,46,Saturday,True,False
2025-01-11 23:00:00,2025-01-11,47,Saturday,True,False
2025-01-11 23:30:00,2025-01-11,48,Saturday,True,False
2025-01-12 00:00:00,2025-01-12,1,Sunday,True,False
2025-01-12 00:30:00,2025-01-12,2,Sunday,True,False
2025-01-12 01:00:00,2025-01-12,3,Sunday,True,False
2025-01-12 01:30:00,2025-01-12,4,Sunday,True,False
2025-01-12 02:00:00,2025-01-12,5,Sunday,True,False
2025-01-12 02:30:00,2025-01-12,6,Sunday,True,False
2025-01-12 03:00:00,2025-01-12,7,Sunday,True,False
2025-01-12 03:30:00,2025-01-12,8,Sunday,True,False
2025-01-12 04:00:00,2025-01-12,9,Sunday,True,False
2025-01-12 04:30:00,2025-01-12,10,Sunday,True,False
2025-01-12 05:00:00,2025-01-12,11,Sunday,True,False
2025-01-12 05:30:00,2025-01-12,12,Sunday,True,False
2025-01-12 06:00:00,2025-01-12,13,Sunday,True,False
2025-01-12 06:30:00,2025-01-12,14,Sunday,True,False
2025-01-12 07:00:00,2025-01-12,15,Sunday,True,False
2025-01-12 07:30:00,2025-01-12,16,Sunday,True,False
2025-01-12 08:00:00,2025-01-12,17,Sunday,True,False
2025-01-12 08:30:00,2025-01-12,18,Sunday,True,False
2025-01-12 09:00:00,2025-01-12,19,Sunday,True,False
2025-01-12 09:30:00,2025-01-12,20,Sunday,True,False
2025-01-12 10:00:00,2025-01-12,21,Sunday,True,False
2025-01-12 10:30:00,2025-01-12,22,Sunday,True,False
2025-01-12 11:00:00,2025-01-12,23,Sunday,True,False
2025-01-12 11:30:00,2025-01-12,24,Sunday,True,False
2025-01-12 12:00:00,2025-01-12,25,Sunday,True,False
2025-01-12 12:30:00,2025-01-12,26,Sunday,True,False
2025-01-12 13:00:00,2025-01-12,27,Sunday,True,False
2025-01-12 13:30:00,2025-01-12,28,Sunday,True,False
2025-01-12 14:00:00,2025-01-12,29,Sunday,True,False
2025-01-12 14:30:00,2025-01-12,30,Sunday,True,False
2025-01-12 15:00:00,2025-01-12,31,Sunday,True,False
2025-01-12 15:30:00,2025-01-12,32,Sunday,True,False
2025-01-12 16:00:00,2025-01-12,33,Sunday,True,False
2025-01-12 16:30:00,2025-01-12,34,Sunday,True,False
2025-01-12 17:00:00,2025-01-12,35,Sunday,True,False
2025-01-12 17:30:00,2025-01-12,36,Sunday,True,False
2025-01-12 18:00:00,2025-01-12,37,Sunday,True,False
2025-01-12 18:30:00,2025-01-12,38,Sunday,True,False
2025-01-12 19:00:00,2025-01-12,39,Sunday,True,False
2025-01-12 19:30:00,2025-01-12,40,Sunday,True,False
2025-01-12 20:00:00,2025-01-12,41,Sunday,True,False
2025-01-12 20:30:00,2025-01-12,42,Sunday,True,False
2025-01-12 21:00:00,2025-01-12,43,Sunday,True,False
2025-01-12 21:30:00,2025-01-12,44,Sunday,True,False
2025-01-12 22:00:00,2025-01-12,45,Sunday,True,False
2025-01-12 22:30:00,2025-01-12,46,Sunday,True,False
2025-01-12 23:00:00,2025-01-12,47,Sunday,True,False
2025-01-12 23:30:00,2025-01-12,48,Sunday,True,False
2025-01-13 00:00:00,2025-01-13,1,Monday,False,False
2025-01-13 00:30:00,2025-01-13,2,Monday,False,False
2025-01-13 01:00:00,2025-01-13,3,Monday,False,False
2025-01-13 01:30:00,2025-01-13,4,Monday,False,False
2025-01-13 02:00:00,2025-01-13,5,Monday,False,False
2025-01-13 02:30:00,2025-01-13,6,Monday,False,False
2025-01-13 03:00:00,2025-01-13,7,Monday,False,False
2025-01-13 03:30:00,2025-01-13,8,Monday,False,False
2025-01-13 04:00:00,2025-01-13,9,Monday,False,False
2025-01-13 04:30:00,2025-01-13,10,Monday,False,False
2025-01-13 05:00:00,2025-01-13,11,Monday,False,False
2025-01-13 05:30:00,2025-01-13,12,Monday,False,False
2025-01-13 06:00:00,2025-01-13,13,Monday,False,False
2025-01-13 06:30:00,2025-01-13,14,Monday,False,False
2025-01-13 07:00:00,2025-01-13,15,Monday,False,False
2025-01-13 07:30:00,2025-01-13,16,Monday,False,False
2025-01-13 08:00:00,2025-01-13,17,Monday,False,False
2025-01-13 08:30:00,2025-01-13,18,Monday,False,False
2025-01-13 09:00:00,2025-01-13,19,Monday,False,False
2025-01-13 09:30:00,2025-01-13,20,Monday,False,False
2025-01-13 10:00:00,2025-01-13,21,Monday,False,False
2025-01-13 10:30:00,2025-01-13,22,Monday,False,False
2025-01-13 11:00:00,2025-01-13,23,Monday,False,False
2025-01-13 11:30:00,2025-01-13,24,Monday,False,False
2025-01-13 12:00:00,2025-01-13,25,Monday,False,False
2025-01-13 12:30:00,2025-01-13,26,Monday,False,False
2025-01-13 13:00:00,2025-01-13,27,Monday,False,False
2025-01-13 13:30:00,2025-01-13,28,Monday,False,False
2025-01-13 14:00:00,2025-01-13,29,Monday,False,False
2025-01-13 14:30:00,2025-01-13,30,Monday,False,False
2025-01-13 15:00:00,2025-01-13,31,Monday,False,False
2025-01-13 15:30:00,2025-01-13,32,Monday,False,False
2025-01-13 16:00:00,2025-01-13,33,Monday,False,False
2025-01-13 16:30:00,2025-01-13,34,Monday,False,False
2025-01-13 17:00:00,2025-01-13,35,Monday,False,False
2025-01-13 17:30:00,2025-01-13,36,Monday,False,False
2025-01-13 18:00:00,2025-01-13,37,Monday,False,False
2025-01-13 18:30:00,2025-01-13,38,Monday,False,False
2025-01-13 19:00:00,2025-01-13,39,Monday,False,False
2025-01-13 19:30:00,2025-01-13,40,Monday,False,False
2025-01-13 20:00:00,2025-01-13,41,Monday,False,False
2025-01-13 20:30:00,2025-01-13,42,Monday,False,False
2025-01-13 21:00:00,2025-01-13,43,Monday,False,False
2025-01-13 21:30:00,2025-01-13,44,Monday,False,False
2025-01-13 22:00:00,2025-01-13,45,Monday,False,False
2025-01-13 22:30:00,2025-01-13,46,Monday,False,False
2025-01-13 23:00:00,2025-01-13,47,Monday,False,False
2025-01-13 23:30:00,2025-01-13,48,Monday,False,False
2025-01-14 00:00:00,2025-01-14,1,Tuesday,False,False
2025-01-14 00:30:00,2025-01-14,2,Tuesday,False,False
2025-01-14 01:00:00,2025-01-14,3,Tuesday,False,False
2025-01-14 01:30:00,2025-01-14,4,Tuesday,False,False
2025-01-14 02:00:00,2025-01-14,5,Tuesday,False,False
2025-01-14 02:30:00,2025-01-14,6,Tuesday,False,False
2025-01-14 03:00:00,2025-01-14,7,Tuesday,False,False
2025-01-14 03:30:00,2025-01-14,8,Tuesday,False,False
2025-01-14 04:00:00,2025-01-14,9,Tuesday,False,False
2025-01-14 04:30:00,2025-01-14,10,Tuesday,False,False
2025-01-14 05:00:00,2025-01-14,11,Tuesday,False,False
2025-01-14 05:30:00,2025-01-14,12,Tuesday,False,False
2025-01-14 06:00:00,2025-01-14,13,Tuesday,False,False
2025-01-14 06:30:00,2025-01-14,14,Tuesday,False,False
2025-01-14 07:00:00,2025-01-14,15,Tuesday,False,False
2025-01-14 07:30:00,2025-01-14,16,Tuesday,False,False
2025-01-14 08:00:00,2025-01-14,17,Tuesday,False,False
2025-01-14 08:30:00,2025-01-14,18,Tuesday,False,False
2025-01-14 09:00:00,2025-01-14,19,Tuesday,False,False
2025-01-14 09:30:00,2025-01-14,20,Tuesday,False,False
2025-01-14 10:00:00,2025-01-14,21,Tuesday,False,False
2025-01-14 10:30:00,2025-01-14,22,Tuesday,False,False
2025-01-14 11:00:00,2025-01-14,23,Tuesday,False,False
2025-01-14 11:30:00,2025-01-14,24,Tuesday,False,False
2025-01-14 12:00:00,2025-01-14,25,Tuesday,False,False
2025-01-14 12:30:00,2025-01-14,26,Tuesday,False,False
2025-01-14 13:00:00,2025-01-14,27,Tuesday,False,False
2025-01-14 13:30:00,2025-01-14,28,Tuesday,False,False
2025-01-14 14:00:00,2025-01-14,29,Tuesday,False,False
2025-01-14 14:30:00,2025-01-14,30,Tuesday,False,False
2025-01-14 15:00:00,2025-01-14,31,Tuesday,False,False
2025-01-14 15:30:00,2025-01-14,32,Tuesday,False,False
2025-01-14 16:00:00,2025-01-14,33,Tuesday,False,False
2025-01-14 16:30:00,2025-01-14,34,Tuesday,False,False
2025-01-14 17:00:00,2025-01-14,35,Tuesday,False,False
2025-01-14 17:30:00,2025-01-14,36,Tuesday,False,False
2025-01-14 18:00:00,2025-01-14,37,Tuesday,False,False
2025-01-14 18:30:00,2025-01-14,38,Tuesday,False,False
2025-01-14 19:00:00,2025-01-14,39,Tuesday,False,False
2025-01-14 19:30:00,2025-01-14,40,Tuesday,False,False
2025-01-14 20:00:00,2025-01-14,41,Tuesday,False,False
2025-01-14 20:30:00,2025-01-14,42,Tuesday,False,False
2025-01-14 21:00:00,2025-01-14,43,Tuesday,False,False
2025-01-14 21:30:00,2025-01-14,44,Tuesday,False,False
2025-01-14 22:00:00,2025-01-14,45,Tuesday,False,False
2025-01-14 22:30:00,2025-01-14,46,Tuesday,False,False
2025-01-14 23:00:00,2025-01-14,47,Tuesday,False,False
2025-01-14 23:30:00,2025-01-14,48,Tuesday,False,False
2025-01-15 00:00:00,2025-01-15,1,Wednesday,False,False
2025-01-15 00:30:00,2025-01-15,2,Wednesday,False,False
2025-01-15 01:00:00,2025-01-15,3,Wednesday,False,False
2025-01-15 01:30:00,2025-01-15,4,Wednesday,False,False
2025-01-15 02:00:00,2025-01-15,5,Wednesday,False,False
2025-01-15 02:30:00,2025-01-15,6,Wednesday,False,False
2025-01-15 03:00:00,2025-01-15,7,Wednesday,False,False
2025-01-15 03:30:00,2025-01-15,8,Wednesday,False,False
2025-01-15 04:00:00,2025-01-15,9,Wednesday,False,False
2025-01-15 04:30:00,2025-01-15,10,Wednesday,False,False
2025-01-15 05:00:00,2025-01-15,11,Wednesday,False,False
2025-01-15 05:30:00,2025-01-15,12,Wednesday,False,False
2025-01-15 06:00:00,2025-01-15,13,Wednesday,False,False
2025-01-15 06:30:00,2025-01-15,14,Wednesday,False,False
2025-01-15 07:00:00,2025-01-15,15,Wednesday,False,False
2025-01-15 07:30:00,2025-01-15,16,Wednesday,False,False
2025-01-15 08:00:00,2025-01-15,17,Wednesday,False,False
2025-01-15 08:30:00,2025-01-15,18,Wednesday,False,False
2025-01-15 09:00:00,2025-01-15,19,Wednesday,False,False
2025-01-15 09:30:00,2025-01-15,20,Wednesday,False,False
2025-01-15 10:00:00,2025-01-15,21,Wednesday,False,False
2025-01-15 10:30:00,2025-01-15,22,Wednesday,False,False
2025-01-15 11:00:00,2025-01-15,23,Wednesday,False,False
2025-01-15 11:30:00,2025-01-15,24,Wednesday,False,False
2025-01-15 12:00:00,2025-01-15,25,Wednesday,False,False
2025-01-15 12:30:00,2025-01-15,26,Wednesday,False,False
2025-01-15 13:00:00,2025-01-15,27,Wednesday,False,False
2025-01-15 13:30:00,2025-01-15,28,Wednesday,False,False
2025-01-15 14:00:00,2025-01-15,29,Wednesday,False,False
2025-01-15 14:30:00,2025-01-15,30,Wednesday,False,False
2025-01-15 15:00:00,2025-01-15,31,Wednesday,False,False
2025-01-15 15:30:00,2025-01-15,32,Wednesday,False,False
2025-01-15 16:00:00,2025-01-15,33,Wednesday,False,False
2025-01-15 16:30:00,2025-01-15,34,Wednesday,False,False
2025-01-15 17:00:00,2025-01-15,35,Wednesday,False,False
2025-01-15 17:30:00,2025-01-15,36,Wednesday,False,False
2025-01-15 18:00:00,2025-01-15,37,Wednesday,False,False
2025-01-15 18:30:00,2025-01-15,38,Wednesday,False,False
2025-01-15 19:00:00,2025-01-15,39,Wednesday,False,False
2025-01-15 19:30:00,2025-01-15,40,Wednesday,False,False
2025-01-15 20:00:00,2025-01-15,41,Wednesday,False,False
2025-01-15 20:30:00,2025-01-15,42,Wednesday,False,False
2025-01-15 21:00:00,2025-01-15,43,Wednesday,False,False
2025-01-15 21:30:00,2025-01-15,44,Wednesday,False,False
2025-01-15 22:00:00,2025-01-15,45,Wednesday,False,False
2025-01-15 22:30:00,2025-01-15,46,Wednesday,False,False
2025-01-15 23:00:00,2025-01-15,47,Wednesday,False,False
2025-01-15 23:30:00,2025-01-15,48,Wednesday,False,False
2025-01-16 00:00:00,2025-01-16,1,Thursday,False,False
2025-01-16 00:30:00,2025-01-16,2,Thursday,False,False
2025-01-16 01:00:00,2025-01-16,3,Thursday,False,False
2025-01-16 01:30:00,2025-01-16,4,Thursday,False,False
2025-01-16 02:00:00,2025-01-16,5,Thursday,False,False
2025-01-16 02:30:00,2025-01-16,6,Thursday,False,False
2025-01-16 03:00:00,2025-01-16,7,Thursday,False,False
2025-01-16 03:30:00,2025-01-16,8,Thursday,False,False
2025-01-16 04:00:00,2025-01-16,9,Thursday,False,False
2025-01-16 04:30:00,2025-01-16,10,Thursday,False,False
2025-01-16 05:00:00,2025-01-16,11,Thursday,False,False
2025-01-16 05:30:00,2025-01-16,12,Thursday,False,False
2025-01-16 06:00:00,2025-01-16,13,Thursday,False,False
2025-01-16 06:30:00,2025-01-16,14,Thursday,False,False
2025-01-16 07:00:00,2025-01-16,15,Thursday,False,False
2025-01-16 07:30:00,2025-01-16,16,Thursday,False,False
2025-01-16 08:00:00,2025-01-16,17,Thursday,False,False
2025-01-16 08:30:00,2025-01-16,18,Thursday,False,False
2025-01-16 09:00:00,2025-01-16,19,Thursday,False,False
2025-01-16 09:30:00,2025-01-16,20,Thursday,False,False
2025-01-16 10:00:00,2025-01-16,21,Thursday,False,False
2025-01-16 10:30:00,2025-01-16,22,Thursday,False,False
2025-01-16 11:00:00,2025-01-16,23,Thursday,False,False
2025-01-16 11:30:00,2025-01-16,24,Thursday,False,False
2025-01-16 12:00:00,2025-01-16,25,Thursday,False,False
2025-01-16 12:30:00,2025-01-16,26,Thursday,False,False
2025-01-16 13:00:00,2025-01-16,27,Thursday,False,False
2025-01-16 13:30:00,2025-01-16,28,Thursday,False,False
2025-01-16 14:00:00,2025-01-16,29,Thursday,False,False
2025-01-16 14:30:00,2025-01-16,30,Thursday,False,False
2025-01-16 15:00:00,2025-01-16,31,Thursday,False,False
2025-01-16 15:30:00,2025-01-16,32,Thursday,False,False
2025-01-16 16:00:00,2025-01-16,33,Thursday,False,False
2025-01-16 16:30:00,2025-01-16,34,Thursday,False,False
2025-01-16 17:00:00,2025-01-16,35,Thursday,False,False
2025-01-16 17:30:00,2025-01-16,36,Thursday,False,False
2025-01-16 18:00:00,2025-01-16,37,Thursday,False,False
2025-01-16 18:30:00,2025-01-16,38,Thursday,False,False
2025-01-16 19:00:00,2025-01-16,39,Thursday,False,False
2025-01-16 19:30:00,2025-01-16,40,Thursday,False,False
2025-01-16 20:00:00,2025-01-16,41,Thursday,False,False
2025-01-16 20:30:00,2025-01-16,42,Thursday,False,False
2025-01-16 21:00:00,2025-01-16,43,Thursday,False,False
2025-01-16 21:30:00,2025-01-16,44,Thursday,False,False
2025-01-16 22:00:00,2025-01-16,45,Thursday,False,False
2025-01-16 22:30:00,2025-01-16,46,Thursday,False,False
2025-01-16 23:00:00,2025-01-16,47,Thursday,False,False
2025-01-16 23:30:00,2025-01-16,48,Thursday,False,False
2025-01-17 00:00:00,2025-01-17,1,Friday,False,False
2025-01-17 00:30:00,2025-01-17,2,Friday,False,False
2025-01-17 01:00:00,2025-01-17,3,Friday,False,False
2025-01-17 01:30:00,2025-01-17,4,Friday,False,False
2025-01-17 02:00:00,2025-01-17,5,Friday,False,False
2025-01-17 02:30:00,2025-01-17,6,Friday,False,False
2025-01-17 03:00:00,2025-01-17,7,Friday,False,False
2025-01-17 03:30:00,2025-01-17,8,Friday,False,False
2025-01-17 04:00:00,2025-01-17,9,Friday,False,False
2025-01-17 04:30:00,2025-01-17,10,Friday,False,False
2025-01-17 05:00:00,2025-01-17,11,Friday,False,False
2025-01-17 05:30:00,2025-01-17,12,Friday,False,False
2025-01-17 06:00:00,2025-01-17,13,Friday,False,False
2025-01-17 06:30:00,2025-01-17,14,Friday,False,False
2025-01-17 07:00:00,2025-01-17,15,Friday,False,False
2025-01-17 07:30:00,2025-01-17,16,Friday,False,False
2025-01-17 08:00:00,2025-01-17,17,Friday,False,False
2025-01-17 08:30:00,2025-01-17,18,Friday,False,False
2025-01-17 09:00:00,2025-01-17,19,Friday,False,False
2025-01-17 09:30:00,2025-01-17,20,Friday,False,False
2025-01-17 10:00:00,2025-01-17,21,Friday,False,False
2025-01-17 10:30:00,2025-01-17,22,Friday,False,False
2025-01-17 11:00:00,2025-01-17,23,Friday,False,False
2025-01-17 11:30:00,2025-01-17,24,Friday,False,False
2025-01-17 12:00:00,2025-01-17,25,Friday,False,False
2025-01-17 12:30:00,2025-01-17,26,Friday,False,False
2025-01-17 13:00:00,2025-01-17,27,Friday,False,False
2025-01-17 13:30:00,2025-01-17,28,Friday,False,False
2025-01-17 14:00:00,2025-01-17,29,Friday,False,False
2025-01-17 14:30:00,2025-01-17,30,Friday,False,False
2025-01-17 15:00:00,2025-01-17,31,Friday,False,False
2025-01-17 15:30:00,2025-01-17,32,Friday,False,False
2025-01-17 16:00:00,2025-01-17,33,Friday,False,False
2025-01-17 16:30:00,2025-01-17,34,Friday,False,False
2025-01-17 17:00:00,2025-01-17,35,Friday,False,False
2025-01-17 17:30:00,2025-01-17,36,Friday,False,False
2025-01-17 18:00:00,2025-01-17,37,Friday,False,False
2025-01-17 18:30:00,2025-01-17,38,Friday,False,False
2025-01-17 19:00:00,2025-01-17,39,Friday,False,False
2025-01-17 19:30:00,2025-01-17,40,Friday,False,False
2025-01-17 20:00:00,2025-01-17,41,Friday,False,False
2025-01-17 20:30:00,2025-01-17,42,Friday,False,False
2025-01-17 21:00:00,2025-01-17,43,Friday,False,False
2025-01-17 21:30:00,2025-01-17,44,Friday,False,False
2025-01-17 22:00:00,2025-01-17,45,Friday,False,False
2025-01-17 22:30:00,2025-01-17,46,Friday,False,False
2025-01-17 23:00:00,2025-01-17,47,Friday,False,False
2025-01-17 23:30:00,2025-01-17,48,Friday,False,False
2025-01-18 00:00:00,2025-01-18,1,Saturday,True,False
2025-01-18 00:30:00,2025-01-18,2,Saturday,True,False
2025-01-18 01:00:00,2025-01-18,3,Saturday,True,False
2025-01-18 01:30:00,2025-01-18,4,Saturday,True,False
2025-01-18 02:00:00,2025-01-18,5,Saturday,True,False
2025-01-18 02:30:00,2025-01-18,6,Saturday,True,False
2025-01-18 03:00:00,2025-01-18,7,Saturday,True,False
2025-01-18 03:30:00,2025-01-18,8,Saturday,True,False
2025-01-18 04:00:00,2025-01-18,9,Saturday,True,False
2025-01-18 04:30:00,2025-01-18,10,Saturday,True,False
2025-01-18 05:00:00,2025-01-18,11,Saturday,True,False
2025-01-18 05:30:00,2025-01-18,12,Saturday,True,False
2025-01-18 06:00:00,2025-01-18,13,Saturday,True,False
2025-01-18 06:30:00,2025-01-18,14,Saturday,True,False
2025-01-18 07:00:00,2025-01-18,15,Saturday,True,False
2025-01-18 07:30:00,2025-01-18,16,Saturday,True,False
2025-01-18 08:00:00,2025-01-18,17,Saturday,True,False
2025-01-18 08:30:00,2025-01-18,18,Saturday,True,False
2025-01-18 09:00:00,2025-01-18,19,Saturday,True,False
2025-01-18 09:30:00,2025-01-18,20,Saturday,True,False
2025-01-18 10:00:00,2025-01-18,21,Saturday,True,False
2025-01-18 10:30:00,2025-01-18,22,Saturday,True,False
2025-01-18 11:00:00,2025-01-18,23,Saturday,True,False
2025-01-18 11:30:00,2025-01-18,24,Saturday,True,False
2025-01-18 12:00:00,2025-01-18,25,Saturday,True,False
2025-01-18 12:30:00,2025-01-18,26,Saturday,True,False
2025-01-18 13:00:00,2025-01-18,27,Saturday,True,False
2025-01-18 13:30:00,2025-01-18,28,Saturday,True,False
2025-01-18 14:00:00,2025-01-18,29,Saturday,True,False
2025-01-18 14:30:00,2025-01-18,30,Saturday,True,False
2025-01-18 15:00:00,2025-01-18,31,Saturday,True,False
2025-01-18 15:30:00,2025-01-18,32,Saturday,True,False
2025-01-18 16:00:00,2025-01-18,33,Saturday,True,False
2025-01-18 16:30:00,2025-01-18,34,Saturday,True,False
2025-01-18 17:00:00,2025-01-18,35,Saturday,True,False
2025-01-18 17:30:00,2025-01-18,36,Saturday,True,False
2025-01-18 18:00:00,2025-01-18,37,Saturday,True,False
2025-01-18 18:30:00,2025-01-18,38,Saturday,True,False
2025-01-18 19:00:00,2025-01-18,39,Saturday,True,False
2025-01-18 19:30:00,2025-01-18,40,Saturday,True,False
2025-01-18 20:00:00,2025-01-18,41,Saturday,True,False
2025-01-18 20:30:00,2025-01-18,42,Saturday,True,False
2025-01-18 21:00:00,2025-01-18,43,Saturday,True,False
2025-01-18 21:30:00,2025-01-18,44,Saturday,True,False
2025-01-18 22:00:00,2025-01-18,45,Saturday,True,False
2025-01-18 22:30:00,2025-01-18,46,Saturday,True,False
2025-01-18 23:00:00,2025-01-18,47,Saturday,True,False
2025-01-18 23:30:00,2025-01-18,48,Saturday,True,False
2025-01-19 00:00:00,2025-01-19,1,Sunday,True,False
2025-01-19 00:30:00,2025-01-19,2,Sunday,True,False
2025-01-19 01:00:00,2025-01-19,3,Sunday,True,False
2025-01-19 01:30:00,2025-01-19,4,Sunday,True,False
2025-01-19 02:00:00,2025-01-19,5,Sunday,True,False
2025-01-19 02:30:00,2025-01-19,6,Sunday,True,False
2025-01-19 03:00:00,2025-01-19,7,Sunday,True,False
2025-01-19 03:30:00,2025-01-19,8,Sunday,True,False
2025-01-19 04:00:00,2025-01-19,9,Sunday,True,False
2025-01-19 04:30:00,2025-01-19,10,Sunday,True,False
2025-01-19 05:00:00,2025-01-19,11,Sunday,True,False
2025-01-19 05:30:00,2025-01-19,12,Sunday,True,False
2025-01-19 06:00:00,2025-01-19,13,Sunday,True,False
2025-01-19 06:30:00,2025-01-19,14,Sunday,True,False
2025-01-19 07:00:00,2025-01-19,15,Sunday,True,False
2025-01-19 07:30:00,2025-01-19,16,Sunday,True,False
2025-01-19 08:00:00,2025-01-19,17,Sunday,True,False
2025-01-19 08:30:00,2025-01-19,18,Sunday,True,False
2025-01-19 09:00:00,2025-01-19,19,Sunday,True,False
2025-01-19 09:30:00,2025-01-19,20,Sunday,True,False
2025-01-19 10:00:00,2025-01-19,21,Sunday,True,False
2025-01-19 10:30:00,2025-01-19,22,Sunday,True,False
2025-01-19 11:00:00,2025-01-19,23,Sunday,True,False
2025-01-19 11:30:00,2025-01-19,24,Sunday,True,False
2025-01-19 12:00:00,2025-01-19,25,Sunday,True,False
2025-01-19 12:30:00,2025-01-19,26,Sunday,True,False
2025-01-19 13:00:00,2025-01-19,27,Sunday,True,False
2025-01-19 13:30:00,2025-01-19,28,Sunday,True,False
2025-01-19 14:00:00,2025-01-19,29,Sunday,True,False
2025-01-19 14:30:00,2025-01-19,30,Sunday,True,False
2025-01-19 15:00:00,2025-01-19,31,Sunday,True,False
2025-01-19 15:30:00,2025-01-19,32,Sunday,True,False
2025-01-19 16:00:00,2025-01-19,33,Sunday,True,False
2025-01-19 16:30:00,2025-01-19,34,Sunday,True,False
2025-01-19 17:00:00,2025-01-19,35,Sunday,True,False
2025-01-19 17:30:00,2025-01-19,36,Sunday,True,False
2025-01-19 18:00:00,2025-01-19,37,Sunday,True,False
2025-01-19 18:30:00,2025-01-19,38,Sunday,True,False
2025-01-19 19:00:00,2025-01-19,39,Sunday,True,False
2025-01-19 19:30:00,2025-01-19,40,Sunday,True,False
2025-01-19 20:00:00,2025-01-19,41,Sunday,True,False
2025-01-19 20:30:00,2025-01-19,42,Sunday,True,False
2025-01-19 21:00:00,2025-01-19,43,Sunday,True,False
2025-01-19 21:30:00,2025-01-19,44,Sunday,True,False
2025-01-19 22:00:00,2025-01-19,45,Sunday,True,False
2025-01-19 22:30:00,2025-01-19,46,Sunday,True,False
2025-01-19 23:00:00,2025-01-19,47,Sunday,True,False
2025-01-19 23:30:00,2025-01-19,48,Sunday,True,False
2025-01-20 00:00:00,2025-01-20,1,Monday,False,False
2025-01-20 00:30:00,2025-01-20,2,Monday,False,False
2025-01-20 01:00:00,2025-01-20,3,Monday,False,False
2025-01-20 01:30:00,2025-01-20,4,Monday,False,False
2025-01-20 02:00:00,2025-01-20,5,Monday,False,False
2025-01-20 02:30:00,2025-01-20,6,Monday,False,False
2025-01-20 03:00:00,2025-01-20,7,Monday,False,False
2025-01-20 03:30:00,2025-01-20,8,Monday,False,False
2025-01-20 04:00:00,2025-01-20,9,Monday,False,False
2025-01-20 04:30:00,2025-01-20,10,Monday,False,False
2025-01-20 05:00:00,2025-01-20,11,Monday,False,False
2025-01-20 05:30:00,2025-01-20,12,Monday,False,False
2025-01-20 06:00:00,2025-01-20,13,Monday,False,False
2025-01-20 06:30:00,2025-01-20,14,Monday,False,False
2025-01-20 07:00:00,2025-01-20,15,Monday,False,False
2025-01-20 07:30:00,2025-01-20,16,Monday,False,False
2025-01-20 08:00:00,2025-01-20,17,Monday,False,False
2025-01-20 08:30:00,2025-01-20,18,Monday,False,False
2025-01-20 09:00:00,2025-01-20,19,Monday,False,False
2025-01-20 09:30:00,2025-01-20,20,Monday,False,False
2025-01-20 10:00:00,2025-01-20,21,Monday,False,False
2025-01-20 10:30:00,2025-01-20,22,Monday,False,False
2025-01-20 11:00:00,2025-01-20,23,Monday,False,False
2025-01-20 11:30:00,2025-01-20,24,Monday,False,False
2025-01-20 12:00:00,2025-01-20,25,Monday,False,False
2025-01-20 12:30:00,2025-01-20,26,Monday,False,False
2025-01-20 13:00:00,2025-01-20,27,Monday,False,False
2025-01-20 13:30:00,2025-01-20,28,Monday,False,False
2025-01-20 14:00:00,2025-01-20,29,Monday,False,False
2025-01-20 14:30:00,2025-01-20,30,Monday,False,False
2025-01-20 15:00:00,2025-01-20,31,Monday,False,False
2025-01-20 15:30:00,2025-01-20,32,Monday,False,False
2025-01-20 16:00:00,2025-01-20,33,Monday,False,False
2025-01-20 16:30:00,2025-01-20,34,Monday,False,False
2025-01-20 17:00:00,2025-01-20,35,Monday,False,False
2025-01-20 17:30:00,2025-01-20,36,Monday,False,False
2025-01-20 18:00:00,2025-01-20,37,Monday,False,False
2025-01-20 18:30:00,2025-01-20,38,Monday,False,False
2025-01-20 19:00:00,2025-01-20,39,Monday,False,False
2025-01-20 19:30:00,2025-01-20,40,Monday,False,False
2025-01-20 20:00:00,2025-01-20,41,Monday,False,False
2025-01-20 20:30:00,2025-01-20,42,Monday,False,False
2025-01-20 21:00:00,2025-01-20,43,Monday,False,False
2025-01-20 21:30:00,2025-01-20,44,Monday,False,False
2025-01-20 22:00:00,2025-01-20,45,Monday,False,False
2025-01-20 22:30:00,2025-01-20,46,Monday,False,False
2025-01-20 23:00:00,2025-01-20,47,Monday,False,False
2025-01-20 23:30:00,2025-01-20,48,Monday,False,False
2025-01-21 00:00:00,2025-01-21,1,Tuesday,False,False
2025-01-21 00:30:00,2025-01-21,2,Tuesday,False,False
2025-01-21 01:00:00,2025-01-21,3,Tuesday,False,False
2025-01-21 01:30:00,2025-01-21,4,Tuesday,False,False
2025-01-21 02:00:00,2025-01-21,5,Tuesday,False,False
2025-01-21 02:30:00,2025-01-21,6,Tuesday,False,False
2025-01-21 03:00:00,2025-01-21,7,Tuesday,False,False
2025-01-21 03:30:00,2025-01-21,8,Tuesday,False,False
2025-01-21 04:00:00,2025-01-21,9,Tuesday,False,False
2025-01-21 04:30:00,2025-01-21,10,Tuesday,False,False
2025-01-21 05:00:00,2025-01-21,11,Tuesday,False,False
2025-01-21 05:30:00,2025-01-21,12,Tuesday,False,False
2025-01-21 06:00:00,2025-01-21,13,Tuesday,False,False
2025-01-21 06:30:00,2025-01-21,14,Tuesday,False,False
2025-01-21 07:00:00,2025-01-21,15,Tuesday,False,False
2025-01-21 07:30:00,2025-01-21,16,Tuesday,False,False
2025-01-21 08:00:00,2025-01-21,17,Tuesday,False,False
2025-01-21 08:30:00,2025-01-21,18,Tuesday,False,False
2025-01-21 09:00:00,2025-01-21,19,Tuesday,False,False
2025-01-21 09:30:00,2025-01-21,20,Tuesday,False,False
2025-01-21 10:00:00,2025-01-21,21,Tuesday,False,False
2025-01-21 10:30:00,2025-01-21,22,Tuesday,False,False
2025-01-21 11:00:00,2025-01-21,23,Tuesday,False,False
2025-01-21 11:30:00,2025-01-21,24,Tuesday,False,False
2025-01-21 12:00:00,2025-01-21,25,Tuesday,False,False
2025-01-21 12:30:00,2025-01-21,26,Tuesday,False,False
2025-01-21 13:00:00,2025-01-21,27,Tuesday,False,False
2025-01-21 13:30:00,2025-01-21,28,Tuesday,False,False
2025-01-21 14:00:00,2025-01-21,29,Tuesday,False,False
2025-01-21 14:30:00,2025-01-21,30,Tuesday,False,False
2025-01-21 15:00:00,2025-01-21,31,Tuesday,False,False
2025-01-21 15:30:00,2025-01-21,32,Tuesday,False,False
2025-01-21 16:00:00,2025-01-21,33,Tuesday,False,False
2025-01-21 16:30:00,2025-01-21,34,Tuesday,False,False
2025-01-21 17:00:00,2025-01-21,35,Tuesday,False,False
2025-01-21 17:30:00,2025-01-21,36,Tuesday,False,False
2025-01-21 18:00:00,2025-01-21,37,Tuesday,False,False
2025-01-21 18:30:00,2025-01-21,38,Tuesday,False,False
2025-01-21 19:00:00,2025-01-21,39,Tuesday,False,False
2025-01-21 19:30:00,2025-01-21,40,Tuesday,False,False
2025-01-21 20:00:00,2025-01-21,41,Tuesday,False,False
2025-01-21 20:30:00,2025-01-21,42,Tuesday,False,False
2025-01-21 21:00:00,2025-01-21,43,Tuesday,False,False
2025-01-21 21:30:00,2025-01-21,44,Tuesday,False,False
2025-01-21 22:00:00,2025-01-21,45,Tuesday,False,False
2025-01-21 22:30:00,2025-01-21,46,Tuesday,False,False
2025-01-21 23:00:00,2025-01-21,47,Tuesday,False,False
2025-01-21 23:30:00,2025-01-21,48,Tuesday,False,False
2025-01-22 00:00:00,2025-01-22,1,Wednesday,False,False
2025-01-22 00:30:00,2025-01-22,2,Wednesday,False,False
2025-01-22 01:00:00,2025-01-22,3,Wednesday,False,False
2025-01-22 01:30:00,2025-01-22,4,Wednesday,False,False
2025-01-22 02:00:00,2025-01-22,5,Wednesday,False,False
2025-01-22 02:30:00,2025-01-22,6,Wednesday,False,False
2025-01-22 03:00:00,2025-01-22,7,Wednesday,False,False
2025-01-22 03:30:00,2025-01-22,8,Wednesday,False,False
2025-01-22 04:00:00,2025-01-22,9,Wednesday,False,False
2025-01-22 04:30:00,2025-01-22,10,Wednesday,False,False
2025-01-22 05:00:00,2025-01-22,11,Wednesday,False,False
2025-01-22 05:30:00,2025-01-22,12,Wednesday,False,False
2025-01-22 06:00:00,2025-01-22,13,Wednesday,False,False
2025-01-22 06:30:00,2025-01-22,14,Wednesday,False,False
2025-01-22 07:00:00,2025-01-22,15,Wednesday,False,False
2025-01-22 07:30:00,2025-01-22,16,Wednesday,False,False
2025-01-22 08:00:00,2025-01-22,17,Wednesday,False,False
2025-01-22 08:30:00,2025-01-22,18,Wednesday,False,False
2025-01-22 09:00:00,2025-01-22,19,Wednesday,False,False
2025-01-22 09:30:00,2025-01-22,20,Wednesday,False,False
2025-01-22 10:00:00,2025-01-22,21,Wednesday,False,False
2025-01-22 10:30:00,2025-01-22,22,Wednesday,False,False
2025-01-22 11:00:00,2025-01-22,23,Wednesday,False,False
2025-01-22 11:30:00,2025-01-22,24,Wednesday,False,False
2025-01-22 12:00:00,2025-01-22,25,Wednesday,False,False
2025-01-22 12:30:00,2025-01-22,26,Wednesday,False,False
2025-01-22 13:00:00,2025-01-22,27,Wednesday,False,False
2025-01-22 13:30:00,2025-01-22,28,Wednesday,False,False
2025-01-22 14:00:00,2025-01-22,29,Wednesday,False,False
2025-01-22 14:30:00,2025-01-22,30,Wednesday,False,False
2025-01-22 15:00:00,2025-01-22,31,Wednesday,False,False
2025-01-22 15:30:00,2025-01-22,32,Wednesday,False,False
2025-01-22 16:00:00,2025-01-22,33,Wednesday,False,False
2025-01-22 16:30:00,2025-01-22,34,Wednesday,False,False
2025-01-22 17:00:00,2025-01-22,35,Wednesday,False,False
2025-01-22 17:30:00,2025-01-22,36,Wednesday,False,False
2025-01-22 18:00:00,2025-01-22,37,Wednesday,False,False
2025-01-22 18:30:00,2025-01-22,38,Wednesday,False,False
2025-01-22 19:00:00,2025-01-22,39,Wednesday,False,False
2025-01-22 19:30:00,2025-01-22,40,Wednesday,False,False
2025-01-22 20:00:00,2025-01-22,41,Wednesday,False,False
2025-01-22 20:30:00,2025-01-22,42,Wednesday,False,False
2025-01-22 21:00:00,2025-01-22,43,Wednesday,False,False
2025-01-22 21:30:00,2025-01-22,44,Wednesday,False,False
2025-01-22 22:00:00,2025-01-22,45,Wednesday,False,False
2025-01-22 22:30:00,2025-01-22,46,Wednesday,False,False
2025-01-22 23:00:00,2025-01-22,47,Wednesday,False,False
2025-01-22 23:30:00,2025-01-22,48,Wednesday,False,False
2025-01-23 00:00:00,2025-01-23,1,Thursday,False,False
2025-01-23 00:30:00,2025-01-23,2,Thursday,False,False
2025-01-23 01:00:00,2025-01-23,3,Thursday,False,False
2025-01-23 01:30:00,2025-01-23,4,Thursday,False,False
2025-01-23 02:00:00,2025-01-23,5,Thursday,False,False
2025-01-23 02:30:00,2025-01-23,6,Thursday,False,False
2025-01-23 03:00:00,2025-01-23,7,Thursday,False,False
2025-01-23 03:30:00,2025-01-23,8,Thursday,False,False
2025-01-23 04:00:00,2025-01-23,9,Thursday,False,False
2025-01-23 04:30:00,2025-01-23,10,Thursday,False,False
2025-01-23 05:00:00,2025-01-23,11,Thursday,False,False
2025-01-23 05:30:00,2025-01-23,12,Thursday,False,False
2025-01-23 06:00:00,2025-01-23,13,Thursday,False,False
2025-01-23 06:30:00,2025-01-23,14,Thursday,False,False
2025-01-23 07:00:00,2025-01-23,15,Thursday,False,False
2025-01-23 07:30:00,2025-01-23,16,Thursday,False,False
2025-01-23 08:00:00,2025-01-23,17,Thursday,False,False
2025-01-23 08:30:00,2025-01-23,18,Thursday,False,False
2025-01-23 09:00:00,2025-01-23,19,Thursday,False,False
2025-01-23 09:30:00,2025-01-23,20,Thursday,False,False
2025-01-23 10:00:00,2025-01-23,21,Thursday,False,False
2025-01-23 10:30:00,2025-01-23,22,Thursday,False,False
2025-01-23 11:00:00,2025-01-23,23,Thursday,False,False
2025-01-23 11:30:00,2025-01-23,24,Thursday,False,False
2025-01-23 12:00:00,2025-01-23,25,Thursday,False,False
2025-01-23 12:30:00,2025-01-23,26,Thursday,False,False
2025-01-23 13:00:00,2025-01-23,27,Thursday,False,False
2025-01-23 13:30:00,2025-01-23,28,Thursday,False,False
2025-01-23 14:00:00,2025-01-23,29,Thursday,False,False
2025-01-23 14:30:00,2025-01-23,30,Thursday,False,False
2025-01-23 15:00:00,2025-01-23,31,Thursday,False,False
2025-01-23 15:30:00,2025-01-23,32,Thursday,False,False
2025-01-23 16:00:00,2025-01-23,33,Thursday,False,False
2025-01-23 16:30:00,2025-01-23,34,Thursday,False,False
2025-01-23 17:00:00,2025-01-23,35,Thursday,False,False
2025-01-23 17:30:00,2025-01-23,36,Thursday,False,False
2025-01-23 18:00:00,2025-01-23,37,Thursday,False,False
2025-01-23 18:30:00,2025-01-23,38,Thursday,False,False
2025-01-23 19:00:00,2025-01-23,39,Thursday,False,False
2025-01-23 19:30:00,2025-01-23,40,Thursday,False,False
2025-01-23 20:00:00,2025-01-23,41,Thursday,False,False
2025-01-23 20:30:00,2025-01-23,42,Thursday,False,False
2025-01-23 21:00:00,2025-01-23,43,Thursday,False,False
2025-01-23 21:30:00,2025-01-23,44,Thursday,False,False
2025-01-23 22:00:00,2025-01-23,45,Thursday,False,False
2025-01-23 22:30:00,2025-01-23,46,Thursday,False,False
2025-01-23 23:00:00,2025-01-23,47,Thursday,False,False
2025-01-23 23:30:00,2025-01-23,48,Thursday,False,False
2025-01-24 00:00:00,2025-01-24,1,Friday,False,False
2025-01-24 00:30:00,2025-01-24,2,Friday,False,False
2025-01-24 01:00:00,2025-01-24,3,Friday,False,False
2025-01-24 01:30:00,2025-01-24,4,Friday,False,False
2025-01-24 02:00:00,2025-01-24,5,Friday,False,False
2025-01-24 02:30:00,2025-01-24,6,Friday,False,False
2025-01-24 03:00:00,2025-01-24,7,Friday,False,False
2025-01-24 03:30:00,2025-01-24,8,Friday,False,False
2025-01-24 04:00:00,2025-01-24,9,Friday,False,False
2025-01-24 04:30:00,2025-01-24,10,Friday,False,False
2025-01-24 05:00:00,2025-01-24,11,Friday,False,False
2025-01-24 05:30:00,2025-01-24,12,Friday,False,False
2025-01-24 06:00:00,2025-01-24,13,Friday,False,False
2025-01-24 06:30:00,2025-01-24,14,Friday,False,False
2025-01-24 07:00:00,2025-01-24,15,Friday,False,False
2025-01-24 07:30:00,2025-01-24,16,Friday,False,False
2025-01-24 08:00:00,2025-01-24,17,Friday,False,False
2025-01-24 08:30:00,2025-01-24,18,Friday,False,False
2025-01-24 09:00:00,2025-01-24,19,Friday,False,False
2025-01-24 09:30:00,2025-01-24,20,Friday,False,False
2025-01-24 10:00:00,2025-01-24,21,Friday,False,False
2025-01-24 10:30:00,2025-01-24,22,Friday,False,False
2025-01-24 11:00:00,2025-01-24,23,Friday,False,False
2025-01-24 11:30:00,2025-01-24,24,Friday,False,False
2025-01-24 12:00:00,2025-01-24,25,Friday,False,False
2025-01-24 12:30:00,2025-01-24,26,Friday,False,False
2025-01-24 13:00:00,2025-01-24,27,Friday,False,False
2025-01-24 13:30:00,2025-01-24,28,Friday,False,False
2025-01-24 14:00:00,2025-01-24,29,Friday,False,False
2025-01-24 14:30:00,2025-01-24,30,Friday,False,False
2025-01-24 15:00:00,2025-01-24,31,Friday,False,False
2025-01-24 15:30:00,2025-01-24,32,Friday,False,False
2025-01-24 16:00:00,2025-01-24,33,Friday,False,False
2025-01-24 16:30:00,2025-01-24,34,Friday,False,False
2025-01-24 17:00:00,2025-01-24,35,Friday,False,False
2025-01-24 17:30:00,2025-01-24,36,Friday,False,False
2025-01-24 18:00:00,2025-01-24,37,Friday,False,False
2025-01-24 18:30:00,2025-01-24,38,Friday,False,False
2025-01-24 19:00:00,2025-01-24,39,Friday,False,False
2025-01-24 19:30:00,2025-01-24,40,Friday,False,False
2025-01-24 20:00:00,2025-01-24,41,Friday,False,False
2025-01-24 20:30:00,2025-01-24,42,Friday,False,False
2025-01-24 21:00:00,2025-01-24,43,Friday,False,False
2025-01-24 21:30:00,2025-01-24,44,Friday,False,False
2025-01-24 22:00:00,2025-01-24,45,Friday,False,False
2025-01-24 22:30:00,2025-01-24,46,Friday,False,False
2025-01-24 23:00:00,2025-01-24,47,Friday,False,False
2025-01-24 23:30:00,2025-01-24,48,Friday,False,False
2025-01-25 00:00:00,2025-01-25,1,Saturday,True,False
2025-01-25 00:30:00,2025-01-25,2,Saturday,True,False
2025-01-25 01:00:00,2025-01-25,3,Saturday,True,False
2025-01-25 01:30:00,2025-01-25,4,Saturday,True,False
2025-01-25 02:00:00,2025-01-25,5,Saturday,True,False
2025-01-25 02:30:00,2025-01-25,6,Saturday,True,False
2025-01-25 03:00:00,2025-01-25,7,Saturday,True,False
2025-01-25 03:30:00,2025-01-25,8,Saturday,True,False
2025-01-25 04:00:00,2025-01-25,9,Saturday,True,False
2025-01-25 04:30:00,2025-01-25,10,Saturday,True,False
2025-01-25 05:00:00,2025-01-25,11,Saturday,True,False
2025-01-25 05:30:00,2025-01-25,12,Saturday,True,False
2025-01-25 06:00:00,2025-01-25,13,Saturday,True,False
2025-01-25 06:30:00,2025-01-25,14,Saturday,True,False
2025-01-25 07:00:00,2025-01-25,15,Saturday,True,False
2025-01-25 07:30:00,2025-01-25,16,Saturday,True,False
2025-01-25 08:00:00,2025-01-25,17,Saturday,True,False
2025-01-25 08:30:00,2025-01-25,18,Saturday,True,False
2025-01-25 09:00:00,2025-01-25,19,Saturday,True,False
2025-01-25 09:30:00,2025-01-25,20,Saturday,True,False
2025-01-25 10:00:00,2025-01-25,21,Saturday,True,False
2025-01-25 10:30:00,2025-01-25,22,Saturday,True,False
2025-01-25 11:00:00,2025-01-25,23,Saturday,True,False
2025-01-25 11:30:00,2025-01-25,24,Saturday,True,False
2025-01-25 12:00:00,2025-01-25,25,Saturday,True,False
2025-01-25 12:30:00,2025-01-25,26,Saturday,True,False
2025-01-25 13:00:00,2025-01-25,27,Saturday,True,False
2025-01-25 13:30:00,2025-01-25,28,Saturday,True,False
2025-01-25 14:00:00,2025-01-25,29,Saturday,True,False
2025-01-25 14:30:00,2025-01-25,30,Saturday,True,False
2025-01-25 15:00:00,2025-01-25,31,Saturday,True,False
2025-01-25 15:30:00,2025-01-25,32,Saturday,True,False
2025-01-25 16:00:00,2025-01-25,33,Saturday,True,False
2025-01-25 16:30:00,2025-01-25,34,Saturday,True,False
2025-01-25 17:00:00,2025-01-25,35,Saturday,True,False
2025-01-25 17:30:00,2025-01-25,36,Saturday,True,False
2025-01-25 18:00:00,2025-01-25,37,Saturday,True,False
2025-01-25 18:30:00,2025-01-25,38,Saturday,True,False
2025-01-25 19:00:00,2025-01-25,39,Saturday,True,False
2025-01-25 19:30:00,2025-01-25,40,Saturday,True,False
2025-01-25 20:00:00,2025-01-25,41,Saturday,True,False
2025-01-25 20:30:00,2025-01-25,42,Saturday,True,False
2025-01-25 21:00:00,2025-01-25,43,Saturday,True,False
2025-01-25 21:30:00,2025-01-25,44,Saturday,True,False
2025-01-25 22:00:00,2025-01-25,45,Saturday,True,False
2025-01-25 22:30:00,2025-01-25,46,Saturday,True,False
2025-01-25 23:00:00,2025-01-25,47,Saturday,True,False
2025-01-25 23:30:00,2025-01-25,48,Saturday,True,False
2025-01-26 00:00:00,2025-01-26,1,Sunday,True,False
2025-01-26 00:30:00,2025-01-26,2,Sunday,True,False
2025-01-26 01:00:00,2025-01-26,3,Sunday,True,False
2025-01-26 01:30:00,2025-01-26,4,Sunday,True,False
2025-01-26 02:00:00,2025-01-26,5,Sunday,True,False
2025-01-26 02:30:00,2025-01-26,6,Sunday,True,False
2025-01-26 03:00:00,2025-01-26,7,Sunday,True,False
2025-01-26 03:30:00,2025-01-26,8,Sunday,True,False
2025-01-26 04:00:00,2025-01-26,9,Sunday,True,False
2025-01-26 04:30:00,2025-01-26,10,Sunday,True,False
2025-01-26 05:00:00,2025-01-26,11,Sunday,True,False
2025-01-26 05:30:00,2025-01-26,12,Sunday,True,False
2025-01-26 06:00:00,2025-01-26,13,Sunday,True,False
2025-01-26 06:30:00,2025-01-26,14,Sunday,True,False
2025-01-26 07:00:00,2025-01-26,15,Sunday,True,False
2025-01-26 07:30:00,2025-01-26,16,Sunday,True,False
2025-01-26 08:00:00,2025-01-26,17,Sunday,True,False
2025-01-26 08:30:00,2025-01-26,18,Sunday,True,False
2025-01-26 09:00:00,2025-01-26,19,Sunday,True,False
2025-01-26 09:30:00,2025-01-26,20,Sunday,True,False
2025-01-26 10:00:00,2025-01-26,21,Sunday,True,False
2025-01-26 10:30:00,2025-01-26,22,Sunday,True,False
2025-01-26 11:00:00,2025-01-26,23,Sunday,True,False
2025-01-26 11:30:00,2025-01-26,24,Sunday,True,False
2025-01-26 12:00:00,2025-01-26,25,Sunday,True,False
2025-01-26 12:30:00,2025-01-26,26,Sunday,True,False
2025-01-26 13:00:00,2025-01-26,27,Sunday,True,False
2025-01-26 13:30:00,2025-01-26,28,Sunday,True,False
2025-01-26 14:00:00,2025-01-26,29,Sunday,True,False
2025-01-26 14:30:00,2025-01-26,30,Sunday,True,False
2025-01-26 15:00:00,2025-01-26,31,Sunday,True,False
2025-01-26 15:30:00,2025-01-26,32,Sunday,True,False
2025-01-26 16:00:00,2025-01-26,33,Sunday,True,False
2025-01-26 16:30:00,2025-01-26,34,Sunday,True,False
2025-01-26 17:00:00,2025-01-26,35,Sunday,True,False
2025-01-26 17:30:00,2025-01-26,36,Sunday,True,False
2025-01-26 18:00:00,2025-01-26,37,Sunday,True,False
2025-01-26 18:30:00,2025-01-26,38,Sunday,True,False
2025-01-26 19:00:00,2025-01-26,39,Sunday,True,False
2025-01-26 19:30:00,2025-01-26,40,Sunday,True,False
2025-01-26 20:00:00,2025-01-26,41,Sunday,True,False
2025-01-26 20:30:00,2025-01-26,42,Sunday,True,False
2025-01-26 21:00:00,2025-01-26,43,Sunday,True,False
2025-01-26 21:30:00,2025-01-26,44,Sunday,True,False
2025-01-26 22:00:00,2025-01-26,45,Sunday,True,False
2025-01-26 22:30:00,2025-01-26,46,Sunday,True,False
2025-01-26 23:00:00,2025-01-26,47,Sunday,True,False
2025-01-26 23:30:00,2025-01-26,48,Sunday,True,False
2025-01-27 00:00:00,2025-01-27,1,Monday,False,False
2025-01-27 00:30:00,2025-01-27,2,Monday,False,False
2025-01-27 01:00:00,2025-01-27,3,Monday,False,False
2025-01-27 01:30:00,2025-01-27,4,Monday,False,False
2025-01-27 02:00:00,2025-01-27,5,Monday,False,False
2025-01-27 02:30:00,2025-01-27,6,Monday,False,False
2025-01-27 03:00:00,2025-01-27,7,Monday,False,False
2025-01-27 03:30:00,2025-01-27,8,Monday,False,False
2025-01-27 04:00:00,2025-01-27,9,Monday,False,False
2025-01-27 04:30:00,2025-01-27,10,Monday,False,False
2025-01-27 05:00:00,2025-01-27,11,Monday,False,False
2025-01-27 05:30:00,2025-01-27,12,Monday,False,False
2025-01-27 06:00:00,2025-01-27,13,Monday,False,False
2025-01-27 06:30:00,2025-01-27,14,Monday,False,False
2025-01-27 07:00:00,2025-01-27,15,Monday,False,False
2025-01-27 07:30:00,2025-01-27,16,Monday,False,False
2025-01-27 08:00:00,2025-01-27,17,Monday,False,False
2025-01-27 08:30:00,2025-01-27,18,Monday,False,False
2025-01-27 09:00:00,2025-01-27,19,Monday,False,False
2025-01-27 09:30:00,2025-01-27,20,Monday,False,False
2025-01-27 10:00:00,2025-01-27,21,Monday,False,False
2025-01-27 10:30:00,2025-01-27,22,Monday,False,False
2025-01-27 11:00:00,2025-01-27,23,Monday,False,False
2025-01-27 11:30:00,2025-01-27,24,Monday,False,False
2025-01-27 12:00:00,2025-01-27,25,Monday,False,False
2025-01-27 12:30:00,2025-01-27,26,Monday,False,False
2025-01-27 13:00:00,2025-01-27,27,Monday,False,False
2025-01-27 13:30:00,2025-01-27,28,Monday,False,False
2025-01-27 14:00:00,2025-01-27,29,Monday,False,False
2025-01-27 14:30:00,2025-01-27,30,Monday,False,False
2025-01-27 15:00:00,2025-01-27,31,Monday,False,False
2025-01-27 15:30:00,2025-01-27,32,Monday,False,False
2025-01-27 16:00:00,2025-01-27,33,Monday,False,False
2025-01-27 16:30:00,2025-01-27,34,Monday,False,False
2025-01-27 17:00:00,2025-01-27,35,Monday,False,False
2025-01-27 17:30:00,2025-01-27,36,Monday,False,False
2025-01-27 18:00:00,2025-01-27,37,Monday,False,False
2025-01-27 18:30:00,2025-01-27,38,Monday,False,False
2025-01-27 19:00:00,2025-01-27,39,Monday,False,False
2025-01-27 19:30:00,2025-01-27,40,Monday,False,False
2025-01-27 20:00:00,2025-01-27,41,Monday,False,False
2025-01-27 20:30:00,2025-01-27,42,Monday,False,False
2025-01-27 21:00:00,2025-01-27,43,Monday,False,False
2025-01-27 21:30:00,2025-01-27,44,Monday,False,False
2025-01-27 22:00:00,2025-01-27,45,Monday,False,False
2025-01-27 22:30:00,2025-01-27,46,Monday,False,False
2025-01-27 23:00:00,2025-01-27,47,Monday,False,False
2025-01-27 23:30:00,2025-01-27,48,Monday,False,False
2025-01-28 00:00:00,2025-01-28,1,Tuesday,False,False
2025-01-28 00:30:00,2025-01-28,2,Tuesday,False,False
2025-01-28 01:00:00,2025-01-28,3,Tuesday,False,False
2025-01-28 01:30:00,2025-01-28,4,Tuesday,False,False
2025-01-28 02:00:00,2025-01-28,5,Tuesday,False,False
2025-01-28 02:30:00,2025-01-28,6,Tuesday,False,False
2025-01-28 03:00:00,2025-01-28,7,Tuesday,False,False
2025-01-28 03:30:00,2025-01-28,8,Tuesday,False,False
2025-01-28 04:00:00,2025-01-28,9,Tuesday,False,False
2025-01-28 04:30:00,2025-01-28,10,Tuesday,False,False
2025-01-28 05:00:00,2025-01-28,11,Tuesday,False,False
2025-01-28 05:30:00,2025-01-28,12,Tuesday,False,False
2025-01-28 06:00:00,2025-01-28,13,Tuesday,False,False
2025-01-28 06:30:00,2025-01-28,14,Tuesday,False,False
2025-01-28 07:00:00,2025-01-28,15,Tuesday,False,False
2025-01-28 07:30:00,2025-01-28,16,Tuesday,False,False
2025-01-28 08:00:00,2025-01-28,17,Tuesday,False,False
2025-01-28 08:30:00,2025-01-28,18,Tuesday,False,False
2025-01-28 09:00:00,2025-01-28,19,Tuesday,False,False
2025-01-28 09:30:00,2025-01-28,20,Tuesday,False,False
2025-01-28 10:00:00,2025-01-28,21,Tuesday,False,False
2025-01-28 10:30:00,2025-01-28,22,Tuesday,False,False
2025-01-28 11:00:00,2025-01-28,23,Tuesday,False,False
2025-01-28 11:30:00,2025-01-28,24,Tuesday,False,False
2025-01-28 12:00:00,2025-01-28,25,Tuesday,False,False
2025-01-28 12:30:00,2025-01-28,26,Tuesday,False,False
2025-01-28 13:00:00,2025-01-28,27,Tuesday,False,False
2025-01-28 13:30:00,2025-01-28,28,Tuesday,False,False
2025-01-28 14:00:00,2025-01-28,29,Tuesday,False,False
2025-01-28 14:30:00,2025-01-28,30,Tuesday,False,False
2025-01-28 15:00:00,2025-01-28,31,Tuesday,False,False
2025-01-28 15:30:00,2025-01-28,32,Tuesday,False,False
2025-01-28 16:00:00,2025-01-28,33,Tuesday,False,False
2025-01-28 16:30:00,2025-01-28,34,Tuesday,False,False
2025-01-28 17:00:00,2025-01-28,35,Tuesday,False,False
2025-01-28 17:30:00,2025-01-28,36,Tuesday,False,False
2025-01-28 18:00:00,2025-01-28,37,Tuesday,False,False
2025-01-28 18:30:00,2025-01-28,38,Tuesday,False,False
2025-01-28 19:00:00,2025-01-28,39,Tuesday,False,False
2025-01-28 19:30:00,2025-01-28,40,Tuesday,False,False
2025-01-28 20:00:00,2025-01-28,41,Tuesday,False,False
2025-01-28 20:30:00,2025-01-28,42,Tuesday,False,False
2025-01-28 21:00:00,2025-01-28,43,Tuesday,False,False
2025-01-28 21:30:00,2025-01-28,44,Tuesday,False,False
2025-01-28 22:00:00,2025-01-28,45,Tuesday,False,False
2025-01-28 22:30:00,2025-01-28,46,Tuesday,False,False
2025-01-28 23:00:00,2025-01-28,47,Tuesday,False,False
2025-01-28 23:30:00,2025-01-28,48,Tuesday,False,False
2025-01-29 00:00:00,2025-01-29,1,Wednesday,False,False
2025-01-29 00:30:00,2025-01-29,2,Wednesday,False,False
2025-01-29 01:00:00,2025-01-29,3,Wednesday,False,False
2025-01-29 01:30:00,2025-01-29,4,Wednesday,False,False
2025-01-29 02:00:00,2025-01-29,5,Wednesday,False,False
2025-01-29 02:30:00,2025-01-29,6,Wednesday,False,False
2025-01-29 03:00:00,2025-01-29,7,Wednesday,False,False
2025-01-29 03:30:00,2025-01-29,8,Wednesday,False,False
2025-01-29 04:00:00,2025-01-29,9,Wednesday,False,False
2025-01-29 04:30:00,2025-01-29,10,Wednesday,False,False
2025-01-29 05:00:00,2025-01-29,11,Wednesday,False,False
2025-01-29 05:30:00,2025-01-29,12,Wednesday,False,False
2025-01-29 06:00:00,2025-01-29,13,Wednesday,False,False
2025-01-29 06:30:00,2025-01-29,14,Wednesday,False,False
2025-01-29 07:00:00,2025-01-29,15,Wednesday,False,False
2025-01-29 07:30:00,2025-01-29,16,Wednesday,False,False
2025-01-29 08:00:00,2025-01-29,17,Wednesday,False,False
2025-01-29 08:30:00,2025-01-29,18,Wednesday,False,False
2025-01-29 09:00:00,2025-01-29,19,Wednesday,False,False
2025-01-29 09:30:00,2025-01-29,20,Wednesday,False,False
2025-01-29 10:00:00,2025-01-29,21,Wednesday,False,False
2025-01-29 10:30:00,2025-01-29,22,Wednesday,False,False
2025-01-29 11:00:00,2025-01-29,23,Wednesday,False,False
2025-01-29 11:30:00,2025-01-29,24,Wednesday,False,False
2025-01-29 12:00:00,2025-01-29,25,Wednesday,False,False
2025-01-29 12:30:00,2025-01-29,26,Wednesday,False,False
2025-01-29 13:00:00,2025-01-29,27,Wednesday,False,False
2025-01-29 13:30:00,2025-01-29,28,Wednesday,False,False
2025-01-29 14:00:00,2025-01-29,29,Wednesday,False,False
2025-01-29 14:30:00,2025-01-29,30,Wednesday,False,False
2025-01-29 15:00:00,2025-01-29,31,Wednesday,False,False
2025-01-29 15:30:00,2025-01-29,32,Wednesday,False,False
2025-01-29 16:00:00,2025-01-29,33,Wednesday,False,False
2025-01-29 16:30:00,2025-01-29,34,Wednesday,False,False
2025-01-29 17:00:00,2025-01-29,35,Wednesday,False,False
2025-01-29 17:30:00,2025-01-29,36,Wednesday,False,False
2025-01-29 18:00:00,2025-01-29,37,Wednesday,False,False
2025-01-29 18:30:00,2025-01-29,38,Wednesday,False,False
2025-01-29 19:00:00,2025-01-29,39,Wednesday,False,False
2025-01-29 19:30:00,2025-01-29,40,Wednesday,False,False
2025-01-29 20:00:00,2025-01-29,41,Wednesday,False,False
2025-01-29 20:30:00,2025-01-29,42,Wednesday,False,False
2025-01-29 21:00:00,2025-01-29,43,Wednesday,False,False
2025-01-29 21:30:00,2025-01-29,44,Wednesday,False,False
2025-01-29 22:00:00,2025-01-29,45,Wednesday,False,False
2025-01-29 22:30:00,2025-01-29,46,Wednesday,False,False
2025-01-29 23:00:00,2025-01-29,47,Wednesday,False,False
2025-01-29 23:30:00,2025-01-29,48,Wednesday,False,False
2025-01-30 00:00:00,2025-01-30,1,Thursday,False,False
2025-01-30 00:30:00,2025-01-30,2,Thursday,False,False
2025-01-30 01:00:00,2025-01-30,3,Thursday,False,False
2025-01-30 01:30:00,2025-01-30,4,Thursday,False,False
2025-01-30 02:00:00,2025-01-30,5,Thursday,False,False
2025-01-30 02:30:00,2025-01-30,6,Thursday,False,False
2025-01-30 03:00:00,2025-01-30,7,Thursday,False,False
2025-01-30 03:30:00,2025-01-30,8,Thursday,False,False
2025-01-30 04:00:00,2025-01-30,9,Thursday,False,False
2025-01-30 04:30:00,2025-01-30,10,Thursday,False,False
2025-01-30 05:00:00,2025-01-30,11,Thursday,False,False
2025-01-30 05:30:00,2025-01-30,12,Thursday,False,False
2025-01-30 06:00:00,2025-01-30,13,Thursday,False,False
2025-01-30 06:30:00,2025-01-30,14,Thursday,False,False
2025-01-30 07:00:00,2025-01-30,15,Thursday,False,False
2025-01-30 07:30:00,2025-01-30,16,Thursday,False,False
2025-01-30 08:00:00,2025-01-30,17,Thursday,False,False
2025-01-30 08:30:00,2025-01-30,18,Thursday,False,False
2025-01-30 09:00:00,2025-01-30,19,Thursday,False,False
2025-01-30 09:30:00,2025-01-30,20,Thursday,False,False
2025-01-30 10:00:00,2025-01-30,21,Thursday,False,False
2025-01-30 10:30:00,2025-01-30,22,Thursday,False,False
2025-01-30 11:00:00,2025-01-30,23,Thursday,False,False
2025-01-30 11:30:00,2025-01-30,24,Thursday,False,False
2025-01-30 12:00:00,2025-01-30,25,Thursday,False,False
2025-01-30 12:30:00,2025-01-30,26,Thursday,False,False
2025-01-30 13:00:00,2025-01-30,27,Thursday,False,False
2025-01-30 13:30:00,2025-01-30,28,Thursday,False,False
2025-01-30 14:00:00,2025-01-30,29,Thursday,False,False
2025-01-30 14:30:00,2025-01-30,30,Thursday,False,False
2025-01-30 15:00:00,2025-01-30,31,Thursday,False,False
2025-01-30 15:30:00,2025-01-30,32,Thursday,False,False
2025-01-30 16:00:00,2025-01-30,33,Thursday,False,False
2025-01-30 16:30:00,2025-01-30,34,Thursday,False,False
2025-01-30 17:00:00,2025-01-30,35,Thursday,False,False
2025-01-30 17:30:00,2025-01-30,36,Thursday,False,False
2025-01-30 18:00:00,2025-01-30,37,Thursday,False,False
2025-01-30 18:30:00,2025-01-30,38,Thursday,False,False
2025-01-30 19:00:00,2025-01-30,39,Thursday,False,False
2025-01-30 19:30:00,2025-01-30,40,Thursday,False,False
2025-01-30 20:00:00,2025-01-30,41,Thursday,False,False
2025-01-30 20:30:00,2025-01-30,42,Thursday,False,False
2025-01-30 21:00:00,2025-01-30,43,Thursday,False,False
2025-01-30 21:30:00,2025-01-30,44,Thursday,False,False
2025-01-30 22:00:00,2025-01-30,45,Thursday,False,False
2025-01-30 22:30:00,2025-01-30,46,Thursday,False,False
2025-01-30 23:00:00,2025-01-30,47,Thursday,False,False
2025-01-30 23:30:00,2025-01-30,48,Thursday,False,False
2025-01-31 00:00:00,2025-01-31,1,Friday,False,False
2025-01-31 00:30:00,2025-01-31,2,Friday,False,False
2025-01-31 01:00:00,2025-01-31,3,Friday,False,False
2025-01-31 01:30:00,2025-01-31,4,Friday,False,False
2025-01-31 02:00:00,2025-01-31,5,Friday,False,False
2025-01-31 02:30:00,2025-01-31,6,Friday,False,False
2025-01-31 03:00:00,2025-01-31,7,Friday,False,False
2025-01-31 03:30:00,2025-01-31,8,Friday,False,False
2025-01-31 04:00:00,2025-01-31,9,Friday,False,False
2025-01-31 04:30:00,2025-01-31,10,Friday,False,False
2025-01-31 05:00:00,2025-01-31,11,Friday,False,False
2025-01-31 05:30:00,2025-01-31,12,Friday,False,False
2025-01-31 06:00:00,2025-01-31,13,Friday,False,False
2025-01-31 06:30:00,2025-01-31,14,Friday,False,False
2025-01-31 07:00:00,2025-01-31,15,Friday,False,False
2025-01-31 07:30:00,2025-01-31,16,Friday,False,False
2025-01-31 08:00:00,2025-01-31,17,Friday,False,False
2025-01-31 08:30:00,2025-01-31,18,Friday,False,False
2025-01-31 09:00:00,2025-01-31,19,Friday,False,False
2025-01-31 09:30:00,2025-01-31,20,Friday,False,False
2025-01-31 10:00:00,2025-01-31,21,Friday,False,False
2025-01-31 10:30:00,2025-01-31,22,Friday,False,False
2025-01-31 11:00:00,2025-01-31,23,Friday,False,False
2025-01-31 11:30:00,2025-01-31,24,Friday,False,False
2025-01-31 12:00:00,2025-01-31,25,Friday,False,False
2025-01-31 12:30:00,2025-01-31,26,Friday,False,False
2025-01-31 13:00:00,2025-01-31,27,Friday,False,False
2025-01-31 13:30:00,2025-01-31,28,Friday,False,False
2025-01-31 14:00:00,2025-01-31,29,Friday,False,False
2025-01-31 14:30:00,2025-01-31,30,Friday,False,False
2025-01-31 15:00:00,2025-01-31,31,Friday,False,False
2025-01-31 15:30:00,2025-01-31,32,Friday,False,False
2025-01-31 16:00:00,2025-01-31,33,Friday,False,False
2025-01-31 16:30:00,2025-01-31,34,Friday,False,False
2025-01-31 17:00:00,2025-01-31,35,Friday,False,False
2025-01-31 17:30:00,2025-01-31,36,Friday,False,False
2025-01-31 18:00:00,2025-01-31,37,Friday,False,False
2025-01-31 18:30:00,2025-01-31,38,Friday,False,False
2025-01-31 19:00:00,2025-01-31,39,Friday,False,False
2025-01-31 19:30:00,2025-01-31,40,Friday,False,False
2025-01-31 20:00:00,2025-01-31,41,Friday,False,False
2025-01-31 20:30:00,2025-01-31,42,Friday,False,False
2025-01-31 21:00:00,2025-01-31,43,Friday,False,False
2025-01-31 21:30:00,2025-01-31,44,Friday,False,False
2025-01-31 22:00:00,2025-01-31,45,Friday,False,False
2025-01-31 22:30:00,2025-01-31,46,Friday,False,False
2025-01-31 23:00:00,2025-01-31,47,Friday,False,False
2025-01-31 23:30:00,2025-01-31,48,Friday,False,False
2025-02-01 00:00:00,2025-02-01,1,Saturday,True,False
2025-02-01 00:30:00,2025-02-01,2,Saturday,True,False
2025-02-01 01:00:00,2025-02-01,3,Saturday,True,False
2025-02-01 01:30:00,2025-02-01,4,Saturday,True,False
2025-02-01 02:00:00,2025-02-01,5,Saturday,True,False
2025-02-01 02:30:00,2025-02-01,6,Saturday,True,False
2025-02-01 03:00:00,2025-02-01,7,Saturday,True,False
2025-02-01 03:30:00,2025-02-01,8,Saturday,True,False
2025-02-01 04:00:00,2025-02-01,9,Saturday,True,False
2025-02-01 04:30:00,2025-02-01,10,Saturday,True,False
2025-02-01 05:00:00,2025-02-01,11,Saturday,True,False
2025-02-01 05:30:00,2025-02-01,12,Saturday,True,False
2025-02-01 06:00:00,2025-02-01,13,Saturday,True,False
2025-02-01 06:30:00,2025-02-01,14,Saturday,True,False
2025-02-01 07:00:00,2025-02-01,15,Saturday,True,False
2025-02-01 07:30:00,2025-02-01,16,Saturday,True,False
2025-02-01 08:00:00,2025-02-01,17,Saturday,True,False
2025-02-01 08:30:00,2025-02-01,18,Saturday,True,False
2025-02-01 09:00:00,2025-02-01,19,Saturday,True,False
2025-02-01 09:30:00,2025-02-01,20,Saturday,True,False
2025-02-01 10:00:00,2025-02-01,21,Saturday,True,False
2025-02-01 10:30:00,2025-02-01,22,Saturday,True,False
2025-02-01 11:00:00,2025-02-01,23,Saturday,True,False
2025-02-01 11:30:00,2025-02-01,24,Saturday,True,False
2025-02-01 12:00:00,2025-02-01,25,Saturday,True,False
2025-02-01 12:30:00,2025-02-01,26,Saturday,True,False
2025-02-01 13:00:00,2025-02-01,27,Saturday,True,False
2025-02-01 13:30:00,2025-02-01,28,Saturday,True,False
2025-02-01 14:00:00,2025-02-01,29,Saturday,True,False
2025-02-01 14:30:00,2025-02-01,30,Saturday,True,False
2025-02-01 15:00:00,2025-02-01,31,Saturday,True,False
2025-02-01 15:30:00,2025-02-01,32,Saturday,True,False
2025-02-01 16:00:00,2025-02-01,33,Saturday,True,False
2025-02-01 16:30:00,2025-02-01,34,Saturday,True,False
2025-02-01 17:00:00,2025-02-01,35,Saturday,True,False
2025-02-01 17:30:00,2025-02-01,36,Saturday,True,False
2025-02-01 18:00:00,2025-02-01,37,Saturday,True,False
2025-02-01 18:30:00,2025-02-01,38,Saturday,True,False
2025-02-01 19:00:00,2025-02-01,39,Saturday,True,False
2025-02-01 19:30:00,2025-02-01,40,Saturday,True,False
2025-02-01 20:00:00,2025-02-01,41,Saturday,True,False
2025-02-01 20:30:00,2025-02-01,42,Saturday,True,False
2025-02-01 21:00:00,2025-02-01,43,Saturday,True,False
2025-02-01 21:30:00,2025-02-01,44,Saturday,True,False
2025-02-01 22:00:00,2025-02-01,45,Saturday,True,False
2025-02-01 22:30:00,2025-02-01,46,Saturday,True,False
2025-02-01 23:00:00,2025-02-01,47,Saturday,True,False
2025-02-01 23:30:00,2025-02-01,48,Saturday,True,False
2025-02-02 00:00:00,2025-02-02,1,Sunday,True,False
2025-02-02 00:30:00,2025-02-02,2,Sunday,True,False
2025-02-02 01:00:00,2025-02-02,3,Sunday,True,False
2025-02-02 01:30:00,2025-02-02,4,Sunday,True,False
2025-02-02 02:00:00,2025-02-02,5,Sunday,True,False
2025-02-02 02:30:00,2025-02-02,6,Sunday,True,False
2025-02-02 03:00:00,2025-02-02,7,Sunday,True,False
2025-02-02 03:30:00,2025-02-02,8,Sunday,True,False
2025-02-02 04:00:00,2025-02-02,9,Sunday,True,False
2025-02-02 04:30:00,2025-02-02,10,Sunday,True,False
2025-02-02 05:00:00,2025-02-02,11,Sunday,True,False
2025-02-02 05:30:00,2025-02-02,12,Sunday,True,False
2025-02-02 06:00:00,2025-02-02,13,Sunday,True,False
2025-02-02 06:30:00,2025-02-02,14,Sunday,True,False
2025-02-02 07:00:00,2025-02-02,15,Sunday,True,False
2025-02-02 07:30:00,2025-02-02,16,Sunday,True,False
2025-02-02 08:00:00,2025-02-02,17,Sunday,True,False
2025-02-02 08:30:00,2025-02-02,18,Sunday,True,False
2025-02-02 09:00:00,2025-02-02,19,Sunday,True,False
2025-02-02 09:30:00,2025-02-02,20,Sunday,True,False
2025-02-02 10:00:00,2025-02-02,21,Sunday,True,False
2025-02-02 10:30:00,2025-02-02,22,Sunday,True,False
2025-02-02 11:00:00,2025-02-02,23,Sunday,True,False
2025-02-02 11:30:00,2025-02-02,24,Sunday,True,False
2025-02-02 12:00:00,2025-02-02,25,Sunday,True,False
2025-02-02 12:30:00,2025-02-02,26,Sunday,True,False
2025-02-02 13:00:00,2025-02-02,27,Sunday,True,False
2025-02-02 13:30:00,2025-02-02,28,Sunday,True,False
2025-02-02 14:00:00,2025-02-02,29,Sunday,True,False
2025-02-02 14:30:00,2025-02-02,30,Sunday,True,False
2025-02-02 15:00:00,2025-02-02,31,Sunday,True,False
2025-02-02 15:30:00,2025-02-02,32,Sunday,True,False
2025-02-02 16:00:00,2025-02-02,33,Sunday,True,False
2025-02-02 16:30:00,2025-02-02,34,Sunday,True,False
2025-02-02 17:00:00,2025-02-02,35,Sunday,True,False
2025-02-02 17:30:00,2025-02-02,36,Sunday,True,False
2025-02-02 18:00:00,2025-02-02,37,Sunday,True,False
2025-02-02 18:30:00,2025-02-02,38,Sunday,True,False
2025-02-02 19:00:00,2025-02-02,39,Sunday,True,False
2025-02-02 19:30:00,2025-02-02,40,Sunday,True,False
2025-02-02 20:00:00,2025-02-02,41,Sunday,True,False
2025-02-02 20:30:00,2025-02-02,42,Sunday,True,False
2025-02-02 21:00:00,2025-02-02,43,Sunday,True,False
2025-02-02 21:30:00,2025-02-02,44,Sunday,True,False
2025-02-02 22:00:00,2025-02-02,45,Sunday,True,False
2025-02-02 22:30:00,2025-02-02,46,Sunday,True,False
2025-02-02 23:00:00,2025-02-02,47,Sunday,True,False
2025-02-02 23:30:00,2025-02-02,48,Sunday,True,False
2025-02-03 00:00:00,2025-02-03,1,Monday,False,False
2025-02-03 00:30:00,2025-02-03,2,Monday,False,False
2025-02-03 01:00:00,2025-02-03,3,Monday,False,False
2025-02-03 01:30:00,2025-02-03,4,Monday,False,False
2025-02-03 02:00:00,2025-02-03,5,Monday,False,False
2025-02-03 02:30:00,2025-02-03,6,Monday,False,False
2025-02-03 03:00:00,2025-02-03,7,Monday,False,False
2025-02-03 03:30:00,2025-02-03,8,Monday,False,False
2025-02-03 04:00:00,2025-02-03,9,Monday,False,False
2025-02-03 04:30:00,2025-02-03,10,Monday,False,False
2025-02-03 05:00:00,2025-02-03,11,Monday,False,False
2025-02-03 05:30:00,2025-02-03,12,Monday,False,False
2025-02-03 06:00:00,2025-02-03,13,Monday,False,False
2025-02-03 06:30:00,2025-02-03,14,Monday,False,False
2025-02-03 07:00:00,2025-02-03,15,Monday,False,False
2025-02-03 07:30:00,2025-02-03,16,Monday,False,False
2025-02-03 08:00:00,2025-02-03,17,Monday,False,False
2025-02-03 08:30:00,2025-02-03,18,Monday,False,False
2025-02-03 09:00:00,2025-02-03,19,Monday,False,False
2025-02-03 09:30:00,2025-02-03,20,Monday,False,False
2025-02-03 10:00:00,2025-02-03,21,Monday,False,False
2025-02-03 10:30:00,2025-02-03,22,Monday,False,False
2025-02-03 11:00:00,2025-02-03,23,Monday,False,False
2025-02-03 11:30:00,2025-02-03,24,Monday,False,False
2025-02-03 12:00:00,2025-02-03,25,Monday,False,False
2025-02-03 12:30:00,2025-02-03,26,Monday,False,False
2025-02-03 13:00:00,2025-02-03,27,Monday,False,False
2025-02-03 13:30:00,2025-02-03,28,Monday,False,False
2025-02-03 14:00:00,2025-02-03,29,Monday,False,False
2025-02-03 14:30:00,2025-02-03,30,Monday,False,False
2025-02-03 15:00:00,2025-02-03,31,Monday,False,False
2025-02-03 15:30:00,2025-02-03,32,Monday,False,False
2025-02-03 16:00:00,2025-02-03,33,Monday,False,False
2025-02-03 16:30:00,2025-02-03,34,Monday,False,False
2025-02-03 17:00:00,2025-02-03,35,Monday,False,False
2025-02-03 17:30:00,2025-02-03,36,Monday,False,False
2025-02-03 18:00:00,2025-02-03,37,Monday,False,False
2025-02-03 18:30:00,2025-02-03,38,Monday,False,False
2025-02-03 19:00:00,2025-02-03,39,Monday,False,False
2025-02-03 19:30:00,2025-02-03,40,Monday,False,False
2025-02-03 20:00:00,2025-02-03,41,Monday,False,False
2025-02-03 20:30:00,2025-02-03,42,Monday,False,False
2025-02-03 21:00:00,2025-02-03,43,Monday,False,False
2025-02-03 21:30:00,2025-02-03,44,Monday,False,False
2025-02-03 22:00:00,2025-02-03,45,Monday,False,False
2025-02-03 22:30:00,2025-02-03,46,Monday,False,False
2025-02-03 23:00:00,2025-02-03,47,Monday,False,False
2025-02-03 23:30:00,2025-02-03,48,Monday,False,False
2025-02-04 00:00:00,2025-02-04,1,Tuesday,False,False
2025-02-04 00:30:00,2025-02-04,2,Tuesday,False,False
2025-02-04 01:00:00,2025-02-04,3,Tuesday,False,False
2025-02-04 01:30:00,2025-02-04,4,Tuesday,False,False
2025-02-04 02:00:00,2025-02-04,5,Tuesday,False,False
2025-02-04 02:30:00,2025-02-04,6,Tuesday,False,False
2025-02-04 03:00:00,2025-02-04,7,Tuesday,False,False
2025-02-04 03:30:00,2025-02-04,8,Tuesday,False,False
2025-02-04 04:00:00,2025-02-04,9,Tuesday,False,False
2025-02-04 04:30:00,2025-02-04,10,Tuesday,False,False
2025-02-04 05:00:00,2025-02-04,11,Tuesday,False,False
2025-02-04 05:30:00,2025-02-04,12,Tuesday,False,False
2025-02-04 06:00:00,2025-02-04,13,Tuesday,False,False
2025-02-04 06:30:00,2025-02-04,14,Tuesday,False,False
2025-02-04 07:00:00,2025-02-04,15,Tuesday,False,False
2025-02-04 07:30:00,2025-02-04,16,Tuesday,False,False
2025-02-04 08:00:00,2025-02-04,17,Tuesday,False,False
2025-02-04 08:30:00,2025-02-04,18,Tuesday,False,False
2025-02-04 09:00:00,2025-02-04,19,Tuesday,False,False
2025-02-04 09:30:00,2025-02-04,20,Tuesday,False,False
2025-02-04 10:00:00,2025-02-04,21,Tuesday,False,False
2025-02-04 10:30:00,2025-02-04,22,Tuesday,False,False
2025-02-04 11:00:00,2025-02-04,23,Tuesday,False,False
2025-02-04 11:30:00,2025-02-04,24,Tuesday,False,False
2025-02-04 12:00:00,2025-02-04,25,Tuesday,False,False
2025-02-04 12:30:00,2025-02-04,26,Tuesday,False,False
2025-02-04 13:00:00,2025-02-04,27,Tuesday,False,False
2025-02-04 13:30:00,2025-02-04,28,Tuesday,False,False
2025-02-04 14:00:00,2025-02-04,29,Tuesday,False,False
2025-02-04 14:30:00,2025-02-04,30,Tuesday,False,False
2025-02-04 15:00:00,2025-02-04,31,Tuesday,False,False
2025-02-04 15:30:00,2025-02-04,32,Tuesday,False,False
2025-02-04 16:00:00,2025-02-04,33,Tuesday,False,False
2025-02-04 16:30:00,2025-02-04,34,Tuesday,False,False
2025-02-04 17:00:00,2025-02-04,35,Tuesday,False,False
2025-02-04 17:30:00,2025-02-04,36,Tuesday,False,False
2025-02-04 18:00:00,2025-02-04,37,Tuesday,False,False
2025-02-04 18:30:00,2025-02-04,38,Tuesday,False,False
2025-02-04 19:00:00,2025-02-04,39,Tuesday,False,False
2025-02-04 19:30:00,2025-02-04,40,Tuesday,False,False
2025-02-04 20:00:00,2025-02-04,41,Tuesday,False,False
2025-02-04 20:30:00,2025-02-04,42,Tuesday,False,False
2025-02-04 21:00:00,2025-02-04,43,Tuesday,False,False
2025-02-04 21:30:00,2025-02-04,44,Tuesday,False,False
2025-02-04 22:00:00,2025-02-04,45,Tuesday,False,False
2025-02-04 22:30:00,2025-02-04,46,Tuesday,False,False
2025-02-04 23:00:00,2025-02-04,47,Tuesday,False,False
2025-02-04 23:30:00,2025-02-04,48,Tuesday,False,False
2025-02-05 00:00:00,2025-02-05,1,Wednesday,False,False
2025-02-05 00:30:00,2025-02-05,2,Wednesday,False,False
2025-02-05 01:00:00,2025-02-05,3,Wednesday,False,False
2025-02-05 01:30:00,2025-02-05,4,Wednesday,False,False
2025-02-05 02:00:00,2025-02-05,5,Wednesday,False,False
2025-02-05 02:30:00,2025-02-05,6,Wednesday,False,False
2025-02-05 03:00:00,2025-02-05,7,Wednesday,False,False
2025-02-05 03:30:00,2025-02-05,8,Wednesday,False,False
2025-02-05 04:00:00,2025-02-05,9,Wednesday,False,False
2025-02-05 04:30:00,2025-02-05,10,Wednesday,False,False
2025-02-05 05:00:00,2025-02-05,11,Wednesday,False,False
2025-02-05 05:30:00,2025-02-05,12,Wednesday,False,False
2025-02-05 06:00:00,2025-02-05,13,Wednesday,False,False
2025-02-05 06:30:00,2025-02-05,14,Wednesday,False,False
2025-02-05 07:00:00,2025-02-05,15,Wednesday,False,False
2025-02-05 07:30:00,2025-02-05,16,Wednesday,False,False
2025-02-05 08:00:00,2025-02-05,17,Wednesday,False,False
2025-02-05 08:30:00,2025-02-05,18,Wednesday,False,False
2025-02-05 09:00:00,2025-02-05,19,Wednesday,False,False
2025-02-05 09:30:00,2025-02-05,20,Wednesday,False,False
2025-02-05 10:00:00,2025-02-05,21,Wednesday,False,False
2025-02-05 10:30:00,2025-02-05,22,Wednesday,False,False
2025-02-05 11:00:00,2025-02-05,23,Wednesday,False,False
2025-02-05 11:30:00,2025-02-05,24,Wednesday,False,False
2025-02-05 12:00:00,2025-02-05,25,Wednesday,False,False
2025-02-05 12:30:00,2025-02-05,26,Wednesday,False,False
2025-02-05 13:00:00,2025-02-05,27,Wednesday,False,False
2025-02-05 13:30:00,2025-02-05,28,Wednesday,False,False
2025-02-05 14:00:00,2025-02-05,29,Wednesday,False,False
2025-02-05 14:30:00,2025-02-05,30,Wednesday,False,False
2025-02-05 15:00:00,2025-02-05,31,Wednesday,False,False
2025-02-05 15:30:00,2025-02-05,32,Wednesday,False,False
2025-02-05 16:00:00,2025-02-05,33,Wednesday,False,False
2025-02-05 16:30:00,2025-02-05,34,Wednesday,False,False
2025-02-05 17:00:00,2025-02-05,35,Wednesday,False,False
2025-02-05 17:30:00,2025-02-05,36,Wednesday,False,False
2025-02-05 18:00:00,2025-02-05,37,Wednesday,False,False
2025-02-05 18:30:00,2025-02-05,38,Wednesday,False,False
2025-02-05 19:00:00,2025-02-05,39,Wednesday,False,False
2025-02-05 19:30:00,2025-02-05,40,Wednesday,False,False
2025-02-05 20:00:00,2025-02-05,41,Wednesday,False,False
2025-02-05 20:30:00,2025-02-05,42,Wednesday,False,False
2025-02-05 21:00:00,2025-02-05,43,Wednesday,False,False
2025-02-05 21:30:00,2025-02-05,44,Wednesday,False,False
2025-02-05 22:00:00,2025-02-05,45,Wednesday,False,False
2025-02-05 22:30:00,2025-02-05,46,Wednesday,False,False
2025-02-05 23:00:00,2025-02-05,47,Wednesday,False,False
2025-02-05 23:30:00,2025-02-05,48,Wednesday,False,False
2025-02-06 00:00:00,2025-02-06,1,Thursday,False,False
2025-02-06 00:30:00,2025-02-06,2,Thursday,False,False
2025-02-06 01:00:00,2025-02-06,3,Thursday,False,False
2025-02-06 01:30:00,2025-02-06,4,Thursday,False,False
2025-02-06 02:00:00,2025-02-06,5,Thursday,False,False
2025-02-06 02:30:00,2025-02-06,6,Thursday,False,False
2025-02-06 03:00:00,2025-02-06,7,Thursday,False,False
2025-02-06 03:30:00,2025-02-06,8,Thursday,False,False
2025-02-06 04:00:00,2025-02-06,9,Thursday,False,False
2025-02-06 04:30:00,2025-02-06,10,Thursday,False,False
2025-02-06 05:00:00,2025-02-06,11,Thursday,False,False
2025-02-06 05:30:00,2025-02-06,12,Thursday,False,False
2025-02-06 06:00:00,2025-02-06,13,Thursday,False,False
2025-02-06 06:30:00,2025-02-06,14,Thursday,False,False
2025-02-06 07:00:00,2025-02-06,15,Thursday,False,False
2025-02-06 07:30:00,2025-02-06,16,Thursday,False,False
2025-02-06 08:00:00,2025-02-06,17,Thursday,False,False
2025-02-06 08:30:00,2025-02-06,18,Thursday,False,False
2025-02-06 09:00:00,2025-02-06,19,Thursday,False,False
2025-02-06 09:30:00,2025-02-06,20,Thursday,False,False
2025-02-06 10:00:00,2025-02-06,21,Thursday,False,False
2025-02-06 10:30:00,2025-02-06,22,Thursday,False,False
2025-02-06 11:00:00,2025-02-06,23,Thursday,False,False
2025-02-06 11:30:00,2025-02-06,24,Thursday,False,False
2025-02-06 12:00:00,2025-02-06,25,Thursday,False,False
2025-02-06 12:30:00,2025-02-06,26,Thursday,False,False
2025-02-06 13:00:00,2025-02-06,27,Thursday,False,False
2025-02-06 13:30:00,2025-02-06,28,Thursday,False,False
2025-02-06 14:00:00,2025-02-06,29,Thursday,False,False
2025-02-06 14:30:00,2025-02-06,30,Thursday,False,False
2025-02-06 15:00:00,2025-02-06,31,Thursday,False,False
2025-02-06 15:30:00,2025-02-06,32,Thursday,False,False
2025-02-06 16:00:00,2025-02-06,33,Thursday,False,False
2025-02-06 16:30:00,2025-02-06,34,Thursday,False,False
2025-02-06 17:00:00,2025-02-06,35,Thursday,False,False
2025-02-06 17:30:00,2025-02-06,36,Thursday,False,False
2025-02-06 18:00:00,2025-02-06,37,Thursday,False,False
2025-02-06 18:30:00,2025-02-06,38,Thursday,False,False
2025-02-06 19:00:00,2025-02-06,39,Thursday,False,False
2025-02-06 19:30:00,2025-02-06,40,Thursday,False,False
2025-02-06 20:00:00,2025-02-06,41,Thursday,False,False
2025-02-06 20:30:00,2025-02-06,42,Thursday,False,False
2025-02-06 21:00:00,2025-02-06,43,Thursday,False,False
2025-02-06 21:30:00,2025-02-06,44,Thursday,False,False
2025-02-06 22:00:00,2025-02-06,45,Thursday,False,False
2025-02-06 22:30:00,2025-02-06,46,Thursday,False,False
2025-02-06 23:00:00,2025-02-06,47,Thursday,False,False
2025-02-06 23:30:00,2025-02-06,48,Thursday,False,False
2025-02-07 00:00:00,2025-02-07,1,Friday,False,False
2025-02-07 00:30:00,2025-02-07,2,Friday,False,False
2025-02-07 01:00:00,2025-02-07,3,Friday,False,False
2025-02-07 01:30:00,2025-02-07,4,Friday,False,False
2025-02-07 02:00:00,2025-02-07,5,Friday,False,False
2025-02-07 02:30:00,2025-02-07,6,Friday,False,False
2025-02-07 03:00:00,2025-02-07,7,Friday,False,False
2025-02-07 03:30:00,2025-02-07,8,Friday,False,False
2025-02-07 04:00:00,2025-02-07,9,Friday,False,False
2025-02-07 04:30:00,2025-02-07,10,Friday,False,False
2025-02-07 05:00:00,2025-02-07,11,Friday,False,False
2025-02-07 05:30:00,2025-02-07,12,Friday,False,False
2025-02-07 06:00:00,2025-02-07,13,Friday,False,False
2025-02-07 06:30:00,2025-02-07,14,Friday,False,False
2025-02-07 07:00:00,2025-02-07,15,Friday,False,False
2025-02-07 07:30:00,2025-02-07,16,Friday,False,False
2025-02-07 08:00:00,2025-02-07,17,Friday,False,False
2025-02-07 08:30:00,2025-02-07,18,Friday,False,False
2025-02-07 09:00:00,2025-02-07,19,Friday,False,False
2025-02-07 09:30:00,2025-02-07,20,Friday,False,False
2025-02-07 10:00:00,2025-02-07,21,Friday,False,False
2025-02-07 10:30:00,2025-02-07,22,Friday,False,False
2025-02-07 11:00:00,2025-02-07,23,Friday,False,False
2025-02-07 11:30:00,2025-02-07,24,Friday,False,False
2025-02-07 12:00:00,2025-02-07,25,Friday,False,False
2025-02-07 12:30:00,2025-02-07,26,Friday,False,False
2025-02-07 13:00:00,2025-02-07,27,Friday,False,False
2025-02-07 13:30:00,2025-02-07,28,Friday,False,False
2025-02-07 14:00:00,2025-02-07,29,Friday,False,False
2025-02-07 14:30:00,2025-02-07,30,Friday,False,False
2025-02-07 15:00:00,2025-02-07,31,Friday,False,False
2025-02-07 15:30:00,2025-02-07,32,Friday,False,False
2025-02-07 16:00:00,2025-02-07,33,Friday,False,False
2025-02-07 16:30:00,2025-02-07,34,Friday,False,False
2025-02-07 17:00:00,2025-02-07,35,Friday,False,False
2025-02-07 17:30:00,2025-02-07,36,Friday,False,False
2025-02-07 18:00:00,2025-02-07,37,Friday,False,False
2025-02-07 18:30:00,2025-02-07,38,Friday,False,False
2025-02-07 19:00:00,2025-02-07,39,Friday,False,False
2025-02-07 19:30:00,2025-02-07,40,Friday,False,False
2025-02-07 20:00:00,2025-02-07,41,Friday,False,False
2025-02-07 20:30:00,2025-02-07,42,Friday,False,False
2025-02-07 21:00:00,2025-02-07,43,Friday,False,False
2025-02-07 21:30:00,2025-02-07,44,Friday,False,False
2025-02-07 22:00:00,2025-02-07,45,Friday,False,False
2025-02-07 22:30:00,2025-02-07,46,Friday,False,False
2025-02-07 23:00:00,2025-02-07,47,Friday,False,False
2025-02-07 23:30:00,2025-02-07,48,Friday,False,False
2025-02-08 00:00:00,2025-02-08,1,Saturday,True,False
2025-02-08 00:30:00,2025-02-08,2,Saturday,True,False
2025-02-08 01:00:00,2025-02-08,3,Saturday,True,False
2025-02-08 01:30:00,2025-02-08,4,Saturday,True,False
2025-02-08 02:00:00,2025-02-08,5,Saturday,True,False
2025-02-08 02:30:00,2025-02-08,6,Saturday,True,False
2025-02-08 03:00:00,2025-02-08,7,Saturday,True,False
2025-02-08 03:30:00,2025-02-08,8,Saturday,True,False
2025-02-08 04:00:00,2025-02-08,9,Saturday,True,False
2025-02-08 04:30:00,2025-02-08,10,Saturday,True,False
2025-02-08 05:00:00,2025-02-08,11,Saturday,True,False
2025-02-08 05:30:00,2025-02-08,12,Saturday,True,False
2025-02-08 06:00:00,2025-02-08,13,Saturday,True,False
2025-02-08 06:30:00,2025-02-08,14,Saturday,True,False
2025-02-08 07:00:00,2025-02-08,15,Saturday,True,False
2025-02-08 07:30:00,2025-02-08,16,Saturday,True,False
2025-02-08 08:00:00,2025-02-08,17,Saturday,True,False
2025-02-08 08:30:00,2025-02-08,18,Saturday,True,False
2025-02-08 09:00:00,2025-02-08,19,Saturday,True,False
2025-02-08 09:30:00,2025-02-08,20,Saturday,True,False
2025-02-08 10:00:00,2025-02-08,21,Saturday,True,False
2025-02-08 10:30:00,2025-02-08,22,Saturday,True,False
2025-02-08 11:00:00,2025-02-08,23,Saturday,True,False
2025-02-08 11:30:00,2025-02-08,24,Saturday,True,False
2025-02-08 12:00:00,2025-02-08,25,Saturday,True,False
2025-02-08 12:30:00,2025-02-08,26,Saturday,True,False
2025-02-08 13:00:00,2025-02-08,27,Saturday,True,False
2025-02-08 13:30:00,2025-02-08,28,Saturday,True,False
2025-02-08 14:00:00,2025-02-08,29,Saturday,True,False
2025-02-08 14:30:00,2025-02-08,30,Saturday,True,False
2025-02-08 15:00:00,2025-02-08,31,Saturday,True,False
2025-02-08 15:30:00,2025-02-08,32,Saturday,True,False
2025-02-08 16:00:00,2025-02-08,33,Saturday,True,False
2025-02-08 16:30:00,2025-02-08,34,Saturday,True,False
2025-02-08 17:00:00,2025-02-08,35,Saturday,True,False
2025-02-08 17:30:00,2025-02-08,36,Saturday,True,False
2025-02-08 18:00:00,2025-02-08,37,Saturday,True,False
2025-02-08 18:30:00,2025-02-08,38,Saturday,True,False
2025-02-08 19:00:00,2025-02-08,39,Saturday,True,False
2025-02-08 19:30:00,2025-02-08,40,Saturday,True,False
2025-02-08 20:00:00,2025-02-08,41,Saturday,True,False
2025-02-08 20:30:00,2025-02-08,42,Saturday,True,False
2025-02-08 21:00:00,2025-02-08,43,Saturday,True,False
2025-02-08 21:30:00,2025-02-08,44,Saturday,True,False
2025-02-08 22:00:00,2025-02-08,45,Saturday,True,False
2025-02-08 22:30:00,2025-02-08,46,Saturday,True,False
2025-02-08 23:00:00,2025-02-08,47,Saturday,True,False
2025-02-08 23:30:00,2025-02-08,48,Saturday,True,False
2025-02-09 00:00:00,2025-02-09,1,Sunday,True,False
2025-02-09 00:30:00,2025-02-09,2,Sunday,True,False
2025-02-09 01:00:00,2025-02-09,3,Sunday,True,False
2025-02-09 01:30:00,2025-02-09,4,Sunday,True,False
2025-02-09 02:00:00,2025-02-09,5,Sunday,True,False
2025-02-09 02:30:00,2025-02-09,6,Sunday,True,False
2025-02-09 03:00:00,2025-02-09,7,Sunday,True,False
2025-02-09 03:30:00,2025-02-09,8,Sunday,True,False
2025-02-09 04:00:00,2025-02-09,9,Sunday,True,False
2025-02-09 04:30:00,2025-02-09,10,Sunday,True,False
2025-02-09 05:00:00,2025-02-09,11,Sunday,True,False
2025-02-09 05:30:00,2025-02-09,12,Sunday,True,False
2025-02-09 06:00:00,2025-02-09,13,Sunday,True,False
2025-02-09 06:30:00,2025-02-09,14,Sunday,True,False
2025-02-09 07:00:00,2025-02-09,15,Sunday,True,False
2025-02-09 07:30:00,2025-02-09,16,Sunday,True,False
2025-02-09 08:00:00,2025-02-09,17,Sunday,True,False
2025-02-09 08:30:00,2025-02-09,18,Sunday,True,False
2025-02-09 09:00:00,2025-02-09,19,Sunday,True,False
2025-02-09 09:30:00,2025-02-09,20,Sunday,True,False
2025-02-09 10:00:00,2025-02-09,21,Sunday,True,False
2025-02-09 10:30:00,2025-02-09,22,Sunday,True,False
2025-02-09 11:00:00,2025-02-09,23,Sunday,True,False
2025-02-09 11:30:00,2025-02-09,24,Sunday,True,False
2025-02-09 12:00:00,2025-02-09,25,Sunday,True,False
2025-02-09 12:30:00,2025-02-09,26,Sunday,True,False
2025-02-09 13:00:00,2025-02-09,27,Sunday,True,False
2025-02-09 13:30:00,2025-02-09,28,Sunday,True,False
2025-02-09 14:00:00,2025-02-09,29,Sunday,True,False
2025-02-09 14:30:00,2025-02-09,30,Sunday,True,False
2025-02-09 15:00:00,2025-02-09,31,Sunday,True,False
2025-02-09 15:30:00,2025-02-09,32,Sunday,True,False
2025-02-09 16:00:00,2025-02-09,33,Sunday,True,False
2025-02-09 16:30:00,2025-02-09,34,Sunday,True,False
2025-02-09 17:00:00,2025-02-09,35,Sunday,True,False
2025-02-09 17:30:00,2025-02-09,36,Sunday,True,False
2025-02-09 18:00:00,2025-02-09,37,Sunday,True,False
2025-02-09 18:30:00,2025-02-09,38,Sunday,True,False
2025-02-09 19:00:00,2025-02-09,39,Sunday,True,False
2025-02-09 19:30:00,2025-02-09,40,Sunday,True,False
2025-02-09 20:00:00,2025-02-09,41,Sunday,True,False
2025-02-09 20:30:00,2025-02-09,42,Sunday,True,False
2025-02-09 21:00:00,2025-02-09,43,Sunday,True,False
2025-02-09 21:30:00,2025-02-09,44,Sunday,True,False
2025-02-09 22:00:00,2025-02-09,45,Sunday,True,False
2025-02-09 22:30:00,2025-02-09,46,Sunday,True,False
2025-02-09 23:00:00,2025-02-09,47,Sunday,True,False
2025-02-09 23:30:00,2025-02-09,48,Sunday,True,False
2025-02-10 00:00:00,2025-02-10,1,Monday,False,False
2025-02-10 00:30:00,2025-02-10,2,Monday,False,False
2025-02-10 01:00:00,2025-02-10,3,Monday,False,False
2025-02-10 01:30:00,2025-02-10,4,Monday,False,False
2025-02-10 02:00:00,2025-02-10,5,Monday,False,False
2025-02-10 02:30:00,2025-02-10,6,Monday,False,False
2025-02-10 03:00:00,2025-02-10,7,Monday,False,False
2025-02-10 03:30:00,2025-02-10,8,Monday,False,False
2025-02-10 04:00:00,2025-02-10,9,Monday,False,False
2025-02-10 04:30:00,2025-02-10,10,Monday,False,False
2025-02-10 05:00:00,2025-02-10,11,Monday,False,False
2025-02-10 05:30:00,2025-02-10,12,Monday,False,False
2025-02-10 06:00:00,2025-02-10,13,Monday,False,False
2025-02-10 06:30:00,2025-02-10,14,Monday,False,False
2025-02-10 07:00:00,2025-02-10,15,Monday,False,False
2025-02-10 07:30:00,2025-02-10,16,Monday,False,False
2025-02-10 08:00:00,2025-02-10,17,Monday,False,False
2025-02-10 08:30:00,2025-02-10,18,Monday,False,False
2025-02-10 09:00:00,2025-02-10,19,Monday,False,False
2025-02-10 09:30:00,2025-02-10,20,Monday,False,False
2025-02-10 10:00:00,2025-02-10,21,Monday,False,False
2025-02-10 10:30:00,2025-02-10,22,Monday,False,False
2025-02-10 11:00:00,2025-02-10,23,Monday,False,False
2025-02-10 11:30:00,2025-02-10,24,Monday,False,False
2025-02-10 12:00:00,2025-02-10,25,Monday,False,False
2025-02-10 12:30:00,2025-02-10,26,Monday,False,False
2025-02-10 13:00:00,2025-02-10,27,Monday,False,False
2025-02-10 13:30:00,2025-02-10,28,Monday,False,False
2025-02-10 14:00:00,2025-02-10,29,Monday,False,False
2025-02-10 14:30:00,2025-02-10,30,Monday,False,False
2025-02-10 15:00:00,2025-02-10,31,Monday,False,False
2025-02-10 15:30:00,2025-02-10,32,Monday,False,False
2025-02-10 16:00:00,2025-02-10,33,Monday,False,False
2025-02-10 16:30:00,2025-02-10,34,Monday,False,False
2025-02-10 17:00:00,2025-02-10,35,Monday,False,False
2025-02-10 17:30:00,2025-02-10,36,Monday,False,False
2025-02-10 18:00:00,2025-02-10,37,Monday,False,False
2025-02-10 18:30:00,2025-02-10,38,Monday,False,False
2025-02-10 19:00:00,2025-02-10,39,Monday,False,False
2025-02-10 19:30:00,2025-02-10,40,Monday,False,False
2025-02-10 20:00:00,2025-02-10,41,Monday,False,False
2025-02-10 20:30:00,2025-02-10,42,Monday,False,False
2025-02-10 21:00:00,2025-02-10,43,Monday,False,False
2025-02-10 21:30:00,2025-02-10,44,Monday,False,False
2025-02-10 22:00:00,2025-02-10,45,Monday,False,False
2025-02-10 22:30:00,2025-02-10,46,Monday,False,False
2025-02-10 23:00:00,2025-02-10,47,Monday,False,False
2025-02-10 23:30:00,2025-02-10,48,Monday,False,False
2025-02-11 00:00:00,2025-02-11,1,Tuesday,False,False
2025-02-11 00:30:00,2025-02-11,2,Tuesday,False,False
2025-02-11 01:00:00,2025-02-11,3,Tuesday,False,False
2025-02-11 01:30:00,2025-02-11,4,Tuesday,False,False
2025-02-11 02:00:00,2025-02-11,5,Tuesday,False,False
2025-02-11 02:30:00,2025-02-11,6,Tuesday,False,False
2025-02-11 03:00:00,2025-02-11,7,Tuesday,False,False
2025-02-11 03:30:00,2025-02-11,8,Tuesday,False,False
2025-02-11 04:00:00,2025-02-11,9,Tuesday,False,False
2025-02-11 04:30:00,2025-02-11,10,Tuesday,False,False
2025-02-11 05:00:00,2025-02-11,11,Tuesday,False,False
2025-02-11 05:30:00,2025-02-11,12,Tuesday,False,False
2025-02-11 06:00:00,2025-02-11,13,Tuesday,False,False
2025-02-11 06:30:00,2025-02-11,14,Tuesday,False,False
2025-02-11 07:00:00,2025-02-11,15,Tuesday,False,False
2025-02-11 07:30:00,2025-02-11,16,Tuesday,False,False
2025-02-11 08:00:00,2025-02-11,17,Tuesday,False,False
2025-02-11 08:30:00,2025-02-11,18,Tuesday,False,False
2025-02-11 09:00:00,2025-02-11,19,Tuesday,False,False
2025-02-11 09:30:00,2025-02-11,20,Tuesday,False,False
2025-02-11 10:00:00,2025-02-11,21,Tuesday,False,False
2025-02-11 10:30:00,2025-02-11,22,Tuesday,False,False
2025-02-11 11:00:00,2025-02-11,23,Tuesday,False,False
2025-02-11 11:30:00,2025-02-11,24,Tuesday,False,False
2025-02-11 12:00:00,2025-02-11,25,Tuesday,False,False
2025-02-11 12:30:00,2025-02-11,26,Tuesday,False,False
2025-02-11 13:00:00,2025-02-11,27,Tuesday,False,False
2025-02-11 13:30:00,2025-02-11,28,Tuesday,False,False
2025-02-11 14:00:00,2025-02-11,29,Tuesday,False,False
2025-02-11 14:30:00,2025-02-11,30,Tuesday,False,False
2025-02-11 15:00:00,2025-02-11,31,Tuesday,False,False
2025-02-11 15:30:00,2025-02-11,32,Tuesday,False,False
2025-02-11 16:00:00,2025-02-11,33,Tuesday,False,False
2025-02-11 16:30:00,2025-02-11,34,Tuesday,False,False
2025-02-11 17:00:00,2025-02-11,35,Tuesday,False,False
2025-02-11 17:30:00,2025-02-11,36,Tuesday,False,False
2025-02-11 18:00:00,2025-02-11,37,Tuesday,False,False
2025-02-11 18:30:00,2025-02-11,38,Tuesday,False,False
2025-02-11 19:00:00,2025-02-11,39,Tuesday,False,False
2025-02-11 19:30:00,2025-02-11,40,Tuesday,False,False
2025-02-11 20:00:00,2025-02-11,41,Tuesday,False,False
2025-02-11 20:30:00,2025-02-11,42,Tuesday,False,False
2025-02-11 21:00:00,2025-02-11,43,Tuesday,False,False
2025-02-11 21:30:00,2025-02-11,44,Tuesday,False,False
2025-02-11 22:00:00,2025-02-11,45,Tuesday,False,False
2025-02-11 22:30:00,2025-02-11,46,Tuesday,False,False
2025-02-11 23:00:00,2025-02-11,47,Tuesday,False,False
2025-02-11 23:30:00,2025-02-11,48,Tuesday,False,False
2025-02-12 00:00:00,2025-02-12,1,Wednesday,False,False
2025-02-12 00:30:00,2025-02-12,2,Wednesday,False,False
2025-02-12 01:00:00,2025-02-12,3,Wednesday,False,False
2025-02-12 01:30:00,2025-02-12,4,Wednesday,False,False
2025-02-12 02:00:00,2025-02-12,5,Wednesday,False,False
2025-02-12 02:30:00,2025-02-12,6,Wednesday,False,False
2025-02-12 03:00:00,2025-02-12,7,Wednesday,False,False
2025-02-12 03:30:00,2025-02-12,8,Wednesday,False,False
2025-02-12 04:00:00,2025-02-12,9,Wednesday,False,False
2025-02-12 04:30:00,2025-02-12,10,Wednesday,False,False
2025-02-12 05:00:00,2025-02-12,11,Wednesday,False,False
2025-02-12 05:30:00,2025-02-12,12,Wednesday,False,False
2025-02-12 06:00:00,2025-02-12,13,Wednesday,False,False
2025-02-12 06:30:00,2025-02-12,14,Wednesday,False,False
2025-02-12 07:00:00,2025-02-12,15,Wednesday,False,False
2025-02-12 07:30:00,2025-02-12,16,Wednesday,False,False
2025-02-12 08:00:00,2025-02-12,17,Wednesday,False,False
2025-02-12 08:30:00,2025-02-12,18,Wednesday,False,False
2025-02-12 09:00:00,2025-02-12,19,Wednesday,False,False
2025-02-12 09:30:00,2025-02-12,20,Wednesday,False,False
2025-02-12 10:00:00,2025-02-12,21,Wednesday,False,False
2025-02-12 10:30:00,2025-02-12,22,Wednesday,False,False
2025-02-12 11:00:00,2025-02-12,23,Wednesday,False,False
2025-02-12 11:30:00,2025-02-12,24,Wednesday,False,False
2025-02-12 12:00:00,2025-02-12,25,Wednesday,False,False
2025-02-12 12:30:00,2025-02-12,26,Wednesday,False,False
2025-02-12 13:00:00,2025-02-12,27,Wednesday,False,False
2025-02-12 13:30:00,2025-02-12,28,Wednesday,False,False
2025-02-12 14:00:00,2025-02-12,29,Wednesday,False,False
2025-02-12 14:30:00,2025-02-12,30,Wednesday,False,False
2025-02-12 15:00:00,2025-02-12,31,Wednesday,False,False
2025-02-12 15:30:00,2025-02-12,32,Wednesday,False,False
2025-02-12 16:00:00,2025-02-12,33,Wednesday,False,False
2025-02-12 16:30:00,2025-02-12,34,Wednesday,False,False
2025-02-12 17:00:00,2025-02-12,35,Wednesday,False,False
2025-02-12 17:30:00,2025-02-12,36,Wednesday,False,False
2025-02-12 18:00:00,2025-02-12,37,Wednesday,False,False
2025-02-12 18:30:00,2025-02-12,38,Wednesday,False,False
2025-02-12 19:00:00,2025-02-12,39,Wednesday,False,False
2025-02-12 19:30:00,2025-02-12,40,Wednesday,False,False
2025-02-12 20:00:00,2025-02-12,41,Wednesday,False,False
2025-02-12 20:30:00,2025-02-12,42,Wednesday,False,False
2025-02-12 21:00:00,2025-02-12,43,Wednesday,False,False
2025-02-12 21:30:00,2025-02-12,44,Wednesday,False,False
2025-02-12 22:00:00,2025-02-12,45,Wednesday,False,False
2025-02-12 22:30:00,2025-02-12,46,Wednesday,False,False
2025-02-12 23:00:00,2025-02-12,47,Wednesday,False,False
2025-02-12 23:30:00,2025-02-12,48,Wednesday,False,False
2025-02-13 00:00:00,2025-02-13,1,Thursday,False,False
2025-02-13 00:30:00,2025-02-13,2,Thursday,False,False
2025-02-13 01:00:00,2025-02-13,3,Thursday,False,False
2025-02-13 01:30:00,2025-02-13,4,Thursday,False,False
2025-02-13 02:00:00,2025-02-13,5,Thursday,False,False
2025-02-13 02:30:00,2025-02-13,6,Thursday,False,False
2025-02-13 03:00:00,2025-02-13,7,Thursday,False,False
2025-02-13 03:30:00,2025-02-13,8,Thursday,False,False
2025-02-13 04:00:00,2025-02-13,9,Thursday,False,False
2025-02-13 04:30:00,2025-02-13,10,Thursday,False,False
2025-02-13 05:00:00,2025-02-13,11,Thursday,False,False
2025-02-13 05:30:00,2025-02-13,12,Thursday,False,False
2025-02-13 06:00:00,2025-02-13,13,Thursday,False,False
2025-02-13 06:30:00,2025-02-13,14,Thursday,False,False
2025-02-13 07:00:00,2025-02-13,15,Thursday,False,False
2025-02-13 07:30:00,2025-02-13,16,Thursday,False,False
2025-02-13 08:00:00,2025-02-13,17,Thursday,False,False
2025-02-13 08:30:00,2025-02-13,18,Thursday,False,False
2025-02-13 09:00:00,2025-02-13,19,Thursday,False,False
2025-02-13 09:30:00,2025-02-13,20,Thursday,False,False
2025-02-13 10:00:00,2025-02-13,21,Thursday,False,False
2025-02-13 10:30:00,2025-02-13,22,Thursday,False,False
2025-02-13 11:00:00,2025-02-13,23,Thursday,False,False
2025-02-13 11:30:00,2025-02-13,24,Thursday,False,False
2025-02-13 12:00:00,2025-02-13,25,Thursday,False,False
2025-02-13 12:30:00,2025-02-13,26,Thursday,False,False
2025-02-13 13:00:00,2025-02-13,27,Thursday,False,False
2025-02-13 13:30:00,2025-02-13,28,Thursday,False,False
2025-02-13 14:00:00,2025-02-13,29,Thursday,False,False
2025-02-13 14:30:00,2025-02-13,30,Thursday,False,False
2025-02-13 15:00:00,2025-02-13,31,Thursday,False,False
2025-02-13 15:30:00,2025-02-13,32,Thursday,False,False
2025-02-13 16:00:00,2025-02-13,33,Thursday,False,False
2025-02-13 16:30:00,2025-02-13,34,Thursday,False,False
2025-02-13 17:00:00,2025-02-13,35,Thursday,False,False
2025-02-13 17:30:00,2025-02-13,36,Thursday,False,False
2025-02-13 18:00:00,2025-02-13,37,Thursday,False,False
2025-02-13 18:30:00,2025-02-13,38,Thursday,False,False
2025-02-13 19:00:00,2025-02-13,39,Thursday,False,False
2025-02-13 19:30:00,2025-02-13,40,Thursday,False,False
2025-02-13 20:00:00,2025-02-13,41,Thursday,False,False
2025-02-13 20:30:00,2025-02-13,42,Thursday,False,False
2025-02-13 21:00:00,2025-02-13,43,Thursday,False,False
2025-02-13 21:30:00,2025-02-13,44,Thursday,False,False
2025-02-13 22:00:00,2025-02-13,45,Thursday,False,False
2025-02-13 22:30:00,2025-02-13,46,Thursday,False,False
2025-02-13 23:00:00,2025-02-13,47,Thursday,False,False
2025-02-13 23:30:00,2025-02-13,48,Thursday,False,False
2025-02-14 00:00:00,2025-02-14,1,Friday,False,False
2025-02-14 00:30:00,2025-02-14,2,Friday,False,False
2025-02-14 01:00:00,2025-02-14,3,Friday,False,False
2025-02-14 01:30:00,2025-02-14,4,Friday,False,False
2025-02-14 02:00:00,2025-02-14,5,Friday,False,False
2025-02-14 02:30:00,2025-02-14,6,Friday,False,False
2025-02-14 03:00:00,2025-02-14,7,Friday,False,False
2025-02-14 03:30:00,2025-02-14,8,Friday,False,False
2025-02-14 04:00:00,2025-02-14,9,Friday,False,False
2025-02-14 04:30:00,2025-02-14,10,Friday,False,False
2025-02-14 05:00:00,2025-02-14,11,Friday,False,False
2025-02-14 05:30:00,2025-02-14,12,Friday,False,False
2025-02-14 06:00:00,2025-02-14,13,Friday,False,False
2025-02-14 06:30:00,2025-02-14,14,Friday,False,False
2025-02-14 07:00:00,2025-02-14,15,Friday,False,False
2025-02-14 07:30:00,2025-02-14,16,Friday,False,False
2025-02-14 08:00:00,2025-02-14,17,Friday,False,False
2025-02-14 08:30:00,2025-02-14,18,Friday,False,False
2025-02-14 09:00:00,2025-02-14,19,Friday,False,False
2025-02-14 09:30:00,2025-02-14,20,Friday,False,False
2025-02-14 10:00:00,2025-02-14,21,Friday,False,False
2025-02-14 10:30:00,2025-02-14,22,Friday,False,False
2025-02-14 11:00:00,2025-02-14,23,Friday,False,False
2025-02-14 11:30:00,2025-02-14,24,Friday,False,False
2025-02-14 12:00:00,2025-02-14,25,Friday,False,False
2025-02-14 12:30:00,2025-02-14,26,Friday,False,False
2025-02-14 13:00:00,2025-02-14,27,Friday,False,False
2025-02-14 13:30:00,2025-02-14,28,Friday,False,False
2025-02-14 14:00:00,2025-02-14,29,Friday,False,False
2025-02-14 14:30:00,2025-02-14,30,Friday,False,False
2025-02-14 15:00:00,2025-02-14,31,Friday,False,False
2025-02-14 15:30:00,2025-02-14,32,Friday,False,False
2025-02-14 16:00:00,2025-02-14,33,Friday,False,False
2025-02-14 16:30:00,2025-02-14,34,Friday,False,False
2025-02-14 17:00:00,2025-02-14,35,Friday,False,False
2025-02-14 17:30:00,2025-02-14,36,Friday,False,False
2025-02-14 18:00:00,2025-02-14,37,Friday,False,False
2025-02-14 18:30:00,2025-02-14,38,Friday,False,False
2025-02-14 19:00:00,2025-02-14,39,Friday,False,False
2025-02-14 19:30:00,2025-02-14,40,Friday,False,False
2025-02-14 20:00:00,2025-02-14,41,Friday,False,False
2025-02-14 20:30:00,2025-02-14,42,Friday,False,False
2025-02-14 21:00:00,2025-02-14,43,Friday,False,False
2025-02-14 21:30:00,2025-02-14,44,Friday,False,False
2025-02-14 22:00:00,2025-02-14,45,Friday,False,False
2025-02-14 22:30:00,2025-02-14,46,Friday,False,False
2025-02-14 23:00:00,2025-02-14,47,Friday,False,False
2025-02-14 23:30:00,2025-02-14,48,Friday,False,False
2025-02-15 00:00:00,2025-02-15,1,Saturday,True,False
2025-02-15 00:30:00,2025-02-15,2,Saturday,True,False
2025-02-15 01:00:00,2025-02-15,3,Saturday,True,False
2025-02-15 01:30:00,2025-02-15,4,Saturday,True,False
2025-02-15 02:00:00,2025-02-15,5,Saturday,True,False
2025-02-15 02:30:00,2025-02-15,6,Saturday,True,False
2025-02-15 03:00:00,2025-02-15,7,Saturday,True,False
2025-02-15 03:30:00,2025-02-15,8,Saturday,True,False
2025-02-15 04:00:00,2025-02-15,9,Saturday,True,False
2025-02-15 04:30:00,2025-02-15,10,Saturday,True,False
2025-02-15 05:00:00,2025-02-15,11,Saturday,True,False
2025-02-15 05:30:00,2025-02-15,12,Saturday,True,False
2025-02-15 06:00:00,2025-02-15,13,Saturday,True,False
2025-02-15 06:30:00,2025-02-15,14,Saturday,True,False
2025-02-15 07:00:00,2025-02-15,15,Saturday,True,False
2025-02-15 07:30:00,2025-02-15,16,Saturday,True,False
2025-02-15 08:00:00,2025-02-15,17,Saturday,True,False
2025-02-15 08:30:00,2025-02-15,18,Saturday,True,False
2025-02-15 09:00:00,2025-02-15,19,Saturday,True,False
2025-02-15 09:30:00,2025-02-15,20,Saturday,True,False
2025-02-15 10:00:00,2025-02-15,21,Saturday,True,False
2025-02-15 10:30:00,2025-02-15,22,Saturday,True,False
2025-02-15 11:00:00,2025-02-15,23,Saturday,True,False
2025-02-15 11:30:00,2025-02-15,24,Saturday,True,False
2025-02-15 12:00:00,2025-02-15,25,Saturday,True,False
2025-02-15 12:30:00,2025-02-15,26,Saturday,True,False
2025-02-15 13:00:00,2025-02-15,27,Saturday,True,False
2025-02-15 13:30:00,2025-02-15,28,Saturday,True,False
2025-02-15 14:00:00,2025-02-15,29,Saturday,True,False
2025-02-15 14:30:00,2025-02-15,30,Saturday,True,False
2025-02-15 15:00:00,2025-02-15,31,Saturday,True,False
2025-02-15 15:30:00,2025-02-15,32,Saturday,True,False
2025-02-15 16:00:00,2025-02-15,33,Saturday,True,False
2025-02-15 16:30:00,2025-02-15,34,Saturday,True,False
2025-02-15 17:00:00,2025-02-15,35,Saturday,True,False
2025-02-15 17:30:00,2025-02-15,36,Saturday,True,False
2025-02-15 18:00:00,2025-02-15,37,Saturday,True,False
2025-02-15 18:30:00,2025-02-15,38,Saturday,True,False
2025-02-15 19:00:00,2025-02-15,39,Saturday,True,False
2025-02-15 19:30:00,2025-02-15,40,Saturday,True,False
2025-02-15 20:00:00,2025-02-15,41,Saturday,True,False
2025-02-15 20:30:00,2025-02-15,42,Saturday,True,False
2025-02-15 21:00:00,2025-02-15,43,Saturday,True,False
2025-02-15 21:30:00,2025-02-15,44,Saturday,True,False
2025-02-15 22:00:00,2025-02-15,45,Saturday,True,False
2025-02-15 22:30:00,2025-02-15,46,Saturday,True,False
2025-02-15 23:00:00,2025-02-15,47,Saturday,True,False
2025-02-15 23:30:00,2025-02-15,48,Saturday,True,False
2025-02-16 00:00:00,2025-02-16,1,Sunday,True,False
2025-02-16 00:30:00,2025-02-16,2,Sunday,True,False
2025-02-16 01:00:00,2025-02-16,3,Sunday,True,False
2025-02-16 01:30:00,2025-02-16,4,Sunday,True,False
2025-02-16 02:00:00,2025-02-16,5,Sunday,True,False
2025-02-16 02:30:00,2025-02-16,6,Sunday,True,False
2025-02-16 03:00:00,2025-02-16,7,Sunday,True,False
2025-02-16 03:30:00,2025-02-16,8,Sunday,True,False
2025-02-16 04:00:00,2025-02-16,9,Sunday,True,False
2025-02-16 04:30:00,2025-02-16,10,Sunday,True,False
2025-02-16 05:00:00,2025-02-16,11,Sunday,True,False
2025-02-16 05:30:00,2025-02-16,12,Sunday,True,False
2025-02-16 06:00:00,2025-02-16,13,Sunday,True,False
2025-02-16 06:30:00,2025-02-16,14,Sunday,True,False
2025-02-16 07:00:00,2025-02-16,15,Sunday,True,False
2025-02-16 07:30:00,2025-02-16,16,Sunday,True,False
2025-02-16 08:00:00,2025-02-16,17,Sunday,True,False
2025-02-16 08:30:00,2025-02-16,18,Sunday,True,False
2025-02-16 09:00:00,2025-02-16,19,Sunday,True,False
2025-02-16 09:30:00,2025-02-16,20,Sunday,True,False
2025-02-16 10:00:00,2025-02-16,21,Sunday,True,False
2025-02-16 10:30:00,2025-02-16,22,Sunday,True,False
2025-02-16 11:00:00,2025-02-16,23,Sunday,True,False
2025-02-16 11:30:00,2025-02-16,24,Sunday,True,False
2025-02-16 12:00:00,2025-02-16,25,Sunday,True,False
2025-02-16 12:30:00,2025-02-16,26,Sunday,True,False
2025-02-16 13:00:00,2025-02-16,27,Sunday,True,False
2025-02-16 13:30:00,2025-02-16,28,Sunday,True,False
2025-02-16 14:00:00,2025-02-16,29,Sunday,True,False
2025-02-16 14:30:00,2025-02-16,30,Sunday,True,False
2025-02-16 15:00:00,2025-02-16,31,Sunday,True,False
2025-02-16 15:30:00,2025-02-16,32,Sunday,True,False
2025-02-16 16:00:00,2025-02-16,33,Sunday,True,False
2025-02-16 16:30:00,2025-02-16,34,Sunday,True,False
2025-02-16 17:00:00,2025-02-16,35,Sunday,True,False
2025-02-16 17:30:00,2025-02-16,36,Sunday,True,False
2025-02-16 18:00:00,2025-02-16,37,Sunday,True,False
2025-02-16 18:30:00,2025-02-16,38,Sunday,True,False
2025-02-16 19:00:00,2025-02-16,39,Sunday,True,False
2025-02-16 19:30:00,2025-02-16,40,Sunday,True,False
2025-02-16 20:00:00,2025-02-16,41,Sunday,True,False
2025-02-16 20:30:00,2025-02-16,42,Sunday,True,False
2025-02-16 21:00:00,2025-02-16,43,Sunday,True,False
2025-02-16 21:30:00,2025-02-16,44,Sunday,True,False
2025-02-16 22:00:00,2025-02-16,45,Sunday,True,False
2025-02-16 22:30:00,2025-02-16,46,Sunday,True,False
2025-02-16 23:00:00,2025-02-16,47,Sunday,True,False
2025-02-16 23:30:00,2025-02-16,48,Sunday,True,False
2025-02-17 00:00:00,2025-02-17,1,Monday,False,False
2025-02-17 00:30:00,2025-02-17,2,Monday,False,False
2025-02-17 01:00:00,2025-02-17,3,Monday,False,False
2025-02-17 01:30:00,2025-02-17,4,Monday,False,False
2025-02-17 02:00:00,2025-02-17,5,Monday,False,False
2025-02-17 02:30:00,2025-02-17,6,Monday,False,False
2025-02-17 03:00:00,2025-02-17,7,Monday,False,False
2025-02-17 03:30:00,2025-02-17,8,Monday,False,False
2025-02-17 04:00:00,2025-02-17,9,Monday,False,False
2025-02-17 04:30:00,2025-02-17,10,Monday,False,False
2025-02-17 05:00:00,2025-02-17,11,Monday,False,False
2025-02-17 05:30:00,2025-02-17,12,Monday,False,False
2025-02-17 06:00:00,2025-02-17,13,Monday,False,False
2025-02-17 06:30:00,2025-02-17,14,Monday,False,False
2025-02-17 07:00:00,2025-02-17,15,Monday,False,False
2025-02-17 07:30:00,2025-02-17,16,Monday,False,False
2025-02-17 08:00:00,2025-02-17,17,Monday,False,False
2025-02-17 08:30:00,2025-02-17,18,Monday,False,False
2025-02-17 09:00:00,2025-02-17,19,Monday,False,False
2025-02-17 09:30:00,2025-02-17,20,Monday,False,False
2025-02-17 10:00:00,2025-02-17,21,Monday,False,False
2025-02-17 10:30:00,2025-02-17,22,Monday,False,False
2025-02-17 11:00:00,2025-02-17,23,Monday,False,False
2025-02-17 11:30:00,2025-02-17,24,Monday,False,False
2025-02-17 12:00:00,2025-02-17,25,Monday,False,False
2025-02-17 12:30:00,2025-02-17,26,Monday,False,False
2025-02-17 13:00:00,2025-02-17,27,Monday,False,False
2025-02-17 13:30:00,2025-02-17,28,Monday,False,False
2025-02-17 14:00:00,2025-02-17,29,Monday,False,False
2025-02-17 14:30:00,2025-02-17,30,Monday,False,False
2025-02-17 15:00:00,2025-02-17,31,Monday,False,False
2025-02-17 15:30:00,2025-02-17,32,Monday,False,False
2025-02-17 16:00:00,2025-02-17,33,Monday,False,False
2025-02-17 16:30:00,2025-02-17,34,Monday,False,False
2025-02-17 17:00:00,2025-02-17,35,Monday,False,False
2025-02-17 17:30:00,2025-02-17,36,Monday,False,False
2025-02-17 18:00:00,2025-02-17,37,Monday,False,False
2025-02-17 18:30:00,2025-02-17,38,Monday,False,False
2025-02-17 19:00:00,2025-02-17,39,Monday,False,False
2025-02-17 19:30:00,2025-02-17,40,Monday,False,False
2025-02-17 20:00:00,2025-02-17,41,Monday,False,False
2025-02-17 20:30:00,2025-02-17,42,Monday,False,False
2025-02-17 21:00:00,2025-02-17,43,Monday,False,False
2025-02-17 21:30:00,2025-02-17,44,Monday,False,False
2025-02-17 22:00:00,2025-02-17,45,Monday,False,False
2025-02-17 22:30:00,2025-02-17,46,Monday,False,False
2025-02-17 23:00:00,2025-02-17,47,Monday,False,False
2025-02-17 23:30:00,2025-02-17,48,Monday,False,False
2025-02-18 00:00:00,2025-02-18,1,Tuesday,False,False
2025-02-18 00:30:00,2025-02-18,2,Tuesday,False,False
2025-02-18 01:00:00,2025-02-18,3,Tuesday,False,False
2025-02-18 01:30:00,2025-02-18,4,Tuesday,False,False
2025-02-18 02:00:00,2025-02-18,5,Tuesday,False,False
2025-02-18 02:30:00,2025-02-18,6,Tuesday,False,False
2025-02-18 03:00:00,2025-02-18,7,Tuesday,False,False
2025-02-18 03:30:00,2025-02-18,8,Tuesday,False,False
2025-02-18 04:00:00,2025-02-18,9,Tuesday,False,False
2025-02-18 04:30:00,2025-02-18,10,Tuesday,False,False
2025-02-18 05:00:00,2025-02-18,11,Tuesday,False,False
2025-02-18 05:30:00,2025-02-18,12,Tuesday,False,False
2025-02-18 06:00:00,2025-02-18,13,Tuesday,False,False
2025-02-18 06:30:00,2025-02-18,14,Tuesday,False,False
2025-02-18 07:00:00,2025-02-18,15,Tuesday,False,False
2025-02-18 07:30:00,2025-02-18,16,Tuesday,False,False
2025-02-18 08:00:00,2025-02-18,17,Tuesday,False,False
2025-02-18 08:30:00,2025-02-18,18,Tuesday,False,False
2025-02-18 09:00:00,2025-02-18,19,Tuesday,False,False
2025-02-18 09:30:00,2025-02-18,20,Tuesday,False,False
2025-02-18 10:00:00,2025-02-18,21,Tuesday,False,False
2025-02-18 10:30:00,2025-02-18,22,Tuesday,False,False
2025-02-18 11:00:00,2025-02-18,23,Tuesday,False,False
2025-02-18 11:30:00,2025-02-18,24,Tuesday,False,False
2025-02-18 12:00:00,2025-02-18,25,Tuesday,False,False
2025-02-18 12:30:00,2025-02-18,26,Tuesday,False,False
2025-02-18 13:00:00,2025-02-18,27,Tuesday,False,False
2025-02-18 13:30:00,2025-02-18,28,Tuesday,False,False
2025-02-18 14:00:00,2025-02-18,29,Tuesday,False,False
2025-02-18 14:30:00,2025-02-18,30,Tuesday,False,False
2025-02-18 15:00:00,2025-02-18,31,Tuesday,False,False
2025-02-18 15:30:00,2025-02-18,32,Tuesday,False,False
2025-02-18 16:00:00,2025-02-18,33,Tuesday,False,False
2025-02-18 16:30:00,2025-02-18,34,Tuesday,False,False
2025-02-18 17:00:00,2025-02-18,35,Tuesday,False,False
2025-02-18 17:30:00,2025-02-18,36,Tuesday,False,False
2025-02-18 18:00:00,2025-02-18,37,Tuesday,False,False
2025-02-18 18:30:00,2025-02-18,38,Tuesday,False,False
2025-02-18 19:00:00,2025-02-18,39,Tuesday,False,False
2025-02-18 19:30:00,2025-02-18,40,Tuesday,False,False
2025-02-18 20:00:00,2025-02-18,41,Tuesday,False,False
2025-02-18 20:30:00,2025-02-18,42,Tuesday,False,False
2025-02-18 21:00:00,2025-02-18,43,Tuesday,False,False
2025-02-18 21:30:00,2025-02-18,44,Tuesday,False,False
2025-02-18 22:00:00,2025-02-18,45,Tuesday,False,False
2025-02-18 22:30:00,2025-02-18,46,Tuesday,False,False
2025-02-18 23:00:00,2025-02-18,47,Tuesday,False,False
2025-02-18 23:30:00,2025-02-18,48,Tuesday,False,False
2025-02-19 00:00:00,2025-02-19,1,Wednesday,False,False
2025-02-19 00:30:00,2025-02-19,2,Wednesday,False,False
2025-02-19 01:00:00,2025-02-19,3,Wednesday,False,False
2025-02-19 01:30:00,2025-02-19,4,Wednesday,False,False
2025-02-19 02:00:00,2025-02-19,5,Wednesday,False,False
2025-02-19 02:30:00,2025-02-19,6,Wednesday,False,False
2025-02-19 03:00:00,2025-02-19,7,Wednesday,False,False
2025-02-19 03:30:00,2025-02-19,8,Wednesday,False,False
2025-02-19 04:00:00,2025-02-19,9,Wednesday,False,False
2025-02-19 04:30:00,2025-02-19,10,Wednesday,False,False
2025-02-19 05:00:00,2025-02-19,11,Wednesday,False,False
2025-02-19 05:30:00,2025-02-19,12,Wednesday,False,False
2025-02-19 06:00:00,2025-02-19,13,Wednesday,False,False
2025-02-19 06:30:00,2025-02-19,14,Wednesday,False,False
2025-02-19 07:00:00,2025-02-19,15,Wednesday,False,False
2025-02-19 07:30:00,2025-02-19,16,Wednesday,False,False
2025-02-19 08:00:00,2025-02-19,17,Wednesday,False,False
2025-02-19 08:30:00,2025-02-19,18,Wednesday,False,False
2025-02-19 09:00:00,2025-02-19,19,Wednesday,False,False
2025-02-19 09:30:00,2025-02-19,20,Wednesday,False,False
2025-02-19 10:00:00,2025-02-19,21,Wednesday,False,False
2025-02-19 10:30:00,2025-02-19,22,Wednesday,False,False
2025-02-19 11:00:00,2025-02-19,23,Wednesday,False,False
2025-02-19 11:30:00,2025-02-19,24,Wednesday,False,False
2025-02-19 12:00:00,2025-02-19,25,Wednesday,False,False
2025-02-19 12:30:00,2025-02-19,26,Wednesday,False,False
2025-02-19 13:00:00,2025-02-19,27,Wednesday,False,False
2025-02-19 13:30:00,2025-02-19,28,Wednesday,False,False
2025-02-19 14:00:00,2025-02-19,29,Wednesday,False,False
2025-02-19 14:30:00,2025-02-19,30,Wednesday,False,False
2025-02-19 15:00:00,2025-02-19,31,Wednesday,False,False
2025-02-19 15:30:00,2025-02-19,32,Wednesday,False,False
2025-02-19 16:00:00,2025-02-19,33,Wednesday,False,False
2025-02-19 16:30:00,2025-02-19,34,Wednesday,False,False
2025-02-19 17:00:00,2025-02-19,35,Wednesday,False,False
2025-02-19 17:30:00,2025-02-19,36,Wednesday,False,False
2025-02-19 18:00:00,2025-02-19,37,Wednesday,False,False
2025-02-19 18:30:00,2025-02-19,38,Wednesday,False,False
2025-02-19 19:00:00,2025-02-19,39,Wednesday,False,False
2025-02-19 19:30:00,2025-02-19,40,Wednesday,False,False
2025-02-19 20:00:00,2025-02-19,41,Wednesday,False,False
2025-02-19 20:30:00,2025-02-19,42,Wednesday,False,False
2025-02-19 21:00:00,2025-02-19,43,Wednesday,False,False
2025-02-19 21:30:00,2025-02-19,44,Wednesday,False,False
2025-02-19 22:00:00,2025-02-19,45,Wednesday,False,False
2025-02-19 22:30:00,2025-02-19,46,Wednesday,False,False
2025-02-19 23:00:00,2025-02-19,47,Wednesday,False,False
2025-02-19 23:30:00,2025-02-19,48,Wednesday,False,False
2025-02-20 00:00:00,2025-02-20,1,Thursday,False,False
2025-02-20 00:30:00,2025-02-20,2,Thursday,False,False
2025-02-20 01:00:00,2025-02-20,3,Thursday,False,False
2025-02-20 01:30:00,2025-02-20,4,Thursday,False,False
2025-02-20 02:00:00,2025-02-20,5,Thursday,False,False
2025-02-20 02:30:00,2025-02-20,6,Thursday,False,False
2025-02-20 03:00:00,2025-02-20,7,Thursday,False,False
2025-02-20 03:30:00,2025-02-20,8,Thursday,False,False
2025-02-20 04:00:00,2025-02-20,9,Thursday,False,False
2025-02-20 04:30:00,2025-02-20,10,Thursday,False,False
2025-02-20 05:00:00,2025-02-20,11,Thursday,False,False
2025-02-20 05:30:00,2025-02-20,12,Thursday,False,False
2025-02-20 06:00:00,2025-02-20,13,Thursday,False,False
2025-02-20 06:30:00,2025-02-20,14,Thursday,False,False
2025-02-20 07:00:00,2025-02-20,15,Thursday,False,False
2025-02-20 07:30:00,2025-02-20,16,Thursday,False,False
2025-02-20 08:00:00,2025-02-20,17,Thursday,False,False
2025-02-20 08:30:00,2025-02-20,18,Thursday,False,False
2025-02-20 09:00:00,2025-02-20,19,Thursday,False,False
2025-02-20 09:30:00,2025-02-20,20,Thursday,False,False
2025-02-20 10:00:00,2025-02-20,21,Thursday,False,False
2025-02-20 10:30:00,2025-02-20,22,Thursday,False,False
2025-02-20 11:00:00,2025-02-20,23,Thursday,False,False
2025-02-20 11:30:00,2025-02-20,24,Thursday,False,False
2025-02-20 12:00:00,2025-02-20,25,Thursday,False,False
2025-02-20 12:30:00,2025-02-20,26,Thursday,False,False
2025-02-20 13:00:00,2025-02-20,27,Thursday,False,False
2025-02-20 13:30:00,2025-02-20,28,Thursday,False,False
2025-02-20 14:00:00,2025-02-20,29,Thursday,False,False
2025-02-20 14:30:00,2025-02-20,30,Thursday,False,False
2025-02-20 15:00:00,2025-02-20,31,Thursday,False,False
2025-02-20 15:30:00,2025-02-20,32,Thursday,False,False
2025-02-20 16:00:00,2025-02-20,33,Thursday,False,False
2025-02-20 16:30:00,2025-02-20,34,Thursday,False,False
2025-02-20 17:00:00,2025-02-20,35,Thursday,False,False
2025-02-20 17:30:00,2025-02-20,36,Thursday,False,False
2025-02-20 18:00:00,2025-02-20,37,Thursday,False,False
2025-02-20 18:30:00,2025-02-20,38,Thursday,False,False
2025-02-20 19:00:00,2025-02-20,39,Thursday,False,False
2025-02-20 19:30:00,2025-02-20,40,Thursday,False,False
2025-02-20 20:00:00,2025-02-20,41,Thursday,False,False
2025-02-20 20:30:00,2025-02-20,42,Thursday,False,False
2025-02-20 21:00:00,2025-02-20,43,Thursday,False,False
2025-02-20 21:30:00,2025-02-20,44,Thursday,False,False
2025-02-20 22:00:00,2025-02-20,45,Thursday,False,False
2025-02-20 22:30:00,2025-02-20,46,Thursday,False,False
2025-02-20 23:00:00,2025-02-20,47,Thursday,False,False
2025-02-20 23:30:00,2025-02-20,48,Thursday,False,False
2025-02-21 00:00:00,2025-02-21,1,Friday,False,False
2025-02-21 00:30:00,2025-02-21,2,Friday,False,False
2025-02-21 01:00:00,2025-02-21,3,Friday,False,False
2025-02-21 01:30:00,2025-02-21,4,Friday,False,False
2025-02-21 02:00:00,2025-02-21,5,Friday,False,False
2025-02-21 02:30:00,2025-02-21,6,Friday,False,False
2025-02-21 03:00:00,2025-02-21,7,Friday,False,False
2025-02-21 03:30:00,2025-02-21,8,Friday,False,False
2025-02-21 04:00:00,2025-02-21,9,Friday,False,False
2025-02-21 04:30:00,2025-02-21,10,Friday,False,False
2025-02-21 05:00:00,2025-02-21,11,Friday,False,False
2025-02-21 05:30:00,2025-02-21,12,Friday,False,False
2025-02-21 06:00:00,2025-02-21,13,Friday,False,False
2025-02-21 06:30:00,2025-02-21,14,Friday,False,False
2025-02-21 07:00:00,2025-02-21,15,Friday,False,False
2025-02-21 07:30:00,2025-02-21,16,Friday,False,False
2025-02-21 08:00:00,2025-02-21,17,Friday,False,False
2025-02-21 08:30:00,2025-02-21,18,Friday,False,False
2025-02-21 09:00:00,2025-02-21,19,Friday,False,False
2025-02-21 09:30:00,2025-02-21,20,Friday,False,False
2025-02-21 10:00:00,2025-02-21,21,Friday,False,False
2025-02-21 10:30:00,2025-02-21,22,Friday,False,False
2025-02-21 11:00:00,2025-02-21,23,Friday,False,False
2025-02-21 11:30:00,2025-02-21,24,Friday,False,False
2025-02-21 12:00:00,2025-02-21,25,Friday,False,False
2025-02-21 12:30:00,2025-02-21,26,Friday,False,False
2025-02-21 13:00:00,2025-02-21,27,Friday,False,False
2025-02-21 13:30:00,2025-02-21,28,Friday,False,False
2025-02-21 14:00:00,2025-02-21,29,Friday,False,False
2025-02-21 14:30:00,2025-02-21,30,Friday,False,False
2025-02-21 15:00:00,2025-02-21,31,Friday,False,False
2025-02-21 15:30:00,2025-02-21,32,Friday,False,False
2025-02-21 16:00:00,2025-02-21,33,Friday,False,False
2025-02-21 16:30:00,2025-02-21,34,Friday,False,False
2025-02-21 17:00:00,2025-02-21,35,Friday,False,False
2025-02-21 17:30:00,2025-02-21,36,Friday,False,False
2025-02-21 18:00:00,2025-02-21,37,Friday,False,False
2025-02-21 18:30:00,2025-02-21,38,Friday,False,False
2025-02-21 19:00:00,2025-02-21,39,Friday,False,False
2025-02-21 19:30:00,2025-02-21,40,Friday,False,False
2025-02-21 20:00:00,2025-02-21,41,Friday,False,False
2025-02-21 20:30:00,2025-02-21,42,Friday,False,False
2025-02-21 21:00:00,2025-02-21,43,Friday,False,False
2025-02-21 21:30:00,2025-02-21,44,Friday,False,False
2025-02-21 22:00:00,2025-02-21,45,Friday,False,False
2025-02-21 22:30:00,2025-02-21,46,Friday,False,False
2025-02-21 23:00:00,2025-02-21,47,Friday,False,False
2025-02-21 23:30:00,2025-02-21,48,Friday,False,False
2025-02-22 00:00:00,2025-02-22,1,Saturday,True,False
2025-02-22 00:30:00,2025-02-22,2,Saturday,True,False
2025-02-22 01:00:00,2025-02-22,3,Saturday,True,False
2025-02-22 01:30:00,2025-02-22,4,Saturday,True,False
2025-02-22 02:00:00,2025-02-22,5,Saturday,True,False
2025-02-22 02:30:00,2025-02-22,6,Saturday,True,False
2025-02-22 03:00:00,2025-02-22,7,Saturday,True,False
2025-02-22 03:30:00,2025-02-22,8,Saturday,True,False
2025-02-22 04:00:00,2025-02-22,9,Saturday,True,False
2025-02-22 04:30:00,2025-02-22,10,Saturday,True,False
2025-02-22 05:00:00,2025-02-22,11,Saturday,True,False
2025-02-22 05:30:00,2025-02-22,12,Saturday,True,False
2025-02-22 06:00:00,2025-02-22,13,Saturday,True,False
2025-02-22 06:30:00,2025-02-22,14,Saturday,True,False
2025-02-22 07:00:00,2025-02-22,15,Saturday,True,False
2025-02-22 07:30:00,2025-02-22,16,Saturday,True,False
2025-02-22 08:00:00,2025-02-22,17,Saturday,True,False
2025-02-22 08:30:00,2025-02-22,18,Saturday,True,False
2025-02-22 09:00:00,2025-02-22,19,Saturday,True,False
2025-02-22 09:30:00,2025-02-22,20,Saturday,True,False
2025-02-22 10:00:00,2025-02-22,21,Saturday,True,False
2025-02-22 10:30:00,2025-02-22,22,Saturday,True,False
2025-02-22 11:00:00,2025-02-22,23,Saturday,True,False
2025-02-22 11:30:00,2025-02-22,24,Saturday,True,False
2025-02-22 12:00:00,2025-02-22,25,Saturday,True,False
2025-02-22 12:30:00,2025-02-22,26,Saturday,True,False
2025-02-22 13:00:00,2025-02-22,27,Saturday,True,False
2025-02-22 13:30:00,2025-02-22,28,Saturday,True,False
2025-02-22 14:00:00,2025-02-22,29,Saturday,True,False
2025-02-22 14:30:00,2025-02-22,30,Saturday,True,False
2025-02-22 15:00:00,2025-02-22,31,Saturday,True,False
2025-02-22 15:30:00,2025-02-22,32,Saturday,True,False
2025-02-22 16:00:00,2025-02-22,33,Saturday,True,False
2025-02-22 16:30:00,2025-02-22,34,Saturday,True,False
2025-02-22 17:00:00,2025-02-22,35,Saturday,True,False
2025-02-22 17:30:00,2025-02-22,36,Saturday,True,False
2025-02-22 18:00:00,2025-02-22,37,Saturday,True,False
2025-02-22 18:30:00,2025-02-22,38,Saturday,True,False
2025-02-22 19:00:00,2025-02-22,39,Saturday,True,False
2025-02-22 19:30:00,2025-02-22,40,Saturday,True,False
2025-02-22 20:00:00,2025-02-22,41,Saturday,True,False
2025-02-22 20:30:00,2025-02-22,42,Saturday,True,False
2025-02-22 21:00:00,2025-02-22,43,Saturday,True,False
2025-02-22 21:30:00,2025-02-22,44,Saturday,True,False
2025-02-22 22:00:00,2025-02-22,45,Saturday,True,False
2025-02-22 22:30:00,2025-02-22,46,Saturday,True,False
2025-02-22 23:00:00,2025-02-22,47,Saturday,True,False
2025-02-22 23:30:00,2025-02-22,48,Saturday,True,False
2025-02-23 00:00:00,2025-02-23,1,Sunday,True,False
2025-02-23 00:30:00,2025-02-23,2,Sunday,True,False
2025-02-23 01:00:00,2025-02-23,3,Sunday,True,False
2025-02-23 01:30:00,2025-02-23,4,Sunday,True,False
2025-02-23 02:00:00,2025-02-23,5,Sunday,True,False
2025-02-23 02:30:00,2025-02-23,6,Sunday,True,False
2025-02-23 03:00:00,2025-02-23,7,Sunday,True,False
2025-02-23 03:30:00,2025-02-23,8,Sunday,True,False
2025-02-23 04:00:00,2025-02-23,9,Sunday,True,False
2025-02-23 04:30:00,2025-02-23,10,Sunday,True,False
2025-02-23 05:00:00,2025-02-23,11,Sunday,True,False
2025-02-23 05:30:00,2025-02-23,12,Sunday,True,False
2025-02-23 06:00:00,2025-02-23,13,Sunday,True,False
2025-02-23 06:30:00,2025-02-23,14,Sunday,True,False
2025-02-23 07:00:00,2025-02-23,15,Sunday,True,False
2025-02-23 07:30:00,2025-02-23,16,Sunday,True,False
2025-02-23 08:00:00,2025-02-23,17,Sunday,True,False
2025-02-23 08:30:00,2025-02-23,18,Sunday,True,False
2025-02-23 09:00:00,2025-02-23,19,Sunday,True,False
2025-02-23 09:30:00,2025-02-23,20,Sunday,True,False
2025-02-23 10:00:00,2025-02-23,21,Sunday,True,False
2025-02-23 10:30:00,2025-02-23,22,Sunday,True,False
2025-02-23 11:00:00,2025-02-23,23,Sunday,True,False
2025-02-23 11:30:00,2025-02-23,24,Sunday,True,False
2025-02-23 12:00:00,2025-02-23,25,Sunday,True,False
2025-02-23 12:30:00,2025-02-23,26,Sunday,True,False
2025-02-23 13:00:00,2025-02-23,27,Sunday,True,False
2025-02-23 13:30:00,2025-02-23,28,Sunday,True,False
2025-02-23 14:00:00,2025-02-23,29,Sunday,True,False
2025-02-23 14:30:00,2025-02-23,30,Sunday,True,False
2025-02-23 15:00:00,2025-02-23,31,Sunday,True,False
2025-02-23 15:30:00,2025-02-23,32,Sunday,True,False
2025-02-23 16:00:00,2025-02-23,33,Sunday,True,False
2025-02-23 16:30:00,2025-02-23,34,Sunday,True,False
2025-02-23 17:00:00,2025-02-23,35,Sunday,True,False
2025-02-23 17:30:00,2025-02-23,36,Sunday,True,False
2025-02-23 18:00:00,2025-02-23,37,Sunday,True,False
2025-02-23 18:30:00,2025-02-23,38,Sunday,True,False
2025-02-23 19:00:00,2025-02-23,39,Sunday,True,False
2025-02-23 19:30:00,2025-02-23,40,Sunday,True,False
2025-02-23 20:00:00,2025-02-23,41,Sunday,True,False
2025-02-23 20:30:00,2025-02-23,42,Sunday,True,False
2025-02-23 21:00:00,2025-02-23,43,Sunday,True,False
2025-02-23 21:30:00,2025-02-23,44,Sunday,True,False
2025-02-23 22:00:00,2025-02-23,45,Sunday,True,False
2025-02-23 22:30:00,2025-02-23,46,Sunday,True,False
2025-02-23 23:00:00,2025-02-23,47,Sunday,True,False
2025-02-23 23:30:00,2025-02-23,48,Sunday,True,False
2025-02-24 00:00:00,2025-02-24,1,Monday,False,False
2025-02-24 00:30:00,2025-02-24,2,Monday,False,False
2025-02-24 01:00:00,2025-02-24,3,Monday,False,False
2025-02-24 01:30:00,2025-02-24,4,Monday,False,False
2025-02-24 02:00:00,2025-02-24,5,Monday,False,False
2025-02-24 02:30:00,2025-02-24,6,Monday,False,False
2025-02-24 03:00:00,2025-02-24,7,Monday,False,False
2025-02-24 03:30:00,2025-02-24,8,Monday,False,False
2025-02-24 04:00:00,2025-02-24,9,Monday,False,False
2025-02-24 04:30:00,2025-02-24,10,Monday,False,False
2025-02-24 05:00:00,2025-02-24,11,Monday,False,False
2025-02-24 05:30:00,2025-02-24,12,Monday,False,False
2025-02-24 06:00:00,2025-02-24,13,Monday,False,False
2025-02-24 06:30:00,2025-02-24,14,Monday,False,False
2025-02-24 07:00:00,2025-02-24,15,Monday,False,False
2025-02-24 07:30:00,2025-02-24,16,Monday,False,False
2025-02-24 08:00:00,2025-02-24,17,Monday,False,False
2025-02-24 08:30:00,2025-02-24,18,Monday,False,False
2025-02-24 09:00:00,2025-02-24,19,Monday,False,False
2025-02-24 09:30:00,2025-02-24,20,Monday,False,False
2025-02-24 10:00:00,2025-02-24,21,Monday,False,False
2025-02-24 10:30:00,2025-02-24,22,Monday,False,False
2025-02-24 11:00:00,2025-02-24,23,Monday,False,False
2025-02-24 11:30:00,2025-02-24,24,Monday,False,False
2025-02-24 12:00:00,2025-02-24,25,Monday,False,False
2025-02-24 12:30:00,2025-02-24,26,Monday,False,False
2025-02-24 13:00:00,2025-02-24,27,Monday,False,False
2025-02-24 13:30:00,2025-02-24,28,Monday,False,False
2025-02-24 14:00:00,2025-02-24,29,Monday,False,False
2025-02-24 14:30:00,2025-02-24,30,Monday,False,False
2025-02-24 15:00:00,2025-02-24,31,Monday,False,False
2025-02-24 15:30:00,2025-02-24,32,Monday,False,False
2025-02-24 16:00:00,2025-02-24,33,Monday,False,False
2025-02-24 16:30:00,2025-02-24,34,Monday,False,False
2025-02-24 17:00:00,2025-02-24,35,Monday,False,False
2025-02-24 17:30:00,2025-02-24,36,Monday,False,False
2025-02-24 18:00:00,2025-02-24,37,Monday,False,False
2025-02-24 18:30:00,2025-02-24,38,Monday,False,False
2025-02-24 19:00:00,2025-02-24,39,Monday,False,False
2025-02-24 19:30:00,2025-02-24,40,Monday,False,False
2025-02-24 20:00:00,2025-02-24,41,Monday,False,False
2025-02-24 20:30:00,2025-02-24,42,Monday,False,False
2025-02-24 21:00:00,2025-02-24,43,Monday,False,False
2025-02-24 21:30:00,2025-02-24,44,Monday,False,False
2025-02-24 22:00:00,2025-02-24,45,Monday,False,False
2025-02-24 22:30:00,2025-02-24,46,Monday,False,False
2025-02-24 23:00:00,2025-02-24,47,Monday,False,False
2025-02-24 23:30:00,2025-02-24,48,Monday,False,False
2025-02-25 00:00:00,2025-02-25,1,Tuesday,False,False
2025-02-25 00:30:00,2025-02-25,2,Tuesday,False,False
2025-02-25 01:00:00,2025-02-25,3,Tuesday,False,False
2025-02-25 01:30:00,2025-02-25,4,Tuesday,False,False
2025-02-25 02:00:00,2025-02-25,5,Tuesday,False,False
2025-02-25 02:30:00,2025-02-25,6,Tuesday,False,False
2025-02-25 03:00:00,2025-02-25,7,Tuesday,False,False
2025-02-25 03:30:00,2025-02-25,8,Tuesday,False,False
2025-02-25 04:00:00,2025-02-25,9,Tuesday,False,False
2025-02-25 04:30:00,2025-02-25,10,Tuesday,False,False
2025-02-25 05:00:00,2025-02-25,11,Tuesday,False,False
2025-02-25 05:30:00,2025-02-25,12,Tuesday,False,False
2025-02-25 06:00:00,2025-02-25,13,Tuesday,False,False
2025-02-25 06:30:00,2025-02-25,14,Tuesday,False,False
2025-02-25 07:00:00,2025-02-25,15,Tuesday,False,False
2025-02-25 07:30:00,2025-02-25,16,Tuesday,False,False
2025-02-25 08:00:00,2025-02-25,17,Tuesday,False,False
2025-02-25 08:30:00,2025-02-25,18,Tuesday,False,False
2025-02-25 09:00:00,2025-02-25,19,Tuesday,False,False
2025-02-25 09:30:00,2025-02-25,20,Tuesday,False,False
2025-02-25 10:00:00,2025-02-25,21,Tuesday,False,False
2025-02-25 10:30:00,2025-02-25,22,Tuesday,False,False
2025-02-25 11:00:00,2025-02-25,23,Tuesday,False,False
2025-02-25 11:30:00,2025-02-25,24,Tuesday,False,False
2025-02-25 12:00:00,2025-02-25,25,Tuesday,False,False
2025-02-25 12:30:00,2025-02-25,26,Tuesday,False,False
2025-02-25 13:00:00,2025-02-25,27,Tuesday,False,False
2025-02-25 13:30:00,2025-02-25,28,Tuesday,False,False
2025-02-25 14:00:00,2025-02-25,29,Tuesday,False,False
2025-02-25 14:30:00,2025-02-25,30,Tuesday,False,False
2025-02-25 15:00:00,2025-02-25,31,Tuesday,False,False
2025-02-25 15:30:00,2025-02-25,32,Tuesday,False,False
2025-02-25 16:00:00,2025-02-25,33,Tuesday,False,False
2025-02-25 16:30:00,2025-02-25,34,Tuesday,False,False
2025-02-25 17:00:00,2025-02-25,35,Tuesday,False,False
2025-02-25 17:30:00,2025-02-25,36,Tuesday,False,False
2025-02-25 18:00:00,2025-02-25,37,Tuesday,False,False
2025-02-25 18:30:00,2025-02-25,38,Tuesday,False,False
2025-02-25 19:00:00,2025-02-25,39,Tuesday,False,False
2025-02-25 19:30:00,2025-02-25,40,Tuesday,False,False
2025-02-25 20:00:00,2025-02-25,41,Tuesday,False,False
2025-02-25 20:30:00,2025-02-25,42,Tuesday,False,False
2025-02-25 21:00:00,2025-02-25,43,Tuesday,False,False
2025-02-25 21:30:00,2025-02-25,44,Tuesday,False,False
2025-02-25 22:00:00,2025-02-25,45,Tuesday,False,False
2025-02-25 22:30:00,2025-02-25,46,Tuesday,False,False
2025-02-25 23:00:00,2025-02-25,47,Tuesday,False,False
2025-02-25 23:30:00,2025-02-25,48,Tuesday,False,False
2025-02-26 00:00:00,2025-02-26,1,Wednesday,False,False
2025-02-26 00:30:00,2025-02-26,2,Wednesday,False,False
2025-02-26 01:00:00,2025-02-26,3,Wednesday,False,False
2025-02-26 01:30:00,2025-02-26,4,Wednesday,False,False
2025-02-26 02:00:00,2025-02-26,5,Wednesday,False,False
2025-02-26 02:30:00,2025-02-26,6,Wednesday,False,False
2025-02-26 03:00:00,2025-02-26,7,Wednesday,False,False
2025-02-26 03:30:00,2025-02-26,8,Wednesday,False,False
2025-02-26 04:00:00,2025-02-26,9,Wednesday,False,False
2025-02-26 04:30:00,2025-02-26,10,Wednesday,False,False
2025-02-26 05:00:00,2025-02-26,11,Wednesday,False,False
2025-02-26 05:30:00,2025-02-26,12,Wednesday,False,False
2025-02-26 06:00:00,2025-02-26,13,Wednesday,False,False
2025-02-26 06:30:00,2025-02-26,14,Wednesday,False,False
2025-02-26 07:00:00,2025-02-26,15,Wednesday,False,False
2025-02-26 07:30:00,2025-02-26,16,Wednesday,False,False
2025-02-26 08:00:00,2025-02-26,17,Wednesday,False,False
2025-02-26 08:30:00,2025-02-26,18,Wednesday,False,False
2025-02-26 09:00:00,2025-02-26,19,Wednesday,False,False
2025-02-26 09:30:00,2025-02-26,20,Wednesday,False,False
2025-02-26 10:00:00,2025-02-26,21,Wednesday,False,False
2025-02-26 10:30:00,2025-02-26,22,Wednesday,False,False
2025-02-26 11:00:00,2025-02-26,23,Wednesday,False,False
2025-02-26 11:30:00,2025-02-26,24,Wednesday,False,False
2025-02-26 12:00:00,2025-02-26,25,Wednesday,False,False
2025-02-26 12:30:00,2025-02-26,26,Wednesday,False,False
2025-02-26 13:00:00,2025-02-26,27,Wednesday,False,False
2025-02-26 13:30:00,2025-02-26,28,Wednesday,False,False
2025-02-26 14:00:00,2025-02-26,29,Wednesday,False,False
2025-02-26 14:30:00,2025-02-26,30,Wednesday,False,False
2025-02-26 15:00:00,2025-02-26,31,Wednesday,False,False
2025-02-26 15:30:00,2025-02-26,32,Wednesday,False,False
2025-02-26 16:00:00,2025-02-26,33,Wednesday,False,False
2025-02-26 16:30:00,2025-02-26,34,Wednesday,False,False
2025-02-26 17:00:00,2025-02-26,35,Wednesday,False,False
2025-02-26 17:30:00,2025-02-26,36,Wednesday,False,False
2025-02-26 18:00:00,2025-02-26,37,Wednesday,False,False
2025-02-26 18:30:00,2025-02-26,38,Wednesday,False,False
2025-02-26 19:00:00,2025-02-26,39,Wednesday,False,False
2025-02-26 19:30:00,2025-02-26,40,Wednesday,False,False
2025-02-26 20:00:00,2025-02-26,41,Wednesday,False,False
2025-02-26 20:30:00,2025-02-26,42,Wednesday,False,False
2025-02-26 21:00:00,2025-02-26,43,Wednesday,False,False
2025-02-26 21:30:00,2025-02-26,44,Wednesday,False,False
2025-02-26 22:00:00,2025-02-26,45,Wednesday,False,False
2025-02-26 22:30:00,2025-02-26,46,Wednesday,False,False
2025-02-26 23:00:00,2025-02-26,47,Wednesday,False,False
2025-02-26 23:30:00,2025-02-26,48,Wednesday,False,False
2025-02-27 00:00:00,2025-02-27,1,Thursday,False,False
2025-02-27 00:30:00,2025-02-27,2,Thursday,False,False
2025-02-27 01:00:00,2025-02-27,3,Thursday,False,False
2025-02-27 01:30:00,2025-02-27,4,Thursday,False,False
2025-02-27 02:00:00,2025-02-27,5,Thursday,False,False
2025-02-27 02:30:00,2025-02-27,6,Thursday,False,False
2025-02-27 03:00:00,2025-02-27,7,Thursday,False,False
2025-02-27 03:30:00,2025-02-27,8,Thursday,False,False
2025-02-27 04:00:00,2025-02-27,9,Thursday,False,False
2025-02-27 04:30:00,2025-02-27,10,Thursday,False,False
2025-02-27 05:00:00,2025-02-27,11,Thursday,False,False
2025-02-27 05:30:00,2025-02-27,12,Thursday,False,False
2025-02-27 06:00:00,2025-02-27,13,Thursday,False,False
2025-02-27 06:30:00,2025-02-27,14,Thursday,False,False
2025-02-27 07:00:00,2025-02-27,15,Thursday,False,False
2025-02-27 07:30:00,2025-02-27,16,Thursday,False,False
2025-02-27 08:00:00,2025-02-27,17,Thursday,False,False
2025-02-27 08:30:00,2025-02-27,18,Thursday,False,False
2025-02-27 09:00:00,2025-02-27,19,Thursday,False,False
2025-02-27 09:30:00,2025-02-27,20,Thursday,False,False
2025-02-27 10:00:00,2025-02-27,21,Thursday,False,False
2025-02-27 10:30:00,2025-02-27,22,Thursday,False,False
2025-02-27 11:00:00,2025-02-27,23,Thursday,False,False
2025-02-27 11:30:00,2025-02-27,24,Thursday,False,False
2025-02-27 12:00:00,2025-02-27,25,Thursday,False,False
2025-02-27 12:30:00,2025-02-27,26,Thursday,False,False
2025-02-27 13:00:00,2025-02-27,27,Thursday,False,False
2025-02-27 13:30:00,2025-02-27,28,Thursday,False,False
2025-02-27 14:00:00,2025-02-27,29,Thursday,False,False
2025-02-27 14:30:00,2025-02-27,30,Thursday,False,False
2025-02-27 15:00:00,2025-02-27,31,Thursday,False,False
2025-02-27 15:30:00,2025-02-27,32,Thursday,False,False
2025-02-27 16:00:00,2025-02-27,33,Thursday,False,False
2025-02-27 16:30:00,2025-02-27,34,Thursday,False,False
2025-02-27 17:00:00,2025-02-27,35,Thursday,False,False
2025-02-27 17:30:00,2025-02-27,36,Thursday,False,False
2025-02-27 18:00:00,2025-02-27,37,Thursday,False,False
2025-02-27 18:30:00,2025-02-27,38,Thursday,False,False
2025-02-27 19:00:00,2025-02-27,39,Thursday,False,False
2025-02-27 19:30:00,2025-02-27,40,Thursday,False,False
2025-02-27 20:00:00,2025-02-27,41,Thursday,False,False
2025-02-27 20:30:00,2025-02-27,42,Thursday,False,False
2025-02-27 21:00:00,2025-02-27,43,Thursday,False,False
2025-02-27 21:30:00,2025-02-27,44,Thursday,False,False
2025-02-27 22:00:00,2025-02-27,45,Thursday,False,False
2025-02-27 22:30:00,2025-02-27,46,Thursday,False,False
2025-02-27 23:00:00,2025-02-27,47,Thursday,False,False
2025-02-27 23:30:00,2025-02-27,48,Thursday,False,False
2025-02-28 00:00:00,2025-02-28,1,Friday,False,False
2025-02-28 00:30:00,2025-02-28,2,Friday,False,False
2025-02-28 01:00:00,2025-02-28,3,Friday,False,False
2025-02-28 01:30:00,2025-02-28,4,Friday,False,False
2025-02-28 02:00:00,2025-02-28,5,Friday,False,False
2025-02-28 02:30:00,2025-02-28,6,Friday,False,False
2025-02-28 03:00:00,2025-02-28,7,Friday,False,False
2025-02-28 03:30:00,2025-02-28,8,Friday,False,False
2025-02-28 04:00:00,2025-02-28,9,Friday,False,False
2025-02-28 04:30:00,2025-02-28,10,Friday,False,False
2025-02-28 05:00:00,2025-02-28,11,Friday,False,False
2025-02-28 05:30:00,2025-02-28,12,Friday,False,False
2025-02-28 06:00:00,2025-02-28,13,Friday,False,False
2025-02-28 06:30:00,2025-02-28,14,Friday,False,False
2025-02-28 07:00:00,2025-02-28,15,Friday,False,False
2025-02-28 07:30:00,2025-02-28,16,Friday,False,False
2025-02-28 08:00:00,2025-02-28,17,Friday,False,False
2025-02-28 08:30:00,2025-02-28,18,Friday,False,False
2025-02-28 09:00:00,2025-02-28,19,Friday,False,False
2025-02-28 09:30:00,2025-02-28,20,Friday,False,False
2025-02-28 10:00:00,2025-02-28,21,Friday,False,False
2025-02-28 10:30:00,2025-02-28,22,Friday,False,False
2025-02-28 11:00:00,2025-02-28,23,Friday,False,False
2025-02-28 11:30:00,2025-02-28,24,Friday,False,False
2025-02-28 12:00:00,2025-02-28,25,Friday,False,False
2025-02-28 12:30:00,2025-02-28,26,Friday,False,False
2025-02-28 13:00:00,2025-02-28,27,Friday,False,False
2025-02-28 13:30:00,2025-02-28,28,Friday,False,False
2025-02-28 14:00:00,2025-02-28,29,Friday,False,False
2025-02-28 14:30:00,2025-02-28,30,Friday,False,False
2025-02-28 15:00:00,2025-02-28,31,Friday,False,False
2025-02-28 15:30:00,2025-02-28,32,Friday,False,False
2025-02-28 16:00:00,2025-02-28,33,Friday,False,False
2025-02-28 16:30:00,2025-02-28,34,Friday,False,False
2025-02-28 17:00:00,2025-02-28,35,Friday,False,False
2025-02-28 17:30:00,2025-02-28,36,Friday,False,False
2025-02-28 18:00:00,2025-02-28,37,Friday,False,False
2025-02-28 18:30:00,2025-02-28,38,Friday,False,False
2025-02-28 19:00:00,2025-02-28,39,Friday,False,False
2025-02-28 19:30:00,2025-02-28,40,Friday,False,False
2025-02-28 20:00:00,2025-02-28,41,Friday,False,False
2025-02-28 20:30:00,2025-02-28,42,Friday,False,False
2025-02-28 21:00:00,2025-02-28,43,Friday,False,False
2025-02-28 21:30:00,2025-02-28,44,Friday,False,False
2025-02-28 22:00:00,2025-02-28,45,Friday,False,False
2025-02-28 22:30:00,2025-02-28,46,Friday,False,False
2025-02-28 23:00:00,2025-02-28,47,Friday,False,False
2025-02-28 23:30:00,2025-02-28,48,Friday,False,False
2025-03-01 00:00:00,2025-03-01,1,Saturday,True,False
2025-03-01 00:30:00,2025-03-01,2,Saturday,True,False
2025-03-01 01:00:00,2025-03-01,3,Saturday,True,False
2025-03-01 01:30:00,2025-03-01,4,Saturday,True,False
2025-03-01 02:00:00,2025-03-01,5,Saturday,True,False
2025-03-01 02:30:00,2025-03-01,6,Saturday,True,False
2025-03-01 03:00:00,2025-03-01,7,Saturday,True,False
2025-03-01 03:30:00,2025-03-01,8,Saturday,True,False
2025-03-01 04:00:00,2025-03-01,9,Saturday,True,False
2025-03-01 04:30:00,2025-03-01,10,Saturday,True,False
2025-03-01 05:00:00,2025-03-01,11,Saturday,True,False
2025-03-01 05:30:00,2025-03-01,12,Saturday,True,False
2025-03-01 06:00:00,2025-03-01,13,Saturday,True,False
2025-03-01 06:30:00,2025-03-01,14,Saturday,True,False
2025-03-01 07:00:00,2025-03-01,15,Saturday,True,False
2025-03-01 07:30:00,2025-03-01,16,Saturday,True,False
2025-03-01 08:00:00,2025-03-01,17,Saturday,True,False
2025-03-01 08:30:00,2025-03-01,18,Saturday,True,False
2025-03-01 09:00:00,2025-03-01,19,Saturday,True,False
2025-03-01 09:30:00,2025-03-01,20,Saturday,True,False
2025-03-01 10:00:00,2025-03-01,21,Saturday,True,False
2025-03-01 10:30:00,2025-03-01,22,Saturday,True,False
2025-03-01 11:00:00,2025-03-01,23,Saturday,True,False
2025-03-01 11:30:00,2025-03-01,24,Saturday,True,False
2025-03-01 12:00:00,2025-03-01,25,Saturday,True,False
2025-03-01 12:30:00,2025-03-01,26,Saturday,True,False
2025-03-01 13:00:00,2025-03-01,27,Saturday,True,False
2025-03-01 13:30:00,2025-03-01,28,Saturday,True,False
2025-03-01 14:00:00,2025-03-01,29,Saturday,True,False
2025-03-01 14:30:00,2025-03-01,30,Saturday,True,False
2025-03-01 15:00:00,2025-03-01,31,Saturday,True,False
2025-03-01 15:30:00,2025-03-01,32,Saturday,True,False
2025-03-01 16:00:00,2025-03-01,33,Saturday,True,False
2025-03-01 16:30:00,2025-03-01,34,Saturday,True,False
2025-03-01 17:00:00,2025-03-01,35,Saturday,True,False
2025-03-01 17:30:00,2025-03-01,36,Saturday,True,False
2025-03-01 18:00:00,2025-03-01,37,Saturday,True,False
2025-03-01 18:30:00,2025-03-01,38,Saturday,True,False
2025-03-01 19:00:00,2025-03-01,39,Saturday,True,False
2025-03-01 19:30:00,2025-03-01,40,Saturday,True,False
2025-03-01 20:00:00,2025-03-01,41,Saturday,True,False
2025-03-01 20:30:00,2025-03-01,42,Saturday,True,False
2025-03-01 21:00:00,2025-03-01,43,Saturday,True,False
2025-03-01 21:30:00,2025-03-01,44,Saturday,True,False
2025-03-01 22:00:00,2025-03-01,45,Saturday,True,False
2025-03-01 22:30:00,2025-03-01,46,Saturday,True,False
2025-03-01 23:00:00,2025-03-01,47,Saturday,True,False
2025-03-01 23:30:00,2025-03-01,48,Saturday,True,False
2025-03-02 00:00:00,2025-03-02,1,Sunday,True,False
2025-03-02 00:30:00,2025-03-02,2,Sunday,True,False
2025-03-02 01:00:00,2025-03-02,3,Sunday,True,False
2025-03-02 01:30:00,2025-03-02,4,Sunday,True,False
2025-03-02 02:00:00,2025-03-02,5,Sunday,True,False
2025-03-02 02:30:00,2025-03-02,6,Sunday,True,False
2025-03-02 03:00:00,2025-03-02,7,Sunday,True,False
2025-03-02 03:30:00,2025-03-02,8,Sunday,True,False
2025-03-02 04:00:00,2025-03-02,9,Sunday,True,False
2025-03-02 04:30:00,2025-03-02,10,Sunday,True,False
2025-03-02 05:00:00,2025-03-02,11,Sunday,True,False
2025-03-02 05:30:00,2025-03-02,12,Sunday,True,False
2025-03-02 06:00:00,2025-03-02,13,Sunday,True,False
2025-03-02 06:30:00,2025-03-02,14,Sunday,True,False
2025-03-02 07:00:00,2025-03-02,15,Sunday,True,False
2025-03-02 07:30:00,2025-03-02,16,Sunday,True,False
2025-03-02 08:00:00,2025-03-02,17,Sunday,True,False
2025-03-02 08:30:00,2025-03-02,18,Sunday,True,False
2025-03-02 09:00:00,2025-03-02,19,Sunday,True,False
2025-03-02 09:30:00,2025-03-02,20,Sunday,True,False
2025-03-02 10:00:00,2025-03-02,21,Sunday,True,False
2025-03-02 10:30:00,2025-03-02,22,Sunday,True,False
2025-03-02 11:00:00,2025-03-02,23,Sunday,True,False
2025-03-02 11:30:00,2025-03-02,24,Sunday,True,False
2025-03-02 12:00:00,2025-03-02,25,Sunday,True,False
2025-03-02 12:30:00,2025-03-02,26,Sunday,True,False
2025-03-02 13:00:00,2025-03-02,27,Sunday,True,False
2025-03-02 13:30:00,2025-03-02,28,Sunday,True,False
2025-03-02 14:00:00,2025-03-02,29,Sunday,True,False
2025-03-02 14:30:00,2025-03-02,30,Sunday,True,False
2025-03-02 15:00:00,2025-03-02,31,Sunday,True,False
2025-03-02 15:30:00,2025-03-02,32,Sunday,True,False
2025-03-02 16:00:00,2025-03-02,33,Sunday,True,False
2025-03-02 16:30:00,2025-03-02,34,Sunday,True,False
2025-03-02 17:00:00,2025-03-02,35,Sunday,True,False
2025-03-02 17:30:00,2025-03-02,36,Sunday,True,False
2025-03-02 18:00:00,2025-03-02,37,Sunday,True,False
2025-03-02 18:30:00,2025-03-02,38,Sunday,True,False
2025-03-02 19:00:00,2025-03-02,39,Sunday,True,False
2025-03-02 19:30:00,2025-03-02,40,Sunday,True,False
2025-03-02 20:00:00,2025-03-02,41,Sunday,True,False
2025-03-02 20:30:00,2025-03-02,42,Sunday,True,False
2025-03-02 21:00:00,2025-03-02,43,Sunday,True,False
2025-03-02 21:30:00,2025-03-02,44,Sunday,True,False
2025-03-02 22:00:00,2025-03-02,45,Sunday,True,False
2025-03-02 22:30:00,2025-03-02,46,Sunday,True,False
2025-03-02 23:00:00,2025-03-02,47,Sunday,True,False
2025-03-02 23:30:00,2025-03-02,48,Sunday,True,False
2025-03-03 00:00:00,2025-03-03,1,Monday,False,False
2025-03-03 00:30:00,2025-03-03,2,Monday,False,False
2025-03-03 01:00:00,2025-03-03,3,Monday,False,False
2025-03-03 01:30:00,2025-03-03,4,Monday,False,False
2025-03-03 02:00:00,2025-03-03,5,Monday,False,False
2025-03-03 02:30:00,2025-03-03,6,Monday,False,False
2025-03-03 03:00:00,2025-03-03,7,Monday,False,False
2025-03-03 03:30:00,2025-03-03,8,Monday,False,False
2025-03-03 04:00:00,2025-03-03,9,Monday,False,False
2025-03-03 04:30:00,2025-03-03,10,Monday,False,False
2025-03-03 05:00:00,2025-03-03,11,Monday,False,False
2025-03-03 05:30:00,2025-03-03,12,Monday,False,False
2025-03-03 06:00:00,2025-03-03,13,Monday,False,False
2025-03-03 06:30:00,2025-03-03,14,Monday,False,False
2025-03-03 07:00:00,2025-03-03,15,Monday,False,False
2025-03-03 07:30:00,2025-03-03,16,Monday,False,False
2025-03-03 08:00:00,2025-03-03,17,Monday,False,False
2025-03-03 08:30:00,2025-03-03,18,Monday,False,False
2025-03-03 09:00:00,2025-03-03,19,Monday,False,False
2025-03-03 09:30:00,2025-03-03,20,Monday,False,False
2025-03-03 10:00:00,2025-03-03,21,Monday,False,False
2025-03-03 10:30:00,2025-03-03,22,Monday,False,False
2025-03-03 11:00:00,2025-03-03,23,Monday,False,False
2025-03-03 11:30:00,2025-03-03,24,Monday,False,False
2025-03-03 12:00:00,2025-03-03,25,Monday,False,False
2025-03-03 12:30:00,2025-03-03,26,Monday,False,False
2025-03-03 13:00:00,2025-03-03,27,Monday,False,False
2025-03-03 13:30:00,2025-03-03,28,Monday,False,False
2025-03-03 14:00:00,2025-03-03,29,Monday,False,False
2025-03-03 14:30:00,2025-03-03,30,Monday,False,False
2025-03-03 15:00:00,2025-03-03,31,Monday,False,False
2025-03-03 15:30:00,2025-03-03,32,Monday,False,False
2025-03-03 16:00:00,2025-03-03,33,Monday,False,False
2025-03-03 16:30:00,2025-03-03,34,Monday,False,False
2025-03-03 17:00:00,2025-03-03,35,Monday,False,False
2025-03-03 17:30:00,2025-03-03,36,Monday,False,False
2025-03-03 18:00:00,2025-03-03,37,Monday,False,False
2025-03-03 18:30:00,2025-03-03,38,Monday,False,False
2025-03-03 19:00:00,2025-03-03,39,Monday,False,False
2025-03-03 19:30:00,2025-03-03,40,Monday,False,False
2025-03-03 20:00:00,2025-03-03,41,Monday,False,False
2025-03-03 20:30:00,2025-03-03,42,Monday,False,False
2025-03-03 21:00:00,2025-03-03,43,Monday,False,False
2025-03-03 21:30:00,2025-03-03,44,Monday,False,False
2025-03-03 22:00:00,2025-03-03,45,Monday,False,False
2025-03-03 22:30:00,2025-03-03,46,Monday,False,False
2025-03-03 23:00:00,2025-03-03,47,Monday,False,False
2025-03-03 23:30:00,2025-03-03,48,Monday,False,False
2025-03-04 00:00:00,2025-03-04,1,Tuesday,False,False
2025-03-04 00:30:00,2025-03-04,2,Tuesday,False,False
2025-03-04 01:00:00,2025-03-04,3,Tuesday,False,False
2025-03-04 01:30:00,2025-03-04,4,Tuesday,False,False
2025-03-04 02:00:00,2025-03-04,5,Tuesday,False,False
2025-03-04 02:30:00,2025-03-04,6,Tuesday,False,False
2025-03-04 03:00:00,2025-03-04,7,Tuesday,False,False
2025-03-04 03:30:00,2025-03-04,8,Tuesday,False,False
2025-03-04 04:00:00,2025-03-04,9,Tuesday,False,False
2025-03-04 04:30:00,2025-03-04,10,Tuesday,False,False
2025-03-04 05:00:00,2025-03-04,11,Tuesday,False,False
2025-03-04 05:30:00,2025-03-04,12,Tuesday,False,False
2025-03-04 06:00:00,2025-03-04,13,Tuesday,False,False
2025-03-04 06:30:00,2025-03-04,14,Tuesday,False,False
2025-03-04 07:00:00,2025-03-04,15,Tuesday,False,False
2025-03-04 07:30:00,2025-03-04,16,Tuesday,False,False
2025-03-04 08:00:00,2025-03-04,17,Tuesday,False,False
2025-03-04 08:30:00,2025-03-04,18,Tuesday,False,False
2025-03-04 09:00:00,2025-03-04,19,Tuesday,False,False
2025-03-04 09:30:00,2025-03-04,20,Tuesday,False,False
2025-03-04 10:00:00,2025-03-04,21,Tuesday,False,False
2025-03-04 10:30:00,2025-03-04,22,Tuesday,False,False
2025-03-04 11:00:00,2025-03-04,23,Tuesday,False,False
2025-03-04 11:30:00,2025-03-04,24,Tuesday,False,False
2025-03-04 12:00:00,2025-03-04,25,Tuesday,False,False
2025-03-04 12:30:00,2025-03-04,26,Tuesday,False,False
2025-03-04 13:00:00,2025-03-04,27,Tuesday,False,False
2025-03-04 13:30:00,2025-03-04,28,Tuesday,False,False
2025-03-04 14:00:00,2025-03-04,29,Tuesday,False,False
2025-03-04 14:30:00,2025-03-04,30,Tuesday,False,False
2025-03-04 15:00:00,2025-03-04,31,Tuesday,False,False
2025-03-04 15:30:00,2025-03-04,32,Tuesday,False,False
2025-03-04 16:00:00,2025-03-04,33,Tuesday,False,False
2025-03-04 16:30:00,2025-03-04,34,Tuesday,False,False
2025-03-04 17:00:00,2025-03-04,35,Tuesday,False,False
2025-03-04 17:30:00,2025-03-04,36,Tuesday,False,False
2025-03-04 18:00:00,2025-03-04,37,Tuesday,False,False
2025-03-04 18:30:00,2025-03-04,38,Tuesday,False,False
2025-03-04 19:00:00,2025-03-04,39,Tuesday,False,False
2025-03-04 19:30:00,2025-03-04,40,Tuesday,False,False
2025-03-04 20:00:00,2025-03-04,41,Tuesday,False,False
2025-03-04 20:30:00,2025-03-04,42,Tuesday,False,False
2025-03-04 21:00:00,2025-03-04,43,Tuesday,False,False
2025-03-04 21:30:00,2025-03-04,44,Tuesday,False,False
2025-03-04 22:00:00,2025-03-04,45,Tuesday,False,False
2025-03-04 22:30:00,2025-03-04,46,Tuesday,False,False
2025-03-04 23:00:00,2025-03-04,47,Tuesday,False,False
2025-03-04 23:30:00,2025-03-04,48,Tuesday,False,False
2025-03-05 00:00:00,2025-03-05,1,Wednesday,False,False
2025-03-05 00:30:00,2025-03-05,2,Wednesday,False,False
2025-03-05 01:00:00,2025-03-05,3,Wednesday,False,False
2025-03-05 01:30:00,2025-03-05,4,Wednesday,False,False
2025-03-05 02:00:00,2025-03-05,5,Wednesday,False,False
2025-03-05 02:30:00,2025-03-05,6,Wednesday,False,False
2025-03-05 03:00:00,2025-03-05,7,Wednesday,False,False
2025-03-05 03:30:00,2025-03-05,8,Wednesday,False,False
2025-03-05 04:00:00,2025-03-05,9,Wednesday,False,False
2025-03-05 04:30:00,2025-03-05,10,Wednesday,False,False
2025-03-05 05:00:00,2025-03-05,11,Wednesday,False,False
2025-03-05 05:30:00,2025-03-05,12,Wednesday,False,False
2025-03-05 06:00:00,2025-03-05,13,Wednesday,False,False
2025-03-05 06:30:00,2025-03-05,14,Wednesday,False,False
2025-03-05 07:00:00,2025-03-05,15,Wednesday,False,False
2025-03-05 07:30:00,2025-03-05,16,Wednesday,False,False
2025-03-05 08:00:00,2025-03-05,17,Wednesday,False,False
2025-03-05 08:30:00,2025-03-05,18,Wednesday,False,False
2025-03-05 09:00:00,2025-03-05,19,Wednesday,False,False
2025-03-05 09:30:00,2025-03-05,20,Wednesday,False,False
2025-03-05 10:00:00,2025-03-05,21,Wednesday,False,False
2025-03-05 10:30:00,2025-03-05,22,Wednesday,False,False
2025-03-05 11:00:00,2025-03-05,23,Wednesday,False,False
2025-03-05 11:30:00,2025-03-05,24,Wednesday,False,False
2025-03-05 12:00:00,2025-03-05,25,Wednesday,False,False
2025-03-05 12:30:00,2025-03-05,26,Wednesday,False,False
2025-03-05 13:00:00,2025-03-05,27,Wednesday,False,False
2025-03-05 13:30:00,2025-03-05,28,Wednesday,False,False
2025-03-05 14:00:00,2025-03-05,29,Wednesday,False,False
2025-03-05 14:30:00,2025-03-05,30,Wednesday,False,False
2025-03-05 15:00:00,2025-03-05,31,Wednesday,False,False
2025-03-05 15:30:00,2025-03-05,32,Wednesday,False,False
2025-03-05 16:00:00,2025-03-05,33,Wednesday,False,False
2025-03-05 16:30:00,2025-03-05,34,Wednesday,False,False
2025-03-05 17:00:00,2025-03-05,35,Wednesday,False,False
2025-03-05 17:30:00,2025-03-05,36,Wednesday,False,False
2025-03-05 18:00:00,2025-03-05,37,Wednesday,False,False
2025-03-05 18:30:00,2025-03-05,38,Wednesday,False,False
2025-03-05 19:00:00,2025-03-05,39,Wednesday,False,False
2025-03-05 19:30:00,2025-03-05,40,Wednesday,False,False
2025-03-05 20:00:00,2025-03-05,41,Wednesday,False,False
2025-03-05 20:30:00,2025-03-05,42,Wednesday,False,False
2025-03-05 21:00:00,2025-03-05,43,Wednesday,False,False
2025-03-05 21:30:00,2025-03-05,44,Wednesday,False,False
2025-03-05 22:00:00,2025-03-05,45,Wednesday,False,False
2025-03-05 22:30:00,2025-03-05,46,Wednesday,False,False
2025-03-05 23:00:00,2025-03-05,47,Wednesday,False,False
2025-03-05 23:30:00,2025-03-05,48,Wednesday,False,False
2025-03-06 00:00:00,2025-03-06,1,Thursday,False,False
2025-03-06 00:30:00,2025-03-06,2,Thursday,False,False
2025-03-06 01:00:00,2025-03-06,3,Thursday,False,False
2025-03-06 01:30:00,2025-03-06,4,Thursday,False,False
2025-03-06 02:00:00,2025-03-06,5,Thursday,False,False
2025-03-06 02:30:00,2025-03-06,6,Thursday,False,False
2025-03-06 03:00:00,2025-03-06,7,Thursday,False,False
2025-03-06 03:30:00,2025-03-06,8,Thursday,False,False
2025-03-06 04:00:00,2025-03-06,9,Thursday,False,False
2025-03-06 04:30:00,2025-03-06,10,Thursday,False,False
2025-03-06 05:00:00,2025-03-06,11,Thursday,False,False
2025-03-06 05:30:00,2025-03-06,12,Thursday,False,False
2025-03-06 06:00:00,2025-03-06,13,Thursday,False,False
2025-03-06 06:30:00,2025-03-06,14,Thursday,False,False
2025-03-06 07:00:00,2025-03-06,15,Thursday,False,False
2025-03-06 07:30:00,2025-03-06,16,Thursday,False,False
2025-03-06 08:00:00,2025-03-06,17,Thursday,False,False
2025-03-06 08:30:00,2025-03-06,18,Thursday,False,False
2025-03-06 09:00:00,2025-03-06,19,Thursday,False,False
2025-03-06 09:30:00,2025-03-06,20,Thursday,False,False
2025-03-06 10:00:00,2025-03-06,21,Thursday,False,False
2025-03-06 10:30:00,2025-03-06,22,Thursday,False,False
2025-03-06 11:00:00,2025-03-06,23,Thursday,False,False
2025-03-06 11:30:00,2025-03-06,24,Thursday,False,False
2025-03-06 12:00:00,2025-03-06,25,Thursday,False,False
2025-03-06 12:30:00,2025-03-06,26,Thursday,False,False
2025-03-06 13:00:00,2025-03-06,27,Thursday,False,False
2025-03-06 13:30:00,2025-03-06,28,Thursday,False,False
2025-03-06 14:00:00,2025-03-06,29,Thursday,False,False
2025-03-06 14:30:00,2025-03-06,30,Thursday,False,False
2025-03-06 15:00:00,2025-03-06,31,Thursday,False,False
2025-03-06 15:30:00,2025-03-06,32,Thursday,False,False
2025-03-06 16:00:00,2025-03-06,33,Thursday,False,False
2025-03-06 16:30:00,2025-03-06,34,Thursday,False,False
2025-03-06 17:00:00,2025-03-06,35,Thursday,False,False
2025-03-06 17:30:00,2025-03-06,36,Thursday,False,False
2025-03-06 18:00:00,2025-03-06,37,Thursday,False,False
2025-03-06 18:30:00,2025-03-06,38,Thursday,False,False
2025-03-06 19:00:00,2025-03-06,39,Thursday,False,False
2025-03-06 19:30:00,2025-03-06,40,Thursday,False,False
2025-03-06 20:00:00,2025-03-06,41,Thursday,False,False
2025-03-06 20:30:00,2025-03-06,42,Thursday,False,False
2025-03-06 21:00:00,2025-03-06,43,Thursday,False,False
2025-03-06 21:30:00,2025-03-06,44,Thursday,False,False
2025-03-06 22:00:00,2025-03-06,45,Thursday,False,False
2025-03-06 22:30:00,2025-03-06,46,Thursday,False,False
2025-03-06 23:00:00,2025-03-06,47,Thursday,False,False
2025-03-06 23:30:00,2025-03-06,48,Thursday,False,False
2025-03-07 00:00:00,2025-03-07,1,Friday,False,False
2025-03-07 00:30:00,2025-03-07,2,Friday,False,False
2025-03-07 01:00:00,2025-03-07,3,Friday,False,False
2025-03-07 01:30:00,2025-03-07,4,Friday,False,False
2025-03-07 02:00:00,2025-03-07,5,Friday,False,False
2025-03-07 02:30:00,2025-03-07,6,Friday,False,False
2025-03-07 03:00:00,2025-03-07,7,Friday,False,False
2025-03-07 03:30:00,2025-03-07,8,Friday,False,False
2025-03-07 04:00:00,2025-03-07,9,Friday,False,False
2025-03-07 04:30:00,2025-03-07,10,Friday,False,False
2025-03-07 05:00:00,2025-03-07,11,Friday,False,False
2025-03-07 05:30:00,2025-03-07,12,Friday,False,False
2025-03-07 06:00:00,2025-03-07,13,Friday,False,False
2025-03-07 06:30:00,2025-03-07,14,Friday,False,False
2025-03-07 07:00:00,2025-03-07,15,Friday,False,False
2025-03-07 07:30:00,2025-03-07,16,Friday,False,False
2025-03-07 08:00:00,2025-03-07,17,Friday,False,False
2025-03-07 08:30:00,2025-03-07,18,Friday,False,False
2025-03-07 09:00:00,2025-03-07,19,Friday,False,False
2025-03-07 09:30:00,2025-03-07,20,Friday,False,False
2025-03-07 10:00:00,2025-03-07,21,Friday,False,False
2025-03-07 10:30:00,2025-03-07,22,Friday,False,False
2025-03-07 11:00:00,2025-03-07,23,Friday,False,False
2025-03-07 11:30:00,2025-03-07,24,Friday,False,False
2025-03-07 12:00:00,2025-03-07,25,Friday,False,False
2025-03-07 12:30:00,2025-03-07,26,Friday,False,False
2025-03-07 13:00:00,2025-03-07,27,Friday,False,False
2025-03-07 13:30:00,2025-03-07,28,Friday,False,False
2025-03-07 14:00:00,2025-03-07,29,Friday,False,False
2025-03-07 14:30:00,2025-03-07,30,Friday,False,False
2025-03-07 15:00:00,2025-03-07,31,Friday,False,False
2025-03-07 15:30:00,2025-03-07,32,Friday,False,False
2025-03-07 16:00:00,2025-03-07,33,Friday,False,False
2025-03-07 16:30:00,2025-03-07,34,Friday,False,False
2025-03-07 17:00:00,2025-03-07,35,Friday,False,False
2025-03-07 17:30:00,2025-03-07,36,Friday,False,False
2025-03-07 18:00:00,2025-03-07,37,Friday,False,False
2025-03-07 18:30:00,2025-03-07,38,Friday,False,False
2025-03-07 19:00:00,2025-03-07,39,Friday,False,False
2025-03-07 19:30:00,2025-03-07,40,Friday,False,False
2025-03-07 20:00:00,2025-03-07,41,Friday,False,False
2025-03-07 20:30:00,2025-03-07,42,Friday,False,False
2025-03-07 21:00:00,2025-03-07,43,Friday,False,False
2025-03-07 21:30:00,2025-03-07,44,Friday,False,False
2025-03-07 22:00:00,2025-03-07,45,Friday,False,False
2025-03-07 22:30:00,2025-03-07,46,Friday,False,False
2025-03-07 23:00:00,2025-03-07,47,Friday,False,False
2025-03-07 23:30:00,2025-03-07,48,Friday,False,False
2025-03-08 00:00:00,2025-03-08,1,Saturday,True,False
2025-03-08 00:30:00,2025-03-08,2,Saturday,True,False
2025-03-08 01:00:00,2025-03-08,3,Saturday,True,False
2025-03-08 01:30:00,2025-03-08,4,Saturday,True,False
2025-03-08 02:00:00,2025-03-08,5,Saturday,True,False
2025-03-08 02:30:00,2025-03-08,6,Saturday,True,False
2025-03-08 03:00:00,2025-03-08,7,Saturday,True,False
2025-03-08 03:30:00,2025-03-08,8,Saturday,True,False
2025-03-08 04:00:00,2025-03-08,9,Saturday,True,False
2025-03-08 04:30:00,2025-03-08,10,Saturday,True,False
2025-03-08 05:00:00,2025-03-08,11,Saturday,True,False
2025-03-08 05:30:00,2025-03-08,12,Saturday,True,False
2025-03-08 06:00:00,2025-03-08,13,Saturday,True,False
2025-03-08 06:30:00,2025-03-08,14,Saturday,True,False
2025-03-08 07:00:00,2025-03-08,15,Saturday,True,False
2025-03-08 07:30:00,2025-03-08,16,Saturday,True,False
2025-03-08 08:00:00,2025-03-08,17,Saturday,True,False
2025-03-08 08:30:00,2025-03-08,18,Saturday,True,False
2025-03-08 09:00:00,2025-03-08,19,Saturday,True,False
2025-03-08 09:30:00,2025-03-08,20,Saturday,True,False
2025-03-08 10:00:00,2025-03-08,21,Saturday,True,False
2025-03-08 10:30:00,2025-03-08,22,Saturday,True,False
2025-03-08 11:00:00,2025-03-08,23,Saturday,True,False
2025-03-08 11:30:00,2025-03-08,24,Saturday,True,False
2025-03-08 12:00:00,2025-03-08,25,Saturday,True,False
2025-03-08 12:30:00,2025-03-08,26,Saturday,True,False
2025-03-08 13:00:00,2025-03-08,27,Saturday,True,False
2025-03-08 13:30:00,2025-03-08,28,Saturday,True,False
2025-03-08 14:00:00,2025-03-08,29,Saturday,True,False
2025-03-08 14:30:00,2025-03-08,30,Saturday,True,False
2025-03-08 15:00:00,2025-03-08,31,Saturday,True,False
2025-03-08 15:30:00,2025-03-08,32,Saturday,True,False
2025-03-08 16:00:00,2025-03-08,33,Saturday,True,False
2025-03-08 16:30:00,2025-03-08,34,Saturday,True,False
2025-03-08 17:00:00,2025-03-08,35,Saturday,True,False
2025-03-08 17:30:00,2025-03-08,36,Saturday,True,False
2025-03-08 18:00:00,2025-03-08,37,Saturday,True,False
2025-03-08 18:30:00,2025-03-08,38,Saturday,True,False
2025-03-08 19:00:00,2025-03-08,39,Saturday,True,False
2025-03-08 19:30:00,2025-03-08,40,Saturday,True,False
2025-03-08 20:00:00,2025-03-08,41,Saturday,True,False
2025-03-08 20:30:00,2025-03-08,42,Saturday,True,False
2025-03-08 21:00:00,2025-03-08,43,Saturday,True,False
2025-03-08 21:30:00,2025-03-08,44,Saturday,True,False
2025-03-08 22:00:00,2025-03-08,45,Saturday,True,False
2025-03-08 22:30:00,2025-03-08,46,Saturday,True,False
2025-03-08 23:00:00,2025-03-08,47,Saturday,True,False
2025-03-08 23:30:00,2025-03-08,48,Saturday,True,False
2025-03-09 00:00:00,2025-03-09,1,Sunday,True,False
2025-03-09 00:30:00,2025-03-09,2,Sunday,True,False
2025-03-09 01:00:00,2025-03-09,3,Sunday,True,False
2025-03-09 01:30:00,2025-03-09,4,Sunday,True,False
2025-03-09 02:00:00,2025-03-09,5,Sunday,True,False
2025-03-09 02:30:00,2025-03-09,6,Sunday,True,False
2025-03-09 03:00:00,2025-03-09,7,Sunday,True,False
2025-03-09 03:30:00,2025-03-09,8,Sunday,True,False
2025-03-09 04:00:00,2025-03-09,9,Sunday,True,False
2025-03-09 04:30:00,2025-03-09,10,Sunday,True,False
2025-03-09 05:00:00,2025-03-09,11,Sunday,True,False
2025-03-09 05:30:00,2025-03-09,12,Sunday,True,False
2025-03-09 06:00:00,2025-03-09,13,Sunday,True,False
2025-03-09 06:30:00,2025-03-09,14,Sunday,True,False
2025-03-09 07:00:00,2025-03-09,15,Sunday,True,False
2025-03-09 07:30:00,2025-03-09,16,Sunday,True,False
2025-03-09 08:00:00,2025-03-09,17,Sunday,True,False
2025-03-09 08:30:00,2025-03-09,18,Sunday,True,False
2025-03-09 09:00:00,2025-03-09,19,Sunday,True,False
2025-03-09 09:30:00,2025-03-09,20,Sunday,True,False
2025-03-09 10:00:00,2025-03-09,21,Sunday,True,False
2025-03-09 10:30:00,2025-03-09,22,Sunday,True,False
2025-03-09 11:00:00,2025-03-09,23,Sunday,True,False
2025-03-09 11:30:00,2025-03-09,24,Sunday,True,False
2025-03-09 12:00:00,2025-03-09,25,Sunday,True,False
2025-03-09 12:30:00,2025-03-09,26,Sunday,True,False
2025-03-09 13:00:00,2025-03-09,27,Sunday,True,False
2025-03-09 13:30:00,2025-03-09,28,Sunday,True,False
2025-03-09 14:00:00,2025-03-09,29,Sunday,True,False
2025-03-09 14:30:00,2025-03-09,30,Sunday,True,False
2025-03-09 15:00:00,2025-03-09,31,Sunday,True,False
2025-03-09 15:30:00,2025-03-09,32,Sunday,True,False
2025-03-09 16:00:00,2025-03-09,33,Sunday,True,False
2025-03-09 16:30:00,2025-03-09,34,Sunday,True,False
2025-03-09 17:00:00,2025-03-09,35,Sunday,True,False
2025-03-09 17:30:00,2025-03-09,36,Sunday,True,False
2025-03-09 18:00:00,2025-03-09,37,Sunday,True,False
2025-03-09 18:30:00,2025-03-09,38,Sunday,True,False
2025-03-09 19:00:00,2025-03-09,39,Sunday,True,False
2025-03-09 19:30:00,2025-03-09,40,Sunday,True,False
2025-03-09 20:00:00,2025-03-09,41,Sunday,True,False
2025-03-09 20:30:00,2025-03-09,42,Sunday,True,False
2025-03-09 21:00:00,2025-03-09,43,Sunday,True,False
2025-03-09 21:30:00,2025-03-09,44,Sunday,True,False
2025-03-09 22:00:00,2025-03-09,45,Sunday,True,False
2025-03-09 22:30:00,2025-03-09,46,Sunday,True,False
2025-03-09 23:00:00,2025-03-09,47,Sunday,True,False
2025-03-09 23:30:00,2025-03-09,48,Sunday,True,False
2025-03-10 00:00:00,2025-03-10,1,Monday,False,False
2025-03-10 00:30:00,2025-03-10,2,Monday,False,False
2025-03-10 01:00:00,2025-03-10,3,Monday,False,False
2025-03-10 01:30:00,2025-03-10,4,Monday,False,False
2025-03-10 02:00:00,2025-03-10,5,Monday,False,False
2025-03-10 02:30:00,2025-03-10,6,Monday,False,False
2025-03-10 03:00:00,2025-03-10,7,Monday,False,False
2025-03-10 03:30:00,2025-03-10,8,Monday,False,False
2025-03-10 04:00:00,2025-03-10,9,Monday,False,False
2025-03-10 04:30:00,2025-03-10,10,Monday,False,False
2025-03-10 05:00:00,2025-03-10,11,Monday,False,False
2025-03-10 05:30:00,2025-03-10,12,Monday,False,False
2025-03-10 06:00:00,2025-03-10,13,Monday,False,False
2025-03-10 06:30:00,2025-03-10,14,Monday,False,False
2025-03-10 07:00:00,2025-03-10,15,Monday,False,False
2025-03-10 07:30:00,2025-03-10,16,Monday,False,False
2025-03-10 08:00:00,2025-03-10,17,Monday,False,False
2025-03-10 08:30:00,2025-03-10,18,Monday,False,False
2025-03-10 09:00:00,2025-03-10,19,Monday,False,False
2025-03-10 09:30:00,2025-03-10,20,Monday,False,False
2025-03-10 10:00:00,2025-03-10,21,Monday,False,False
2025-03-10 10:30:00,2025-03-10,22,Monday,False,False
2025-03-10 11:00:00,2025-03-10,23,Monday,False,False
2025-03-10 11:30:00,2025-03-10,24,Monday,False,False
2025-03-10 12:00:00,2025-03-10,25,Monday,False,False
2025-03-10 12:30:00,2025-03-10,26,Monday,False,False
2025-03-10 13:00:00,2025-03-10,27,Monday,False,False
2025-03-10 13:30:00,2025-03-10,28,Monday,False,False
2025-03-10 14:00:00,2025-03-10,29,Monday,False,False
2025-03-10 14:30:00,2025-03-10,30,Monday,False,False
2025-03-10 15:00:00,2025-03-10,31,Monday,False,False
2025-03-10 15:30:00,2025-03-10,32,Monday,False,False
2025-03-10 16:00:00,2025-03-10,33,Monday,False,False
2025-03-10 16:30:00,2025-03-10,34,Monday,False,False
2025-03-10 17:00:00,2025-03-10,35,Monday,False,False
2025-03-10 17:30:00,2025-03-10,36,Monday,False,False
2025-03-10 18:00:00,2025-03-10,37,Monday,False,False
2025-03-10 18:30:00,2025-03-10,38,Monday,False,False
2025-03-10 19:00:00,2025-03-10,39,Monday,False,False
2025-03-10 19:30:00,2025-03-10,40,Monday,False,False
2025-03-10 20:00:00,2025-03-10,41,Monday,False,False
2025-03-10 20:30:00,2025-03-10,42,Monday,False,False
2025-03-10 21:00:00,2025-03-10,43,Monday,False,False
2025-03-10 21:30:00,2025-03-10,44,Monday,False,False
2025-03-10 22:00:00,2025-03-10,45,Monday,False,False
2025-03-10 22:30:00,2025-03-10,46,Monday,False,False
2025-03-10 23:00:00,2025-03-10,47,Monday,False,False
2025-03-10 23:30:00,2025-03-10,48,Monday,False,False
2025-03-11 00:00:00,2025-03-11,1,Tuesday,False,False
2025-03-11 00:30:00,2025-03-11,2,Tuesday,False,False
2025-03-11 01:00:00,2025-03-11,3,Tuesday,False,False
2025-03-11 01:30:00,2025-03-11,4,Tuesday,False,False
2025-03-11 02:00:00,2025-03-11,5,Tuesday,False,False
2025-03-11 02:30:00,2025-03-11,6,Tuesday,False,False
2025-03-11 03:00:00,2025-03-11,7,Tuesday,False,False
2025-03-11 03:30:00,2025-03-11,8,Tuesday,False,False
2025-03-11 04:00:00,2025-03-11,9,Tuesday,False,False
2025-03-11 04:30:00,2025-03-11,10,Tuesday,False,False
2025-03-11 05:00:00,2025-03-11,11,Tuesday,False,False
2025-03-11 05:30:00,2025-03-11,12,Tuesday,False,False
2025-03-11 06:00:00,2025-03-11,13,Tuesday,False,False
2025-03-11 06:30:00,2025-03-11,14,Tuesday,False,False
2025-03-11 07:00:00,2025-03-11,15,Tuesday,False,False
2025-03-11 07:30:00,2025-03-11,16,Tuesday,False,False
2025-03-11 08:00:00,2025-03-11,17,Tuesday,False,False
2025-03-11 08:30:00,2025-03-11,18,Tuesday,False,False
2025-03-11 09:00:00,2025-03-11,19,Tuesday,False,False
2025-03-11 09:30:00,2025-03-11,20,Tuesday,False,False
2025-03-11 10:00:00,2025-03-11,21,Tuesday,False,False
2025-03-11 10:30:00,2025-03-11,22,Tuesday,False,False
2025-03-11 11:00:00,2025-03-11,23,Tuesday,False,False
2025-03-11 11:30:00,2025-03-11,24,Tuesday,False,False
2025-03-11 12:00:00,2025-03-11,25,Tuesday,False,False
2025-03-11 12:30:00,2025-03-11,26,Tuesday,False,False
2025-03-11 13:00:00,2025-03-11,27,Tuesday,False,False
2025-03-11 13:30:00,2025-03-11,28,Tuesday,False,False
2025-03-11 14:00:00,2025-03-11,29,Tuesday,False,False
2025-03-11 14:30:00,2025-03-11,30,Tuesday,False,False
2025-03-11 15:00:00,2025-03-11,31,Tuesday,False,False
2025-03-11 15:30:00,2025-03-11,32,Tuesday,False,False
2025-03-11 16:00:00,2025-03-11,33,Tuesday,False,False
2025-03-11 16:30:00,2025-03-11,34,Tuesday,False,False
2025-03-11 17:00:00,2025-03-11,35,Tuesday,False,False
2025-03-11 17:30:00,2025-03-11,36,Tuesday,False,False
2025-03-11 18:00:00,2025-03-11,37,Tuesday,False,False
2025-03-11 18:30:00,2025-03-11,38,Tuesday,False,False
2025-03-11 19:00:00,2025-03-11,39,Tuesday,False,False
2025-03-11 19:30:00,2025-03-11,40,Tuesday,False,False
2025-03-11 20:00:00,2025-03-11,41,Tuesday,False,False
2025-03-11 20:30:00,2025-03-11,42,Tuesday,False,False
2025-03-11 21:00:00,2025-03-11,43,Tuesday,False,False
2025-03-11 21:30:00,2025-03-11,44,Tuesday,False,False
2025-03-11 22:00:00,2025-03-11,45,Tuesday,False,False
2025-03-11 22:30:00,2025-03-11,46,Tuesday,False,False
2025-03-11 23:00:00,2025-03-11,47,Tuesday,False,False
2025-03-11 23:30:00,2025-03-11,48,Tuesday,False,False
2025-03-12 00:00:00,2025-03-12,1,Wednesday,False,False
2025-03-12 00:30:00,2025-03-12,2,Wednesday,False,False
2025-03-12 01:00:00,2025-03-12,3,Wednesday,False,False
2025-03-12 01:30:00,2025-03-12,4,Wednesday,False,False
2025-03-12 02:00:00,2025-03-12,5,Wednesday,False,False
2025-03-12 02:30:00,2025-03-12,6,Wednesday,False,False
2025-03-12 03:00:00,2025-03-12,7,Wednesday,False,False
2025-03-12 03:30:00,2025-03-12,8,Wednesday,False,False
2025-03-12 04:00:00,2025-03-12,9,Wednesday,False,False
2025-03-12 04:30:00,2025-03-12,10,Wednesday,False,False
2025-03-12 05:00:00,2025-03-12,11,Wednesday,False,False
2025-03-12 05:30:00,2025-03-12,12,Wednesday,False,False
2025-03-12 06:00:00,2025-03-12,13,Wednesday,False,False
2025-03-12 06:30:00,2025-03-12,14,Wednesday,False,False
2025-03-12 07:00:00,2025-03-12,15,Wednesday,False,False
2025-03-12 07:30:00,2025-03-12,16,Wednesday,False,False
2025-03-12 08:00:00,2025-03-12,17,Wednesday,False,False
2025-03-12 08:30:00,2025-03-12,18,Wednesday,False,False
2025-03-12 09:00:00,2025-03-12,19,Wednesday,False,False
2025-03-12 09:30:00,2025-03-12,20,Wednesday,False,False
2025-03-12 10:00:00,2025-03-12,21,Wednesday,False,False
2025-03-12 10:30:00,2025-03-12,22,Wednesday,False,False
2025-03-12 11:00:00,2025-03-12,23,Wednesday,False,False
2025-03-12 11:30:00,2025-03-12,24,Wednesday,False,False
2025-03-12 12:00:00,2025-03-12,25,Wednesday,False,False
2025-03-12 12:30:00,2025-03-12,26,Wednesday,False,False
2025-03-12 13:00:00,2025-03-12,27,Wednesday,False,False
2025-03-12 13:30:00,2025-03-12,28,Wednesday,False,False
2025-03-12 14:00:00,2025-03-12,29,Wednesday,False,False
2025-03-12 14:30:00,2025-03-12,30,Wednesday,False,False
2025-03-12 15:00:00,2025-03-12,31,Wednesday,False,False
2025-03-12 15:30:00,2025-03-12,32,Wednesday,False,False
2025-03-12 16:00:00,2025-03-12,33,Wednesday,False,False
2025-03-12 16:30:00,2025-03-12,34,Wednesday,False,False
2025-03-12 17:00:00,2025-03-12,35,Wednesday,False,False
2025-03-12 17:30:00,2025-03-12,36,Wednesday,False,False
2025-03-12 18:00:00,2025-03-12,37,Wednesday,False,False
2025-03-12 18:30:00,2025-03-12,38,Wednesday,False,False
2025-03-12 19:00:00,2025-03-12,39,Wednesday,False,False
2025-03-12 19:30:00,2025-03-12,40,Wednesday,False,False
2025-03-12 20:00:00,2025-03-12,41,Wednesday,False,False
2025-03-12 20:30:00,2025-03-12,42,Wednesday,False,False
2025-03-12 21:00:00,2025-03-12,43,Wednesday,False,False
2025-03-12 21:30:00,2025-03-12,44,Wednesday,False,False
2025-03-12 22:00:00,2025-03-12,45,Wednesday,False,False
2025-03-12 22:30:00,2025-03-12,46,Wednesday,False,False
2025-03-12 23:00:00,2025-03-12,47,Wednesday,False,False
2025-03-12 23:30:00,2025-03-12,48,Wednesday,False,False
2025-03-13 00:00:00,2025-03-13,1,Thursday,False,False
2025-03-13 00:30:00,2025-03-13,2,Thursday,False,False
2025-03-13 01:00:00,2025-03-13,3,Thursday,False,False
2025-03-13 01:30:00,2025-03-13,4,Thursday,False,False
2025-03-13 02:00:00,2025-03-13,5,Thursday,False,False
2025-03-13 02:30:00,2025-03-13,6,Thursday,False,False
2025-03-13 03:00:00,2025-03-13,7,Thursday,False,False
2025-03-13 03:30:00,2025-03-13,8,Thursday,False,False
2025-03-13 04:00:00,2025-03-13,9,Thursday,False,False
2025-03-13 04:30:00,2025-03-13,10,Thursday,False,False
2025-03-13 05:00:00,2025-03-13,11,Thursday,False,False
2025-03-13 05:30:00,2025-03-13,12,Thursday,False,False
2025-03-13 06:00:00,2025-03-13,13,Thursday,False,False
2025-03-13 06:30:00,2025-03-13,14,Thursday,False,False
2025-03-13 07:00:00,2025-03-13,15,Thursday,False,False
2025-03-13 07:30:00,2025-03-13,16,Thursday,False,False
2025-03-13 08:00:00,2025-03-13,17,Thursday,False,False
2025-03-13 08:30:00,2025-03-13,18,Thursday,False,False
2025-03-13 09:00:00,2025-03-13,19,Thursday,False,False
2025-03-13 09:30:00,2025-03-13,20,Thursday,False,False
2025-03-13 10:00:00,2025-03-13,21,Thursday,False,False
2025-03-13 10:30:00,2025-03-13,22,Thursday,False,False
2025-03-13 11:00:00,2025-03-13,23,Thursday,False,False
2025-03-13 11:30:00,2025-03-13,24,Thursday,False,False
2025-03-13 12:00:00,2025-03-13,25,Thursday,False,False
2025-03-13 12:30:00,2025-03-13,26,Thursday,False,False
2025-03-13 13:00:00,2025-03-13,27,Thursday,False,False
2025-03-13 13:30:00,2025-03-13,28,Thursday,False,False
2025-03-13 14:00:00,2025-03-13,29,Thursday,False,False
2025-03-13 14:30:00,2025-03-13,30,Thursday,False,False
2025-03-13 15:00:00,2025-03-13,31,Thursday,False,False
2025-03-13 15:30:00,2025-03-13,32,Thursday,False,False
2025-03-13 16:00:00,2025-03-13,33,Thursday,False,False
2025-03-13 16:30:00,2025-03-13,34,Thursday,False,False
2025-03-13 17:00:00,2025-03-13,35,Thursday,False,False
2025-03-13 17:30:00,2025-03-13,36,Thursday,False,False
2025-03-13 18:00:00,2025-03-13,37,Thursday,False,False
2025-03-13 18:30:00,2025-03-13,38,Thursday,False,False
2025-03-13 19:00:00,2025-03-13,39,Thursday,False,False
2025-03-13 19:30:00,2025-03-13,40,Thursday,False,False
2025-03-13 20:00:00,2025-03-13,41,Thursday,False,False
2025-03-13 20:30:00,2025-03-13,42,Thursday,False,False
2025-03-13 21:00:00,2025-03-13,43,Thursday,False,False
2025-03-13 21:30:00,2025-03-13,44,Thursday,False,False
2025-03-13 22:00:00,2025-03-13,45,Thursday,False,False
2025-03-13 22:30:00,2025-03-13,46,Thursday,False,False
2025-03-13 23:00:00,2025-03-13,47,Thursday,False,False
2025-03-13 23:30:00,2025-03-13,48,Thursday,False,False
2025-03-14 00:00:00,2025-03-14,1,Friday,False,False
2025-03-14 00:30:00,2025-03-14,2,Friday,False,False
2025-03-14 01:00:00,2025-03-14,3,Friday,False,False
2025-03-14 01:30:00,2025-03-14,4,Friday,False,False
2025-03-14 02:00:00,2025-03-14,5,Friday,False,False
2025-03-14 02:30:00,2025-03-14,6,Friday,False,False
2025-03-14 03:00:00,2025-03-14,7,Friday,False,False
2025-03-14 03:30:00,2025-03-14,8,Friday,False,False
2025-03-14 04:00:00,2025-03-14,9,Friday,False,False
2025-03-14 04:30:00,2025-03-14,10,Friday,False,False
2025-03-14 05:00:00,2025-03-14,11,Friday,False,False
2025-03-14 05:30:00,2025-03-14,12,Friday,False,False
2025-03-14 06:00:00,2025-03-14,13,Friday,False,False
2025-03-14 06:30:00,2025-03-14,14,Friday,False,False
2025-03-14 07:00:00,2025-03-14,15,Friday,False,False
2025-03-14 07:30:00,2025-03-14,16,Friday,False,False
2025-03-14 08:00:00,2025-03-14,17,Friday,False,False
2025-03-14 08:30:00,2025-03-14,18,Friday,False,False
2025-03-14 09:00:00,2025-03-14,19,Friday,False,False
2025-03-14 09:30:00,2025-03-14,20,Friday,False,False
2025-03-14 10:00:00,2025-03-14,21,Friday,False,False
2025-03-14 10:30:00,2025-03-14,22,Friday,False,False
2025-03-14 11:00:00,2025-03-14,23,Friday,False,False
2025-03-14 11:30:00,2025-03-14,24,Friday,False,False
2025-03-14 12:00:00,2025-03-14,25,Friday,False,False
2025-03-14 12:30:00,2025-03-14,26,Friday,False,False
2025-03-14 13:00:00,2025-03-14,27,Friday,False,False
2025-03-14 13:30:00,2025-03-14,28,Friday,False,False
2025-03-14 14:00:00,2025-03-14,29,Friday,False,False
2025-03-14 14:30:00,2025-03-14,30,Friday,False,False
2025-03-14 15:00:00,2025-03-14,31,Friday,False,False
2025-03-14 15:30:00,2025-03-14,32,Friday,False,False
2025-03-14 16:00:00,2025-03-14,33,Friday,False,False
2025-03-14 16:30:00,2025-03-14,34,Friday,False,False
2025-03-14 17:00:00,2025-03-14,35,Friday,False,False
2025-03-14 17:30:00,2025-03-14,36,Friday,False,False
2025-03-14 18:00:00,2025-03-14,37,Friday,False,False
2025-03-14 18:30:00,2025-03-14,38,Friday,False,False
2025-03-14 19:00:00,2025-03-14,39,Friday,False,False
2025-03-14 19:30:00,2025-03-14,40,Friday,False,False
2025-03-14 20:00:00,2025-03-14,41,Friday,False,False
2025-03-14 20:30:00,2025-03-14,42,Friday,False,False
2025-03-14 21:00:00,2025-03-14,43,Friday,False,False
2025-03-14 21:30:00,2025-03-14,44,Friday,False,False
2025-03-14 22:00:00,2025-03-14,45,Friday,False,False
2025-03-14 22:30:00,2025-03-14,46,Friday,False,False
2025-03-14 23:00:00,2025-03-14,47,Friday,False,False
2025-03-14 23:30:00,2025-03-14,48,Friday,False,False
2025-03-15 00:00:00,2025-03-15,1,Saturday,True,False
2025-03-15 00:30:00,2025-03-15,2,Saturday,True,False
2025-03-15 01:00:00,2025-03-15,3,Saturday,True,False
2025-03-15 01:30:00,2025-03-15,4,Saturday,True,False
2025-03-15 02:00:00,2025-03-15,5,Saturday,True,False
2025-03-15 02:30:00,2025-03-15,6,Saturday,True,False
2025-03-15 03:00:00,2025-03-15,7,Saturday,True,False
2025-03-15 03:30:00,2025-03-15,8,Saturday,True,False
2025-03-15 04:00:00,2025-03-15,9,Saturday,True,False
2025-03-15 04:30:00,2025-03-15,10,Saturday,True,False
2025-03-15 05:00:00,2025-03-15,11,Saturday,True,False
2025-03-15 05:30:00,2025-03-15,12,Saturday,True,False
2025-03-15 06:00:00,2025-03-15,13,Saturday,True,False
2025-03-15 06:30:00,2025-03-15,14,Saturday,True,False
2025-03-15 07:00:00,2025-03-15,15,Saturday,True,False
2025-03-15 07:30:00,2025-03-15,16,Saturday,True,False
2025-03-15 08:00:00,2025-03-15,17,Saturday,True,False
2025-03-15 08:30:00,2025-03-15,18,Saturday,True,False
2025-03-15 09:00:00,2025-03-15,19,Saturday,True,False
2025-03-15 09:30:00,2025-03-15,20,Saturday,True,False
2025-03-15 10:00:00,2025-03-15,21,Saturday,True,False
2025-03-15 10:30:00,2025-03-15,22,Saturday,True,False
2025-03-15 11:00:00,2025-03-15,23,Saturday,True,False
2025-03-15 11:30:00,2025-03-15,24,Saturday,True,False
2025-03-15 12:00:00,2025-03-15,25,Saturday,True,False
2025-03-15 12:30:00,2025-03-15,26,Saturday,True,False
2025-03-15 13:00:00,2025-03-15,27,Saturday,True,False
2025-03-15 13:30:00,2025-03-15,28,Saturday,True,False
2025-03-15 14:00:00,2025-03-15,29,Saturday,True,False
2025-03-15 14:30:00,2025-03-15,30,Saturday,True,False
2025-03-15 15:00:00,2025-03-15,31,Saturday,True,False
2025-03-15 15:30:00,2025-03-15,32,Saturday,True,False
2025-03-15 16:00:00,2025-03-15,33,Saturday,True,False
2025-03-15 16:30:00,2025-03-15,34,Saturday,True,False
2025-03-15 17:00:00,2025-03-15,35,Saturday,True,False
2025-03-15 17:30:00,2025-03-15,36,Saturday,True,False
2025-03-15 18:00:00,2025-03-15,37,Saturday,True,False
2025-03-15 18:30:00,2025-03-15,38,Saturday,True,False
2025-03-15 19:00:00,2025-03-15,39,Saturday,True,False
2025-03-15 19:30:00,2025-03-15,40,Saturday,True,False
2025-03-15 20:00:00,2025-03-15,41,Saturday,True,False
2025-03-15 20:30:00,2025-03-15,42,Saturday,True,False
2025-03-15 21:00:00,2025-03-15,43,Saturday,True,False
2025-03-15 21:30:00,2025-03-15,44,Saturday,True,False
2025-03-15 22:00:00,2025-03-15,45,Saturday,True,False
2025-03-15 22:30:00,2025-03-15,46,Saturday,True,False
2025-03-15 23:00:00,2025-03-15,47,Saturday,True,False
2025-03-15 23:30:00,2025-03-15,48,Saturday,True,False
2025-03-16 00:00:00,2025-03-16,1,Sunday,True,False
2025-03-16 00:30:00,2025-03-16,2,Sunday,True,False
2025-03-16 01:00:00,2025-03-16,3,Sunday,True,False
2025-03-16 01:30:00,2025-03-16,4,Sunday,True,False
2025-03-16 02:00:00,2025-03-16,5,Sunday,True,False
2025-03-16 02:30:00,2025-03-16,6,Sunday,True,False
2025-03-16 03:00:00,2025-03-16,7,Sunday,True,False
2025-03-16 03:30:00,2025-03-16,8,Sunday,True,False
2025-03-16 04:00:00,2025-03-16,9,Sunday,True,False
2025-03-16 04:30:00,2025-03-16,10,Sunday,True,False
2025-03-16 05:00:00,2025-03-16,11,Sunday,True,False
2025-03-16 05:30:00,2025-03-16,12,Sunday,True,False
2025-03-16 06:00:00,2025-03-16,13,Sunday,True,False
2025-03-16 06:30:00,2025-03-16,14,Sunday,True,False
2025-03-16 07:00:00,2025-03-16,15,Sunday,True,False
2025-03-16 07:30:00,2025-03-16,16,Sunday,True,False
2025-03-16 08:00:00,2025-03-16,17,Sunday,True,False
2025-03-16 08:30:00,2025-03-16,18,Sunday,True,False
2025-03-16 09:00:00,2025-03-16,19,Sunday,True,False
2025-03-16 09:30:00,2025-03-16,20,Sunday,True,False
2025-03-16 10:00:00,2025-03-16,21,Sunday,True,False
2025-03-16 10:30:00,2025-03-16,22,Sunday,True,False
2025-03-16 11:00:00,2025-03-16,23,Sunday,True,False
2025-03-16 11:30:00,2025-03-16,24,Sunday,True,False
2025-03-16 12:00:00,2025-03-16,25,Sunday,True,False
2025-03-16 12:30:00,2025-03-16,26,Sunday,True,False
2025-03-16 13:00:00,2025-03-16,27,Sunday,True,False
2025-03-16 13:30:00,2025-03-16,28,Sunday,True,False
2025-03-16 14:00:00,2025-03-16,29,Sunday,True,False
2025-03-16 14:30:00,2025-03-16,30,Sunday,True,False
2025-03-16 15:00:00,2025-03-16,31,Sunday,True,False
2025-03-16 15:30:00,2025-03-16,32,Sunday,True,False
2025-03-16 16:00:00,2025-03-16,33,Sunday,True,False
2025-03-16 16:30:00,2025-03-16,34,Sunday,True,False
2025-03-16 17:00:00,2025-03-16,35,Sunday,True,False
2025-03-16 17:30:00,2025-03-16,36,Sunday,True,False
2025-03-16 18:00:00,2025-03-16,37,Sunday,True,False
2025-03-16 18:30:00,2025-03-16,38,Sunday,True,False
2025-03-16 19:00:00,2025-03-16,39,Sunday,True,False
2025-03-16 19:30:00,2025-03-16,40,Sunday,True,False
2025-03-16 20:00:00,2025-03-16,41,Sunday,True,False
2025-03-16 20:30:00,2025-03-16,42,Sunday,True,False
2025-03-16 21:00:00,2025-03-16,43,Sunday,True,False
2025-03-16 21:30:00,2025-03-16,44,Sunday,True,False
2025-03-16 22:00:00,2025-03-16,45,Sunday,True,False
2025-03-16 22:30:00,2025-03-16,46,Sunday,True,False
2025-03-16 23:00:00,2025-03-16,47,Sunday,True,False
2025-03-16 23:30:00,2025-03-16,48,Sunday,True,False
2025-03-17 00:00:00,2025-03-17,1,Monday,False,False
2025-03-17 00:30:00,2025-03-17,2,Monday,False,False
2025-03-17 01:00:00,2025-03-17,3,Monday,False,False
2025-03-17 01:30:00,2025-03-17,4,Monday,False,False
2025-03-17 02:00:00,2025-03-17,5,Monday,False,False
2025-03-17 02:30:00,2025-03-17,6,Monday,False,False
2025-03-17 03:00:00,2025-03-17,7,Monday,False,False
2025-03-17 03:30:00,2025-03-17,8,Monday,False,False
2025-03-17 04:00:00,2025-03-17,9,Monday,False,False
2025-03-17 04:30:00,2025-03-17,10,Monday,False,False
2025-03-17 05:00:00,2025-03-17,11,Monday,False,False
2025-03-17 05:30:00,2025-03-17,12,Monday,False,False
2025-03-17 06:00:00,2025-03-17,13,Monday,False,False
2025-03-17 06:30:00,2025-03-17,14,Monday,False,False
2025-03-17 07:00:00,2025-03-17,15,Monday,False,False
2025-03-17 07:30:00,2025-03-17,16,Monday,False,False
2025-03-17 08:00:00,2025-03-17,17,Monday,False,False
2025-03-17 08:30:00,2025-03-17,18,Monday,False,False
2025-03-17 09:00:00,2025-03-17,19,Monday,False,False
2025-03-17 09:30:00,2025-03-17,20,Monday,False,False
2025-03-17 10:00:00,2025-03-17,21,Monday,False,False
2025-03-17 10:30:00,2025-03-17,22,Monday,False,False
2025-03-17 11:00:00,2025-03-17,23,Monday,False,False
2025-03-17 11:30:00,2025-03-17,24,Monday,False,False
2025-03-17 12:00:00,2025-03-17,25,Monday,False,False
2025-03-17 12:30:00,2025-03-17,26,Monday,False,False
2025-03-17 13:00:00,2025-03-17,27,Monday,False,False
2025-03-17 13:30:00,2025-03-17,28,Monday,False,False
2025-03-17 14:00:00,2025-03-17,29,Monday,False,False
2025-03-17 14:30:00,2025-03-17,30,Monday,False,False
2025-03-17 15:00:00,2025-03-17,31,Monday,False,False
2025-03-17 15:30:00,2025-03-17,32,Monday,False,False
2025-03-17 16:00:00,2025-03-17,33,Monday,False,False
2025-03-17 16:30:00,2025-03-17,34,Monday,False,False
2025-03-17 17:00:00,2025-03-17,35,Monday,False,False
2025-03-17 17:30:00,2025-03-17,36,Monday,False,False
2025-03-17 18:00:00,2025-03-17,37,Monday,False,False
2025-03-17 18:30:00,2025-03-17,38,Monday,False,False
2025-03-17 19:00:00,2025-03-17,39,Monday,False,False
2025-03-17 19:30:00,2025-03-17,40,Monday,False,False
2025-03-17 20:00:00,2025-03-17,41,Monday,False,False
2025-03-17 20:30:00,2025-03-17,42,Monday,False,False
2025-03-17 21:00:00,2025-03-17,43,Monday,False,False
2025-03-17 21:30:00,2025-03-17,44,Monday,False,False
2025-03-17 22:00:00,2025-03-17,45,Monday,False,False
2025-03-17 22:30:00,2025-03-17,46,Monday,False,False
2025-03-17 23:00:00,2025-03-17,47,Monday,False,False
2025-03-17 23:30:00,2025-03-17,48,Monday,False,False
2025-03-18 00:00:00,2025-03-18,1,Tuesday,False,False
2025-03-18 00:30:00,2025-03-18,2,Tuesday,False,False
2025-03-18 01:00:00,2025-03-18,3,Tuesday,False,False
2025-03-18 01:30:00,2025-03-18,4,Tuesday,False,False
2025-03-18 02:00:00,2025-03-18,5,Tuesday,False,False
2025-03-18 02:30:00,2025-03-18,6,Tuesday,False,False
2025-03-18 03:00:00,2025-03-18,7,Tuesday,False,False
2025-03-18 03:30:00,2025-03-18,8,Tuesday,False,False
2025-03-18 04:00:00,2025-03-18,9,Tuesday,False,False
2025-03-18 04:30:00,2025-03-18,10,Tuesday,False,False
2025-03-18 05:00:00,2025-03-18,11,Tuesday,False,False
2025-03-18 05:30:00,2025-03-18,12,Tuesday,False,False
2025-03-18 06:00:00,2025-03-18,13,Tuesday,False,False
2025-03-18 06:30:00,2025-03-18,14,Tuesday,False,False
2025-03-18 07:00:00,2025-03-18,15,Tuesday,False,False
2025-03-18 07:30:00,2025-03-18,16,Tuesday,False,False
2025-03-18 08:00:00,2025-03-18,17,Tuesday,False,False
2025-03-18 08:30:00,2025-03-18,18,Tuesday,False,False
2025-03-18 09:00:00,2025-03-18,19,Tuesday,False,False
2025-03-18 09:30:00,2025-03-18,20,Tuesday,False,False
2025-03-18 10:00:00,2025-03-18,21,Tuesday,False,False
2025-03-18 10:30:00,2025-03-18,22,Tuesday,False,False
2025-03-18 11:00:00,2025-03-18,23,Tuesday,False,False
2025-03-18 11:30:00,2025-03-18,24,Tuesday,False,False
2025-03-18 12:00:00,2025-03-18,25,Tuesday,False,False
2025-03-18 12:30:00,2025-03-18,26,Tuesday,False,False
2025-03-18 13:00:00,2025-03-18,27,Tuesday,False,False
2025-03-18 13:30:00,2025-03-18,28,Tuesday,False,False
2025-03-18 14:00:00,2025-03-18,29,Tuesday,False,False
2025-03-18 14:30:00,2025-03-18,30,Tuesday,False,False
2025-03-18 15:00:00,2025-03-18,31,Tuesday,False,False
2025-03-18 15:30:00,2025-03-18,32,Tuesday,False,False
2025-03-18 16:00:00,2025-03-18,33,Tuesday,False,False
2025-03-18 16:30:00,2025-03-18,34,Tuesday,False,False
2025-03-18 17:00:00,2025-03-18,35,Tuesday,False,False
2025-03-18 17:30:00,2025-03-18,36,Tuesday,False,False
2025-03-18 18:00:00,2025-03-18,37,Tuesday,False,False
2025-03-18 18:30:00,2025-03-18,38,Tuesday,False,False
2025-03-18 19:00:00,2025-03-18,39,Tuesday,False,False
2025-03-18 19:30:00,2025-03-18,40,Tuesday,False,False
2025-03-18 20:00:00,2025-03-18,41,Tuesday,False,False
2025-03-18 20:30:00,2025-03-18,42,Tuesday,False,False
2025-03-18 21:00:00,2025-03-18,43,Tuesday,False,False
2025-03-18 21:30:00,2025-03-18,44,Tuesday,False,False
2025-03-18 22:00:00,2025-03-18,45,Tuesday,False,False
2025-03-18 22:30:00,2025-03-18,46,Tuesday,False,False
2025-03-18 23:00:00,2025-03-18,47,Tuesday,False,False
2025-03-18 23:30:00,2025-03-18,48,Tuesday,False,False
2025-03-19 00:00:00,2025-03-19,1,Wednesday,False,False
2025-03-19 00:30:00,2025-03-19,2,Wednesday,False,False
2025-03-19 01:00:00,2025-03-19,3,Wednesday,False,False
2025-03-19 01:30:00,2025-03-19,4,Wednesday,False,False
2025-03-19 02:00:00,2025-03-19,5,Wednesday,False,False
2025-03-19 02:30:00,2025-03-19,6,Wednesday,False,False
2025-03-19 03:00:00,2025-03-19,7,Wednesday,False,False
2025-03-19 03:30:00,2025-03-19,8,Wednesday,False,False
2025-03-19 04:00:00,2025-03-19,9,Wednesday,False,False
2025-03-19 04:30:00,2025-03-19,10,Wednesday,False,False
2025-03-19 05:00:00,2025-03-19,11,Wednesday,False,False
2025-03-19 05:30:00,2025-03-19,12,Wednesday,False,False
2025-03-19 06:00:00,2025-03-19,13,Wednesday,False,False
2025-03-19 06:30:00,2025-03-19,14,Wednesday,False,False
2025-03-19 07:00:00,2025-03-19,15,Wednesday,False,False
2025-03-19 07:30:00,2025-03-19,16,Wednesday,False,False
2025-03-19 08:00:00,2025-03-19,17,Wednesday,False,False
2025-03-19 08:30:00,2025-03-19,18,Wednesday,False,False
2025-03-19 09:00:00,2025-03-19,19,Wednesday,False,False
2025-03-19 09:30:00,2025-03-19,20,Wednesday,False,False
2025-03-19 10:00:00,2025-03-19,21,Wednesday,False,False
2025-03-19 10:30:00,2025-03-19,22,Wednesday,False,False
2025-03-19 11:00:00,2025-03-19,23,Wednesday,False,False
2025-03-19 11:30:00,2025-03-19,24,Wednesday,False,False
2025-03-19 12:00:00,2025-03-19,25,Wednesday,False,False
2025-03-19 12:30:00,2025-03-19,26,Wednesday,False,False
2025-03-19 13:00:00,2025-03-19,27,Wednesday,False,False
2025-03-19 13:30:00,2025-03-19,28,Wednesday,False,False
2025-03-19 14:00:00,2025-03-19,29,Wednesday,False,False
2025-03-19 14:30:00,2025-03-19,30,Wednesday,False,False
2025-03-19 15:00:00,2025-03-19,31,Wednesday,False,False
2025-03-19 15:30:00,2025-03-19,32,Wednesday,False,False
2025-03-19 16:00:00,2025-03-19,33,Wednesday,False,False
2025-03-19 16:30:00,2025-03-19,34,Wednesday,False,False
2025-03-19 17:00:00,2025-03-19,35,Wednesday,False,False
2025-03-19 17:30:00,2025-03-19,36,Wednesday,False,False
2025-03-19 18:00:00,2025-03-19,37,Wednesday,False,False
2025-03-19 18:30:00,2025-03-19,38,Wednesday,False,False
2025-03-19 19:00:00,2025-03-19,39,Wednesday,False,False
2025-03-19 19:30:00,2025-03-19,40,Wednesday,False,False
2025-03-19 20:00:00,2025-03-19,41,Wednesday,False,False
2025-03-19 20:30:00,2025-03-19,42,Wednesday,False,False
2025-03-19 21:00:00,2025-03-19,43,Wednesday,False,False
2025-03-19 21:30:00,2025-03-19,44,Wednesday,False,False
2025-03-19 22:00:00,2025-03-19,45,Wednesday,False,False
2025-03-19 22:30:00,2025-03-19,46,Wednesday,False,False
2025-03-19 23:00:00,2025-03-19,47,Wednesday,False,False
2025-03-19 23:30:00,2025-03-19,48,Wednesday,False,False
2025-03-20 00:00:00,2025-03-20,1,Thursday,False,False
2025-03-20 00:30:00,2025-03-20,2,Thursday,False,False
2025-03-20 01:00:00,2025-03-20,3,Thursday,False,False
2025-03-20 01:30:00,2025-03-20,4,Thursday,False,False
2025-03-20 02:00:00,2025-03-20,5,Thursday,False,False
2025-03-20 02:30:00,2025-03-20,6,Thursday,False,False
2025-03-20 03:00:00,2025-03-20,7,Thursday,False,False
2025-03-20 03:30:00,2025-03-20,8,Thursday,False,False
2025-03-20 04:00:00,2025-03-20,9,Thursday,False,False
2025-03-20 04:30:00,2025-03-20,10,Thursday,False,False
2025-03-20 05:00:00,2025-03-20,11,Thursday,False,False
2025-03-20 05:30:00,2025-03-20,12,Thursday,False,False
2025-03-20 06:00:00,2025-03-20,13,Thursday,False,False
2025-03-20 06:30:00,2025-03-20,14,Thursday,False,False
2025-03-20 07:00:00,2025-03-20,15,Thursday,False,False
2025-03-20 07:30:00,2025-03-20,16,Thursday,False,False
2025-03-20 08:00:00,2025-03-20,17,Thursday,False,False
2025-03-20 08:30:00,2025-03-20,18,Thursday,False,False
2025-03-20 09:00:00,2025-03-20,19,Thursday,False,False
2025-03-20 09:30:00,2025-03-20,20,Thursday,False,False
2025-03-20 10:00:00,2025-03-20,21,Thursday,False,False
2025-03-20 10:30:00,2025-03-20,22,Thursday,False,False
2025-03-20 11:00:00,2025-03-20,23,Thursday,False,False
2025-03-20 11:30:00,2025-03-20,24,Thursday,False,False
2025-03-20 12:00:00,2025-03-20,25,Thursday,False,False
2025-03-20 12:30:00,2025-03-20,26,Thursday,False,False
2025-03-20 13:00:00,2025-03-20,27,Thursday,False,False
2025-03-20 13:30:00,2025-03-20,28,Thursday,False,False
2025-03-20 14:00:00,2025-03-20,29,Thursday,False,False
2025-03-20 14:30:00,2025-03-20,30,Thursday,False,False
2025-03-20 15:00:00,2025-03-20,31,Thursday,False,False
2025-03-20 15:30:00,2025-03-20,32,Thursday,False,False
2025-03-20 16:00:00,2025-03-20,33,Thursday,False,False
2025-03-20 16:30:00,2025-03-20,34,Thursday,False,False
2025-03-20 17:00:00,2025-03-20,35,Thursday,False,False
2025-03-20 17:30:00,2025-03-20,36,Thursday,False,False
2025-03-20 18:00:00,2025-03-20,37,Thursday,False,False
2025-03-20 18:30:00,2025-03-20,38,Thursday,False,False
2025-03-20 19:00:00,2025-03-20,39,Thursday,False,False
2025-03-20 19:30:00,2025-03-20,40,Thursday,False,False
2025-03-20 20:00:00,2025-03-20,41,Thursday,False,False
2025-03-20 20:30:00,2025-03-20,42,Thursday,False,False
2025-03-20 21:00:00,2025-03-20,43,Thursday,False,False
2025-03-20 21:30:00,2025-03-20,44,Thursday,False,False
2025-03-20 22:00:00,2025-03-20,45,Thursday,False,False
2025-03-20 22:30:00,2025-03-20,46,Thursday,False,False
2025-03-20 23:00:00,2025-03-20,47,Thursday,False,False
2025-03-20 23:30:00,2025-03-20,48,Thursday,False,False
2025-03-21 00:00:00,2025-03-21,1,Friday,False,False
2025-03-21 00:30:00,2025-03-21,2,Friday,False,False
2025-03-21 01:00:00,2025-03-21,3,Friday,False,False
2025-03-21 01:30:00,2025-03-21,4,Friday,False,False
2025-03-21 02:00:00,2025-03-21,5,Friday,False,False
2025-03-21 02:30:00,2025-03-21,6,Friday,False,False
2025-03-21 03:00:00,2025-03-21,7,Friday,False,False
2025-03-21 03:30:00,2025-03-21,8,Friday,False,False
2025-03-21 04:00:00,2025-03-21,9,Friday,False,False
2025-03-21 04:30:00,2025-03-21,10,Friday,False,False
2025-03-21 05:00:00,2025-03-21,11,Friday,False,False
2025-03-21 05:30:00,2025-03-21,12,Friday,False,False
2025-03-21 06:00:00,2025-03-21,13,Friday,False,False
2025-03-21 06:30:00,2025-03-21,14,Friday,False,False
2025-03-21 07:00:00,2025-03-21,15,Friday,False,False
2025-03-21 07:30:00,2025-03-21,16,Friday,False,False
2025-03-21 08:00:00,2025-03-21,17,Friday,False,False
2025-03-21 08:30:00,2025-03-21,18,Friday,False,False
2025-03-21 09:00:00,2025-03-21,19,Friday,False,False
2025-03-21 09:30:00,2025-03-21,20,Friday,False,False
2025-03-21 10:00:00,2025-03-21,21,Friday,False,False
2025-03-21 10:30:00,2025-03-21,22,Friday,False,False
2025-03-21 11:00:00,2025-03-21,23,Friday,False,False
2025-03-21 11:30:00,2025-03-21,24,Friday,False,False
2025-03-21 12:00:00,2025-03-21,25,Friday,False,False
2025-03-21 12:30:00,2025-03-21,26,Friday,False,False
2025-03-21 13:00:00,2025-03-21,27,Friday,False,False
2025-03-21 13:30:00,2025-03-21,28,Friday,False,False
2025-03-21 14:00:00,2025-03-21,29,Friday,False,False
2025-03-21 14:30:00,2025-03-21,30,Friday,False,False
2025-03-21 15:00:00,2025-03-21,31,Friday,False,False
2025-03-21 15:30:00,2025-03-21,32,Friday,False,False
2025-03-21 16:00:00,2025-03-21,33,Friday,False,False
2025-03-21 16:30:00,2025-03-21,34,Friday,False,False
2025-03-21 17:00:00,2025-03-21,35,Friday,False,False
2025-03-21 17:30:00,2025-03-21,36,Friday,False,False
2025-03-21 18:00:00,2025-03-21,37,Friday,False,False
2025-03-21 18:30:00,2025-03-21,38,Friday,False,False
2025-03-21 19:00:00,2025-03-21,39,Friday,False,False
2025-03-21 19:30:00,2025-03-21,40,Friday,False,False
2025-03-21 20:00:00,2025-03-21,41,Friday,False,False
2025-03-21 20:30:00,2025-03-21,42,Friday,False,False
2025-03-21 21:00:00,2025-03-21,43,Friday,False,False
2025-03-21 21:30:00,2025-03-21,44,Friday,False,False
2025-03-21 22:00:00,2025-03-21,45,Friday,False,False
2025-03-21 22:30:00,2025-03-21,46,Friday,False,False
2025-03-21 23:00:00,2025-03-21,47,Friday,False,False
2025-03-21 23:30:00,2025-03-21,48,Friday,False,False
2025-03-22 00:00:00,2025-03-22,1,Saturday,True,False
2025-03-22 00:30:00,2025-03-22,2,Saturday,True,False
2025-03-22 01:00:00,2025-03-22,3,Saturday,True,False
2025-03-22 01:30:00,2025-03-22,4,Saturday,True,False
2025-03-22 02:00:00,2025-03-22,5,Saturday,True,False
2025-03-22 02:30:00,2025-03-22,6,Saturday,True,False
2025-03-22 03:00:00,2025-03-22,7,Saturday,True,False
2025-03-22 03:30:00,2025-03-22,8,Saturday,True,False
2025-03-22 04:00:00,2025-03-22,9,Saturday,True,False
2025-03-22 04:30:00,2025-03-22,10,Saturday,True,False
2025-03-22 05:00:00,2025-03-22,11,Saturday,True,False
2025-03-22 05:30:00,2025-03-22,12,Saturday,True,False
2025-03-22 06:00:00,2025-03-22,13,Saturday,True,False
2025-03-22 06:30:00,2025-03-22,14,Saturday,True,False
2025-03-22 07:00:00,2025-03-22,15,Saturday,True,False
2025-03-22 07:30:00,2025-03-22,16,Saturday,True,False
2025-03-22 08:00:00,2025-03-22,17,Saturday,True,False
2025-03-22 08:30:00,2025-03-22,18,Saturday,True,False
2025-03-22 09:00:00,2025-03-22,19,Saturday,True,False
2025-03-22 09:30:00,2025-03-22,20,Saturday,True,False
2025-03-22 10:00:00,2025-03-22,21,Saturday,True,False
2025-03-22 10:30:00,2025-03-22,22,Saturday,True,False
2025-03-22 11:00:00,2025-03-22,23,Saturday,True,False
2025-03-22 11:30:00,2025-03-22,24,Saturday,True,False
2025-03-22 12:00:00,2025-03-22,25,Saturday,True,False
2025-03-22 12:30:00,2025-03-22,26,Saturday,True,False
2025-03-22 13:00:00,2025-03-22,27,Saturday,True,False
2025-03-22 13:30:00,2025-03-22,28,Saturday,True,False
2025-03-22 14:00:00,2025-03-22,29,Saturday,True,False
2025-03-22 14:30:00,2025-03-22,30,Saturday,True,False
2025-03-22 15:00:00,2025-03-22,31,Saturday,True,False
2025-03-22 15:30:00,2025-03-22,32,Saturday,True,False
2025-03-22 16:00:00,2025-03-22,33,Saturday,True,False
2025-03-22 16:30:00,2025-03-22,34,Saturday,True,False
2025-03-22 17:00:00,2025-03-22,35,Saturday,True,False
2025-03-22 17:30:00,2025-03-22,36,Saturday,True,False
2025-03-22 18:00:00,2025-03-22,37,Saturday,True,False
2025-03-22 18:30:00,2025-03-22,38,Saturday,True,False
2025-03-22 19:00:00,2025-03-22,39,Saturday,True,False
2025-03-22 19:30:00,2025-03-22,40,Saturday,True,False
2025-03-22 20:00:00,2025-03-22,41,Saturday,True,False
2025-03-22 20:30:00,2025-03-22,42,Saturday,True,False
2025-03-22 21:00:00,2025-03-22,43,Saturday,True,False
2025-03-22 21:30:00,2025-03-22,44,Saturday,True,False
2025-03-22 22:00:00,2025-03-22,45,Saturday,True,False
2025-03-22 22:30:00,2025-03-22,46,Saturday,True,False
2025-03-22 23:00:00,2025-03-22,47,Saturday,True,False
2025-03-22 23:30:00,2025-03-22,48,Saturday,True,False
2025-03-23 00:00:00,2025-03-23,1,Sunday,True,False
2025-03-23 00:30:00,2025-03-23,2,Sunday,True,False
2025-03-23 01:00:00,2025-03-23,3,Sunday,True,False
2025-03-23 01:30:00,2025-03-23,4,Sunday,True,False
2025-03-23 02:00:00,2025-03-23,5,Sunday,True,False
2025-03-23 02:30:00,2025-03-23,6,Sunday,True,False
2025-03-23 03:00:00,2025-03-23,7,Sunday,True,False
2025-03-23 03:30:00,2025-03-23,8,Sunday,True,False
2025-03-23 04:00:00,2025-03-23,9,Sunday,True,False
2025-03-23 04:30:00,2025-03-23,10,Sunday,True,False
2025-03-23 05:00:00,2025-03-23,11,Sunday,True,False
2025-03-23 05:30:00,2025-03-23,12,Sunday,True,False
2025-03-23 06:00:00,2025-03-23,13,Sunday,True,False
2025-03-23 06:30:00,2025-03-23,14,Sunday,True,False
2025-03-23 07:00:00,2025-03-23,15,Sunday,True,False
2025-03-23 07:30:00,2025-03-23,16,Sunday,True,False
2025-03-23 08:00:00,2025-03-23,17,Sunday,True,False
2025-03-23 08:30:00,2025-03-23,18,Sunday,True,False
2025-03-23 09:00:00,2025-03-23,19,Sunday,True,False
2025-03-23 09:30:00,2025-03-23,20,Sunday,True,False
2025-03-23 10:00:00,2025-03-23,21,Sunday,True,False
2025-03-23 10:30:00,2025-03-23,22,Sunday,True,False
2025-03-23 11:00:00,2025-03-23,23,Sunday,True,False
2025-03-23 11:30:00,2025-03-23,24,Sunday,True,False
2025-03-23 12:00:00,2025-03-23,25,Sunday,True,False
2025-03-23 12:30:00,2025-03-23,26,Sunday,True,False
2025-03-23 13:00:00,2025-03-23,27,Sunday,True,False
2025-03-23 13:30:00,2025-03-23,28,Sunday,True,False
2025-03-23 14:00:00,2025-03-23,29,Sunday,True,False
2025-03-23 14:30:00,2025-03-23,30,Sunday,True,False
2025-03-23 15:00:00,2025-03-23,31,Sunday,True,False
2025-03-23 15:30:00,2025-03-23,32,Sunday,True,False
2025-03-23 16:00:00,2025-03-23,33,Sunday,True,False
2025-03-23 16:30:00,2025-03-23,34,Sunday,True,False
2025-03-23 17:00:00,2025-03-23,35,Sunday,True,False
2025-03-23 17:30:00,2025-03-23,36,Sunday,True,False
2025-03-23 18:00:00,2025-03-23,37,Sunday,True,False
2025-03-23 18:30:00,2025-03-23,38,Sunday,True,False
2025-03-23 19:00:00,2025-03-23,39,Sunday,True,False
2025-03-23 19:30:00,2025-03-23,40,Sunday,True,False
2025-03-23 20:00:00,2025-03-23,41,Sunday,True,False
2025-03-23 20:30:00,2025-03-23,42,Sunday,True,False
2025-03-23 21:00:00,2025-03-23,43,Sunday,True,False
2025-03-23 21:30:00,2025-03-23,44,Sunday,True,False
2025-03-23 22:00:00,2025-03-23,45,Sunday,True,False
2025-03-23 22:30:00,2025-03-23,46,Sunday,True,False
2025-03-23 23:00:00,2025-03-23,47,Sunday,True,False
2025-03-23 23:30:00,2025-03-23,48,Sunday,True,False
2025-03-24 00:00:00,2025-03-24,1,Monday,False,False
2025-03-24 00:30:00,2025-03-24,2,Monday,False,False
2025-03-24 01:00:00,2025-03-24,3,Monday,False,False
2025-03-24 01:30:00,2025-03-24,4,Monday,False,False
2025-03-24 02:00:00,2025-03-24,5,Monday,False,False
2025-03-24 02:30:00,2025-03-24,6,Monday,False,False
2025-03-24 03:00:00,2025-03-24,7,Monday,False,False
2025-03-24 03:30:00,2025-03-24,8,Monday,False,False
2025-03-24 04:00:00,2025-03-24,9,Monday,False,False
2025-03-24 04:30:00,2025-03-24,10,Monday,False,False
2025-03-24 05:00:00,2025-03-24,11,Monday,False,False
2025-03-24 05:30:00,2025-03-24,12,Monday,False,False
2025-03-24 06:00:00,2025-03-24,13,Monday,False,False
2025-03-24 06:30:00,2025-03-24,14,Monday,False,False
2025-03-24 07:00:00,2025-03-24,15,Monday,False,False
2025-03-24 07:30:00,2025-03-24,16,Monday,False,False
2025-03-24 08:00:00,2025-03-24,17,Monday,False,False
2025-03-24 08:30:00,2025-03-24,18,Monday,False,False
2025-03-24 09:00:00,2025-03-24,19,Monday,False,False
2025-03-24 09:30:00,2025-03-24,20,Monday,False,False
2025-03-24 10:00:00,2025-03-24,21,Monday,False,False
2025-03-24 10:30:00,2025-03-24,22,Monday,False,False
2025-03-24 11:00:00,2025-03-24,23,Monday,False,False
2025-03-24 11:30:00,2025-03-24,24,Monday,False,False
2025-03-24 12:00:00,2025-03-24,25,Monday,False,False
2025-03-24 12:30:00,2025-03-24,26,Monday,False,False
2025-03-24 13:00:00,2025-03-24,27,Monday,False,False
2025-03-24 13:30:00,2025-03-24,28,Monday,False,False
2025-03-24 14:00:00,2025-03-24,29,Monday,False,False
2025-03-24 14:30:00,2025-03-24,30,Monday,False,False
2025-03-24 15:00:00,2025-03-24,31,Monday,False,False
2025-03-24 15:30:00,2025-03-24,32,Monday,False,False
2025-03-24 16:00:00,2025-03-24,33,Monday,False,False
2025-03-24 16:30:00,2025-03-24,34,Monday,False,False
2025-03-24 17:00:00,2025-03-24,35,Monday,False,False
2025-03-24 17:30:00,2025-03-24,36,Monday,False,False
2025-03-24 18:00:00,2025-03-24,37,Monday,False,False
2025-03-24 18:30:00,2025-03-24,38,Monday,False,False
2025-03-24 19:00:00,2025-03-24,39,Monday,False,False
2025-03-24 19:30:00,2025-03-24,40,Monday,False,False
2025-03-24 20:00:00,2025-03-24,41,Monday,False,False
2025-03-24 20:30:00,2025-03-24,42,Monday,False,False
2025-03-24 21:00:00,2025-03-24,43,Monday,False,False
2025-03-24 21:30:00,2025-03-24,44,Monday,False,False
2025-03-24 22:00:00,2025-03-24,45,Monday,False,False
2025-03-24 22:30:00,2025-03-24,46,Monday,False,False
2025-03-24 23:00:00,2025-03-24,47,Monday,False,False
2025-03-24 23:30:00,2025-03-24,48,Monday,False,False
2025-03-25 00:00:00,2025-03-25,1,Tuesday,False,False
2025-03-25 00:30:00,2025-03-25,2,Tuesday,False,False
2025-03-25 01:00:00,2025-03-25,3,Tuesday,False,False
2025-03-25 01:30:00,2025-03-25,4,Tuesday,False,False
2025-03-25 02:00:00,2025-03-25,5,Tuesday,False,False
2025-03-25 02:30:00,2025-03-25,6,Tuesday,False,False
2025-03-25 03:00:00,2025-03-25,7,Tuesday,False,False
2025-03-25 03:30:00,2025-03-25,8,Tuesday,False,False
2025-03-25 04:00:00,2025-03-25,9,Tuesday,False,False
2025-03-25 04:30:00,2025-03-25,10,Tuesday,False,False
2025-03-25 05:00:00,2025-03-25,11,Tuesday,False,False
2025-03-25 05:30:00,2025-03-25,12,Tuesday,False,False
2025-03-25 06:00:00,2025-03-25,13,Tuesday,False,False
2025-03-25 06:30:00,2025-03-25,14,Tuesday,False,False
2025-03-25 07:00:00,2025-03-25,15,Tuesday,False,False
2025-03-25 07:30:00,2025-03-25,16,Tuesday,False,False
2025-03-25 08:00:00,2025-03-25,17,Tuesday,False,False
2025-03-25 08:30:00,2025-03-25,18,Tuesday,False,False
2025-03-25 09:00:00,2025-03-25,19,Tuesday,False,False
2025-03-25 09:30:00,2025-03-25,20,Tuesday,False,False
2025-03-25 10:00:00,2025-03-25,21,Tuesday,False,False
2025-03-25 10:30:00,2025-03-25,22,Tuesday,False,False
2025-03-25 11:00:00,2025-03-25,23,Tuesday,False,False
2025-03-25 11:30:00,2025-03-25,24,Tuesday,False,False
2025-03-25 12:00:00,2025-03-25,25,Tuesday,False,False
2025-03-25 12:30:00,2025-03-25,26,Tuesday,False,False
2025-03-25 13:00:00,2025-03-25,27,Tuesday,False,False
2025-03-25 13:30:00,2025-03-25,28,Tuesday,False,False
2025-03-25 14:00:00,2025-03-25,29,Tuesday,False,False
2025-03-25 14:30:00,2025-03-25,30,Tuesday,False,False
2025-03-25 15:00:00,2025-03-25,31,Tuesday,False,False
2025-03-25 15:30:00,2025-03-25,32,Tuesday,False,False
2025-03-25 16:00:00,2025-03-25,33,Tuesday,False,False
2025-03-25 16:30:00,2025-03-25,34,Tuesday,False,False
2025-03-25 17:00:00,2025-03-25,35,Tuesday,False,False
2025-03-25 17:30:00,2025-03-25,36,Tuesday,False,False
2025-03-25 18:00:00,2025-03-25,37,Tuesday,False,False
2025-03-25 18:30:00,2025-03-25,38,Tuesday,False,False
2025-03-25 19:00:00,2025-03-25,39,Tuesday,False,False
2025-03-25 19:30:00,2025-03-25,40,Tuesday,False,False
2025-03-25 20:00:00,2025-03-25,41,Tuesday,False,False
2025-03-25 20:30:00,2025-03-25,42,Tuesday,False,False
2025-03-25 21:00:00,2025-03-25,43,Tuesday,False,False
2025-03-25 21:30:00,2025-03-25,44,Tuesday,False,False
2025-03-25 22:00:00,2025-03-25,45,Tuesday,False,False
2025-03-25 22:30:00,2025-03-25,46,Tuesday,False,False
2025-03-25 23:00:00,2025-03-25,47,Tuesday,False,False
2025-03-25 23:30:00,2025-03-25,48,Tuesday,False,False
2025-03-26 00:00:00,2025-03-26,1,Wednesday,False,False
2025-03-26 00:30:00,2025-03-26,2,Wednesday,False,False
2025-03-26 01:00:00,2025-03-26,3,Wednesday,False,False
2025-03-26 01:30:00,2025-03-26,4,Wednesday,False,False
2025-03-26 02:00:00,2025-03-26,5,Wednesday,False,False
2025-03-26 02:30:00,2025-03-26,6,Wednesday,False,False
2025-03-26 03:00:00,2025-03-26,7,Wednesday,False,False
2025-03-26 03:30:00,2025-03-26,8,Wednesday,False,False
2025-03-26 04:00:00,2025-03-26,9,Wednesday,False,False
2025-03-26 04:30:00,2025-03-26,10,Wednesday,False,False
2025-03-26 05:00:00,2025-03-26,11,Wednesday,False,False
2025-03-26 05:30:00,2025-03-26,12,Wednesday,False,False
2025-03-26 06:00:00,2025-03-26,13,Wednesday,False,False
2025-03-26 06:30:00,2025-03-26,14,Wednesday,False,False
2025-03-26 07:00:00,2025-03-26,15,Wednesday,False,False
2025-03-26 07:30:00,2025-03-26,16,Wednesday,False,False
2025-03-26 08:00:00,2025-03-26,17,Wednesday,False,False
2025-03-26 08:30:00,2025-03-26,18,Wednesday,False,False
2025-03-26 09:00:00,2025-03-26,19,Wednesday,False,False
2025-03-26 09:30:00,2025-03-26,20,Wednesday,False,False
2025-03-26 10:00:00,2025-03-26,21,Wednesday,False,False
2025-03-26 10:30:00,2025-03-26,22,Wednesday,False,False
2025-03-26 11:00:00,2025-03-26,23,Wednesday,False,False
2025-03-26 11:30:00,2025-03-26,24,Wednesday,False,False
2025-03-26 12:00:00,2025-03-26,25,Wednesday,False,False
2025-03-26 12:30:00,2025-03-26,26,Wednesday,False,False
2025-03-26 13:00:00,2025-03-26,27,Wednesday,False,False
2025-03-26 13:30:00,2025-03-26,28,Wednesday,False,False
2025-03-26 14:00:00,2025-03-26,29,Wednesday,False,False
2025-03-26 14:30:00,2025-03-26,30,Wednesday,False,False
2025-03-26 15:00:00,2025-03-26,31,Wednesday,False,False
2025-03-26 15:30:00,2025-03-26,32,Wednesday,False,False
2025-03-26 16:00:00,2025-03-26,33,Wednesday,False,False
2025-03-26 16:30:00,2025-03-26,34,Wednesday,False,False
2025-03-26 17:00:00,2025-03-26,35,Wednesday,False,False
2025-03-26 17:30:00,2025-03-26,36,Wednesday,False,False
2025-03-26 18:00:00,2025-03-26,37,Wednesday,False,False
2025-03-26 18:30:00,2025-03-26,38,Wednesday,False,False
2025-03-26 19:00:00,2025-03-26,39,Wednesday,False,False
2025-03-26 19:30:00,2025-03-26,40,Wednesday,False,False
2025-03-26 20:00:00,2025-03-26,41,Wednesday,False,False
2025-03-26 20:30:00,2025-03-26,42,Wednesday,False,False
2025-03-26 21:00:00,2025-03-26,43,Wednesday,False,False
2025-03-26 21:30:00,2025-03-26,44,Wednesday,False,False
2025-03-26 22:00:00,2025-03-26,45,Wednesday,False,False
2025-03-26 22:30:00,2025-03-26,46,Wednesday,False,False
2025-03-26 23:00:00,2025-03-26,47,Wednesday,False,False
2025-03-26 23:30:00,2025-03-26,48,Wednesday,False,False
2025-03-27 00:00:00,2025-03-27,1,Thursday,False,False
2025-03-27 00:30:00,2025-03-27,2,Thursday,False,False
2025-03-27 01:00:00,2025-03-27,3,Thursday,False,False
2025-03-27 01:30:00,2025-03-27,4,Thursday,False,False
2025-03-27 02:00:00,2025-03-27,5,Thursday,False,False
2025-03-27 02:30:00,2025-03-27,6,Thursday,False,False
2025-03-27 03:00:00,2025-03-27,7,Thursday,False,False
2025-03-27 03:30:00,2025-03-27,8,Thursday,False,False
2025-03-27 04:00:00,2025-03-27,9,Thursday,False,False
2025-03-27 04:30:00,2025-03-27,10,Thursday,False,False
2025-03-27 05:00:00,2025-03-27,11,Thursday,False,False
2025-03-27 05:30:00,2025-03-27,12,Thursday,False,False
2025-03-27 06:00:00,2025-03-27,13,Thursday,False,False
2025-03-27 06:30:00,2025-03-27,14,Thursday,False,False
2025-03-27 07:00:00,2025-03-27,15,Thursday,False,False
2025-03-27 07:30:00,2025-03-27,16,Thursday,False,False
2025-03-27 08:00:00,2025-03-27,17,Thursday,False,False
2025-03-27 08:30:00,2025-03-27,18,Thursday,False,False
2025-03-27 09:00:00,2025-03-27,19,Thursday,False,False
2025-03-27 09:30:00,2025-03-27,20,Thursday,False,False
2025-03-27 10:00:00,2025-03-27,21,Thursday,False,False
2025-03-27 10:30:00,2025-03-27,22,Thursday,False,False
2025-03-27 11:00:00,2025-03-27,23,Thursday,False,False
2025-03-27 11:30:00,2025-03-27,24,Thursday,False,False
2025-03-27 12:00:00,2025-03-27,25,Thursday,False,False
2025-03-27 12:30:00,2025-03-27,26,Thursday,False,False
2025-03-27 13:00:00,2025-03-27,27,Thursday,False,False
2025-03-27 13:30:00,2025-03-27,28,Thursday,False,False
2025-03-27 14:00:00,2025-03-27,29,Thursday,False,False
2025-03-27 14:30:00,2025-03-27,30,Thursday,False,False
2025-03-27 15:00:00,2025-03-27,31,Thursday,False,False
2025-03-27 15:30:00,2025-03-27,32,Thursday,False,False
2025-03-27 16:00:00,2025-03-27,33,Thursday,False,False
2025-03-27 16:30:00,2025-03-27,34,Thursday,False,False
2025-03-27 17:00:00,2025-03-27,35,Thursday,False,False
2025-03-27 17:30:00,2025-03-27,36,Thursday,False,False
2025-03-27 18:00:00,2025-03-27,37,Thursday,False,False
2025-03-27 18:30:00,2025-03-27,38,Thursday,False,False
2025-03-27 19:00:00,2025-03-27,39,Thursday,False,False
2025-03-27 19:30:00,2025-03-27,40,Thursday,False,False
2025-03-27 20:00:00,2025-03-27,41,Thursday,False,False
2025-03-27 20:30:00,2025-03-27,42,Thursday,False,False
2025-03-27 21:00:00,2025-03-27,43,Thursday,False,False
2025-03-27 21:30:00,2025-03-27,44,Thursday,False,False
2025-03-27 22:00:00,2025-03-27,45,Thursday,False,False
2025-03-27 22:30:00,2025-03-27,46,Thursday,False,False
2025-03-27 23:00:00,2025-03-27,47,Thursday,False,False
2025-03-27 23:30:00,2025-03-27,48,Thursday,False,False
2025-03-28 00:00:00,2025-03-28,1,Friday,False,False
2025-03-28 00:30:00,2025-03-28,2,Friday,False,False
2025-03-28 01:00:00,2025-03-28,3,Friday,False,False
2025-03-28 01:30:00,2025-03-28,4,Friday,False,False
2025-03-28 02:00:00,2025-03-28,5,Friday,False,False
2025-03-28 02:30:00,2025-03-28,6,Friday,False,False
2025-03-28 03:00:00,2025-03-28,7,Friday,False,False
2025-03-28 03:30:00,2025-03-28,8,Friday,False,False
2025-03-28 04:00:00,2025-03-28,9,Friday,False,False
2025-03-28 04:30:00,2025-03-28,10,Friday,False,False
2025-03-28 05:00:00,2025-03-28,11,Friday,False,False
2025-03-28 05:30:00,2025-03-28,12,Friday,False,False
2025-03-28 06:00:00,2025-03-28,13,Friday,False,False
2025-03-28 06:30:00,2025-03-28,14,Friday,False,False
2025-03-28 07:00:00,2025-03-28,15,Friday,False,False
2025-03-28 07:30:00,2025-03-28,16,Friday,False,False
2025-03-28 08:00:00,2025-03-28,17,Friday,False,False
2025-03-28 08:30:00,2025-03-28,18,Friday,False,False
2025-03-28 09:00:00,2025-03-28,19,Friday,False,False
2025-03-28 09:30:00,2025-03-28,20,Friday,False,False
2025-03-28 10:00:00,2025-03-28,21,Friday,False,False
2025-03-28 10:30:00,2025-03-28,22,Friday,False,False
2025-03-28 11:00:00,2025-03-28,23,Friday,False,False
2025-03-28 11:30:00,2025-03-28,24,Friday,False,False
2025-03-28 12:00:00,2025-03-28,25,Friday,False,False
2025-03-28 12:30:00,2025-03-28,26,Friday,False,False
2025-03-28 13:00:00,2025-03-28,27,Friday,False,False
2025-03-28 13:30:00,2025-03-28,28,Friday,False,False
2025-03-28 14:00:00,2025-03-28,29,Friday,False,False
2025-03-28 14:30:00,2025-03-28,30,Friday,False,False
2025-03-28 15:00:00,2025-03-28,31,Friday,False,False
2025-03-28 15:30:00,2025-03-28,32,Friday,False,False
2025-03-28 16:00:00,2025-03-28,33,Friday,False,False
2025-03-28 16:30:00,2025-03-28,34,Friday,False,False
2025-03-28 17:00:00,2025-03-28,35,Friday,False,False
2025-03-28 17:30:00,2025-03-28,36,Friday,False,False
2025-03-28 18:00:00,2025-03-28,37,Friday,False,False
2025-03-28 18:30:00,2025-03-28,38,Friday,False,False
2025-03-28 19:00:00,2025-03-28,39,Friday,False,False
2025-03-28 19:30:00,2025-03-28,40,Friday,False,False
2025-03-28 20:00:00,2025-03-28,41,Friday,False,False
2025-03-28 20:30:00,2025-03-28,42,Friday,False,False
2025-03-28 21:00:00,2025-03-28,43,Friday,False,False
2025-03-28 21:30:00,2025-03-28,44,Friday,False,False
2025-03-28 22:00:00,2025-03-28,45,Friday,False,False
2025-03-28 22:30:00,2025-03-28,46,Friday,False,False
2025-03-28 23:00:00,2025-03-28,47,Friday,False,False
2025-03-28 23:30:00,2025-03-28,48,Friday,False,False
2025-03-29 00:00:00,2025-03-29,1,Saturday,True,False
2025-03-29 00:30:00,2025-03-29,2,Saturday,True,False
2025-03-29 01:00:00,2025-03-29,3,Saturday,True,False
2025-03-29 01:30:00,2025-03-29,4,Saturday,True,False
2025-03-29 02:00:00,2025-03-29,5,Saturday,True,False
2025-03-29 02:30:00,2025-03-29,6,Saturday,True,False
2025-03-29 03:00:00,2025-03-29,7,Saturday,True,False
2025-03-29 03:30:00,2025-03-29,8,Saturday,True,False
2025-03-29 04:00:00,2025-03-29,9,Saturday,True,False
2025-03-29 04:30:00,2025-03-29,10,Saturday,True,False
2025-03-29 05:00:00,2025-03-29,11,Saturday,True,False
2025-03-29 05:30:00,2025-03-29,12,Saturday,True,False
2025-03-29 06:00:00,2025-03-29,13,Saturday,True,False
2025-03-29 06:30:00,2025-03-29,14,Saturday,True,False
2025-03-29 07:00:00,2025-03-29,15,Saturday,True,False
2025-03-29 07:30:00,2025-03-29,16,Saturday,True,False
2025-03-29 08:00:00,2025-03-29,17,Saturday,True,False
2025-03-29 08:30:00,2025-03-29,18,Saturday,True,False
2025-03-29 09:00:00,2025-03-29,19,Saturday,True,False
2025-03-29 09:30:00,2025-03-29,20,Saturday,True,False
2025-03-29 10:00:00,2025-03-29,21,Saturday,True,False
2025-03-29 10:30:00,2025-03-29,22,Saturday,True,False
2025-03-29 11:00:00,2025-03-29,23,Saturday,True,False
2025-03-29 11:30:00,2025-03-29,24,Saturday,True,False
2025-03-29 12:00:00,2025-03-29,25,Saturday,True,False
2025-03-29 12:30:00,2025-03-29,26,Saturday,True,False
2025-03-29 13:00:00,2025-03-29,27,Saturday,True,False
2025-03-29 13:30:00,2025-03-29,28,Saturday,True,False
2025-03-29 14:00:00,2025-03-29,29,Saturday,True,False
2025-03-29 14:30:00,2025-03-29,30,Saturday,True,False
2025-03-29 15:00:00,2025-03-29,31,Saturday,True,False
2025-03-29 15:30:00,2025-03-29,32,Saturday,True,False
2025-03-29 16:00:00,2025-03-29,33,Saturday,True,False
2025-03-29 16:30:00,2025-03-29,34,Saturday,True,False
2025-03-29 17:00:00,2025-03-29,35,Saturday,True,False
2025-03-29 17:30:00,2025-03-29,36,Saturday,True,False
2025-03-29 18:00:00,2025-03-29,37,Saturday,True,False
2025-03-29 18:30:00,2025-03-29,38,Saturday,True,False
2025-03-29 19:00:00,2025-03-29,39,Saturday,True,False
2025-03-29 19:30:00,2025-03-29,40,Saturday,True,False
2025-03-29 20:00:00,2025-03-29,41,Saturday,True,False
2025-03-29 20:30:00,2025-03-29,42,Saturday,True,False
2025-03-29 21:00:00,2025-03-29,43,Saturday,True,False
2025-03-29 21:30:00,2025-03-29,44,Saturday,True,False
2025-03-29 22:00:00,2025-03-29,45,Saturday,True,False
2025-03-29 22:30:00,2025-03-29,46,Saturday,True,False
2025-03-29 23:00:00,2025-03-29,47,Saturday,True,False
2025-03-29 23:30:00,2025-03-29,48,Saturday,True,False
2025-03-30 00:00:00,2025-03-30,1,Sunday,True,False
2025-03-30 00:30:00,2025-03-30,2,Sunday,True,False
2025-03-30 01:00:00,2025-03-30,3,Sunday,True,False
2025-03-30 01:30:00,2025-03-30,4,Sunday,True,False
2025-03-30 02:00:00,2025-03-30,5,Sunday,True,False
2025-03-30 02:30:00,2025-03-30,6,Sunday,True,False
2025-03-30 03:00:00,2025-03-30,7,Sunday,True,False
2025-03-30 03:30:00,2025-03-30,8,Sunday,True,False
2025-03-30 04:00:00,2025-03-30,9,Sunday,True,False
2025-03-30 04:30:00,2025-03-30,10,Sunday,True,False
2025-03-30 05:00:00,2025-03-30,11,Sunday,True,False
2025-03-30 05:30:00,2025-03-30,12,Sunday,True,False
2025-03-30 06:00:00,2025-03-30,13,Sunday,True,False
2025-03-30 06:30:00,2025-03-30,14,Sunday,True,False
2025-03-30 07:00:00,2025-03-30,15,Sunday,True,False
2025-03-30 07:30:00,2025-03-30,16,Sunday,True,False
2025-03-30 08:00:00,2025-03-30,17,Sunday,True,False
2025-03-30 08:30:00,2025-03-30,18,Sunday,True,False
2025-03-30 09:00:00,2025-03-30,19,Sunday,True,False
2025-03-30 09:30:00,2025-03-30,20,Sunday,True,False
2025-03-30 10:00:00,2025-03-30,21,Sunday,True,False
2025-03-30 10:30:00,2025-03-30,22,Sunday,True,False
2025-03-30 11:00:00,2025-03-30,23,Sunday,True,False
2025-03-30 11:30:00,2025-03-30,24,Sunday,True,False
2025-03-30 12:00:00,2025-03-30,25,Sunday,True,False
2025-03-30 12:30:00,2025-03-30,26,Sunday,True,False
2025-03-30 13:00:00,2025-03-30,27,Sunday,True,False
2025-03-30 13:30:00,2025-03-30,28,Sunday,True,False
2025-03-30 14:00:00,2025-03-30,29,Sunday,True,False
2025-03-30 14:30:00,2025-03-30,30,Sunday,True,False
2025-03-30 15:00:00,2025-03-30,31,Sunday,True,False
2025-03-30 15:30:00,2025-03-30,32,Sunday,True,False
2025-03-30 16:00:00,2025-03-30,33,Sunday,True,False
2025-03-30 16:30:00,2025-03-30,34,Sunday,True,False
2025-03-30 17:00:00,2025-03-30,35,Sunday,True,False
2025-03-30 17:30:00,2025-03-30,36,Sunday,True,False
2025-03-30 18:00:00,2025-03-30,37,Sunday,True,False
2025-03-30 18:30:00,2025-03-30,38,Sunday,True,False
2025-03-30 19:00:00,2025-03-30,39,Sunday,True,False
2025-03-30 19:30:00,2025-03-30,40,Sunday,True,False
2025-03-30 20:00:00,2025-03-30,41,Sunday,True,False
2025-03-30 20:30:00,2025-03-30,42,Sunday,True,False
2025-03-30 21:00:00,2025-03-30,43,Sunday,True,False
2025-03-30 21:30:00,2025-03-30,44,Sunday,True,False
2025-03-30 22:00:00,2025-03-30,45,Sunday,True,False
2025-03-30 22:30:00,2025-03-30,46,Sunday,True,False
2025-03-30 23:00:00,2025-03-30,47,Sunday,True,False
2025-03-30 23:30:00,2025-03-30,48,Sunday,True,False
2025-03-31 00:00:00,2025-03-31,1,Monday,False,False
2025-03-31 00:30:00,2025-03-31,2,Monday,False,False
2025-03-31 01:00:00,2025-03-31,3,Monday,False,False
2025-03-31 01:30:00,2025-03-31,4,Monday,False,False
2025-03-31 02:00:00,2025-03-31,5,Monday,False,False
2025-03-31 02:30:00,2025-03-31,6,Monday,False,False
2025-03-31 03:00:00,2025-03-31,7,Monday,False,False
2025-03-31 03:30:00,2025-03-31,8,Monday,False,False
2025-03-31 04:00:00,2025-03-31,9,Monday,False,False
2025-03-31 04:30:00,2025-03-31,10,Monday,False,False
2025-03-31 05:00:00,2025-03-31,11,Monday,False,False
2025-03-31 05:30:00,2025-03-31,12,Monday,False,False
2025-03-31 06:00:00,2025-03-31,13,Monday,False,False
2025-03-31 06:30:00,2025-03-31,14,Monday,False,False
2025-03-31 07:00:00,2025-03-31,15,Monday,False,False
2025-03-31 07:30:00,2025-03-31,16,Monday,False,False
2025-03-31 08:00:00,2025-03-31,17,Monday,False,False
2025-03-31 08:30:00,2025-03-31,18,Monday,False,False
2025-03-31 09:00:00,2025-03-31,19,Monday,False,False
2025-03-31 09:30:00,2025-03-31,20,Monday,False,False
2025-03-31 10:00:00,2025-03-31,21,Monday,False,False
2025-03-31 10:30:00,2025-03-31,22,Monday,False,False
2025-03-31 11:00:00,2025-03-31,23,Monday,False,False
2025-03-31 11:30:00,2025-03-31,24,Monday,False,False
2025-03-31 12:00:00,2025-03-31,25,Monday,False,False
2025-03-31 12:30:00,2025-03-31,26,Monday,False,False
2025-03-31 13:00:00,2025-03-31,27,Monday,False,False
2025-03-31 13:30:00,2025-03-31,28,Monday,False,False
2025-03-31 14:00:00,2025-03-31,29,Monday,False,False
2025-03-31 14:30:00,2025-03-31,30,Monday,False,False
2025-03-31 15:00:00,2025-03-31,31,Monday,False,False
2025-03-31 15:30:00,2025-03-31,32,Monday,False,False
2025-03-31 16:00:00,2025-03-31,33,Monday,False,False
2025-03-31 16:30:00,2025-03-31,34,Monday,False,False
2025-03-31 17:00:00,2025-03-31,35,Monday,False,False
2025-03-31 17:30:00,2025-03-31,36,Monday,False,False
2025-03-31 18:00:00,2025-03-31,37,Monday,False,False
2025-03-31 18:30:00,2025-03-31,38,Monday,False,False
2025-03-31 19:00:00,2025-03-31,39,Monday,False,False
2025-03-31 19:30:00,2025-03-31,40,Monday,False,False
2025-03-31 20:00:00,2025-03-31,41,Monday,False,False
2025-03-31 20:30:00,2025-03-31,42,Monday,False,False
2025-03-31 21:00:00,2025-03-31,43,Monday,False,False
2025-03-31 21:30:00,2025-03-31,44,Monday,False,False
2025-03-31 22:00:00,2025-03-31,45,Monday,False,False
2025-03-31 22:30:00,2025-03-31,46,Monday,False,False
2025-03-31 23:00:00,2025-03-31,47,Monday,False,False
2025-03-31 23:30:00,2025-03-31,48,Monday,False,False
